urn	q05	q95	n_syn_used	band_source	file_path
urn:mavedb:00000001-a-1	-0.4551955504175247	1.2786379261141556	0	mad90_all_variants	/paedyl01/disk1/yangyxt/public_data/VEP_plugins_caches/MaveDB/csv/urn-mavedb-00000001-a-1.scores.csv
urn:mavedb:00000001-a-2	-0.5469423849228882	0.5638984960520824	0	mad90_all_variants	/paedyl01/disk1/yangyxt/public_data/VEP_plugins_caches/MaveDB/csv/urn-mavedb-00000001-a-2.scores.csv
urn:mavedb:00000001-a-3	0.5921042842403087	1.05335383331537	347	synonym_percentiles_qc	/paedyl01/disk1/yangyxt/public_data/VEP_plugins_caches/MaveDB/csv/urn-mavedb-00000001-a-3.scores.csv
urn:mavedb:00000001-a-4	0.5925788723527642	1.05335383331537	348	synonym_percentiles_qc	/paedyl01/disk1/yangyxt/public_data/VEP_plugins_caches/MaveDB/csv/urn-mavedb-00000001-a-4.scores.csv
urn:mavedb:00000001-b-1	-0.6176075321490672	1.6336055261393172	0	mad90_all_variants	/paedyl01/disk1/yangyxt/public_data/VEP_plugins_caches/MaveDB/csv/urn-mavedb-00000001-b-1.scores.csv
urn:mavedb:00000001-b-2	0.726683868297371	1.27008617895969	201	synonym_percentiles_qc	/paedyl01/disk1/yangyxt/public_data/VEP_plugins_caches/MaveDB/csv/urn-mavedb-00000001-b-2.scores.csv
urn:mavedb:00000001-c-1	0.855134786616466	1.09695161420006	296	synonym_percentiles_qc	/paedyl01/disk1/yangyxt/public_data/VEP_plugins_caches/MaveDB/csv/urn-mavedb-00000001-c-1.scores.csv
urn:mavedb:00000001-c-2	0.006071625299234329	1.4158369480071347	0	mad90_all_variants	/paedyl01/disk1/yangyxt/public_data/VEP_plugins_caches/MaveDB/csv/urn-mavedb-00000001-c-2.scores.csv
urn:mavedb:00000001-d-1	0.496433275112819	1.399947554447769	574	synonym_percentiles_qc	/paedyl01/disk1/yangyxt/public_data/VEP_plugins_caches/MaveDB/csv/urn-mavedb-00000001-d-1.scores.csv
urn:mavedb:00000001-d-2	-0.5969250340766261	1.202954425020805	0	mad90_all_variants	/paedyl01/disk1/yangyxt/public_data/VEP_plugins_caches/MaveDB/csv/urn-mavedb-00000001-d-2.scores.csv
urn:mavedb:00000002-a-1	-0.14384382450080072	0.1257362541021217	68	synonym_percentiles_qc	/paedyl01/disk1/yangyxt/public_data/VEP_plugins_caches/MaveDB/csv/urn-mavedb-00000002-a-1.scores.csv
urn:mavedb:00000002-a-2	-3.257311331689232	0.5739085633683287	0	mad90_all_variants	/paedyl01/disk1/yangyxt/public_data/VEP_plugins_caches/MaveDB/csv/urn-mavedb-00000002-a-2.scores.csv
urn:mavedb:00000003-a-1	-1.9352436668138935	0.9198649742707741	377	synonym_percentiles_qc	/paedyl01/disk1/yangyxt/public_data/VEP_plugins_caches/MaveDB/csv/urn-mavedb-00000003-a-1.scores.csv
urn:mavedb:00000003-a-2	-2.231790184069122	1.3211250122864406	0	mad90_all_variants	/paedyl01/disk1/yangyxt/public_data/VEP_plugins_caches/MaveDB/csv/urn-mavedb-00000003-a-2.scores.csv
urn:mavedb:00000003-b-1	-1.5612801986379425	0.6315894474742446	396	synonym_percentiles_qc	/paedyl01/disk1/yangyxt/public_data/VEP_plugins_caches/MaveDB/csv/urn-mavedb-00000003-b-1.scores.csv
urn:mavedb:00000003-b-2	-1.2375243217517722	1.3224953188384372	0	mad90_all_variants	/paedyl01/disk1/yangyxt/public_data/VEP_plugins_caches/MaveDB/csv/urn-mavedb-00000003-b-2.scores.csv
urn:mavedb:00000004-a-1	-4.289035094747723	1.629109656987723	0	mad90_all_variants	/paedyl01/disk1/yangyxt/public_data/VEP_plugins_caches/MaveDB/csv/urn-mavedb-00000004-a-1.scores.csv
urn:mavedb:00000004-a-2	-0.35921994973101457	0.3419786613143011	200	synonym_percentiles_qc	/paedyl01/disk1/yangyxt/public_data/VEP_plugins_caches/MaveDB/csv/urn-mavedb-00000004-a-2.scores.csv
urn:mavedb:00000004-a-3	-2.5656972981505257	0.7664576523437432	0	mad90_all_variants	/paedyl01/disk1/yangyxt/public_data/VEP_plugins_caches/MaveDB/csv/urn-mavedb-00000004-a-3.scores.csv
urn:mavedb:00000005-a-1	0.38380000000000003	0.9794499999999999	496	synonym_percentiles_qc	/paedyl01/disk1/yangyxt/public_data/VEP_plugins_caches/MaveDB/csv/urn-mavedb-00000005-a-1.scores.csv
urn:mavedb:00000005-a-2	0.5311	0.98455	491	synonym_percentiles_qc	/paedyl01/disk1/yangyxt/public_data/VEP_plugins_caches/MaveDB/csv/urn-mavedb-00000005-a-2.scores.csv
urn:mavedb:00000005-a-3	0.7406230605347435	0.9907110030492254	358	synonym_percentiles_qc	/paedyl01/disk1/yangyxt/public_data/VEP_plugins_caches/MaveDB/csv/urn-mavedb-00000005-a-3.scores.csv
urn:mavedb:00000005-a-4	0.597755563641609	0.9889934293944075	371	synonym_percentiles_qc	/paedyl01/disk1/yangyxt/public_data/VEP_plugins_caches/MaveDB/csv/urn-mavedb-00000005-a-4.scores.csv
urn:mavedb:00000005-a-5	0.639353482267146	1.288845043166252	517	synonym_percentiles_qc	/paedyl01/disk1/yangyxt/public_data/VEP_plugins_caches/MaveDB/csv/urn-mavedb-00000005-a-5.scores.csv
urn:mavedb:00000005-a-6	0.7480345973873918	1.1858106353644793	500	synonym_percentiles_qc	/paedyl01/disk1/yangyxt/public_data/VEP_plugins_caches/MaveDB/csv/urn-mavedb-00000005-a-6.scores.csv
urn:mavedb:00000006-a-1	-0.6476126802016801	0.34583668020168	0	mad90_all_variants	/paedyl01/disk1/yangyxt/public_data/VEP_plugins_caches/MaveDB/csv/urn-mavedb-00000006-a-1.scores.csv
urn:mavedb:00000007-a-1	-0.2136862537784325	0.16868625377843252	0	mad90_all_variants	/paedyl01/disk1/yangyxt/public_data/VEP_plugins_caches/MaveDB/csv/urn-mavedb-00000007-a-1.scores.csv
urn:mavedb:00000008-a-1	-0.35404082671814147	0.2375531267181415	0	mad90_all_variants	/paedyl01/disk1/yangyxt/public_data/VEP_plugins_caches/MaveDB/csv/urn-mavedb-00000008-a-1.scores.csv
urn:mavedb:00000008-a-2	-0.3233919655560359	0.22339146555603587	0	mad90_all_variants	/paedyl01/disk1/yangyxt/public_data/VEP_plugins_caches/MaveDB/csv/urn-mavedb-00000008-a-2.scores.csv
urn:mavedb:00000009-a-1	-0.08538656401619998	0.05322656401619999	0	mad90_all_variants	/paedyl01/disk1/yangyxt/public_data/VEP_plugins_caches/MaveDB/csv/urn-mavedb-00000009-a-1.scores.csv
urn:mavedb:00000009-a-2	-0.03603633972805	0.03958633972805	0	mad90_all_variants	/paedyl01/disk1/yangyxt/public_data/VEP_plugins_caches/MaveDB/csv/urn-mavedb-00000009-a-2.scores.csv
urn:mavedb:00000010-a-1	-0.4583143067871823	1.3821754756761822	0	mad90_all_variants	/paedyl01/disk1/yangyxt/public_data/VEP_plugins_caches/MaveDB/csv/urn-mavedb-00000010-a-1.scores.csv
urn:mavedb:00000011-a-1	0.0	0.01201898195	24	synonym_percentiles_qc	/paedyl01/disk1/yangyxt/public_data/VEP_plugins_caches/MaveDB/csv/urn-mavedb-00000011-a-1.scores.csv
urn:mavedb:00000012-a-1	0.0690416205537403	2.0715696107662596	0	mad90_all_variants	/paedyl01/disk1/yangyxt/public_data/VEP_plugins_caches/MaveDB/csv/urn-mavedb-00000012-a-1.scores.csv
urn:mavedb:00000012-a-2	-9.392580368739083	3.3033545996990825	0	mad90_all_variants	/paedyl01/disk1/yangyxt/public_data/VEP_plugins_caches/MaveDB/csv/urn-mavedb-00000012-a-2.scores.csv
urn:mavedb:00000012-a-3	-10.728672993184354	3.9905037999043538	0	mad90_all_variants	/paedyl01/disk1/yangyxt/public_data/VEP_plugins_caches/MaveDB/csv/urn-mavedb-00000012-a-3.scores.csv
urn:mavedb:00000012-a-4	-13.826186243725552	4.944825593665551	0	mad90_all_variants	/paedyl01/disk1/yangyxt/public_data/VEP_plugins_caches/MaveDB/csv/urn-mavedb-00000012-a-4.scores.csv
urn:mavedb:00000012-a-5	-13.149418987415128	4.349340356975129	0	mad90_all_variants	/paedyl01/disk1/yangyxt/public_data/VEP_plugins_caches/MaveDB/csv/urn-mavedb-00000012-a-5.scores.csv
urn:mavedb:00000012-a-6	-13.698397112372211	5.876622272012211	0	mad90_all_variants	/paedyl01/disk1/yangyxt/public_data/VEP_plugins_caches/MaveDB/csv/urn-mavedb-00000012-a-6.scores.csv
urn:mavedb:00000013-a-1	0.7068940251791627	1.1947060607098976	156	synonym_percentiles_qc	/paedyl01/disk1/yangyxt/public_data/VEP_plugins_caches/MaveDB/csv/urn-mavedb-00000013-a-1.scores.csv
urn:mavedb:00000013-b-1	0.721194090441977	1.3444976036726612	139	synonym_percentiles_qc	/paedyl01/disk1/yangyxt/public_data/VEP_plugins_caches/MaveDB/csv/urn-mavedb-00000013-b-1.scores.csv
urn:mavedb:00000014-a-1	-0.0975461844	0.0975461844	0	mad90_all_variants	/paedyl01/disk1/yangyxt/public_data/VEP_plugins_caches/MaveDB/csv/urn-mavedb-00000014-a-1.scores.csv
urn:mavedb:00000015-a-1	-0.2094789149	0.22947891490000003	0	mad90_all_variants	/paedyl01/disk1/yangyxt/public_data/VEP_plugins_caches/MaveDB/csv/urn-mavedb-00000015-a-1.scores.csv
urn:mavedb:00000016-a-1	-0.1463192766	0.1463192766	0	mad90_all_variants	/paedyl01/disk1/yangyxt/public_data/VEP_plugins_caches/MaveDB/csv/urn-mavedb-00000016-a-1.scores.csv
urn:mavedb:00000017-a-1	-0.2150923688	0.1750923688	0	mad90_all_variants	/paedyl01/disk1/yangyxt/public_data/VEP_plugins_caches/MaveDB/csv/urn-mavedb-00000017-a-1.scores.csv
urn:mavedb:00000018-a-1	-0.2150923688	0.1750923688	0	mad90_all_variants	/paedyl01/disk1/yangyxt/public_data/VEP_plugins_caches/MaveDB/csv/urn-mavedb-00000018-a-1.scores.csv
urn:mavedb:00000019-a-1	-0.3182520071	0.21825200710000003	0	mad90_all_variants	/paedyl01/disk1/yangyxt/public_data/VEP_plugins_caches/MaveDB/csv/urn-mavedb-00000019-a-1.scores.csv
urn:mavedb:00000020-a-1	-0.0975461844	0.0975461844	0	mad90_all_variants	/paedyl01/disk1/yangyxt/public_data/VEP_plugins_caches/MaveDB/csv/urn-mavedb-00000020-a-1.scores.csv
urn:mavedb:00000021-a-1	-0.42237801064999997	0.38237801064999993	0	mad90_all_variants	/paedyl01/disk1/yangyxt/public_data/VEP_plugins_caches/MaveDB/csv/urn-mavedb-00000021-a-1.scores.csv
urn:mavedb:00000022-a-1	-0.28825200710000004	0.24825200710000003	0	mad90_all_variants	/paedyl01/disk1/yangyxt/public_data/VEP_plugins_caches/MaveDB/csv/urn-mavedb-00000022-a-1.scores.csv
urn:mavedb:00000023-a-1	-0.4545712837	0.37457128370000004	0	mad90_all_variants	/paedyl01/disk1/yangyxt/public_data/VEP_plugins_caches/MaveDB/csv/urn-mavedb-00000023-a-1.scores.csv
urn:mavedb:00000023-a-2	-0.3570250993	0.2770250993	0	mad90_all_variants	/paedyl01/disk1/yangyxt/public_data/VEP_plugins_caches/MaveDB/csv/urn-mavedb-00000023-a-2.scores.csv
urn:mavedb:00000024-a-1	-0.1219327305	0.1219327305	0	mad90_all_variants	/paedyl01/disk1/yangyxt/public_data/VEP_plugins_caches/MaveDB/csv/urn-mavedb-00000024-a-1.scores.csv
urn:mavedb:00000025-a-1	-0.0975461844	0.0975461844	0	mad90_all_variants	/paedyl01/disk1/yangyxt/public_data/VEP_plugins_caches/MaveDB/csv/urn-mavedb-00000025-a-1.scores.csv
urn:mavedb:00000026-a-1	-0.1707058227	0.1707058227	0	mad90_all_variants	/paedyl01/disk1/yangyxt/public_data/VEP_plugins_caches/MaveDB/csv/urn-mavedb-00000026-a-1.scores.csv
urn:mavedb:00000027-a-1	-0.49492419505	0.50492419505	0	mad90_all_variants	/paedyl01/disk1/yangyxt/public_data/VEP_plugins_caches/MaveDB/csv/urn-mavedb-00000027-a-1.scores.csv
urn:mavedb:00000027-b-1	-0.5077309219999999	0.46773092199999994	0	mad90_all_variants	/paedyl01/disk1/yangyxt/public_data/VEP_plugins_caches/MaveDB/csv/urn-mavedb-00000027-b-1.scores.csv
urn:mavedb:00000028-a-1	-0.1319327305	0.11193273050000001	0	mad90_all_variants	/paedyl01/disk1/yangyxt/public_data/VEP_plugins_caches/MaveDB/csv/urn-mavedb-00000028-a-1.scores.csv
urn:mavedb:00000029-a-1	-0.45457128369999994	0.3745712837	0	mad90_all_variants	/paedyl01/disk1/yangyxt/public_data/VEP_plugins_caches/MaveDB/csv/urn-mavedb-00000029-a-1.scores.csv
urn:mavedb:00000029-a-2	-0.4545712837	0.37457128370000004	0	mad90_all_variants	/paedyl01/disk1/yangyxt/public_data/VEP_plugins_caches/MaveDB/csv/urn-mavedb-00000029-a-2.scores.csv
urn:mavedb:00000029-b-1	-0.3370250993	0.2970250993	0	mad90_all_variants	/paedyl01/disk1/yangyxt/public_data/VEP_plugins_caches/MaveDB/csv/urn-mavedb-00000029-b-1.scores.csv
urn:mavedb:00000030-a-1	-0.13193273049999998	0.1119327305	0	mad90_all_variants	/paedyl01/disk1/yangyxt/public_data/VEP_plugins_caches/MaveDB/csv/urn-mavedb-00000030-a-1.scores.csv
urn:mavedb:00000031-a-1	-0.33263855319999996	0.2526385532	0	mad90_all_variants	/paedyl01/disk1/yangyxt/public_data/VEP_plugins_caches/MaveDB/csv/urn-mavedb-00000031-a-1.scores.csv
urn:mavedb:00000031-b-1	-0.4689578298	0.40895782979999995	0	mad90_all_variants	/paedyl01/disk1/yangyxt/public_data/VEP_plugins_caches/MaveDB/csv/urn-mavedb-00000031-b-1.scores.csv
urn:mavedb:00000031-c-1	-0.4245712837	0.4045712837	0	mad90_all_variants	/paedyl01/disk1/yangyxt/public_data/VEP_plugins_caches/MaveDB/csv/urn-mavedb-00000031-c-1.scores.csv
urn:mavedb:00000031-d-1	-0.4933443759	0.43334437589999997	0	mad90_all_variants	/paedyl01/disk1/yangyxt/public_data/VEP_plugins_caches/MaveDB/csv/urn-mavedb-00000031-d-1.scores.csv
urn:mavedb:00000032-a-1	-0.1463192766	0.1463192766	0	mad90_all_variants	/paedyl01/disk1/yangyxt/public_data/VEP_plugins_caches/MaveDB/csv/urn-mavedb-00000032-a-1.scores.csv
urn:mavedb:00000033-a-1	-0.1907058227	0.15070582270000002	0	mad90_all_variants	/paedyl01/disk1/yangyxt/public_data/VEP_plugins_caches/MaveDB/csv/urn-mavedb-00000033-a-1.scores.csv
urn:mavedb:00000034-a-1	-0.0731596383	0.0731596383	0	mad90_all_variants	/paedyl01/disk1/yangyxt/public_data/VEP_plugins_caches/MaveDB/csv/urn-mavedb-00000034-a-1.scores.csv
urn:mavedb:00000034-b-1	-0.0731596383	0.0731596383	0	mad90_all_variants	/paedyl01/disk1/yangyxt/public_data/VEP_plugins_caches/MaveDB/csv/urn-mavedb-00000034-b-1.scores.csv
urn:mavedb:00000035-a-1	0.0	0.96892	748	synonym_percentiles_qc	/paedyl01/disk1/yangyxt/public_data/VEP_plugins_caches/MaveDB/csv/urn-mavedb-00000035-a-1.scores.csv
urn:mavedb:00000035-a-2	0.0	0.973765	748	synonym_percentiles_qc	/paedyl01/disk1/yangyxt/public_data/VEP_plugins_caches/MaveDB/csv/urn-mavedb-00000035-a-2.scores.csv
urn:mavedb:00000035-a-3	0.0	0.9736549999999999	748	synonym_percentiles_qc	/paedyl01/disk1/yangyxt/public_data/VEP_plugins_caches/MaveDB/csv/urn-mavedb-00000035-a-3.scores.csv
urn:mavedb:00000036-a-1	0.5473	0.9870749999999999	286	synonym_percentiles_qc	/paedyl01/disk1/yangyxt/public_data/VEP_plugins_caches/MaveDB/csv/urn-mavedb-00000036-a-1.scores.csv
urn:mavedb:00000036-a-2	0.23701	0.980785	282	synonym_percentiles_qc	/paedyl01/disk1/yangyxt/public_data/VEP_plugins_caches/MaveDB/csv/urn-mavedb-00000036-a-2.scores.csv
urn:mavedb:00000037-a-1	-0.02	0.02	75	synonym_percentiles_qc	/paedyl01/disk1/yangyxt/public_data/VEP_plugins_caches/MaveDB/csv/urn-mavedb-00000037-a-1.scores.csv
urn:mavedb:00000038-a-1	0.927	1.066	75	synonym_percentiles_qc	/paedyl01/disk1/yangyxt/public_data/VEP_plugins_caches/MaveDB/csv/urn-mavedb-00000038-a-1.scores.csv
urn:mavedb:00000038-b-1	0.8702605425500001	1.08973945745	0	mad90_all_variants	/paedyl01/disk1/yangyxt/public_data/VEP_plugins_caches/MaveDB/csv/urn-mavedb-00000038-b-1.scores.csv
urn:mavedb:00000038-b-2	0.6373614468000001	1.2226385532	0	mad90_all_variants	/paedyl01/disk1/yangyxt/public_data/VEP_plugins_caches/MaveDB/csv/urn-mavedb-00000038-b-2.scores.csv
urn:mavedb:00000039-a-1	-0.48141164540000003	0.2014116454	0	mad90_all_variants	/paedyl01/disk1/yangyxt/public_data/VEP_plugins_caches/MaveDB/csv/urn-mavedb-00000039-a-1.scores.csv
urn:mavedb:00000039-a-2	-1.1491425674	0.5091425674000001	0	mad90_all_variants	/paedyl01/disk1/yangyxt/public_data/VEP_plugins_caches/MaveDB/csv/urn-mavedb-00000039-a-2.scores.csv
urn:mavedb:00000039-a-3	-0.1863192766	0.10631927659999998	0	mad90_all_variants	/paedyl01/disk1/yangyxt/public_data/VEP_plugins_caches/MaveDB/csv/urn-mavedb-00000039-a-3.scores.csv
urn:mavedb:00000039-a-4	-0.5889578298	0.28895782980000007	0	mad90_all_variants	/paedyl01/disk1/yangyxt/public_data/VEP_plugins_caches/MaveDB/csv/urn-mavedb-00000039-a-4.scores.csv
urn:mavedb:00000039-a-5	-0.03877309219999999	0.058773092199999995	0	mad90_all_variants	/paedyl01/disk1/yangyxt/public_data/VEP_plugins_caches/MaveDB/csv/urn-mavedb-00000039-a-5.scores.csv
urn:mavedb:00000039-a-6	-0.0587730922	0.0387730922	0	mad90_all_variants	/paedyl01/disk1/yangyxt/public_data/VEP_plugins_caches/MaveDB/csv/urn-mavedb-00000039-a-6.scores.csv
urn:mavedb:00000039-a-7	-0.1275461844	0.06754618440000001	0	mad90_all_variants	/paedyl01/disk1/yangyxt/public_data/VEP_plugins_caches/MaveDB/csv/urn-mavedb-00000039-a-7.scores.csv
urn:mavedb:00000040-a-1	-0.12897201078747317	0.05010429944433917	0	mad90_all_variants	/paedyl01/disk1/yangyxt/public_data/VEP_plugins_caches/MaveDB/csv/urn-mavedb-00000040-a-1.scores.csv
urn:mavedb:00000040-a-2	-0.06756859273002595	0.04669710829227196	0	mad90_all_variants	/paedyl01/disk1/yangyxt/public_data/VEP_plugins_caches/MaveDB/csv/urn-mavedb-00000040-a-2.scores.csv
urn:mavedb:00000040-a-3	-0.5649102638769702	0.18637573453236042	0	mad90_all_variants	/paedyl01/disk1/yangyxt/public_data/VEP_plugins_caches/MaveDB/csv/urn-mavedb-00000040-a-3.scores.csv
urn:mavedb:00000040-a-4	-0.15391837015259174	0.07161291036310974	0	mad90_all_variants	/paedyl01/disk1/yangyxt/public_data/VEP_plugins_caches/MaveDB/csv/urn-mavedb-00000040-a-4.scores.csv
urn:mavedb:00000041-a-1	-1.4088241056604849	2.4335347346604848	0	mad90_all_variants	/paedyl01/disk1/yangyxt/public_data/VEP_plugins_caches/MaveDB/csv/urn-mavedb-00000041-a-1.scores.csv
urn:mavedb:00000041-b-1	-1.1692570571912266	1.1976468081912268	0	mad90_all_variants	/paedyl01/disk1/yangyxt/public_data/VEP_plugins_caches/MaveDB/csv/urn-mavedb-00000041-b-1.scores.csv
urn:mavedb:00000042-a-1	1.39408950173261	4.49128719392981	0	mad90_all_variants	/paedyl01/disk1/yangyxt/public_data/VEP_plugins_caches/MaveDB/csv/urn-mavedb-00000042-a-1.scores.csv
urn:mavedb:00000043-a-1	-3.7404657296965524	1.360722688719755	0	mad90_all_variants	/paedyl01/disk1/yangyxt/public_data/VEP_plugins_caches/MaveDB/csv/urn-mavedb-00000043-a-1.scores.csv
urn:mavedb:00000043-a-2	-1.0348582990752262	0.2310923916341613	0	mad90_all_variants	/paedyl01/disk1/yangyxt/public_data/VEP_plugins_caches/MaveDB/csv/urn-mavedb-00000043-a-2.scores.csv
urn:mavedb:00000044-a-1	-1.1447560213	0.4647560213	0	mad90_all_variants	/paedyl01/disk1/yangyxt/public_data/VEP_plugins_caches/MaveDB/csv/urn-mavedb-00000044-a-1.scores.csv
urn:mavedb:00000044-a-2	-0.14	0.12	10233	synonym_percentiles_qc	/paedyl01/disk1/yangyxt/public_data/VEP_plugins_caches/MaveDB/csv/urn-mavedb-00000044-a-2.scores.csv
urn:mavedb:00000044-b-1	-0.2	0.18	8446	synonym_percentiles_qc	/paedyl01/disk1/yangyxt/public_data/VEP_plugins_caches/MaveDB/csv/urn-mavedb-00000044-b-1.scores.csv
urn:mavedb:00000044-b-2	-2.8009236879999997	1.100923688	0	mad90_all_variants	/paedyl01/disk1/yangyxt/public_data/VEP_plugins_caches/MaveDB/csv/urn-mavedb-00000044-b-2.scores.csv
urn:mavedb:00000045-a-1	-0.11788024327652645	0.19491458527652644	0	mad90_all_variants	/paedyl01/disk1/yangyxt/public_data/VEP_plugins_caches/MaveDB/csv/urn-mavedb-00000045-a-1.scores.csv
urn:mavedb:00000045-b-1	-0.06694148663493095	0.11087725263493074	0	mad90_all_variants	/paedyl01/disk1/yangyxt/public_data/VEP_plugins_caches/MaveDB/csv/urn-mavedb-00000045-b-1.scores.csv
urn:mavedb:00000045-c-1	-0.009803336915102268	0.27552972891510225	0	mad90_all_variants	/paedyl01/disk1/yangyxt/public_data/VEP_plugins_caches/MaveDB/csv/urn-mavedb-00000045-c-1.scores.csv
urn:mavedb:00000045-d-1	-0.038062195111495875	0.1844506451114959	0	mad90_all_variants	/paedyl01/disk1/yangyxt/public_data/VEP_plugins_caches/MaveDB/csv/urn-mavedb-00000045-d-1.scores.csv
urn:mavedb:00000045-e-1	-0.062453933768532366	0.14927662676853237	0	mad90_all_variants	/paedyl01/disk1/yangyxt/public_data/VEP_plugins_caches/MaveDB/csv/urn-mavedb-00000045-e-1.scores.csv
urn:mavedb:00000045-f-1	-0.07566536349472822	0.19894370649472823	0	mad90_all_variants	/paedyl01/disk1/yangyxt/public_data/VEP_plugins_caches/MaveDB/csv/urn-mavedb-00000045-f-1.scores.csv
urn:mavedb:00000045-g-1	-0.11928735337838478	0.09182891737838478	0	mad90_all_variants	/paedyl01/disk1/yangyxt/public_data/VEP_plugins_caches/MaveDB/csv/urn-mavedb-00000045-g-1.scores.csv
urn:mavedb:00000045-h-1	-0.0977313677552516	0.1158354777552516	0	mad90_all_variants	/paedyl01/disk1/yangyxt/public_data/VEP_plugins_caches/MaveDB/csv/urn-mavedb-00000045-h-1.scores.csv
urn:mavedb:00000045-i-1	-0.021691522048538837	0.05184681004853884	0	mad90_all_variants	/paedyl01/disk1/yangyxt/public_data/VEP_plugins_caches/MaveDB/csv/urn-mavedb-00000045-i-1.scores.csv
urn:mavedb:00000045-j-1	-0.04560451715586595	0.13305149515586595	0	mad90_all_variants	/paedyl01/disk1/yangyxt/public_data/VEP_plugins_caches/MaveDB/csv/urn-mavedb-00000045-j-1.scores.csv
urn:mavedb:00000045-k-1	-0.5375896388705528	1.1001687718705526	0	mad90_all_variants	/paedyl01/disk1/yangyxt/public_data/VEP_plugins_caches/MaveDB/csv/urn-mavedb-00000045-k-1.scores.csv
urn:mavedb:00000045-l-1	-0.03919891961088602	0.07389658261088602	0	mad90_all_variants	/paedyl01/disk1/yangyxt/public_data/VEP_plugins_caches/MaveDB/csv/urn-mavedb-00000045-l-1.scores.csv
urn:mavedb:00000046-a-1	-0.7428463385422712	0.581065440225826	0	mad90_all_variants	/paedyl01/disk1/yangyxt/public_data/VEP_plugins_caches/MaveDB/csv/urn-mavedb-00000046-a-1.scores.csv
urn:mavedb:00000046-a-2	-1.4856046616055567	1.558760712510855	0	mad90_all_variants	/paedyl01/disk1/yangyxt/public_data/VEP_plugins_caches/MaveDB/csv/urn-mavedb-00000046-a-2.scores.csv
urn:mavedb:00000046-a-3	-0.9837524859728043	0.7141781146380518	0	mad90_all_variants	/paedyl01/disk1/yangyxt/public_data/VEP_plugins_caches/MaveDB/csv/urn-mavedb-00000046-a-3.scores.csv
urn:mavedb:00000047-a-1	-0.9141215489347622	0.9689023239347622	0	mad90_all_variants	/paedyl01/disk1/yangyxt/public_data/VEP_plugins_caches/MaveDB/csv/urn-mavedb-00000047-a-1.scores.csv
urn:mavedb:00000047-b-1	-3.0160880700015045	1.4368122870015045	0	mad90_all_variants	/paedyl01/disk1/yangyxt/public_data/VEP_plugins_caches/MaveDB/csv/urn-mavedb-00000047-b-1.scores.csv
urn:mavedb:00000047-c-1	-2.731027686181992	2.041792502181992	0	mad90_all_variants	/paedyl01/disk1/yangyxt/public_data/VEP_plugins_caches/MaveDB/csv/urn-mavedb-00000047-c-1.scores.csv
urn:mavedb:00000048-a-1	-1.5156863349124	1.0714253421624	0	mad90_all_variants	/paedyl01/disk1/yangyxt/public_data/VEP_plugins_caches/MaveDB/csv/urn-mavedb-00000048-a-1.scores.csv
urn:mavedb:00000048-b-1	-2.4237440306055444	1.5516689136055448	0	mad90_all_variants	/paedyl01/disk1/yangyxt/public_data/VEP_plugins_caches/MaveDB/csv/urn-mavedb-00000048-b-1.scores.csv
urn:mavedb:00000048-c-1	-1.497484697139813	1.1272739226398132	0	mad90_all_variants	/paedyl01/disk1/yangyxt/public_data/VEP_plugins_caches/MaveDB/csv/urn-mavedb-00000048-c-1.scores.csv
urn:mavedb:00000049-a-1	0.6895	0.993225	596	synonym_percentiles_qc	/paedyl01/disk1/yangyxt/public_data/VEP_plugins_caches/MaveDB/csv/urn-mavedb-00000049-a-1.scores.csv
urn:mavedb:00000049-a-2	0.50892	0.9908	593	synonym_percentiles_qc	/paedyl01/disk1/yangyxt/public_data/VEP_plugins_caches/MaveDB/csv/urn-mavedb-00000049-a-2.scores.csv
urn:mavedb:00000049-a-3	0.64716	0.993	593	synonym_percentiles_qc	/paedyl01/disk1/yangyxt/public_data/VEP_plugins_caches/MaveDB/csv/urn-mavedb-00000049-a-3.scores.csv
urn:mavedb:00000049-a-4	0.65255	0.9891749999999999	596	synonym_percentiles_qc	/paedyl01/disk1/yangyxt/public_data/VEP_plugins_caches/MaveDB/csv/urn-mavedb-00000049-a-4.scores.csv
urn:mavedb:00000049-a-5	0.37634	0.9856	593	synonym_percentiles_qc	/paedyl01/disk1/yangyxt/public_data/VEP_plugins_caches/MaveDB/csv/urn-mavedb-00000049-a-5.scores.csv
urn:mavedb:00000049-a-6	0.66225	0.993375	596	synonym_percentiles_qc	/paedyl01/disk1/yangyxt/public_data/VEP_plugins_caches/MaveDB/csv/urn-mavedb-00000049-a-6.scores.csv
urn:mavedb:00000049-a-7	0.6780735010429318	1.2324037172823108	592	synonym_percentiles_qc	/paedyl01/disk1/yangyxt/public_data/VEP_plugins_caches/MaveDB/csv/urn-mavedb-00000049-a-7.scores.csv
urn:mavedb:00000049-a-8	0.7309878520308755	1.212161401210596	577	synonym_percentiles_qc	/paedyl01/disk1/yangyxt/public_data/VEP_plugins_caches/MaveDB/csv/urn-mavedb-00000049-a-8.scores.csv
urn:mavedb:00000050-a-1	-5.828607034266117	-0.6793993928665412	0	mad90_all_variants	/paedyl01/disk1/yangyxt/public_data/VEP_plugins_caches/MaveDB/csv/urn-mavedb-00000050-a-1.scores.csv
urn:mavedb:00000051-a-1	-2.2085866206598403	4.820864155780954	0	mad90_all_variants	/paedyl01/disk1/yangyxt/public_data/VEP_plugins_caches/MaveDB/csv/urn-mavedb-00000051-a-1.scores.csv
urn:mavedb:00000051-b-1	-0.8976685498262413	1.0333364260331384	0	mad90_all_variants	/paedyl01/disk1/yangyxt/public_data/VEP_plugins_caches/MaveDB/csv/urn-mavedb-00000051-b-1.scores.csv
urn:mavedb:00000051-c-1	-1.5416678708388583	3.4058890265398905	0	mad90_all_variants	/paedyl01/disk1/yangyxt/public_data/VEP_plugins_caches/MaveDB/csv/urn-mavedb-00000051-c-1.scores.csv
urn:mavedb:00000052-a-1	-0.9570135799194447	1.6876166169194446	0	mad90_all_variants	/paedyl01/disk1/yangyxt/public_data/VEP_plugins_caches/MaveDB/csv/urn-mavedb-00000052-a-1.scores.csv
urn:mavedb:00000052-b-1	0.8133404981459285	1.6996614978540714	0	mad90_all_variants	/paedyl01/disk1/yangyxt/public_data/VEP_plugins_caches/MaveDB/csv/urn-mavedb-00000052-b-1.scores.csv
urn:mavedb:00000053-a-1	-0.6592294748057523	0.5289907568057524	0	mad90_all_variants	/paedyl01/disk1/yangyxt/public_data/VEP_plugins_caches/MaveDB/csv/urn-mavedb-00000053-a-1.scores.csv
urn:mavedb:00000053-a-2	-0.06731363681425047	0.06121070881425047	0	mad90_all_variants	/paedyl01/disk1/yangyxt/public_data/VEP_plugins_caches/MaveDB/csv/urn-mavedb-00000053-a-2.scores.csv
urn:mavedb:00000054-a-1	-2.147423297818862	1.2363623358188618	0	mad90_all_variants	/paedyl01/disk1/yangyxt/public_data/VEP_plugins_caches/MaveDB/csv/urn-mavedb-00000054-a-1.scores.csv
urn:mavedb:00000055-0-1	-0.14232378925009337	1.3793547413689615	0	mad90_all_variants	/paedyl01/disk1/yangyxt/public_data/VEP_plugins_caches/MaveDB/csv/urn-mavedb-00000055-0-1.scores.csv
urn:mavedb:00000055-a-1	0.13816469928111474	1.364303517087484	0	mad90_all_variants	/paedyl01/disk1/yangyxt/public_data/VEP_plugins_caches/MaveDB/csv/urn-mavedb-00000055-a-1.scores.csv
urn:mavedb:00000055-b-1	0.37765306085098327	1.3978405014713267	0	mad90_all_variants	/paedyl01/disk1/yangyxt/public_data/VEP_plugins_caches/MaveDB/csv/urn-mavedb-00000055-b-1.scores.csv
urn:mavedb:00000057-a-1	-0.4395669735892523	0.3491036687506311	0	mad90_all_variants	/paedyl01/disk1/yangyxt/public_data/VEP_plugins_caches/MaveDB/csv/urn-mavedb-00000057-a-1.scores.csv
urn:mavedb:00000057-b-1	-0.38526792900290163	0.10467149002617848	0	mad90_all_variants	/paedyl01/disk1/yangyxt/public_data/VEP_plugins_caches/MaveDB/csv/urn-mavedb-00000057-b-1.scores.csv
urn:mavedb:00000057-c-1	-0.569703606982841	0.23464807578516905	0	mad90_all_variants	/paedyl01/disk1/yangyxt/public_data/VEP_plugins_caches/MaveDB/csv/urn-mavedb-00000057-c-1.scores.csv
urn:mavedb:00000057-d-1	-0.23028114594366228	0.11712787482270609	0	mad90_all_variants	/paedyl01/disk1/yangyxt/public_data/VEP_plugins_caches/MaveDB/csv/urn-mavedb-00000057-d-1.scores.csv
urn:mavedb:00000058-a-1	-0.9437116220169472	1.2804729293659474	0	mad90_all_variants	/paedyl01/disk1/yangyxt/public_data/VEP_plugins_caches/MaveDB/csv/urn-mavedb-00000058-a-1.scores.csv
urn:mavedb:00000059-a-1	-3.5094706907999997	-1.4721497530000014	572	synonym_percentiles_qc	/paedyl01/disk1/yangyxt/public_data/VEP_plugins_caches/MaveDB/csv/urn-mavedb-00000059-a-1.scores.csv
urn:mavedb:00000060-a-1	-0.7198082746361503	0.619934741844129	0	mad90_all_variants	/paedyl01/disk1/yangyxt/public_data/VEP_plugins_caches/MaveDB/csv/urn-mavedb-00000060-a-1.scores.csv
urn:mavedb:00000060-a-2	-0.46406884980620666	0.547113415112116	0	mad90_all_variants	/paedyl01/disk1/yangyxt/public_data/VEP_plugins_caches/MaveDB/csv/urn-mavedb-00000060-a-2.scores.csv
urn:mavedb:00000061-a-1	-0.2642741529019658	0.1300668466188808	0	mad90_all_variants	/paedyl01/disk1/yangyxt/public_data/VEP_plugins_caches/MaveDB/csv/urn-mavedb-00000061-a-1.scores.csv
urn:mavedb:00000061-b-1	-0.39581826997670644	0.21113475705120086	0	mad90_all_variants	/paedyl01/disk1/yangyxt/public_data/VEP_plugins_caches/MaveDB/csv/urn-mavedb-00000061-b-1.scores.csv
urn:mavedb:00000061-c-1	-0.39364300993395485	0.19490999275774876	0	mad90_all_variants	/paedyl01/disk1/yangyxt/public_data/VEP_plugins_caches/MaveDB/csv/urn-mavedb-00000061-c-1.scores.csv
urn:mavedb:00000061-d-1	-0.4947364772019307	0.30410912924199485	0	mad90_all_variants	/paedyl01/disk1/yangyxt/public_data/VEP_plugins_caches/MaveDB/csv/urn-mavedb-00000061-d-1.scores.csv
urn:mavedb:00000061-e-1	-0.4591820101948392	0.2334324435793482	0	mad90_all_variants	/paedyl01/disk1/yangyxt/public_data/VEP_plugins_caches/MaveDB/csv/urn-mavedb-00000061-e-1.scores.csv
urn:mavedb:00000061-f-1	-0.47779285874624133	0.24646552252977294	0	mad90_all_variants	/paedyl01/disk1/yangyxt/public_data/VEP_plugins_caches/MaveDB/csv/urn-mavedb-00000061-f-1.scores.csv
urn:mavedb:00000061-g-1	-1.0079801492884115	0.5129072905798202	0	mad90_all_variants	/paedyl01/disk1/yangyxt/public_data/VEP_plugins_caches/MaveDB/csv/urn-mavedb-00000061-g-1.scores.csv
urn:mavedb:00000061-h-1	-1.1513405081547254	0.5716048318164617	0	mad90_all_variants	/paedyl01/disk1/yangyxt/public_data/VEP_plugins_caches/MaveDB/csv/urn-mavedb-00000061-h-1.scores.csv
urn:mavedb:00000061-i-1	-1.4008596158803879	0.5829492197826824	0	mad90_all_variants	/paedyl01/disk1/yangyxt/public_data/VEP_plugins_caches/MaveDB/csv/urn-mavedb-00000061-i-1.scores.csv
urn:mavedb:00000062-a-1	0.5483151510579564	0.7434795089420437	0	mad90_all_variants	/paedyl01/disk1/yangyxt/public_data/VEP_plugins_caches/MaveDB/csv/urn-mavedb-00000062-a-1.scores.csv
urn:mavedb:00000062-b-1	0.5302837830910412	0.7444907169089587	0	mad90_all_variants	/paedyl01/disk1/yangyxt/public_data/VEP_plugins_caches/MaveDB/csv/urn-mavedb-00000062-b-1.scores.csv
urn:mavedb:00000063-a-1	-0.9132125513176197	0.6399275513176199	0	mad90_all_variants	/paedyl01/disk1/yangyxt/public_data/VEP_plugins_caches/MaveDB/csv/urn-mavedb-00000063-a-1.scores.csv
urn:mavedb:00000063-b-1	-0.8634092877583499	0.8082152877583499	0	mad90_all_variants	/paedyl01/disk1/yangyxt/public_data/VEP_plugins_caches/MaveDB/csv/urn-mavedb-00000063-b-1.scores.csv
urn:mavedb:00000064-a-1	0.5079590219686767	1.9148360448346389	643	synonym_percentiles_qc	/paedyl01/disk1/yangyxt/public_data/VEP_plugins_caches/MaveDB/csv/urn-mavedb-00000064-a-1.scores.csv
urn:mavedb:00000064-b-1	0.03245071323932461	1.9821472360225088	123	synonym_percentiles_qc	/paedyl01/disk1/yangyxt/public_data/VEP_plugins_caches/MaveDB/csv/urn-mavedb-00000064-b-1.scores.csv
urn:mavedb:00000065-a-1	-2.2425840054716555	1.1178642242279317	0	mad90_all_variants	/paedyl01/disk1/yangyxt/public_data/VEP_plugins_caches/MaveDB/csv/urn-mavedb-00000065-a-1.scores.csv
urn:mavedb:00000066-a-1	-1.9745366017730703	1.071377373736497	0	mad90_all_variants	/paedyl01/disk1/yangyxt/public_data/VEP_plugins_caches/MaveDB/csv/urn-mavedb-00000066-a-1.scores.csv
urn:mavedb:00000067-a-1	-1.1795159866780363	0.6750736004796434	0	mad90_all_variants	/paedyl01/disk1/yangyxt/public_data/VEP_plugins_caches/MaveDB/csv/urn-mavedb-00000067-a-1.scores.csv
urn:mavedb:00000068-0-1	-0.5851304465306381	0.31206807759965355	378	synonym_percentiles_qc	/paedyl01/disk1/yangyxt/public_data/VEP_plugins_caches/MaveDB/csv/urn-mavedb-00000068-0-1.scores.csv
urn:mavedb:00000068-a-1	-0.3741743978294473	0.5208166359276681	378	synonym_percentiles_qc	/paedyl01/disk1/yangyxt/public_data/VEP_plugins_caches/MaveDB/csv/urn-mavedb-00000068-a-1.scores.csv
urn:mavedb:00000068-b-1	-0.8823608903455873	0.6074444363300116	378	synonym_percentiles_qc	/paedyl01/disk1/yangyxt/public_data/VEP_plugins_caches/MaveDB/csv/urn-mavedb-00000068-b-1.scores.csv
urn:mavedb:00000068-c-1	-0.3244587412770471	0.7372888220631006	378	synonym_percentiles_qc	/paedyl01/disk1/yangyxt/public_data/VEP_plugins_caches/MaveDB/csv/urn-mavedb-00000068-c-1.scores.csv
urn:mavedb:00000069-a-1	-1.966168044177775	1.305810738177775	0	mad90_all_variants	/paedyl01/disk1/yangyxt/public_data/VEP_plugins_caches/MaveDB/csv/urn-mavedb-00000069-a-1.scores.csv
urn:mavedb:00000069-a-2	-2.0271306884221327	1.0531474474221332	0	mad90_all_variants	/paedyl01/disk1/yangyxt/public_data/VEP_plugins_caches/MaveDB/csv/urn-mavedb-00000069-a-2.scores.csv
urn:mavedb:00000070-a-1	-0.5870777397878066	1.4817553803230699	0	mad90_all_variants	/paedyl01/disk1/yangyxt/public_data/VEP_plugins_caches/MaveDB/csv/urn-mavedb-00000070-a-1.scores.csv
urn:mavedb:00000070-a-2	-0.5986694812247327	1.5864735844447653	0	mad90_all_variants	/paedyl01/disk1/yangyxt/public_data/VEP_plugins_caches/MaveDB/csv/urn-mavedb-00000070-a-2.scores.csv
urn:mavedb:00000070-a-3	-0.5870777397878066	1.4817553803230699	0	mad90_all_variants	/paedyl01/disk1/yangyxt/public_data/VEP_plugins_caches/MaveDB/csv/urn-mavedb-00000070-a-3.scores.csv
urn:mavedb:00000070-a-4	-0.5986694812247327	1.5864735844447653	0	mad90_all_variants	/paedyl01/disk1/yangyxt/public_data/VEP_plugins_caches/MaveDB/csv/urn-mavedb-00000070-a-4.scores.csv
urn:mavedb:00000071-a-1	-1.2132977842399346	0.060603367030794164	0	mad90_all_variants	/paedyl01/disk1/yangyxt/public_data/VEP_plugins_caches/MaveDB/csv/urn-mavedb-00000071-a-1.scores.csv
urn:mavedb:00000071-b-1	-0.48903284315711637	0.5576293054065248	0	mad90_all_variants	/paedyl01/disk1/yangyxt/public_data/VEP_plugins_caches/MaveDB/csv/urn-mavedb-00000071-b-1.scores.csv
urn:mavedb:00000072-a-1	-0.08196875047547443	0.19592070239738074	0	mad90_all_variants	/paedyl01/disk1/yangyxt/public_data/VEP_plugins_caches/MaveDB/csv/urn-mavedb-00000072-a-1.scores.csv
urn:mavedb:00000073-a-1	-0.6786664901650001	0.35697137527499995	244	synonym_percentiles_qc	/paedyl01/disk1/yangyxt/public_data/VEP_plugins_caches/MaveDB/csv/urn-mavedb-00000073-a-1.scores.csv
urn:mavedb:00000073-b-1	-0.3399459661200001	0.18188216488999995	244	synonym_percentiles_qc	/paedyl01/disk1/yangyxt/public_data/VEP_plugins_caches/MaveDB/csv/urn-mavedb-00000073-b-1.scores.csv
urn:mavedb:00000073-c-1	-0.55539845139	0.44840508384999994	243	synonym_percentiles_qc	/paedyl01/disk1/yangyxt/public_data/VEP_plugins_caches/MaveDB/csv/urn-mavedb-00000073-c-1.scores.csv
urn:mavedb:00000073-d-1	-0.32751092304999996	0.1981517918399998	243	synonym_percentiles_qc	/paedyl01/disk1/yangyxt/public_data/VEP_plugins_caches/MaveDB/csv/urn-mavedb-00000073-d-1.scores.csv
urn:mavedb:00000073-e-1	-0.30103490763999996	0.16941506514500002	244	synonym_percentiles_qc	/paedyl01/disk1/yangyxt/public_data/VEP_plugins_caches/MaveDB/csv/urn-mavedb-00000073-e-1.scores.csv
urn:mavedb:00000073-f-1	-0.55466993307	0.41274555335999974	243	synonym_percentiles_qc	/paedyl01/disk1/yangyxt/public_data/VEP_plugins_caches/MaveDB/csv/urn-mavedb-00000073-f-1.scores.csv
urn:mavedb:00000073-g-1	-0.28648621315	0.16976045714999996	243	synonym_percentiles_qc	/paedyl01/disk1/yangyxt/public_data/VEP_plugins_caches/MaveDB/csv/urn-mavedb-00000073-g-1.scores.csv
urn:mavedb:00000073-h-1	-0.62012836591	0.4441169509499999	243	synonym_percentiles_qc	/paedyl01/disk1/yangyxt/public_data/VEP_plugins_caches/MaveDB/csv/urn-mavedb-00000073-h-1.scores.csv
urn:mavedb:00000073-i-1	-0.18069928987	0.18715337973999996	243	synonym_percentiles_qc	/paedyl01/disk1/yangyxt/public_data/VEP_plugins_caches/MaveDB/csv/urn-mavedb-00000073-i-1.scores.csv
urn:mavedb:00000074-a-1	-0.05133947631757649	0.052770874508515385	222	synonym_percentiles_qc	/paedyl01/disk1/yangyxt/public_data/VEP_plugins_caches/MaveDB/csv/urn-mavedb-00000074-a-1.scores.csv
urn:mavedb:00000075-a-1	0.07666391085630019	0.7152825032323636	504	synonym_percentiles_qc	/paedyl01/disk1/yangyxt/public_data/VEP_plugins_caches/MaveDB/csv/urn-mavedb-00000075-a-1.scores.csv
urn:mavedb:00000076-a-1	-3.6025186837587766	0.14063507068190462	0	mad90_all_variants	/paedyl01/disk1/yangyxt/public_data/VEP_plugins_caches/MaveDB/csv/urn-mavedb-00000076-a-1.scores.csv
urn:mavedb:00000076-b-1	-2.6818412405390264	-0.02801250800993782	0	mad90_all_variants	/paedyl01/disk1/yangyxt/public_data/VEP_plugins_caches/MaveDB/csv/urn-mavedb-00000076-b-1.scores.csv
urn:mavedb:00000076-c-1	-2.4441257080523373	0.24320777489088097	0	mad90_all_variants	/paedyl01/disk1/yangyxt/public_data/VEP_plugins_caches/MaveDB/csv/urn-mavedb-00000076-c-1.scores.csv
urn:mavedb:00000076-d-1	-0.22956017478488933	0.2744439561315849	0	mad90_all_variants	/paedyl01/disk1/yangyxt/public_data/VEP_plugins_caches/MaveDB/csv/urn-mavedb-00000076-d-1.scores.csv
urn:mavedb:00000076-e-1	-4.350155490915844	-1.8299089108091013	0	mad90_all_variants	/paedyl01/disk1/yangyxt/public_data/VEP_plugins_caches/MaveDB/csv/urn-mavedb-00000076-e-1.scores.csv
urn:mavedb:00000077-a-1	-0.27008623322730363	0.28832266922730365	0	mad90_all_variants	/paedyl01/disk1/yangyxt/public_data/VEP_plugins_caches/MaveDB/csv/urn-mavedb-00000077-a-1.scores.csv
urn:mavedb:00000077-a-2	-0.27008623322730363	0.28832266922730365	0	mad90_all_variants	/paedyl01/disk1/yangyxt/public_data/VEP_plugins_caches/MaveDB/csv/urn-mavedb-00000077-a-2.scores.csv
urn:mavedb:00000077-b-1	-1.0578862672225	0.5869862672224999	0	mad90_all_variants	/paedyl01/disk1/yangyxt/public_data/VEP_plugins_caches/MaveDB/csv/urn-mavedb-00000077-b-1.scores.csv
urn:mavedb:00000077-b-2	-1.0578862672225	0.5869862672224999	0	mad90_all_variants	/paedyl01/disk1/yangyxt/public_data/VEP_plugins_caches/MaveDB/csv/urn-mavedb-00000077-b-2.scores.csv
urn:mavedb:00000078-a-1	0.31745463948578	1.4696631887993559	0	mad90_all_variants	/paedyl01/disk1/yangyxt/public_data/VEP_plugins_caches/MaveDB/csv/urn-mavedb-00000078-a-1.scores.csv
urn:mavedb:00000078-b-1	0.1569272866905267	1.3488782051509094	0	mad90_all_variants	/paedyl01/disk1/yangyxt/public_data/VEP_plugins_caches/MaveDB/csv/urn-mavedb-00000078-b-1.scores.csv
urn:mavedb:00000079-a-1	-0.7827200929635	0.6090200929635	0	mad90_all_variants	/paedyl01/disk1/yangyxt/public_data/VEP_plugins_caches/MaveDB/csv/urn-mavedb-00000079-a-1.scores.csv
urn:mavedb:00000080-a-1	3.5977970935675	3.875788954018	534	synonym_percentiles_qc	/paedyl01/disk1/yangyxt/public_data/VEP_plugins_caches/MaveDB/csv/urn-mavedb-00000080-a-1.scores.csv
urn:mavedb:00000080-a-2	2.0717415144226434	4.446968327577357	0	mad90_all_variants	/paedyl01/disk1/yangyxt/public_data/VEP_plugins_caches/MaveDB/csv/urn-mavedb-00000080-a-2.scores.csv
urn:mavedb:00000081-a-1	-1e-06	1e-06	0	mad90_all_variants	/paedyl01/disk1/yangyxt/public_data/VEP_plugins_caches/MaveDB/csv/urn-mavedb-00000081-a-1.scores.csv
urn:mavedb:00000081-a-2	-0.39393300091978906	0.24957543114393915	0	mad90_all_variants	/paedyl01/disk1/yangyxt/public_data/VEP_plugins_caches/MaveDB/csv/urn-mavedb-00000081-a-2.scores.csv
urn:mavedb:00000082-a-1	0.30245381559999995	0.4975461844000001	0	mad90_all_variants	/paedyl01/disk1/yangyxt/public_data/VEP_plugins_caches/MaveDB/csv/urn-mavedb-00000082-a-1.scores.csv
urn:mavedb:00000083-a-1	-0.9657946252049997	0.9387946252049998	0	mad90_all_variants	/paedyl01/disk1/yangyxt/public_data/VEP_plugins_caches/MaveDB/csv/urn-mavedb-00000083-a-1.scores.csv
urn:mavedb:00000083-b-1	-1.7728032958899993	8.22080329589	0	mad90_all_variants	/paedyl01/disk1/yangyxt/public_data/VEP_plugins_caches/MaveDB/csv/urn-mavedb-00000083-b-1.scores.csv
urn:mavedb:00000083-c-1	-0.411664607455	0.151664607455	0	mad90_all_variants	/paedyl01/disk1/yangyxt/public_data/VEP_plugins_caches/MaveDB/csv/urn-mavedb-00000083-c-1.scores.csv
urn:mavedb:00000083-d-1	-1.0005400067649999	0.8845400067649999	0	mad90_all_variants	/paedyl01/disk1/yangyxt/public_data/VEP_plugins_caches/MaveDB/csv/urn-mavedb-00000083-d-1.scores.csv
urn:mavedb:00000083-e-1	-0.8593955294550001	0.6793955294550001	0	mad90_all_variants	/paedyl01/disk1/yangyxt/public_data/VEP_plugins_caches/MaveDB/csv/urn-mavedb-00000083-e-1.scores.csv
urn:mavedb:00000083-f-1	-0.5989670666799999	0.31796706667999985	0	mad90_all_variants	/paedyl01/disk1/yangyxt/public_data/VEP_plugins_caches/MaveDB/csv/urn-mavedb-00000083-f-1.scores.csv
urn:mavedb:00000083-g-1	-0.8249123468299999	0.65291234683	0	mad90_all_variants	/paedyl01/disk1/yangyxt/public_data/VEP_plugins_caches/MaveDB/csv/urn-mavedb-00000083-g-1.scores.csv
urn:mavedb:00000083-h-1	-0.4547536634850002	0.22075366348500042	0	mad90_all_variants	/paedyl01/disk1/yangyxt/public_data/VEP_plugins_caches/MaveDB/csv/urn-mavedb-00000083-h-1.scores.csv
urn:mavedb:00000083-i-1	-0.5298519563950002	0.29685195639500034	0	mad90_all_variants	/paedyl01/disk1/yangyxt/public_data/VEP_plugins_caches/MaveDB/csv/urn-mavedb-00000083-i-1.scores.csv
urn:mavedb:00000083-j-1	-0.7963232907999999	0.5693232907999998	0	mad90_all_variants	/paedyl01/disk1/yangyxt/public_data/VEP_plugins_caches/MaveDB/csv/urn-mavedb-00000083-j-1.scores.csv
urn:mavedb:00000084-a-1	-11.702509929999998	51.70250993	0	mad90_all_variants	/paedyl01/disk1/yangyxt/public_data/VEP_plugins_caches/MaveDB/csv/urn-mavedb-00000084-a-1.scores.csv
urn:mavedb:00000085-a-1	-0.11059900411288279	0.39800736269209314	0	mad90_all_variants	/paedyl01/disk1/yangyxt/public_data/VEP_plugins_caches/MaveDB/csv/urn-mavedb-00000085-a-1.scores.csv
urn:mavedb:00000085-b-1	-0.2831586994238055	0.9709173008767467	0	mad90_all_variants	/paedyl01/disk1/yangyxt/public_data/VEP_plugins_caches/MaveDB/csv/urn-mavedb-00000085-b-1.scores.csv
urn:mavedb:00000085-c-1	-0.12215514247836656	0.3235983104427689	0	mad90_all_variants	/paedyl01/disk1/yangyxt/public_data/VEP_plugins_caches/MaveDB/csv/urn-mavedb-00000085-c-1.scores.csv
urn:mavedb:00000085-d-1	-0.22982516351379934	0.6743122603302384	0	mad90_all_variants	/paedyl01/disk1/yangyxt/public_data/VEP_plugins_caches/MaveDB/csv/urn-mavedb-00000085-d-1.scores.csv
urn:mavedb:00000086-a-1	-0.10847371753323662	0.09378214553323672	0	mad90_all_variants	/paedyl01/disk1/yangyxt/public_data/VEP_plugins_caches/MaveDB/csv/urn-mavedb-00000086-a-1.scores.csv
urn:mavedb:00000086-b-1	-0.1079930433218532	0.08499798303405298	0	mad90_all_variants	/paedyl01/disk1/yangyxt/public_data/VEP_plugins_caches/MaveDB/csv/urn-mavedb-00000086-b-1.scores.csv
urn:mavedb:00000086-c-1	-0.14804129102355768	0.10005362060987007	0	mad90_all_variants	/paedyl01/disk1/yangyxt/public_data/VEP_plugins_caches/MaveDB/csv/urn-mavedb-00000086-c-1.scores.csv
urn:mavedb:00000086-d-1	-0.23896562180272238	0.15803573952619196	0	mad90_all_variants	/paedyl01/disk1/yangyxt/public_data/VEP_plugins_caches/MaveDB/csv/urn-mavedb-00000086-d-1.scores.csv
urn:mavedb:00000086-e-1	-3.1784975387369006	1.2950228080055748	0	mad90_all_variants	/paedyl01/disk1/yangyxt/public_data/VEP_plugins_caches/MaveDB/csv/urn-mavedb-00000086-e-1.scores.csv
urn:mavedb:00000086-f-1	-0.08535072061635948	0.10018457517977167	0	mad90_all_variants	/paedyl01/disk1/yangyxt/public_data/VEP_plugins_caches/MaveDB/csv/urn-mavedb-00000086-f-1.scores.csv
urn:mavedb:00000086-g-1	-0.09221220019603417	0.07353771365734697	0	mad90_all_variants	/paedyl01/disk1/yangyxt/public_data/VEP_plugins_caches/MaveDB/csv/urn-mavedb-00000086-g-1.scores.csv
urn:mavedb:00000087-a-1	0.07242624	0.5668726999999999	498	synonym_percentiles_qc	/paedyl01/disk1/yangyxt/public_data/VEP_plugins_caches/MaveDB/csv/urn-mavedb-00000087-a-1.scores.csv
urn:mavedb:00000088-a-1	0.10605305	0.6501483999999998	498	synonym_percentiles_qc	/paedyl01/disk1/yangyxt/public_data/VEP_plugins_caches/MaveDB/csv/urn-mavedb-00000088-a-1.scores.csv
urn:mavedb:00000088-b-1	0.06115107	0.5367623	498	synonym_percentiles_qc	/paedyl01/disk1/yangyxt/public_data/VEP_plugins_caches/MaveDB/csv/urn-mavedb-00000088-b-1.scores.csv
urn:mavedb:00000089-a-1	-0.36045419651448846	0.22280894542168844	0	mad90_all_variants	/paedyl01/disk1/yangyxt/public_data/VEP_plugins_caches/MaveDB/csv/urn-mavedb-00000089-a-1.scores.csv
urn:mavedb:00000090-a-1	-0.12922	0.14890699999999996	83	synonym_percentiles_qc	/paedyl01/disk1/yangyxt/public_data/VEP_plugins_caches/MaveDB/csv/urn-mavedb-00000090-a-1.scores.csv
urn:mavedb:00000090-b-1	-0.12172	0.14087299999999994	83	synonym_percentiles_qc	/paedyl01/disk1/yangyxt/public_data/VEP_plugins_caches/MaveDB/csv/urn-mavedb-00000090-b-1.scores.csv
urn:mavedb:00000091-a-1	-0.5891693297996383	6.917623289481169	0	mad90_all_variants	/paedyl01/disk1/yangyxt/public_data/VEP_plugins_caches/MaveDB/csv/urn-mavedb-00000091-a-1.scores.csv
urn:mavedb:00000092-a-1	0.06363102	0.6331609500000001	564	synonym_percentiles_qc	/paedyl01/disk1/yangyxt/public_data/VEP_plugins_caches/MaveDB/csv/urn-mavedb-00000092-a-1.scores.csv
urn:mavedb:00000093-a-1	-17.468323733924848	5.55838290392485	0	mad90_all_variants	/paedyl01/disk1/yangyxt/public_data/VEP_plugins_caches/MaveDB/csv/urn-mavedb-00000093-a-1.scores.csv
urn:mavedb:00000094-a-1	NA	NA	0	mad_na_insufficient_n	/paedyl01/disk1/yangyxt/public_data/VEP_plugins_caches/MaveDB/csv/urn-mavedb-00000094-a-1.scores.csv
urn:mavedb:00000094-a-10	0.7392581086775	1.4574418913225	0	mad90_all_variants	/paedyl01/disk1/yangyxt/public_data/VEP_plugins_caches/MaveDB/csv/urn-mavedb-00000094-a-10.scores.csv
urn:mavedb:00000094-a-11	-12.242719896090499	4.2233198960905005	0	mad90_all_variants	/paedyl01/disk1/yangyxt/public_data/VEP_plugins_caches/MaveDB/csv/urn-mavedb-00000094-a-11.scores.csv
urn:mavedb:00000094-a-12	NA	NA	0	mad_na_insufficient_n	/paedyl01/disk1/yangyxt/public_data/VEP_plugins_caches/MaveDB/csv/urn-mavedb-00000094-a-12.scores.csv
urn:mavedb:00000094-a-13	NA	NA	0	mad_na_insufficient_n	/paedyl01/disk1/yangyxt/public_data/VEP_plugins_caches/MaveDB/csv/urn-mavedb-00000094-a-13.scores.csv
urn:mavedb:00000094-a-14	-0.08079678514546243	0.13144095214546245	0	mad90_all_variants	/paedyl01/disk1/yangyxt/public_data/VEP_plugins_caches/MaveDB/csv/urn-mavedb-00000094-a-14.scores.csv
urn:mavedb:00000094-a-15	-0.08079678514546243	0.13144095214546245	0	mad90_all_variants	/paedyl01/disk1/yangyxt/public_data/VEP_plugins_caches/MaveDB/csv/urn-mavedb-00000094-a-15.scores.csv
urn:mavedb:00000094-a-2	0.32571649792699986	1.444083502073	0	mad90_all_variants	/paedyl01/disk1/yangyxt/public_data/VEP_plugins_caches/MaveDB/csv/urn-mavedb-00000094-a-2.scores.csv
urn:mavedb:00000094-a-3	-8.057968494925	8.732168494924998	0	mad90_all_variants	/paedyl01/disk1/yangyxt/public_data/VEP_plugins_caches/MaveDB/csv/urn-mavedb-00000094-a-3.scores.csv
urn:mavedb:00000094-a-4	0.15406775289200003	1.240732247108	0	mad90_all_variants	/paedyl01/disk1/yangyxt/public_data/VEP_plugins_caches/MaveDB/csv/urn-mavedb-00000094-a-4.scores.csv
urn:mavedb:00000094-a-5	-5.097484685233001	8.487284685233	0	mad90_all_variants	/paedyl01/disk1/yangyxt/public_data/VEP_plugins_caches/MaveDB/csv/urn-mavedb-00000094-a-5.scores.csv
urn:mavedb:00000094-a-6	0.6624041781440002	1.489595821856	0	mad90_all_variants	/paedyl01/disk1/yangyxt/public_data/VEP_plugins_caches/MaveDB/csv/urn-mavedb-00000094-a-6.scores.csv
urn:mavedb:00000094-a-7	-6.846995394284999	14.703395394285	0	mad90_all_variants	/paedyl01/disk1/yangyxt/public_data/VEP_plugins_caches/MaveDB/csv/urn-mavedb-00000094-a-7.scores.csv
urn:mavedb:00000094-a-8	NA	NA	0	mad_na_insufficient_n	/paedyl01/disk1/yangyxt/public_data/VEP_plugins_caches/MaveDB/csv/urn-mavedb-00000094-a-8.scores.csv
urn:mavedb:00000094-a-9	NA	NA	0	mad_na_insufficient_n	/paedyl01/disk1/yangyxt/public_data/VEP_plugins_caches/MaveDB/csv/urn-mavedb-00000094-a-9.scores.csv
urn:mavedb:00000095-a-1	0.8795790895	1.101913243	251	synonym_percentiles_qc	/paedyl01/disk1/yangyxt/public_data/VEP_plugins_caches/MaveDB/csv/urn-mavedb-00000095-a-1.scores.csv
urn:mavedb:00000095-b-1	0.7707450399	1.2118144692	262	synonym_percentiles_qc	/paedyl01/disk1/yangyxt/public_data/VEP_plugins_caches/MaveDB/csv/urn-mavedb-00000095-b-1.scores.csv
urn:mavedb:00000096-a-1	0.33902601930000004	1.8152706231999995	359	synonym_percentiles_qc	/paedyl01/disk1/yangyxt/public_data/VEP_plugins_caches/MaveDB/csv/urn-mavedb-00000096-a-1.scores.csv
urn:mavedb:00000096-b-1	0.7186441212419687	1.27854929566165	379	synonym_percentiles_qc	/paedyl01/disk1/yangyxt/public_data/VEP_plugins_caches/MaveDB/csv/urn-mavedb-00000096-b-1.scores.csv
urn:mavedb:00000097-0-1	-0.6545245132547821	0.49003325475923276	579	synonym_percentiles_qc	/paedyl01/disk1/yangyxt/public_data/VEP_plugins_caches/MaveDB/csv/urn-mavedb-00000097-0-1.scores.csv
urn:mavedb:00000097-0-2	-1.0700085576634826	0.6347457521335926	0	mad90_all_variants	/paedyl01/disk1/yangyxt/public_data/VEP_plugins_caches/MaveDB/csv/urn-mavedb-00000097-0-2.scores.csv
urn:mavedb:00000097-a-1	-0.6909715666730494	0.3852698602436798	44	synonym_percentiles_qc	/paedyl01/disk1/yangyxt/public_data/VEP_plugins_caches/MaveDB/csv/urn-mavedb-00000097-a-1.scores.csv
urn:mavedb:00000097-a-2	-1.0462778801228612	0.5725845328180432	0	mad90_all_variants	/paedyl01/disk1/yangyxt/public_data/VEP_plugins_caches/MaveDB/csv/urn-mavedb-00000097-a-2.scores.csv
urn:mavedb:00000097-b-1	-0.7214213641410013	0.5179212455169773	44	synonym_percentiles_qc	/paedyl01/disk1/yangyxt/public_data/VEP_plugins_caches/MaveDB/csv/urn-mavedb-00000097-b-1.scores.csv
urn:mavedb:00000097-b-2	-1.718003255181288	0.794531158420282	0	mad90_all_variants	/paedyl01/disk1/yangyxt/public_data/VEP_plugins_caches/MaveDB/csv/urn-mavedb-00000097-b-2.scores.csv
urn:mavedb:00000097-c-1	-0.483463420624927	0.19724758497649897	29	synonym_percentiles_qc	/paedyl01/disk1/yangyxt/public_data/VEP_plugins_caches/MaveDB/csv/urn-mavedb-00000097-c-1.scores.csv
urn:mavedb:00000097-c-2	-0.8583900243478255	0.4144607859031917	0	mad90_all_variants	/paedyl01/disk1/yangyxt/public_data/VEP_plugins_caches/MaveDB/csv/urn-mavedb-00000097-c-2.scores.csv
urn:mavedb:00000097-d-1	-0.6376560635874271	0.2383876076365325	29	synonym_percentiles_qc	/paedyl01/disk1/yangyxt/public_data/VEP_plugins_caches/MaveDB/csv/urn-mavedb-00000097-d-1.scores.csv
urn:mavedb:00000097-d-2	-0.8287600766098118	0.4738352900517298	0	mad90_all_variants	/paedyl01/disk1/yangyxt/public_data/VEP_plugins_caches/MaveDB/csv/urn-mavedb-00000097-d-2.scores.csv
urn:mavedb:00000097-e-1	-0.7356769448419272	0.4520016745686955	42	synonym_percentiles_qc	/paedyl01/disk1/yangyxt/public_data/VEP_plugins_caches/MaveDB/csv/urn-mavedb-00000097-e-1.scores.csv
urn:mavedb:00000097-e-2	-1.1143164535500938	0.8389328763063757	0	mad90_all_variants	/paedyl01/disk1/yangyxt/public_data/VEP_plugins_caches/MaveDB/csv/urn-mavedb-00000097-e-2.scores.csv
urn:mavedb:00000097-f-1	-0.6462923481556734	0.5425878152221094	42	synonym_percentiles_qc	/paedyl01/disk1/yangyxt/public_data/VEP_plugins_caches/MaveDB/csv/urn-mavedb-00000097-f-1.scores.csv
urn:mavedb:00000097-f-2	-1.2148288647738943	0.7140968400614023	0	mad90_all_variants	/paedyl01/disk1/yangyxt/public_data/VEP_plugins_caches/MaveDB/csv/urn-mavedb-00000097-f-2.scores.csv
urn:mavedb:00000097-g-1	-2.0598405319845448	0.5442426930903873	52	synonym_percentiles_qc	/paedyl01/disk1/yangyxt/public_data/VEP_plugins_caches/MaveDB/csv/urn-mavedb-00000097-g-1.scores.csv
urn:mavedb:00000097-g-2	-3.392897101740891	1.1399358610773707	0	mad90_all_variants	/paedyl01/disk1/yangyxt/public_data/VEP_plugins_caches/MaveDB/csv/urn-mavedb-00000097-g-2.scores.csv
urn:mavedb:00000097-h-1	-0.8049026211827762	0.7883477317478245	52	synonym_percentiles_qc	/paedyl01/disk1/yangyxt/public_data/VEP_plugins_caches/MaveDB/csv/urn-mavedb-00000097-h-1.scores.csv
urn:mavedb:00000097-h-2	-1.5958390221589716	0.9441751167008936	0	mad90_all_variants	/paedyl01/disk1/yangyxt/public_data/VEP_plugins_caches/MaveDB/csv/urn-mavedb-00000097-h-2.scores.csv
urn:mavedb:00000097-i-1	-0.7629899638325821	0.640778597996661	61	synonym_percentiles_qc	/paedyl01/disk1/yangyxt/public_data/VEP_plugins_caches/MaveDB/csv/urn-mavedb-00000097-i-1.scores.csv
urn:mavedb:00000097-i-2	-0.8933074019240904	0.878921702339044	0	mad90_all_variants	/paedyl01/disk1/yangyxt/public_data/VEP_plugins_caches/MaveDB/csv/urn-mavedb-00000097-i-2.scores.csv
urn:mavedb:00000097-j-1	-0.8125293541167149	0.5119897315847151	61	synonym_percentiles_qc	/paedyl01/disk1/yangyxt/public_data/VEP_plugins_caches/MaveDB/csv/urn-mavedb-00000097-j-1.scores.csv
urn:mavedb:00000097-j-2	-0.9823963225706476	0.6798047014430186	0	mad90_all_variants	/paedyl01/disk1/yangyxt/public_data/VEP_plugins_caches/MaveDB/csv/urn-mavedb-00000097-j-2.scores.csv
urn:mavedb:00000097-k-1	-0.7604812892780812	0.45229293354194167	50	synonym_percentiles_qc	/paedyl01/disk1/yangyxt/public_data/VEP_plugins_caches/MaveDB/csv/urn-mavedb-00000097-k-1.scores.csv
urn:mavedb:00000097-k-2	-1.15797382812881	0.8736209295561139	0	mad90_all_variants	/paedyl01/disk1/yangyxt/public_data/VEP_plugins_caches/MaveDB/csv/urn-mavedb-00000097-k-2.scores.csv
urn:mavedb:00000097-l-1	-1.054613425055023	0.4628409102554397	50	synonym_percentiles_qc	/paedyl01/disk1/yangyxt/public_data/VEP_plugins_caches/MaveDB/csv/urn-mavedb-00000097-l-1.scores.csv
urn:mavedb:00000097-l-2	-1.2919968349853745	0.7952483015710345	0	mad90_all_variants	/paedyl01/disk1/yangyxt/public_data/VEP_plugins_caches/MaveDB/csv/urn-mavedb-00000097-l-2.scores.csv
urn:mavedb:00000097-m-1	-0.6772480602127455	0.32735833264591935	49	synonym_percentiles_qc	/paedyl01/disk1/yangyxt/public_data/VEP_plugins_caches/MaveDB/csv/urn-mavedb-00000097-m-1.scores.csv
urn:mavedb:00000097-m-2	-1.6001658443887437	0.9350690857035395	0	mad90_all_variants	/paedyl01/disk1/yangyxt/public_data/VEP_plugins_caches/MaveDB/csv/urn-mavedb-00000097-m-2.scores.csv
urn:mavedb:00000097-n-1	-0.5859969020170233	0.19483671906773276	49	synonym_percentiles_qc	/paedyl01/disk1/yangyxt/public_data/VEP_plugins_caches/MaveDB/csv/urn-mavedb-00000097-n-1.scores.csv
urn:mavedb:00000097-n-2	-1.5937937651229679	0.90605682767944	0	mad90_all_variants	/paedyl01/disk1/yangyxt/public_data/VEP_plugins_caches/MaveDB/csv/urn-mavedb-00000097-n-2.scores.csv
urn:mavedb:00000097-o-1	-0.6506195363551396	0.4980267556000599	20	synonym_percentiles_qc	/paedyl01/disk1/yangyxt/public_data/VEP_plugins_caches/MaveDB/csv/urn-mavedb-00000097-o-1.scores.csv
urn:mavedb:00000097-o-2	-0.9379068742214527	0.7370789485034881	0	mad90_all_variants	/paedyl01/disk1/yangyxt/public_data/VEP_plugins_caches/MaveDB/csv/urn-mavedb-00000097-o-2.scores.csv
urn:mavedb:00000097-p-1	-0.4656426973747696	0.5718375844892004	20	synonym_percentiles_qc	/paedyl01/disk1/yangyxt/public_data/VEP_plugins_caches/MaveDB/csv/urn-mavedb-00000097-p-1.scores.csv
urn:mavedb:00000097-p-2	-1.0137395444682054	0.5656793142643906	0	mad90_all_variants	/paedyl01/disk1/yangyxt/public_data/VEP_plugins_caches/MaveDB/csv/urn-mavedb-00000097-p-2.scores.csv
urn:mavedb:00000097-q-1	-0.5575518540896227	0.5599707287622238	50	synonym_percentiles_qc	/paedyl01/disk1/yangyxt/public_data/VEP_plugins_caches/MaveDB/csv/urn-mavedb-00000097-q-1.scores.csv
urn:mavedb:00000097-q-2	-1.133921702977215	0.7435144098920272	0	mad90_all_variants	/paedyl01/disk1/yangyxt/public_data/VEP_plugins_caches/MaveDB/csv/urn-mavedb-00000097-q-2.scores.csv
urn:mavedb:00000097-r-1	-0.4035606763326001	0.5106169618209299	50	synonym_percentiles_qc	/paedyl01/disk1/yangyxt/public_data/VEP_plugins_caches/MaveDB/csv/urn-mavedb-00000097-r-1.scores.csv
urn:mavedb:00000097-r-2	-1.3293272097015563	0.7900667402462722	0	mad90_all_variants	/paedyl01/disk1/yangyxt/public_data/VEP_plugins_caches/MaveDB/csv/urn-mavedb-00000097-r-2.scores.csv
urn:mavedb:00000097-s-1	-1.108973690535405	1.110950456161555	31	synonym_percentiles_qc	/paedyl01/disk1/yangyxt/public_data/VEP_plugins_caches/MaveDB/csv/urn-mavedb-00000097-s-1.scores.csv
urn:mavedb:00000097-s-2	-1.6215927764627962	1.0478200071851742	0	mad90_all_variants	/paedyl01/disk1/yangyxt/public_data/VEP_plugins_caches/MaveDB/csv/urn-mavedb-00000097-s-2.scores.csv
urn:mavedb:00000097-t-1	-0.9300669780511404	0.9810567831054879	31	synonym_percentiles_qc	/paedyl01/disk1/yangyxt/public_data/VEP_plugins_caches/MaveDB/csv/urn-mavedb-00000097-t-1.scores.csv
urn:mavedb:00000097-t-2	-1.9408321662425245	1.0519948031544923	0	mad90_all_variants	/paedyl01/disk1/yangyxt/public_data/VEP_plugins_caches/MaveDB/csv/urn-mavedb-00000097-t-2.scores.csv
urn:mavedb:00000097-u-1	-0.31105917105332903	0.42983278027868393	51	synonym_percentiles_qc	/paedyl01/disk1/yangyxt/public_data/VEP_plugins_caches/MaveDB/csv/urn-mavedb-00000097-u-1.scores.csv
urn:mavedb:00000097-u-2	-0.7205282911376767	0.530695703316223	0	mad90_all_variants	/paedyl01/disk1/yangyxt/public_data/VEP_plugins_caches/MaveDB/csv/urn-mavedb-00000097-u-2.scores.csv
urn:mavedb:00000097-v-1	-0.5322980448011476	0.42212016676065095	51	synonym_percentiles_qc	/paedyl01/disk1/yangyxt/public_data/VEP_plugins_caches/MaveDB/csv/urn-mavedb-00000097-v-1.scores.csv
urn:mavedb:00000097-v-2	-0.8618601872650387	0.6108280316580506	0	mad90_all_variants	/paedyl01/disk1/yangyxt/public_data/VEP_plugins_caches/MaveDB/csv/urn-mavedb-00000097-v-2.scores.csv
urn:mavedb:00000097-w-1	-1.1529802722295888	1.050207318041314	37	synonym_percentiles_qc	/paedyl01/disk1/yangyxt/public_data/VEP_plugins_caches/MaveDB/csv/urn-mavedb-00000097-w-1.scores.csv
urn:mavedb:00000097-w-2	-1.5564338098194834	0.8276513025380245	0	mad90_all_variants	/paedyl01/disk1/yangyxt/public_data/VEP_plugins_caches/MaveDB/csv/urn-mavedb-00000097-w-2.scores.csv
urn:mavedb:00000097-x-1	-1.0800699216213698	1.3851295868694433	37	synonym_percentiles_qc	/paedyl01/disk1/yangyxt/public_data/VEP_plugins_caches/MaveDB/csv/urn-mavedb-00000097-x-1.scores.csv
urn:mavedb:00000097-x-2	-1.7808112861805616	1.2043625664035067	0	mad90_all_variants	/paedyl01/disk1/yangyxt/public_data/VEP_plugins_caches/MaveDB/csv/urn-mavedb-00000097-x-2.scores.csv
urn:mavedb:00000097-y-1	-0.8681329083445172	0.49605732263414415	63	synonym_percentiles_qc	/paedyl01/disk1/yangyxt/public_data/VEP_plugins_caches/MaveDB/csv/urn-mavedb-00000097-y-1.scores.csv
urn:mavedb:00000097-y-2	-1.1625961378715355	0.6513031948822225	0	mad90_all_variants	/paedyl01/disk1/yangyxt/public_data/VEP_plugins_caches/MaveDB/csv/urn-mavedb-00000097-y-2.scores.csv
urn:mavedb:00000097-z-1	-1.006612211708955	0.538778166391171	63	synonym_percentiles_qc	/paedyl01/disk1/yangyxt/public_data/VEP_plugins_caches/MaveDB/csv/urn-mavedb-00000097-z-1.scores.csv
urn:mavedb:00000097-z-2	-1.7477635228979391	0.9146130708555451	0	mad90_all_variants	/paedyl01/disk1/yangyxt/public_data/VEP_plugins_caches/MaveDB/csv/urn-mavedb-00000097-z-2.scores.csv
urn:mavedb:00000098-a-1	21.050190991000022	152.249809009	0	mad90_all_variants	/paedyl01/disk1/yangyxt/public_data/VEP_plugins_caches/MaveDB/csv/urn-mavedb-00000098-a-1.scores.csv
urn:mavedb:00000099-a-1	-1.356154493462082	3.6830256608495198	0	mad90_all_variants	/paedyl01/disk1/yangyxt/public_data/VEP_plugins_caches/MaveDB/csv/urn-mavedb-00000099-a-1.scores.csv
urn:mavedb:00000100-a-1	-0.02212927399206749	0.05611682512532619	0	mad90_all_variants	/paedyl01/disk1/yangyxt/public_data/VEP_plugins_caches/MaveDB/csv/urn-mavedb-00000100-a-1.scores.csv
urn:mavedb:00000100-b-1	-0.0016209401285628491	0.007911766066719249	0	mad90_all_variants	/paedyl01/disk1/yangyxt/public_data/VEP_plugins_caches/MaveDB/csv/urn-mavedb-00000100-b-1.scores.csv
urn:mavedb:00000101-a-1	-0.0246834468554904	1.4759324929425004	0	mad90_all_variants	/paedyl01/disk1/yangyxt/public_data/VEP_plugins_caches/MaveDB/csv/urn-mavedb-00000101-a-1.scores.csv
urn:mavedb:00000102-0-1	0.22056972123585306	1.3174473362447188	0	mad90_all_variants	/paedyl01/disk1/yangyxt/public_data/VEP_plugins_caches/MaveDB/csv/urn-mavedb-00000102-0-1.scores.csv
urn:mavedb:00000103-a-1	6.906082791011137	9.337336810988862	0	mad90_all_variants	/paedyl01/disk1/yangyxt/public_data/VEP_plugins_caches/MaveDB/csv/urn-mavedb-00000103-a-1.scores.csv
urn:mavedb:00000103-b-1	6.416239890061279	9.66521713093872	0	mad90_all_variants	/paedyl01/disk1/yangyxt/public_data/VEP_plugins_caches/MaveDB/csv/urn-mavedb-00000103-b-1.scores.csv
urn:mavedb:00000103-c-1	0.8565202702448436	8.017302674755157	0	mad90_all_variants	/paedyl01/disk1/yangyxt/public_data/VEP_plugins_caches/MaveDB/csv/urn-mavedb-00000103-c-1.scores.csv
urn:mavedb:00000103-d-1	2.768957870708205	9.458858937291795	0	mad90_all_variants	/paedyl01/disk1/yangyxt/public_data/VEP_plugins_caches/MaveDB/csv/urn-mavedb-00000103-d-1.scores.csv
urn:mavedb:00000104-a-1	-0.011721578890844193	0.04399812433218559	0	mad90_all_variants	/paedyl01/disk1/yangyxt/public_data/VEP_plugins_caches/MaveDB/csv/urn-mavedb-00000104-a-1.scores.csv
urn:mavedb:00000104-a-2	-0.01732135681574392	0.05570612573943492	0	mad90_all_variants	/paedyl01/disk1/yangyxt/public_data/VEP_plugins_caches/MaveDB/csv/urn-mavedb-00000104-a-2.scores.csv
urn:mavedb:00000105-a-1	-0.19965821284238655	0.4839997175201551	0	mad90_all_variants	/paedyl01/disk1/yangyxt/public_data/VEP_plugins_caches/MaveDB/csv/urn-mavedb-00000105-a-1.scores.csv
urn:mavedb:00000106-a-1	-0.42305310251177886	1.582080230668935	0	mad90_all_variants	/paedyl01/disk1/yangyxt/public_data/VEP_plugins_caches/MaveDB/csv/urn-mavedb-00000106-a-1.scores.csv
urn:mavedb:00000106-b-1	-0.2558120576322297	0.7091952702798459	0	mad90_all_variants	/paedyl01/disk1/yangyxt/public_data/VEP_plugins_caches/MaveDB/csv/urn-mavedb-00000106-b-1.scores.csv
urn:mavedb:00000106-c-1	-0.1049677228867739	0.2508925642728157	0	mad90_all_variants	/paedyl01/disk1/yangyxt/public_data/VEP_plugins_caches/MaveDB/csv/urn-mavedb-00000106-c-1.scores.csv
urn:mavedb:00000108-a-1	0.4330372419	1.34429818515	288	synonym_percentiles_qc	/paedyl01/disk1/yangyxt/public_data/VEP_plugins_caches/MaveDB/csv/urn-mavedb-00000108-a-1.scores.csv
urn:mavedb:00000108-a-2	0.434505985	1.376157405	301	synonym_percentiles_qc	/paedyl01/disk1/yangyxt/public_data/VEP_plugins_caches/MaveDB/csv/urn-mavedb-00000108-a-2.scores.csv
urn:mavedb:00000108-a-3	0.4535763648	1.3582310637000001	310	synonym_percentiles_qc	/paedyl01/disk1/yangyxt/public_data/VEP_plugins_caches/MaveDB/csv/urn-mavedb-00000108-a-3.scores.csv
urn:mavedb:00000109-a-1	NA	NA	0	mad_na_insufficient_n	/paedyl01/disk1/yangyxt/public_data/VEP_plugins_caches/MaveDB/csv/urn-mavedb-00000109-a-1.scores.csv
urn:mavedb:00000110-a-1	-0.4503125382292699	0.26819321022926995	0	mad90_all_variants	/paedyl01/disk1/yangyxt/public_data/VEP_plugins_caches/MaveDB/csv/urn-mavedb-00000110-a-1.scores.csv
urn:mavedb:00000110-a-2	-0.08400697923537132	0.06414427323537131	0	mad90_all_variants	/paedyl01/disk1/yangyxt/public_data/VEP_plugins_caches/MaveDB/csv/urn-mavedb-00000110-a-2.scores.csv
urn:mavedb:00000110-a-3	-0.35986680684382033	0.20013088884382035	0	mad90_all_variants	/paedyl01/disk1/yangyxt/public_data/VEP_plugins_caches/MaveDB/csv/urn-mavedb-00000110-a-3.scores.csv
urn:mavedb:00000113-a-1	NA	NA	0	mad_na_insufficient_n	/paedyl01/disk1/yangyxt/public_data/VEP_plugins_caches/MaveDB/csv/urn-mavedb-00000113-a-1.scores.csv
urn:mavedb:00000113-a-2	-3.8849965105093487	2.394177700017143	0	mad90_all_variants	/paedyl01/disk1/yangyxt/public_data/VEP_plugins_caches/MaveDB/csv/urn-mavedb-00000113-a-2.scores.csv
urn:mavedb:00000113-a-3	-3.5840406993143556	2.3465682567438133	0	mad90_all_variants	/paedyl01/disk1/yangyxt/public_data/VEP_plugins_caches/MaveDB/csv/urn-mavedb-00000113-a-3.scores.csv
urn:mavedb:00000114-a-1	0.4400345888095696	1.2701094937485884	0	mad90_all_variants	/paedyl01/disk1/yangyxt/public_data/VEP_plugins_caches/MaveDB/csv/urn-mavedb-00000114-a-1.scores.csv
urn:mavedb:00000115-a-1	-0.4367441725146989	0.45738674051469885	0	mad90_all_variants	/paedyl01/disk1/yangyxt/public_data/VEP_plugins_caches/MaveDB/csv/urn-mavedb-00000115-a-1.scores.csv
urn:mavedb:00000115-a-10	-0.46794226993366894	0.20902839938241094	0	mad90_all_variants	/paedyl01/disk1/yangyxt/public_data/VEP_plugins_caches/MaveDB/csv/urn-mavedb-00000115-a-10.scores.csv
urn:mavedb:00000115-a-11	-1.122358993845011	0.6502299485245888	0	mad90_all_variants	/paedyl01/disk1/yangyxt/public_data/VEP_plugins_caches/MaveDB/csv/urn-mavedb-00000115-a-11.scores.csv
urn:mavedb:00000115-a-12	-1.3185492850482745	0.006501889230770441	0	mad90_all_variants	/paedyl01/disk1/yangyxt/public_data/VEP_plugins_caches/MaveDB/csv/urn-mavedb-00000115-a-12.scores.csv
urn:mavedb:00000115-a-13	-0.8555256151867632	0.2213089867858971	0	mad90_all_variants	/paedyl01/disk1/yangyxt/public_data/VEP_plugins_caches/MaveDB/csv/urn-mavedb-00000115-a-13.scores.csv
urn:mavedb:00000115-a-14	-1.246940950107338	0.5027274898384799	0	mad90_all_variants	/paedyl01/disk1/yangyxt/public_data/VEP_plugins_caches/MaveDB/csv/urn-mavedb-00000115-a-14.scores.csv
urn:mavedb:00000115-a-15	-1.5244451258330978	-0.3088322018713502	0	mad90_all_variants	/paedyl01/disk1/yangyxt/public_data/VEP_plugins_caches/MaveDB/csv/urn-mavedb-00000115-a-15.scores.csv
urn:mavedb:00000115-a-16	-0.7338327074271157	0.23422434527326966	0	mad90_all_variants	/paedyl01/disk1/yangyxt/public_data/VEP_plugins_caches/MaveDB/csv/urn-mavedb-00000115-a-16.scores.csv
urn:mavedb:00000115-a-17	-1.1958607190813284	0.46905949984908635	0	mad90_all_variants	/paedyl01/disk1/yangyxt/public_data/VEP_plugins_caches/MaveDB/csv/urn-mavedb-00000115-a-17.scores.csv
urn:mavedb:00000115-a-18	-1.75684598237526	-0.06254735014009416	0	mad90_all_variants	/paedyl01/disk1/yangyxt/public_data/VEP_plugins_caches/MaveDB/csv/urn-mavedb-00000115-a-18.scores.csv
urn:mavedb:00000115-a-19	-0.5358987754488004	0.16635231899212036	0	mad90_all_variants	/paedyl01/disk1/yangyxt/public_data/VEP_plugins_caches/MaveDB/csv/urn-mavedb-00000115-a-19.scores.csv
urn:mavedb:00000115-a-2	-0.49441919490324043	0.3776440009032404	0	mad90_all_variants	/paedyl01/disk1/yangyxt/public_data/VEP_plugins_caches/MaveDB/csv/urn-mavedb-00000115-a-2.scores.csv
urn:mavedb:00000115-a-20	-0.7497244832301614	0.3297197725160633	0	mad90_all_variants	/paedyl01/disk1/yangyxt/public_data/VEP_plugins_caches/MaveDB/csv/urn-mavedb-00000115-a-20.scores.csv
urn:mavedb:00000115-a-21	-1.7074278943507093	0.13936877767223144	0	mad90_all_variants	/paedyl01/disk1/yangyxt/public_data/VEP_plugins_caches/MaveDB/csv/urn-mavedb-00000115-a-21.scores.csv
urn:mavedb:00000115-a-22	-1.4666503794000283	0.08744292078873217	0	mad90_all_variants	/paedyl01/disk1/yangyxt/public_data/VEP_plugins_caches/MaveDB/csv/urn-mavedb-00000115-a-22.scores.csv
urn:mavedb:00000115-a-23	-1.1947436340236806	0.30201208223647463	0	mad90_all_variants	/paedyl01/disk1/yangyxt/public_data/VEP_plugins_caches/MaveDB/csv/urn-mavedb-00000115-a-23.scores.csv
urn:mavedb:00000115-a-24	-0.4378274580455711	0.15348166543155908	0	mad90_all_variants	/paedyl01/disk1/yangyxt/public_data/VEP_plugins_caches/MaveDB/csv/urn-mavedb-00000115-a-24.scores.csv
urn:mavedb:00000115-a-25	-0.6092378126674708	0.25509303232426084	0	mad90_all_variants	/paedyl01/disk1/yangyxt/public_data/VEP_plugins_caches/MaveDB/csv/urn-mavedb-00000115-a-25.scores.csv
urn:mavedb:00000115-a-26	-1.731007165649467	0.09197455942519717	0	mad90_all_variants	/paedyl01/disk1/yangyxt/public_data/VEP_plugins_caches/MaveDB/csv/urn-mavedb-00000115-a-26.scores.csv
urn:mavedb:00000115-a-27	-1.4262490094344313	0.26171032833838537	0	mad90_all_variants	/paedyl01/disk1/yangyxt/public_data/VEP_plugins_caches/MaveDB/csv/urn-mavedb-00000115-a-27.scores.csv
urn:mavedb:00000115-a-28	-1.0784911569169966	0.11971830339031664	0	mad90_all_variants	/paedyl01/disk1/yangyxt/public_data/VEP_plugins_caches/MaveDB/csv/urn-mavedb-00000115-a-28.scores.csv
urn:mavedb:00000115-a-3	-0.3916584732337648	0.6340040172337648	0	mad90_all_variants	/paedyl01/disk1/yangyxt/public_data/VEP_plugins_caches/MaveDB/csv/urn-mavedb-00000115-a-3.scores.csv
urn:mavedb:00000115-a-4	-0.30923405552912503	0.43122786852912504	0	mad90_all_variants	/paedyl01/disk1/yangyxt/public_data/VEP_plugins_caches/MaveDB/csv/urn-mavedb-00000115-a-4.scores.csv
urn:mavedb:00000115-a-5	-0.34019670981518957	0.3778605798151896	0	mad90_all_variants	/paedyl01/disk1/yangyxt/public_data/VEP_plugins_caches/MaveDB/csv/urn-mavedb-00000115-a-5.scores.csv
urn:mavedb:00000115-a-6	-0.30336988025585016	0.38226955425585013	0	mad90_all_variants	/paedyl01/disk1/yangyxt/public_data/VEP_plugins_caches/MaveDB/csv/urn-mavedb-00000115-a-6.scores.csv
urn:mavedb:00000115-a-7	-0.221959999556344	0.911772479556344	0	mad90_all_variants	/paedyl01/disk1/yangyxt/public_data/VEP_plugins_caches/MaveDB/csv/urn-mavedb-00000115-a-7.scores.csv
urn:mavedb:00000115-a-8	-0.5164394344309986	0.21779679688688353	0	mad90_all_variants	/paedyl01/disk1/yangyxt/public_data/VEP_plugins_caches/MaveDB/csv/urn-mavedb-00000115-a-8.scores.csv
urn:mavedb:00000115-a-9	-1.668508699148517	0.5867656713364692	0	mad90_all_variants	/paedyl01/disk1/yangyxt/public_data/VEP_plugins_caches/MaveDB/csv/urn-mavedb-00000115-a-9.scores.csv
urn:mavedb:00000116-0-1	0.5034601513472494	6.882290897231538	0	mad90_all_variants	/paedyl01/disk1/yangyxt/public_data/VEP_plugins_caches/MaveDB/csv/urn-mavedb-00000116-0-1.scores.csv
urn:mavedb:00000116-a-1	-0.2752099629276017	3.3224720189605614	0	mad90_all_variants	/paedyl01/disk1/yangyxt/public_data/VEP_plugins_caches/MaveDB/csv/urn-mavedb-00000116-a-1.scores.csv
urn:mavedb:00000116-a-2	-1.8313302310634327	2.4698773476497378	0	mad90_all_variants	/paedyl01/disk1/yangyxt/public_data/VEP_plugins_caches/MaveDB/csv/urn-mavedb-00000116-a-2.scores.csv
urn:mavedb:00000117-0-1	-0.19273257473925032	4.899605074908437	0	mad90_all_variants	/paedyl01/disk1/yangyxt/public_data/VEP_plugins_caches/MaveDB/csv/urn-mavedb-00000117-0-1.scores.csv
urn:mavedb:00000117-a-1	-1.1337876225214272	2.1494342229124817	0	mad90_all_variants	/paedyl01/disk1/yangyxt/public_data/VEP_plugins_caches/MaveDB/csv/urn-mavedb-00000117-a-1.scores.csv
urn:mavedb:00000117-a-2	-2.602551230280586	1.0967761055104663	0	mad90_all_variants	/paedyl01/disk1/yangyxt/public_data/VEP_plugins_caches/MaveDB/csv/urn-mavedb-00000117-a-2.scores.csv
urn:mavedb:00000118-0-1	-0.6504758370338042	3.119629706404119	0	mad90_all_variants	/paedyl01/disk1/yangyxt/public_data/VEP_plugins_caches/MaveDB/csv/urn-mavedb-00000118-0-1.scores.csv
urn:mavedb:00000118-a-1	-1.3548143807353916	1.037314455902839	0	mad90_all_variants	/paedyl01/disk1/yangyxt/public_data/VEP_plugins_caches/MaveDB/csv/urn-mavedb-00000118-a-1.scores.csv
urn:mavedb:00000118-a-2	-2.5692872772148823	-0.29636895205974034	0	mad90_all_variants	/paedyl01/disk1/yangyxt/public_data/VEP_plugins_caches/MaveDB/csv/urn-mavedb-00000118-a-2.scores.csv
urn:mavedb:00000119-0-1	-0.7814769749588142	3.9687705284313712	0	mad90_all_variants	/paedyl01/disk1/yangyxt/public_data/VEP_plugins_caches/MaveDB/csv/urn-mavedb-00000119-0-1.scores.csv
urn:mavedb:00000119-a-1	-1.4723924024279917	1.5908960986476883	0	mad90_all_variants	/paedyl01/disk1/yangyxt/public_data/VEP_plugins_caches/MaveDB/csv/urn-mavedb-00000119-a-1.scores.csv
urn:mavedb:00000119-a-2	-2.750288240750641	0.3694272212780849	0	mad90_all_variants	/paedyl01/disk1/yangyxt/public_data/VEP_plugins_caches/MaveDB/csv/urn-mavedb-00000119-a-2.scores.csv
urn:mavedb:00000120-0-1	-0.3216006698710774	4.28746008789124	0	mad90_all_variants	/paedyl01/disk1/yangyxt/public_data/VEP_plugins_caches/MaveDB/csv/urn-mavedb-00000120-0-1.scores.csv
urn:mavedb:00000120-a-1	-1.172832658887886	1.8743238645133744	0	mad90_all_variants	/paedyl01/disk1/yangyxt/public_data/VEP_plugins_caches/MaveDB/csv/urn-mavedb-00000120-a-1.scores.csv
urn:mavedb:00000120-a-2	-2.6201616976795084	0.6633407550629825	0	mad90_all_variants	/paedyl01/disk1/yangyxt/public_data/VEP_plugins_caches/MaveDB/csv/urn-mavedb-00000120-a-2.scores.csv
urn:mavedb:00000121-0-1	1.303225807854461	3.448887337746461	0	mad90_all_variants	/paedyl01/disk1/yangyxt/public_data/VEP_plugins_caches/MaveDB/csv/urn-mavedb-00000121-0-1.scores.csv
urn:mavedb:00000121-a-1	-0.8109060683261862	0.8465742071832345	0	mad90_all_variants	/paedyl01/disk1/yangyxt/public_data/VEP_plugins_caches/MaveDB/csv/urn-mavedb-00000121-a-1.scores.csv
urn:mavedb:00000121-a-2	-1.7834944236882082	-0.22332807351684547	0	mad90_all_variants	/paedyl01/disk1/yangyxt/public_data/VEP_plugins_caches/MaveDB/csv/urn-mavedb-00000121-a-2.scores.csv
urn:mavedb:00000122-0-1	1.2754896888235723	4.402778240753033	0	mad90_all_variants	/paedyl01/disk1/yangyxt/public_data/VEP_plugins_caches/MaveDB/csv/urn-mavedb-00000122-0-1.scores.csv
urn:mavedb:00000122-a-1	-0.47935089503886064	1.313476414001126	0	mad90_all_variants	/paedyl01/disk1/yangyxt/public_data/VEP_plugins_caches/MaveDB/csv/urn-mavedb-00000122-a-1.scores.csv
urn:mavedb:00000122-a-2	-1.808745209425562	0.7688387843599103	0	mad90_all_variants	/paedyl01/disk1/yangyxt/public_data/VEP_plugins_caches/MaveDB/csv/urn-mavedb-00000122-a-2.scores.csv
urn:mavedb:00000123-0-1	5.044441999870006	6.769483742643025	0	mad90_all_variants	/paedyl01/disk1/yangyxt/public_data/VEP_plugins_caches/MaveDB/csv/urn-mavedb-00000123-0-1.scores.csv
urn:mavedb:00000123-a-1	1.834606709438441	2.6326382261878702	0	mad90_all_variants	/paedyl01/disk1/yangyxt/public_data/VEP_plugins_caches/MaveDB/csv/urn-mavedb-00000123-a-1.scores.csv
urn:mavedb:00000123-a-2	1.3417209497545945	1.759613528195513	0	mad90_all_variants	/paedyl01/disk1/yangyxt/public_data/VEP_plugins_caches/MaveDB/csv/urn-mavedb-00000123-a-2.scores.csv
urn:mavedb:00000124-0-1	5.068353231685653	6.640771520270316	0	mad90_all_variants	/paedyl01/disk1/yangyxt/public_data/VEP_plugins_caches/MaveDB/csv/urn-mavedb-00000124-0-1.scores.csv
urn:mavedb:00000124-a-1	1.889794234452235	2.5948311344332513	0	mad90_all_variants	/paedyl01/disk1/yangyxt/public_data/VEP_plugins_caches/MaveDB/csv/urn-mavedb-00000124-a-1.scores.csv
urn:mavedb:00000124-a-2	1.3847093317708175	1.7354501611224533	0	mad90_all_variants	/paedyl01/disk1/yangyxt/public_data/VEP_plugins_caches/MaveDB/csv/urn-mavedb-00000124-a-2.scores.csv
urn:mavedb:00000125-0-1	1.575791380222793	6.224122526058476	0	mad90_all_variants	/paedyl01/disk1/yangyxt/public_data/VEP_plugins_caches/MaveDB/csv/urn-mavedb-00000125-0-1.scores.csv
urn:mavedb:00000125-a-1	0.22359839027189743	3.0157656276640656	0	mad90_all_variants	/paedyl01/disk1/yangyxt/public_data/VEP_plugins_caches/MaveDB/csv/urn-mavedb-00000125-a-1.scores.csv
urn:mavedb:00000125-a-2	-1.0855332592867322	2.0453206833979136	0	mad90_all_variants	/paedyl01/disk1/yangyxt/public_data/VEP_plugins_caches/MaveDB/csv/urn-mavedb-00000125-a-2.scores.csv
urn:mavedb:00000126-0-1	-1.4839280890394715	3.5746569952959915	0	mad90_all_variants	/paedyl01/disk1/yangyxt/public_data/VEP_plugins_caches/MaveDB/csv/urn-mavedb-00000126-0-1.scores.csv
urn:mavedb:00000126-a-1	-1.9751485336075414	1.2144219662839635	0	mad90_all_variants	/paedyl01/disk1/yangyxt/public_data/VEP_plugins_caches/MaveDB/csv/urn-mavedb-00000126-a-1.scores.csv
urn:mavedb:00000126-a-2	-2.9191457784282884	-0.015720390099075443	0	mad90_all_variants	/paedyl01/disk1/yangyxt/public_data/VEP_plugins_caches/MaveDB/csv/urn-mavedb-00000126-a-2.scores.csv
urn:mavedb:00000127-0-1	-0.5377999322864184	4.64618719387459	0	mad90_all_variants	/paedyl01/disk1/yangyxt/public_data/VEP_plugins_caches/MaveDB/csv/urn-mavedb-00000127-0-1.scores.csv
urn:mavedb:00000127-a-1	-1.4199729766726228	2.0834756899264235	0	mad90_all_variants	/paedyl01/disk1/yangyxt/public_data/VEP_plugins_caches/MaveDB/csv/urn-mavedb-00000127-a-1.scores.csv
urn:mavedb:00000127-a-2	-2.6811273740316635	0.9839122804485602	0	mad90_all_variants	/paedyl01/disk1/yangyxt/public_data/VEP_plugins_caches/MaveDB/csv/urn-mavedb-00000127-a-2.scores.csv
urn:mavedb:00000128-0-1	4.466832244710138	5.086557718543207	0	mad90_all_variants	/paedyl01/disk1/yangyxt/public_data/VEP_plugins_caches/MaveDB/csv/urn-mavedb-00000128-0-1.scores.csv
urn:mavedb:00000128-a-1	1.5282489698611164	1.909741775600157	0	mad90_all_variants	/paedyl01/disk1/yangyxt/public_data/VEP_plugins_caches/MaveDB/csv/urn-mavedb-00000128-a-1.scores.csv
urn:mavedb:00000128-a-2	0.7310669582648696	1.1299259307983327	0	mad90_all_variants	/paedyl01/disk1/yangyxt/public_data/VEP_plugins_caches/MaveDB/csv/urn-mavedb-00000128-a-2.scores.csv
urn:mavedb:00000129-0-1	4.50129884566029	5.128492422223236	0	mad90_all_variants	/paedyl01/disk1/yangyxt/public_data/VEP_plugins_caches/MaveDB/csv/urn-mavedb-00000129-0-1.scores.csv
urn:mavedb:00000129-a-1	1.5281473085887827	1.9340412335201815	0	mad90_all_variants	/paedyl01/disk1/yangyxt/public_data/VEP_plugins_caches/MaveDB/csv/urn-mavedb-00000129-a-1.scores.csv
urn:mavedb:00000129-a-2	0.7497573195204866	1.135655620766755	0	mad90_all_variants	/paedyl01/disk1/yangyxt/public_data/VEP_plugins_caches/MaveDB/csv/urn-mavedb-00000129-a-2.scores.csv
urn:mavedb:00000130-0-1	0.7500919846799681	8.453536175783036	0	mad90_all_variants	/paedyl01/disk1/yangyxt/public_data/VEP_plugins_caches/MaveDB/csv/urn-mavedb-00000130-0-1.scores.csv
urn:mavedb:00000130-a-1	1.0426144511105266	2.757067333600796	0	mad90_all_variants	/paedyl01/disk1/yangyxt/public_data/VEP_plugins_caches/MaveDB/csv/urn-mavedb-00000130-a-1.scores.csv
urn:mavedb:00000130-a-2	-0.3620175105083121	2.563684018160325	0	mad90_all_variants	/paedyl01/disk1/yangyxt/public_data/VEP_plugins_caches/MaveDB/csv/urn-mavedb-00000130-a-2.scores.csv
urn:mavedb:00000131-0-1	-0.9080615679019737	2.969616984607746	0	mad90_all_variants	/paedyl01/disk1/yangyxt/public_data/VEP_plugins_caches/MaveDB/csv/urn-mavedb-00000131-0-1.scores.csv
urn:mavedb:00000131-a-1	-1.2109608664470262	0.859885576616295	0	mad90_all_variants	/paedyl01/disk1/yangyxt/public_data/VEP_plugins_caches/MaveDB/csv/urn-mavedb-00000131-a-1.scores.csv
urn:mavedb:00000131-a-2	-2.23898017263672	-0.11585245142576084	0	mad90_all_variants	/paedyl01/disk1/yangyxt/public_data/VEP_plugins_caches/MaveDB/csv/urn-mavedb-00000131-a-2.scores.csv
urn:mavedb:00000132-0-1	-0.9873542423717128	3.317241105595582	0	mad90_all_variants	/paedyl01/disk1/yangyxt/public_data/VEP_plugins_caches/MaveDB/csv/urn-mavedb-00000132-0-1.scores.csv
urn:mavedb:00000132-a-1	-1.2585298295739877	1.1751066336173503	0	mad90_all_variants	/paedyl01/disk1/yangyxt/public_data/VEP_plugins_caches/MaveDB/csv/urn-mavedb-00000132-a-1.scores.csv
urn:mavedb:00000132-a-2	-2.3259573456151355	0.09209355444906464	0	mad90_all_variants	/paedyl01/disk1/yangyxt/public_data/VEP_plugins_caches/MaveDB/csv/urn-mavedb-00000132-a-2.scores.csv
urn:mavedb:00000133-0-1	-0.13426347898703228	3.6670536548476846	0	mad90_all_variants	/paedyl01/disk1/yangyxt/public_data/VEP_plugins_caches/MaveDB/csv/urn-mavedb-00000133-0-1.scores.csv
urn:mavedb:00000133-a-1	-1.3430232978898136	1.5491378915826497	0	mad90_all_variants	/paedyl01/disk1/yangyxt/public_data/VEP_plugins_caches/MaveDB/csv/urn-mavedb-00000133-a-1.scores.csv
urn:mavedb:00000133-a-2	-2.469591168613494	0.4008342042861841	0	mad90_all_variants	/paedyl01/disk1/yangyxt/public_data/VEP_plugins_caches/MaveDB/csv/urn-mavedb-00000133-a-2.scores.csv
urn:mavedb:00000134-0-1	-1.4973534963212014	6.780789154643779	0	mad90_all_variants	/paedyl01/disk1/yangyxt/public_data/VEP_plugins_caches/MaveDB/csv/urn-mavedb-00000134-0-1.scores.csv
urn:mavedb:00000134-a-1	-1.6104413631358367	3.3407899622995547	0	mad90_all_variants	/paedyl01/disk1/yangyxt/public_data/VEP_plugins_caches/MaveDB/csv/urn-mavedb-00000134-a-1.scores.csv
urn:mavedb:00000134-a-2	-3.0592866452698915	2.638370761616715	0	mad90_all_variants	/paedyl01/disk1/yangyxt/public_data/VEP_plugins_caches/MaveDB/csv/urn-mavedb-00000134-a-2.scores.csv
urn:mavedb:00000135-0-1	-3.3263677068152804	9.72611660040334	0	mad90_all_variants	/paedyl01/disk1/yangyxt/public_data/VEP_plugins_caches/MaveDB/csv/urn-mavedb-00000135-0-1.scores.csv
urn:mavedb:00000135-a-1	-3.6355699760799878	4.856613196480692	0	mad90_all_variants	/paedyl01/disk1/yangyxt/public_data/VEP_plugins_caches/MaveDB/csv/urn-mavedb-00000135-a-1.scores.csv
urn:mavedb:00000135-a-2	-3.933304803825235	3.9100913222608775	0	mad90_all_variants	/paedyl01/disk1/yangyxt/public_data/VEP_plugins_caches/MaveDB/csv/urn-mavedb-00000135-a-2.scores.csv
urn:mavedb:00000136-0-1	1.1913871609869626	7.882257489712682	0	mad90_all_variants	/paedyl01/disk1/yangyxt/public_data/VEP_plugins_caches/MaveDB/csv/urn-mavedb-00000136-0-1.scores.csv
urn:mavedb:00000136-a-1	0.6522006006214947	3.0560264597509734	0	mad90_all_variants	/paedyl01/disk1/yangyxt/public_data/VEP_plugins_caches/MaveDB/csv/urn-mavedb-00000136-a-1.scores.csv
urn:mavedb:00000136-a-2	-1.0264977774786241	2.592296291541735	0	mad90_all_variants	/paedyl01/disk1/yangyxt/public_data/VEP_plugins_caches/MaveDB/csv/urn-mavedb-00000136-a-2.scores.csv
urn:mavedb:00000137-0-1	1.1829813235066773	5.2493083669412615	0	mad90_all_variants	/paedyl01/disk1/yangyxt/public_data/VEP_plugins_caches/MaveDB/csv/urn-mavedb-00000137-0-1.scores.csv
urn:mavedb:00000137-a-1	0.09583917887092519	2.3375020817196344	0	mad90_all_variants	/paedyl01/disk1/yangyxt/public_data/VEP_plugins_caches/MaveDB/csv/urn-mavedb-00000137-a-1.scores.csv
urn:mavedb:00000137-a-2	-1.496249188591541	1.3309736229079212	0	mad90_all_variants	/paedyl01/disk1/yangyxt/public_data/VEP_plugins_caches/MaveDB/csv/urn-mavedb-00000137-a-2.scores.csv
urn:mavedb:00000138-0-1	-0.0793081039614858	4.120498986766054	0	mad90_all_variants	/paedyl01/disk1/yangyxt/public_data/VEP_plugins_caches/MaveDB/csv/urn-mavedb-00000138-0-1.scores.csv
urn:mavedb:00000138-a-1	-0.9164669264637828	1.8203243863654515	0	mad90_all_variants	/paedyl01/disk1/yangyxt/public_data/VEP_plugins_caches/MaveDB/csv/urn-mavedb-00000138-a-1.scores.csv
urn:mavedb:00000138-a-2	-2.4643722481539694	0.48718477311078356	0	mad90_all_variants	/paedyl01/disk1/yangyxt/public_data/VEP_plugins_caches/MaveDB/csv/urn-mavedb-00000138-a-2.scores.csv
urn:mavedb:00000139-0-1	-1.6662968477735463	4.284893031689199	0	mad90_all_variants	/paedyl01/disk1/yangyxt/public_data/VEP_plugins_caches/MaveDB/csv/urn-mavedb-00000139-0-1.scores.csv
urn:mavedb:00000139-a-1	-2.5186179943718794	1.1201427077376986	0	mad90_all_variants	/paedyl01/disk1/yangyxt/public_data/VEP_plugins_caches/MaveDB/csv/urn-mavedb-00000139-a-1.scores.csv
urn:mavedb:00000139-a-2	-3.3529381727201133	0.24758275286750697	0	mad90_all_variants	/paedyl01/disk1/yangyxt/public_data/VEP_plugins_caches/MaveDB/csv/urn-mavedb-00000139-a-2.scores.csv
urn:mavedb:00000140-0-1	-1.2527146310372288	6.027632193719206	0	mad90_all_variants	/paedyl01/disk1/yangyxt/public_data/VEP_plugins_caches/MaveDB/csv/urn-mavedb-00000140-0-1.scores.csv
urn:mavedb:00000140-a-1	-1.9240093792190085	2.901663673971673	0	mad90_all_variants	/paedyl01/disk1/yangyxt/public_data/VEP_plugins_caches/MaveDB/csv/urn-mavedb-00000140-a-1.scores.csv
urn:mavedb:00000140-a-2	-3.12903860187956	1.9686978315977266	0	mad90_all_variants	/paedyl01/disk1/yangyxt/public_data/VEP_plugins_caches/MaveDB/csv/urn-mavedb-00000140-a-2.scores.csv
urn:mavedb:00000141-0-1	5.268867716975263	6.613368545463937	0	mad90_all_variants	/paedyl01/disk1/yangyxt/public_data/VEP_plugins_caches/MaveDB/csv/urn-mavedb-00000141-0-1.scores.csv
urn:mavedb:00000141-a-1	1.843973974691261	2.5320666373563814	0	mad90_all_variants	/paedyl01/disk1/yangyxt/public_data/VEP_plugins_caches/MaveDB/csv/urn-mavedb-00000141-a-1.scores.csv
urn:mavedb:00000141-a-2	1.3451951706477279	1.7358817180554635	0	mad90_all_variants	/paedyl01/disk1/yangyxt/public_data/VEP_plugins_caches/MaveDB/csv/urn-mavedb-00000141-a-2.scores.csv
urn:mavedb:00000142-0-1	0.34344776200389526	2.2117512874149665	0	mad90_all_variants	/paedyl01/disk1/yangyxt/public_data/VEP_plugins_caches/MaveDB/csv/urn-mavedb-00000142-0-1.scores.csv
urn:mavedb:00000142-a-1	-0.7307498289317281	0.4381107923835631	0	mad90_all_variants	/paedyl01/disk1/yangyxt/public_data/VEP_plugins_caches/MaveDB/csv/urn-mavedb-00000142-a-1.scores.csv
urn:mavedb:00000142-a-2	-2.1063142215058472	-0.8793408810170195	0	mad90_all_variants	/paedyl01/disk1/yangyxt/public_data/VEP_plugins_caches/MaveDB/csv/urn-mavedb-00000142-a-2.scores.csv
urn:mavedb:00000143-0-1	0.09790416240636146	2.225818096731218	0	mad90_all_variants	/paedyl01/disk1/yangyxt/public_data/VEP_plugins_caches/MaveDB/csv/urn-mavedb-00000143-0-1.scores.csv
urn:mavedb:00000143-a-1	-0.7261006866514007	0.6217134056405701	0	mad90_all_variants	/paedyl01/disk1/yangyxt/public_data/VEP_plugins_caches/MaveDB/csv/urn-mavedb-00000143-a-1.scores.csv
urn:mavedb:00000143-a-2	-2.070355401305016	-0.8166425270147315	0	mad90_all_variants	/paedyl01/disk1/yangyxt/public_data/VEP_plugins_caches/MaveDB/csv/urn-mavedb-00000143-a-2.scores.csv
urn:mavedb:00000144-0-1	1.2078921193339178	4.063462869078453	0	mad90_all_variants	/paedyl01/disk1/yangyxt/public_data/VEP_plugins_caches/MaveDB/csv/urn-mavedb-00000144-0-1.scores.csv
urn:mavedb:00000144-a-1	0.0431665022226988	2.1430874265874733	0	mad90_all_variants	/paedyl01/disk1/yangyxt/public_data/VEP_plugins_caches/MaveDB/csv/urn-mavedb-00000144-a-1.scores.csv
urn:mavedb:00000144-a-2	-0.5995011633817436	1.3894793259720273	0	mad90_all_variants	/paedyl01/disk1/yangyxt/public_data/VEP_plugins_caches/MaveDB/csv/urn-mavedb-00000144-a-2.scores.csv
urn:mavedb:00000145-0-1	-0.8643198723696592	2.579380247877992	0	mad90_all_variants	/paedyl01/disk1/yangyxt/public_data/VEP_plugins_caches/MaveDB/csv/urn-mavedb-00000145-0-1.scores.csv
urn:mavedb:00000145-a-1	-1.5845513485494387	0.23674714905736693	0	mad90_all_variants	/paedyl01/disk1/yangyxt/public_data/VEP_plugins_caches/MaveDB/csv/urn-mavedb-00000145-a-1.scores.csv
urn:mavedb:00000145-a-2	-2.747915448034928	-0.8293580588091378	0	mad90_all_variants	/paedyl01/disk1/yangyxt/public_data/VEP_plugins_caches/MaveDB/csv/urn-mavedb-00000145-a-2.scores.csv
urn:mavedb:00000146-0-1	-0.12246416802691207	2.29494654503171	0	mad90_all_variants	/paedyl01/disk1/yangyxt/public_data/VEP_plugins_caches/MaveDB/csv/urn-mavedb-00000146-0-1.scores.csv
urn:mavedb:00000146-a-1	-1.2841774318727763	0.6740336528793864	0	mad90_all_variants	/paedyl01/disk1/yangyxt/public_data/VEP_plugins_caches/MaveDB/csv/urn-mavedb-00000146-a-1.scores.csv
urn:mavedb:00000146-a-2	-2.071692831160391	-0.8964502617826964	0	mad90_all_variants	/paedyl01/disk1/yangyxt/public_data/VEP_plugins_caches/MaveDB/csv/urn-mavedb-00000146-a-2.scores.csv
urn:mavedb:00000147-0-1	2.4510510662781	4.832081444789868	0	mad90_all_variants	/paedyl01/disk1/yangyxt/public_data/VEP_plugins_caches/MaveDB/csv/urn-mavedb-00000147-0-1.scores.csv
urn:mavedb:00000147-a-1	0.09650405741962809	2.1867719828163565	0	mad90_all_variants	/paedyl01/disk1/yangyxt/public_data/VEP_plugins_caches/MaveDB/csv/urn-mavedb-00000147-a-1.scores.csv
urn:mavedb:00000147-a-2	-0.8260977611870868	0.8418514898227405	0	mad90_all_variants	/paedyl01/disk1/yangyxt/public_data/VEP_plugins_caches/MaveDB/csv/urn-mavedb-00000147-a-2.scores.csv
urn:mavedb:00000148-0-1	-0.9189329903915686	6.694568443061338	0	mad90_all_variants	/paedyl01/disk1/yangyxt/public_data/VEP_plugins_caches/MaveDB/csv/urn-mavedb-00000148-0-1.scores.csv
urn:mavedb:00000148-a-1	-1.4892022110281857	3.3505119627638322	0	mad90_all_variants	/paedyl01/disk1/yangyxt/public_data/VEP_plugins_caches/MaveDB/csv/urn-mavedb-00000148-a-1.scores.csv
urn:mavedb:00000148-a-2	-2.663760505552282	2.5003255699445863	0	mad90_all_variants	/paedyl01/disk1/yangyxt/public_data/VEP_plugins_caches/MaveDB/csv/urn-mavedb-00000148-a-2.scores.csv
urn:mavedb:00000149-0-1	-0.4802956397824645	4.38739701813308	0	mad90_all_variants	/paedyl01/disk1/yangyxt/public_data/VEP_plugins_caches/MaveDB/csv/urn-mavedb-00000149-0-1.scores.csv
urn:mavedb:00000149-a-1	-1.4204774719316346	1.9005843859253906	0	mad90_all_variants	/paedyl01/disk1/yangyxt/public_data/VEP_plugins_caches/MaveDB/csv/urn-mavedb-00000149-a-1.scores.csv
urn:mavedb:00000149-a-2	-2.4647745670389942	0.9676438166987742	0	mad90_all_variants	/paedyl01/disk1/yangyxt/public_data/VEP_plugins_caches/MaveDB/csv/urn-mavedb-00000149-a-2.scores.csv
urn:mavedb:00000150-0-1	-0.9654587172995348	3.2930652828968836	0	mad90_all_variants	/paedyl01/disk1/yangyxt/public_data/VEP_plugins_caches/MaveDB/csv/urn-mavedb-00000150-0-1.scores.csv
urn:mavedb:00000150-a-1	-1.7033827136367934	1.052418919135677	0	mad90_all_variants	/paedyl01/disk1/yangyxt/public_data/VEP_plugins_caches/MaveDB/csv/urn-mavedb-00000150-a-1.scores.csv
urn:mavedb:00000150-a-2	-2.6522570562184473	-0.02869767899636444	0	mad90_all_variants	/paedyl01/disk1/yangyxt/public_data/VEP_plugins_caches/MaveDB/csv/urn-mavedb-00000150-a-2.scores.csv
urn:mavedb:00000151-0-1	-1.5627608112468563	2.6424153532115398	0	mad90_all_variants	/paedyl01/disk1/yangyxt/public_data/VEP_plugins_caches/MaveDB/csv/urn-mavedb-00000151-0-1.scores.csv
urn:mavedb:00000151-a-1	-1.6195239587506949	0.3931920759036607	0	mad90_all_variants	/paedyl01/disk1/yangyxt/public_data/VEP_plugins_caches/MaveDB/csv/urn-mavedb-00000151-a-1.scores.csv
urn:mavedb:00000151-a-2	-2.776729283196018	-0.7450545746723451	0	mad90_all_variants	/paedyl01/disk1/yangyxt/public_data/VEP_plugins_caches/MaveDB/csv/urn-mavedb-00000151-a-2.scores.csv
urn:mavedb:00000152-0-1	1.3133031757889708	4.2922054562592145	0	mad90_all_variants	/paedyl01/disk1/yangyxt/public_data/VEP_plugins_caches/MaveDB/csv/urn-mavedb-00000152-0-1.scores.csv
urn:mavedb:00000152-a-1	-0.7117806397848251	1.3287847504053678	0	mad90_all_variants	/paedyl01/disk1/yangyxt/public_data/VEP_plugins_caches/MaveDB/csv/urn-mavedb-00000152-a-1.scores.csv
urn:mavedb:00000152-a-2	-1.049981832670095	1.2316586293502803	0	mad90_all_variants	/paedyl01/disk1/yangyxt/public_data/VEP_plugins_caches/MaveDB/csv/urn-mavedb-00000152-a-2.scores.csv
urn:mavedb:00000153-0-1	-0.4843767584590948	3.2904829295123097	0	mad90_all_variants	/paedyl01/disk1/yangyxt/public_data/VEP_plugins_caches/MaveDB/csv/urn-mavedb-00000153-0-1.scores.csv
urn:mavedb:00000153-a-1	-1.7439196910006185	0.6992598110462152	0	mad90_all_variants	/paedyl01/disk1/yangyxt/public_data/VEP_plugins_caches/MaveDB/csv/urn-mavedb-00000153-a-1.scores.csv
urn:mavedb:00000153-a-2	-2.373584303021092	0.17959200537236875	0	mad90_all_variants	/paedyl01/disk1/yangyxt/public_data/VEP_plugins_caches/MaveDB/csv/urn-mavedb-00000153-a-2.scores.csv
urn:mavedb:00000154-0-1	0.31616602376942815	4.03948795941416	0	mad90_all_variants	/paedyl01/disk1/yangyxt/public_data/VEP_plugins_caches/MaveDB/csv/urn-mavedb-00000154-0-1.scores.csv
urn:mavedb:00000154-a-1	-1.2200742499505237	1.893025456044402	0	mad90_all_variants	/paedyl01/disk1/yangyxt/public_data/VEP_plugins_caches/MaveDB/csv/urn-mavedb-00000154-a-1.scores.csv
urn:mavedb:00000154-a-2	-2.1242332721705184	0.36013121888766286	0	mad90_all_variants	/paedyl01/disk1/yangyxt/public_data/VEP_plugins_caches/MaveDB/csv/urn-mavedb-00000154-a-2.scores.csv
urn:mavedb:00000155-0-1	-4.506555157615633	8.973777689096117	0	mad90_all_variants	/paedyl01/disk1/yangyxt/public_data/VEP_plugins_caches/MaveDB/csv/urn-mavedb-00000155-0-1.scores.csv
urn:mavedb:00000155-a-1	-2.6961466269323715	3.9633681500880575	0	mad90_all_variants	/paedyl01/disk1/yangyxt/public_data/VEP_plugins_caches/MaveDB/csv/urn-mavedb-00000155-a-1.scores.csv
urn:mavedb:00000155-a-2	-4.9190777946031865	3.1292107476699424	0	mad90_all_variants	/paedyl01/disk1/yangyxt/public_data/VEP_plugins_caches/MaveDB/csv/urn-mavedb-00000155-a-2.scores.csv
urn:mavedb:00000156-0-1	1.9738245111548367	5.210709162236411	0	mad90_all_variants	/paedyl01/disk1/yangyxt/public_data/VEP_plugins_caches/MaveDB/csv/urn-mavedb-00000156-0-1.scores.csv
urn:mavedb:00000156-a-1	0.18927180047440784	2.275358651238924	0	mad90_all_variants	/paedyl01/disk1/yangyxt/public_data/VEP_plugins_caches/MaveDB/csv/urn-mavedb-00000156-a-1.scores.csv
urn:mavedb:00000156-a-2	-1.0671078576544575	1.2700895788167175	0	mad90_all_variants	/paedyl01/disk1/yangyxt/public_data/VEP_plugins_caches/MaveDB/csv/urn-mavedb-00000156-a-2.scores.csv
urn:mavedb:00000157-0-1	-0.6630957483766955	2.381712948776066	0	mad90_all_variants	/paedyl01/disk1/yangyxt/public_data/VEP_plugins_caches/MaveDB/csv/urn-mavedb-00000157-0-1.scores.csv
urn:mavedb:00000157-a-1	-1.771821662942465	-0.053827335210050786	0	mad90_all_variants	/paedyl01/disk1/yangyxt/public_data/VEP_plugins_caches/MaveDB/csv/urn-mavedb-00000157-a-1.scores.csv
urn:mavedb:00000157-a-2	-2.746627680361569	-1.1236646143458309	0	mad90_all_variants	/paedyl01/disk1/yangyxt/public_data/VEP_plugins_caches/MaveDB/csv/urn-mavedb-00000157-a-2.scores.csv
urn:mavedb:00000158-0-1	-0.459380752848772	1.8732682230686466	0	mad90_all_variants	/paedyl01/disk1/yangyxt/public_data/VEP_plugins_caches/MaveDB/csv/urn-mavedb-00000158-0-1.scores.csv
urn:mavedb:00000158-a-1	-1.3797328987539186	-0.00021867435912870103	0	mad90_all_variants	/paedyl01/disk1/yangyxt/public_data/VEP_plugins_caches/MaveDB/csv/urn-mavedb-00000158-a-1.scores.csv
urn:mavedb:00000158-a-2	-2.1619053944595334	-0.8286692346239874	0	mad90_all_variants	/paedyl01/disk1/yangyxt/public_data/VEP_plugins_caches/MaveDB/csv/urn-mavedb-00000158-a-2.scores.csv
urn:mavedb:00000159-0-1	0.6524326428074931	1.9693804746507277	0	mad90_all_variants	/paedyl01/disk1/yangyxt/public_data/VEP_plugins_caches/MaveDB/csv/urn-mavedb-00000159-0-1.scores.csv
urn:mavedb:00000159-a-1	-0.464059683482217	0.4255193005454226	0	mad90_all_variants	/paedyl01/disk1/yangyxt/public_data/VEP_plugins_caches/MaveDB/csv/urn-mavedb-00000159-a-1.scores.csv
urn:mavedb:00000159-a-2	-1.678329805416571	-1.0240460282280837	0	mad90_all_variants	/paedyl01/disk1/yangyxt/public_data/VEP_plugins_caches/MaveDB/csv/urn-mavedb-00000159-a-2.scores.csv
urn:mavedb:00000160-0-1	3.560212368823027	6.59501215727747	0	mad90_all_variants	/paedyl01/disk1/yangyxt/public_data/VEP_plugins_caches/MaveDB/csv/urn-mavedb-00000160-0-1.scores.csv
urn:mavedb:00000160-a-1	1.5310145783534217	2.752803085628135	0	mad90_all_variants	/paedyl01/disk1/yangyxt/public_data/VEP_plugins_caches/MaveDB/csv/urn-mavedb-00000160-a-1.scores.csv
urn:mavedb:00000160-a-2	0.31855815287474687	1.9118974709051368	0	mad90_all_variants	/paedyl01/disk1/yangyxt/public_data/VEP_plugins_caches/MaveDB/csv/urn-mavedb-00000160-a-2.scores.csv
urn:mavedb:00000161-0-1	1.317219302402007	2.4136819726398615	0	mad90_all_variants	/paedyl01/disk1/yangyxt/public_data/VEP_plugins_caches/MaveDB/csv/urn-mavedb-00000161-0-1.scores.csv
urn:mavedb:00000161-a-1	-0.37140131799109055	0.5034986875976394	0	mad90_all_variants	/paedyl01/disk1/yangyxt/public_data/VEP_plugins_caches/MaveDB/csv/urn-mavedb-00000161-a-1.scores.csv
urn:mavedb:00000161-a-2	-1.4079167590787118	-0.652528548402812	0	mad90_all_variants	/paedyl01/disk1/yangyxt/public_data/VEP_plugins_caches/MaveDB/csv/urn-mavedb-00000161-a-2.scores.csv
urn:mavedb:00000162-0-1	-0.3768397616912311	2.649390192439885	0	mad90_all_variants	/paedyl01/disk1/yangyxt/public_data/VEP_plugins_caches/MaveDB/csv/urn-mavedb-00000162-0-1.scores.csv
urn:mavedb:00000162-a-1	-1.2912091631496074	0.7078529156792083	0	mad90_all_variants	/paedyl01/disk1/yangyxt/public_data/VEP_plugins_caches/MaveDB/csv/urn-mavedb-00000162-a-1.scores.csv
urn:mavedb:00000162-a-2	-2.3942429669000727	-0.6340107666865521	0	mad90_all_variants	/paedyl01/disk1/yangyxt/public_data/VEP_plugins_caches/MaveDB/csv/urn-mavedb-00000162-a-2.scores.csv
urn:mavedb:00000163-0-1	0.9675323724562896	8.23145091831422	0	mad90_all_variants	/paedyl01/disk1/yangyxt/public_data/VEP_plugins_caches/MaveDB/csv/urn-mavedb-00000163-0-1.scores.csv
urn:mavedb:00000163-a-1	-0.34746411050028425	3.4711379984898887	0	mad90_all_variants	/paedyl01/disk1/yangyxt/public_data/VEP_plugins_caches/MaveDB/csv/urn-mavedb-00000163-a-1.scores.csv
urn:mavedb:00000163-a-2	-0.10049232560408283	2.3575890739965244	0	mad90_all_variants	/paedyl01/disk1/yangyxt/public_data/VEP_plugins_caches/MaveDB/csv/urn-mavedb-00000163-a-2.scores.csv
urn:mavedb:00000164-0-1	-0.20965060157933513	6.149624988152308	0	mad90_all_variants	/paedyl01/disk1/yangyxt/public_data/VEP_plugins_caches/MaveDB/csv/urn-mavedb-00000164-0-1.scores.csv
urn:mavedb:00000164-a-1	-0.9149762192660869	3.4266500555470416	0	mad90_all_variants	/paedyl01/disk1/yangyxt/public_data/VEP_plugins_caches/MaveDB/csv/urn-mavedb-00000164-a-1.scores.csv
urn:mavedb:00000164-a-2	-2.4572078977323537	2.049099132058707	0	mad90_all_variants	/paedyl01/disk1/yangyxt/public_data/VEP_plugins_caches/MaveDB/csv/urn-mavedb-00000164-a-2.scores.csv
urn:mavedb:00000165-0-1	-1.4153387826527366	7.523927656784131	0	mad90_all_variants	/paedyl01/disk1/yangyxt/public_data/VEP_plugins_caches/MaveDB/csv/urn-mavedb-00000165-0-1.scores.csv
urn:mavedb:00000165-a-1	-2.05584064892777	4.255753065333788	0	mad90_all_variants	/paedyl01/disk1/yangyxt/public_data/VEP_plugins_caches/MaveDB/csv/urn-mavedb-00000165-a-1.scores.csv
urn:mavedb:00000165-a-2	-2.8518625927648635	3.117014882343696	0	mad90_all_variants	/paedyl01/disk1/yangyxt/public_data/VEP_plugins_caches/MaveDB/csv/urn-mavedb-00000165-a-2.scores.csv
urn:mavedb:00000166-0-1	-6.408010024509952	7.626268336291172	0	mad90_all_variants	/paedyl01/disk1/yangyxt/public_data/VEP_plugins_caches/MaveDB/csv/urn-mavedb-00000166-0-1.scores.csv
urn:mavedb:00000166-a-1	-2.1647430467621094	1.37551399570892	0	mad90_all_variants	/paedyl01/disk1/yangyxt/public_data/VEP_plugins_caches/MaveDB/csv/urn-mavedb-00000166-a-1.scores.csv
urn:mavedb:00000166-a-2	-2.9331944923142554	-0.10296549420172707	0	mad90_all_variants	/paedyl01/disk1/yangyxt/public_data/VEP_plugins_caches/MaveDB/csv/urn-mavedb-00000166-a-2.scores.csv
urn:mavedb:00000167-0-1	-7.8318207282405	7.360549266684168	0	mad90_all_variants	/paedyl01/disk1/yangyxt/public_data/VEP_plugins_caches/MaveDB/csv/urn-mavedb-00000167-0-1.scores.csv
urn:mavedb:00000167-a-1	-1.6911814634750109	0.1880995723730754	0	mad90_all_variants	/paedyl01/disk1/yangyxt/public_data/VEP_plugins_caches/MaveDB/csv/urn-mavedb-00000167-a-1.scores.csv
urn:mavedb:00000167-a-2	-2.5370415436928884	-1.1405062058430802	0	mad90_all_variants	/paedyl01/disk1/yangyxt/public_data/VEP_plugins_caches/MaveDB/csv/urn-mavedb-00000167-a-2.scores.csv
urn:mavedb:00000168-0-1	0.3435547770180909	5.531240766383575	0	mad90_all_variants	/paedyl01/disk1/yangyxt/public_data/VEP_plugins_caches/MaveDB/csv/urn-mavedb-00000168-0-1.scores.csv
urn:mavedb:00000168-a-1	-1.2624595950067463	2.466726599277651	0	mad90_all_variants	/paedyl01/disk1/yangyxt/public_data/VEP_plugins_caches/MaveDB/csv/urn-mavedb-00000168-a-1.scores.csv
urn:mavedb:00000168-a-2	-2.0838871933963823	1.5580683620993352	0	mad90_all_variants	/paedyl01/disk1/yangyxt/public_data/VEP_plugins_caches/MaveDB/csv/urn-mavedb-00000168-a-2.scores.csv
urn:mavedb:00000169-0-1	-1.086041761913184	7.015722950459229	0	mad90_all_variants	/paedyl01/disk1/yangyxt/public_data/VEP_plugins_caches/MaveDB/csv/urn-mavedb-00000169-0-1.scores.csv
urn:mavedb:00000169-a-1	-1.3838775680037352	3.508626882756579	0	mad90_all_variants	/paedyl01/disk1/yangyxt/public_data/VEP_plugins_caches/MaveDB/csv/urn-mavedb-00000169-a-1.scores.csv
urn:mavedb:00000169-a-2	-3.2500933845749795	2.48239999300717	0	mad90_all_variants	/paedyl01/disk1/yangyxt/public_data/VEP_plugins_caches/MaveDB/csv/urn-mavedb-00000169-a-2.scores.csv
urn:mavedb:00000170-0-1	-0.6921550515199453	3.682060711012797	0	mad90_all_variants	/paedyl01/disk1/yangyxt/public_data/VEP_plugins_caches/MaveDB/csv/urn-mavedb-00000170-0-1.scores.csv
urn:mavedb:00000170-a-1	-1.3367115696673462	1.4731276102824429	0	mad90_all_variants	/paedyl01/disk1/yangyxt/public_data/VEP_plugins_caches/MaveDB/csv/urn-mavedb-00000170-a-1.scores.csv
urn:mavedb:00000170-a-2	-2.7032695471242407	0.03763966656997364	0	mad90_all_variants	/paedyl01/disk1/yangyxt/public_data/VEP_plugins_caches/MaveDB/csv/urn-mavedb-00000170-a-2.scores.csv
urn:mavedb:00000171-0-1	0.13146980082751325	4.146719289798915	0	mad90_all_variants	/paedyl01/disk1/yangyxt/public_data/VEP_plugins_caches/MaveDB/csv/urn-mavedb-00000171-0-1.scores.csv
urn:mavedb:00000171-a-1	-0.7217432430492887	1.8465867762705535	0	mad90_all_variants	/paedyl01/disk1/yangyxt/public_data/VEP_plugins_caches/MaveDB/csv/urn-mavedb-00000171-a-1.scores.csv
urn:mavedb:00000171-a-2	-2.4268800333190654	0.5149751905487928	0	mad90_all_variants	/paedyl01/disk1/yangyxt/public_data/VEP_plugins_caches/MaveDB/csv/urn-mavedb-00000171-a-2.scores.csv
urn:mavedb:00000172-0-1	3.587113561687649	6.514971592491892	0	mad90_all_variants	/paedyl01/disk1/yangyxt/public_data/VEP_plugins_caches/MaveDB/csv/urn-mavedb-00000172-0-1.scores.csv
urn:mavedb:00000172-a-1	1.722426425964306	2.57158316022966	0	mad90_all_variants	/paedyl01/disk1/yangyxt/public_data/VEP_plugins_caches/MaveDB/csv/urn-mavedb-00000172-a-1.scores.csv
urn:mavedb:00000172-a-2	0.3221817177921421	1.8846070048804102	0	mad90_all_variants	/paedyl01/disk1/yangyxt/public_data/VEP_plugins_caches/MaveDB/csv/urn-mavedb-00000172-a-2.scores.csv
urn:mavedb:00000173-0-1	0.2261504720398957	4.825948653871187	0	mad90_all_variants	/paedyl01/disk1/yangyxt/public_data/VEP_plugins_caches/MaveDB/csv/urn-mavedb-00000173-0-1.scores.csv
urn:mavedb:00000173-a-1	-0.6536239251398914	2.2064679282507083	0	mad90_all_variants	/paedyl01/disk1/yangyxt/public_data/VEP_plugins_caches/MaveDB/csv/urn-mavedb-00000173-a-1.scores.csv
urn:mavedb:00000173-a-2	-2.380858901182981	1.0008457015853724	0	mad90_all_variants	/paedyl01/disk1/yangyxt/public_data/VEP_plugins_caches/MaveDB/csv/urn-mavedb-00000173-a-2.scores.csv
urn:mavedb:00000174-0-1	0.06396438610057609	3.837882425975658	0	mad90_all_variants	/paedyl01/disk1/yangyxt/public_data/VEP_plugins_caches/MaveDB/csv/urn-mavedb-00000174-0-1.scores.csv
urn:mavedb:00000174-a-1	-0.8747883547251041	1.656438133017819	0	mad90_all_variants	/paedyl01/disk1/yangyxt/public_data/VEP_plugins_caches/MaveDB/csv/urn-mavedb-00000174-a-1.scores.csv
urn:mavedb:00000174-a-2	-2.449180787703815	0.24960174885103203	0	mad90_all_variants	/paedyl01/disk1/yangyxt/public_data/VEP_plugins_caches/MaveDB/csv/urn-mavedb-00000174-a-2.scores.csv
urn:mavedb:00000175-0-1	-4.918102502169165	8.773785578345509	0	mad90_all_variants	/paedyl01/disk1/yangyxt/public_data/VEP_plugins_caches/MaveDB/csv/urn-mavedb-00000175-0-1.scores.csv
urn:mavedb:00000175-a-1	-2.6262856989240846	3.353321831041543	0	mad90_all_variants	/paedyl01/disk1/yangyxt/public_data/VEP_plugins_caches/MaveDB/csv/urn-mavedb-00000175-a-1.scores.csv
urn:mavedb:00000175-a-2	-4.742153997727582	2.5800842089977083	0	mad90_all_variants	/paedyl01/disk1/yangyxt/public_data/VEP_plugins_caches/MaveDB/csv/urn-mavedb-00000175-a-2.scores.csv
urn:mavedb:00000176-0-1	-0.2897098332037893	4.013624603422848	0	mad90_all_variants	/paedyl01/disk1/yangyxt/public_data/VEP_plugins_caches/MaveDB/csv/urn-mavedb-00000176-0-1.scores.csv
urn:mavedb:00000176-a-1	-1.153161511172775	1.7166784382270492	0	mad90_all_variants	/paedyl01/disk1/yangyxt/public_data/VEP_plugins_caches/MaveDB/csv/urn-mavedb-00000176-a-1.scores.csv
urn:mavedb:00000176-a-2	-2.6396327763335155	0.3056169880759052	0	mad90_all_variants	/paedyl01/disk1/yangyxt/public_data/VEP_plugins_caches/MaveDB/csv/urn-mavedb-00000176-a-2.scores.csv
urn:mavedb:00000177-0-1	0.7314803975843724	3.5408560940531264	0	mad90_all_variants	/paedyl01/disk1/yangyxt/public_data/VEP_plugins_caches/MaveDB/csv/urn-mavedb-00000177-0-1.scores.csv
urn:mavedb:00000177-a-1	-0.4453068055468211	1.2240823692621938	0	mad90_all_variants	/paedyl01/disk1/yangyxt/public_data/VEP_plugins_caches/MaveDB/csv/urn-mavedb-00000177-a-1.scores.csv
urn:mavedb:00000177-a-2	-2.006958545833538	0.14135600160367723	0	mad90_all_variants	/paedyl01/disk1/yangyxt/public_data/VEP_plugins_caches/MaveDB/csv/urn-mavedb-00000177-a-2.scores.csv
urn:mavedb:00000178-0-1	-0.4691261044991374	2.4329688779646093	0	mad90_all_variants	/paedyl01/disk1/yangyxt/public_data/VEP_plugins_caches/MaveDB/csv/urn-mavedb-00000178-0-1.scores.csv
urn:mavedb:00000178-a-1	-1.3878006988793192	0.5749646451389777	0	mad90_all_variants	/paedyl01/disk1/yangyxt/public_data/VEP_plugins_caches/MaveDB/csv/urn-mavedb-00000178-a-1.scores.csv
urn:mavedb:00000178-a-2	-2.2978226402562054	-0.9075623950809039	0	mad90_all_variants	/paedyl01/disk1/yangyxt/public_data/VEP_plugins_caches/MaveDB/csv/urn-mavedb-00000178-a-2.scores.csv
urn:mavedb:00000179-0-1	-0.8310091428049622	3.4251101990794393	0	mad90_all_variants	/paedyl01/disk1/yangyxt/public_data/VEP_plugins_caches/MaveDB/csv/urn-mavedb-00000179-0-1.scores.csv
urn:mavedb:00000179-a-1	-1.5290459321148733	0.4439662517720063	0	mad90_all_variants	/paedyl01/disk1/yangyxt/public_data/VEP_plugins_caches/MaveDB/csv/urn-mavedb-00000179-a-1.scores.csv
urn:mavedb:00000179-a-2	-2.2229673643869416	0.0484750828289795	0	mad90_all_variants	/paedyl01/disk1/yangyxt/public_data/VEP_plugins_caches/MaveDB/csv/urn-mavedb-00000179-a-2.scores.csv
urn:mavedb:00000180-0-1	-2.2629797896335218	6.374311543936675	0	mad90_all_variants	/paedyl01/disk1/yangyxt/public_data/VEP_plugins_caches/MaveDB/csv/urn-mavedb-00000180-0-1.scores.csv
urn:mavedb:00000180-a-1	-2.363918802954191	3.247810243023415	0	mad90_all_variants	/paedyl01/disk1/yangyxt/public_data/VEP_plugins_caches/MaveDB/csv/urn-mavedb-00000180-a-1.scores.csv
urn:mavedb:00000180-a-2	-3.210839120867112	1.5641530433294495	0	mad90_all_variants	/paedyl01/disk1/yangyxt/public_data/VEP_plugins_caches/MaveDB/csv/urn-mavedb-00000180-a-2.scores.csv
urn:mavedb:00000181-0-1	0.5113398045824367	4.201029022932645	0	mad90_all_variants	/paedyl01/disk1/yangyxt/public_data/VEP_plugins_caches/MaveDB/csv/urn-mavedb-00000181-0-1.scores.csv
urn:mavedb:00000181-a-1	-0.8965773253124685	1.5599921545210338	0	mad90_all_variants	/paedyl01/disk1/yangyxt/public_data/VEP_plugins_caches/MaveDB/csv/urn-mavedb-00000181-a-1.scores.csv
urn:mavedb:00000181-a-2	-2.383705148795429	0.7787419676858778	0	mad90_all_variants	/paedyl01/disk1/yangyxt/public_data/VEP_plugins_caches/MaveDB/csv/urn-mavedb-00000181-a-2.scores.csv
urn:mavedb:00000182-0-1	-2.865693750676063	6.203334055865532	0	mad90_all_variants	/paedyl01/disk1/yangyxt/public_data/VEP_plugins_caches/MaveDB/csv/urn-mavedb-00000182-0-1.scores.csv
urn:mavedb:00000182-a-1	-2.402405204843944	2.691454652237342	0	mad90_all_variants	/paedyl01/disk1/yangyxt/public_data/VEP_plugins_caches/MaveDB/csv/urn-mavedb-00000182-a-1.scores.csv
urn:mavedb:00000182-a-2	-3.3030366315982946	1.1030821855420263	0	mad90_all_variants	/paedyl01/disk1/yangyxt/public_data/VEP_plugins_caches/MaveDB/csv/urn-mavedb-00000182-a-2.scores.csv
urn:mavedb:00000183-0-1	-0.39626745408692	5.54202484986003	0	mad90_all_variants	/paedyl01/disk1/yangyxt/public_data/VEP_plugins_caches/MaveDB/csv/urn-mavedb-00000183-0-1.scores.csv
urn:mavedb:00000183-a-1	-1.5506513837284053	2.6090416325841077	0	mad90_all_variants	/paedyl01/disk1/yangyxt/public_data/VEP_plugins_caches/MaveDB/csv/urn-mavedb-00000183-a-1.scores.csv
urn:mavedb:00000183-a-2	-2.575253136598426	1.6415245608584346	0	mad90_all_variants	/paedyl01/disk1/yangyxt/public_data/VEP_plugins_caches/MaveDB/csv/urn-mavedb-00000183-a-2.scores.csv
urn:mavedb:00000184-0-1	-1.4352182097760506	2.784068586517864	0	mad90_all_variants	/paedyl01/disk1/yangyxt/public_data/VEP_plugins_caches/MaveDB/csv/urn-mavedb-00000184-0-1.scores.csv
urn:mavedb:00000184-a-1	-1.7448180474583639	0.1819328321014808	0	mad90_all_variants	/paedyl01/disk1/yangyxt/public_data/VEP_plugins_caches/MaveDB/csv/urn-mavedb-00000184-a-1.scores.csv
urn:mavedb:00000184-a-2	-2.2719189935825335	-0.6321527340719627	0	mad90_all_variants	/paedyl01/disk1/yangyxt/public_data/VEP_plugins_caches/MaveDB/csv/urn-mavedb-00000184-a-2.scores.csv
urn:mavedb:00000185-0-1	-1.8105445482534153	5.0336122573328215	0	mad90_all_variants	/paedyl01/disk1/yangyxt/public_data/VEP_plugins_caches/MaveDB/csv/urn-mavedb-00000185-0-1.scores.csv
urn:mavedb:00000185-a-1	-2.4512627065033397	2.0058669406361607	0	mad90_all_variants	/paedyl01/disk1/yangyxt/public_data/VEP_plugins_caches/MaveDB/csv/urn-mavedb-00000185-a-1.scores.csv
urn:mavedb:00000185-a-2	-2.4885790371453664	1.304437079939062	0	mad90_all_variants	/paedyl01/disk1/yangyxt/public_data/VEP_plugins_caches/MaveDB/csv/urn-mavedb-00000185-a-2.scores.csv
urn:mavedb:00000186-0-1	0.8984490725178649	7.442793604391024	0	mad90_all_variants	/paedyl01/disk1/yangyxt/public_data/VEP_plugins_caches/MaveDB/csv/urn-mavedb-00000186-0-1.scores.csv
urn:mavedb:00000186-a-1	0.2414418753628118	3.232562491012721	0	mad90_all_variants	/paedyl01/disk1/yangyxt/public_data/VEP_plugins_caches/MaveDB/csv/urn-mavedb-00000186-a-1.scores.csv
urn:mavedb:00000186-a-2	-0.8538676609273552	2.527379015775132	0	mad90_all_variants	/paedyl01/disk1/yangyxt/public_data/VEP_plugins_caches/MaveDB/csv/urn-mavedb-00000186-a-2.scores.csv
urn:mavedb:00000187-0-1	-0.1487778136245872	4.5708440031420094	0	mad90_all_variants	/paedyl01/disk1/yangyxt/public_data/VEP_plugins_caches/MaveDB/csv/urn-mavedb-00000187-0-1.scores.csv
urn:mavedb:00000187-a-1	-1.0985090250903538	2.0491767668766387	0	mad90_all_variants	/paedyl01/disk1/yangyxt/public_data/VEP_plugins_caches/MaveDB/csv/urn-mavedb-00000187-a-1.scores.csv
urn:mavedb:00000187-a-2	-2.20774271238733	1.2893975858706	0	mad90_all_variants	/paedyl01/disk1/yangyxt/public_data/VEP_plugins_caches/MaveDB/csv/urn-mavedb-00000187-a-2.scores.csv
urn:mavedb:00000188-0-1	-0.9904449795630019	4.649161764823942	0	mad90_all_variants	/paedyl01/disk1/yangyxt/public_data/VEP_plugins_caches/MaveDB/csv/urn-mavedb-00000188-0-1.scores.csv
urn:mavedb:00000188-a-1	-1.639378566785102	2.0321152527950233	0	mad90_all_variants	/paedyl01/disk1/yangyxt/public_data/VEP_plugins_caches/MaveDB/csv/urn-mavedb-00000188-a-1.scores.csv
urn:mavedb:00000188-a-2	-2.6858929687185413	1.1529891073241036	0	mad90_all_variants	/paedyl01/disk1/yangyxt/public_data/VEP_plugins_caches/MaveDB/csv/urn-mavedb-00000188-a-2.scores.csv
urn:mavedb:00000189-0-1	1.4421599921309136	13.622939670220024	0	mad90_all_variants	/paedyl01/disk1/yangyxt/public_data/VEP_plugins_caches/MaveDB/csv/urn-mavedb-00000189-0-1.scores.csv
urn:mavedb:00000189-a-1	1.6596856833327198	2.6365624933367418	0	mad90_all_variants	/paedyl01/disk1/yangyxt/public_data/VEP_plugins_caches/MaveDB/csv/urn-mavedb-00000189-a-1.scores.csv
urn:mavedb:00000189-a-2	0.9847494642575106	2.5215305310915515	0	mad90_all_variants	/paedyl01/disk1/yangyxt/public_data/VEP_plugins_caches/MaveDB/csv/urn-mavedb-00000189-a-2.scores.csv
urn:mavedb:00000190-0-1	0.5738851826651046	5.011193675420628	0	mad90_all_variants	/paedyl01/disk1/yangyxt/public_data/VEP_plugins_caches/MaveDB/csv/urn-mavedb-00000190-0-1.scores.csv
urn:mavedb:00000190-a-1	-0.8353587415654664	2.0181494787610808	0	mad90_all_variants	/paedyl01/disk1/yangyxt/public_data/VEP_plugins_caches/MaveDB/csv/urn-mavedb-00000190-a-1.scores.csv
urn:mavedb:00000190-a-2	-2.133806764156857	1.2810102037659998	0	mad90_all_variants	/paedyl01/disk1/yangyxt/public_data/VEP_plugins_caches/MaveDB/csv/urn-mavedb-00000190-a-2.scores.csv
urn:mavedb:00000191-0-1	0.9777778224859834	4.752948639792665	0	mad90_all_variants	/paedyl01/disk1/yangyxt/public_data/VEP_plugins_caches/MaveDB/csv/urn-mavedb-00000191-0-1.scores.csv
urn:mavedb:00000191-a-1	-0.6952400201903237	1.7221866289873176	0	mad90_all_variants	/paedyl01/disk1/yangyxt/public_data/VEP_plugins_caches/MaveDB/csv/urn-mavedb-00000191-a-1.scores.csv
urn:mavedb:00000191-a-2	-1.836896621700077	1.0718071809547554	0	mad90_all_variants	/paedyl01/disk1/yangyxt/public_data/VEP_plugins_caches/MaveDB/csv/urn-mavedb-00000191-a-2.scores.csv
urn:mavedb:00000192-0-1	-0.4225913867389015	4.876285707684692	0	mad90_all_variants	/paedyl01/disk1/yangyxt/public_data/VEP_plugins_caches/MaveDB/csv/urn-mavedb-00000192-0-1.scores.csv
urn:mavedb:00000192-a-1	-1.217702527694661	2.3209292455092725	0	mad90_all_variants	/paedyl01/disk1/yangyxt/public_data/VEP_plugins_caches/MaveDB/csv/urn-mavedb-00000192-a-1.scores.csv
urn:mavedb:00000192-a-2	-2.239670491631255	1.2393607934236754	0	mad90_all_variants	/paedyl01/disk1/yangyxt/public_data/VEP_plugins_caches/MaveDB/csv/urn-mavedb-00000192-a-2.scores.csv
urn:mavedb:00000193-0-1	-1.6645683472620971	3.2423835317349106	0	mad90_all_variants	/paedyl01/disk1/yangyxt/public_data/VEP_plugins_caches/MaveDB/csv/urn-mavedb-00000193-0-1.scores.csv
urn:mavedb:00000193-a-1	-1.3190659491750085	1.2445036723410303	0	mad90_all_variants	/paedyl01/disk1/yangyxt/public_data/VEP_plugins_caches/MaveDB/csv/urn-mavedb-00000193-a-1.scores.csv
urn:mavedb:00000193-a-2	-2.8416939115061934	-0.3193417564090961	0	mad90_all_variants	/paedyl01/disk1/yangyxt/public_data/VEP_plugins_caches/MaveDB/csv/urn-mavedb-00000193-a-2.scores.csv
urn:mavedb:00000194-0-1	-1.7755010753093108	4.761495539037492	0	mad90_all_variants	/paedyl01/disk1/yangyxt/public_data/VEP_plugins_caches/MaveDB/csv/urn-mavedb-00000194-0-1.scores.csv
urn:mavedb:00000194-a-1	-1.9265582613276895	2.1166546272501052	0	mad90_all_variants	/paedyl01/disk1/yangyxt/public_data/VEP_plugins_caches/MaveDB/csv/urn-mavedb-00000194-a-1.scores.csv
urn:mavedb:00000194-a-2	-3.2965982861243157	0.8933832891520599	0	mad90_all_variants	/paedyl01/disk1/yangyxt/public_data/VEP_plugins_caches/MaveDB/csv/urn-mavedb-00000194-a-2.scores.csv
urn:mavedb:00000195-0-1	-2.193642192196269	4.510503578325337	0	mad90_all_variants	/paedyl01/disk1/yangyxt/public_data/VEP_plugins_caches/MaveDB/csv/urn-mavedb-00000195-0-1.scores.csv
urn:mavedb:00000195-a-1	-2.207141159758537	1.5050616705272921	0	mad90_all_variants	/paedyl01/disk1/yangyxt/public_data/VEP_plugins_caches/MaveDB/csv/urn-mavedb-00000195-a-1.scores.csv
urn:mavedb:00000195-a-2	-3.177608350320951	0.4621170558478991	0	mad90_all_variants	/paedyl01/disk1/yangyxt/public_data/VEP_plugins_caches/MaveDB/csv/urn-mavedb-00000195-a-2.scores.csv
urn:mavedb:00000196-0-1	5.970942209515264	12.245345965031653	0	mad90_all_variants	/paedyl01/disk1/yangyxt/public_data/VEP_plugins_caches/MaveDB/csv/urn-mavedb-00000196-0-1.scores.csv
urn:mavedb:00000196-a-1	1.9189328684647258	2.438466024033856	0	mad90_all_variants	/paedyl01/disk1/yangyxt/public_data/VEP_plugins_caches/MaveDB/csv/urn-mavedb-00000196-a-1.scores.csv
urn:mavedb:00000196-a-2	1.6936998252344906	2.215233053621452	0	mad90_all_variants	/paedyl01/disk1/yangyxt/public_data/VEP_plugins_caches/MaveDB/csv/urn-mavedb-00000196-a-2.scores.csv
urn:mavedb:00000197-0-1	1.2992494061401945	5.411390197491423	0	mad90_all_variants	/paedyl01/disk1/yangyxt/public_data/VEP_plugins_caches/MaveDB/csv/urn-mavedb-00000197-0-1.scores.csv
urn:mavedb:00000197-a-1	-0.38099193751491267	2.126049565112407	0	mad90_all_variants	/paedyl01/disk1/yangyxt/public_data/VEP_plugins_caches/MaveDB/csv/urn-mavedb-00000197-a-1.scores.csv
urn:mavedb:00000197-a-2	-1.520023272958194	1.4488451525020927	0	mad90_all_variants	/paedyl01/disk1/yangyxt/public_data/VEP_plugins_caches/MaveDB/csv/urn-mavedb-00000197-a-2.scores.csv
urn:mavedb:00000198-0-1	0.056719747041086954	4.351558534964307	0	mad90_all_variants	/paedyl01/disk1/yangyxt/public_data/VEP_plugins_caches/MaveDB/csv/urn-mavedb-00000198-0-1.scores.csv
urn:mavedb:00000198-a-1	-1.335985545365764	1.6095126883159074	0	mad90_all_variants	/paedyl01/disk1/yangyxt/public_data/VEP_plugins_caches/MaveDB/csv/urn-mavedb-00000198-a-1.scores.csv
urn:mavedb:00000198-a-2	-2.477895425757937	0.7248453564153797	0	mad90_all_variants	/paedyl01/disk1/yangyxt/public_data/VEP_plugins_caches/MaveDB/csv/urn-mavedb-00000198-a-2.scores.csv
urn:mavedb:00000199-0-1	-0.3759825887306232	2.6190822619525544	0	mad90_all_variants	/paedyl01/disk1/yangyxt/public_data/VEP_plugins_caches/MaveDB/csv/urn-mavedb-00000199-0-1.scores.csv
urn:mavedb:00000199-a-1	-1.6101777796828431	0.3547178275516587	0	mad90_all_variants	/paedyl01/disk1/yangyxt/public_data/VEP_plugins_caches/MaveDB/csv/urn-mavedb-00000199-a-1.scores.csv
urn:mavedb:00000199-a-2	-2.5873987215978382	-0.7236380446581036	0	mad90_all_variants	/paedyl01/disk1/yangyxt/public_data/VEP_plugins_caches/MaveDB/csv/urn-mavedb-00000199-a-2.scores.csv
urn:mavedb:00000200-0-1	1.3852165509315666	5.030534846583468	0	mad90_all_variants	/paedyl01/disk1/yangyxt/public_data/VEP_plugins_caches/MaveDB/csv/urn-mavedb-00000200-0-1.scores.csv
urn:mavedb:00000200-a-1	-0.4826089451663822	1.9658973874359529	0	mad90_all_variants	/paedyl01/disk1/yangyxt/public_data/VEP_plugins_caches/MaveDB/csv/urn-mavedb-00000200-a-1.scores.csv
urn:mavedb:00000200-a-2	-1.4555090038578729	1.19163723623288	0	mad90_all_variants	/paedyl01/disk1/yangyxt/public_data/VEP_plugins_caches/MaveDB/csv/urn-mavedb-00000200-a-2.scores.csv
urn:mavedb:00000201-0-1	7.396437399907077	11.782952066067475	0	mad90_all_variants	/paedyl01/disk1/yangyxt/public_data/VEP_plugins_caches/MaveDB/csv/urn-mavedb-00000201-0-1.scores.csv
urn:mavedb:00000201-a-1	2.027954039906813	2.408291251459125	0	mad90_all_variants	/paedyl01/disk1/yangyxt/public_data/VEP_plugins_caches/MaveDB/csv/urn-mavedb-00000201-a-1.scores.csv
urn:mavedb:00000201-a-2	1.8496572676359904	2.2158864321158864	0	mad90_all_variants	/paedyl01/disk1/yangyxt/public_data/VEP_plugins_caches/MaveDB/csv/urn-mavedb-00000201-a-2.scores.csv
urn:mavedb:00000202-0-1	7.160009390717546	12.082569752553008	0	mad90_all_variants	/paedyl01/disk1/yangyxt/public_data/VEP_plugins_caches/MaveDB/csv/urn-mavedb-00000202-0-1.scores.csv
urn:mavedb:00000202-a-1	2.0013237353796605	2.382575019093421	0	mad90_all_variants	/paedyl01/disk1/yangyxt/public_data/VEP_plugins_caches/MaveDB/csv/urn-mavedb-00000202-a-1.scores.csv
urn:mavedb:00000202-a-2	1.805713320167484	2.226701458512704	0	mad90_all_variants	/paedyl01/disk1/yangyxt/public_data/VEP_plugins_caches/MaveDB/csv/urn-mavedb-00000202-a-2.scores.csv
urn:mavedb:00000203-0-1	4.535227096192018	5.603163590661569	0	mad90_all_variants	/paedyl01/disk1/yangyxt/public_data/VEP_plugins_caches/MaveDB/csv/urn-mavedb-00000203-0-1.scores.csv
urn:mavedb:00000203-a-1	1.9517297969054632	2.655634267390178	0	mad90_all_variants	/paedyl01/disk1/yangyxt/public_data/VEP_plugins_caches/MaveDB/csv/urn-mavedb-00000203-a-1.scores.csv
urn:mavedb:00000203-a-2	1.1723528082672907	1.5569830539997385	0	mad90_all_variants	/paedyl01/disk1/yangyxt/public_data/VEP_plugins_caches/MaveDB/csv/urn-mavedb-00000203-a-2.scores.csv
urn:mavedb:00000204-0-1	-2.2586367660092646	3.0287560182009714	0	mad90_all_variants	/paedyl01/disk1/yangyxt/public_data/VEP_plugins_caches/MaveDB/csv/urn-mavedb-00000204-0-1.scores.csv
urn:mavedb:00000204-a-1	-1.7138114695398976	0.18644331866791308	0	mad90_all_variants	/paedyl01/disk1/yangyxt/public_data/VEP_plugins_caches/MaveDB/csv/urn-mavedb-00000204-a-1.scores.csv
urn:mavedb:00000204-a-2	-2.4895453486237833	-0.8289392262016676	0	mad90_all_variants	/paedyl01/disk1/yangyxt/public_data/VEP_plugins_caches/MaveDB/csv/urn-mavedb-00000204-a-2.scores.csv
urn:mavedb:00000205-0-1	0.17679936849898947	3.7579826704624875	0	mad90_all_variants	/paedyl01/disk1/yangyxt/public_data/VEP_plugins_caches/MaveDB/csv/urn-mavedb-00000205-0-1.scores.csv
urn:mavedb:00000205-a-1	-0.986349455426615	1.2581017553052878	0	mad90_all_variants	/paedyl01/disk1/yangyxt/public_data/VEP_plugins_caches/MaveDB/csv/urn-mavedb-00000205-a-1.scores.csv
urn:mavedb:00000205-a-2	-2.0280866409838207	0.6688365214145919	0	mad90_all_variants	/paedyl01/disk1/yangyxt/public_data/VEP_plugins_caches/MaveDB/csv/urn-mavedb-00000205-a-2.scores.csv
urn:mavedb:00000206-0-1	1.3785098803153875	3.253311679478301	0	mad90_all_variants	/paedyl01/disk1/yangyxt/public_data/VEP_plugins_caches/MaveDB/csv/urn-mavedb-00000206-0-1.scores.csv
urn:mavedb:00000206-a-1	-0.701854662255199	0.5325111727122324	0	mad90_all_variants	/paedyl01/disk1/yangyxt/public_data/VEP_plugins_caches/MaveDB/csv/urn-mavedb-00000206-a-1.scores.csv
urn:mavedb:00000206-a-2	-1.6836368134403519	-0.15249247235440244	0	mad90_all_variants	/paedyl01/disk1/yangyxt/public_data/VEP_plugins_caches/MaveDB/csv/urn-mavedb-00000206-a-2.scores.csv
urn:mavedb:00000207-0-1	-1.606704795142623	3.1165584717915027	0	mad90_all_variants	/paedyl01/disk1/yangyxt/public_data/VEP_plugins_caches/MaveDB/csv/urn-mavedb-00000207-0-1.scores.csv
urn:mavedb:00000207-a-1	-2.274237232511463	0.8428154820900182	0	mad90_all_variants	/paedyl01/disk1/yangyxt/public_data/VEP_plugins_caches/MaveDB/csv/urn-mavedb-00000207-a-1.scores.csv
urn:mavedb:00000207-a-2	-3.02749638768236	-0.9251414897361114	0	mad90_all_variants	/paedyl01/disk1/yangyxt/public_data/VEP_plugins_caches/MaveDB/csv/urn-mavedb-00000207-a-2.scores.csv
urn:mavedb:00000208-0-1	-1.1456132781346073	4.026583164093051	0	mad90_all_variants	/paedyl01/disk1/yangyxt/public_data/VEP_plugins_caches/MaveDB/csv/urn-mavedb-00000208-0-1.scores.csv
urn:mavedb:00000208-a-1	-1.8671685932781585	1.0806543151139971	0	mad90_all_variants	/paedyl01/disk1/yangyxt/public_data/VEP_plugins_caches/MaveDB/csv/urn-mavedb-00000208-a-1.scores.csv
urn:mavedb:00000208-a-2	-3.2145507521383614	0.23192937100072464	0	mad90_all_variants	/paedyl01/disk1/yangyxt/public_data/VEP_plugins_caches/MaveDB/csv/urn-mavedb-00000208-a-2.scores.csv
urn:mavedb:00000209-0-1	-0.7384761657798506	3.5598202043967975	0	mad90_all_variants	/paedyl01/disk1/yangyxt/public_data/VEP_plugins_caches/MaveDB/csv/urn-mavedb-00000209-0-1.scores.csv
urn:mavedb:00000209-a-1	-1.5095011853156266	1.0555721429656644	0	mad90_all_variants	/paedyl01/disk1/yangyxt/public_data/VEP_plugins_caches/MaveDB/csv/urn-mavedb-00000209-a-1.scores.csv
urn:mavedb:00000209-a-2	-2.775059459792126	0.15938930299313214	0	mad90_all_variants	/paedyl01/disk1/yangyxt/public_data/VEP_plugins_caches/MaveDB/csv/urn-mavedb-00000209-a-2.scores.csv
urn:mavedb:00000210-0-1	1.6446908941275376	4.867755297057812	0	mad90_all_variants	/paedyl01/disk1/yangyxt/public_data/VEP_plugins_caches/MaveDB/csv/urn-mavedb-00000210-0-1.scores.csv
urn:mavedb:00000210-a-1	-0.42782109746416563	2.0074460625861086	0	mad90_all_variants	/paedyl01/disk1/yangyxt/public_data/VEP_plugins_caches/MaveDB/csv/urn-mavedb-00000210-a-1.scores.csv
urn:mavedb:00000210-a-2	-1.1652528230618258	1.6890579680357993	0	mad90_all_variants	/paedyl01/disk1/yangyxt/public_data/VEP_plugins_caches/MaveDB/csv/urn-mavedb-00000210-a-2.scores.csv
urn:mavedb:00000211-0-1	-0.03855400264904185	5.536210957166132	0	mad90_all_variants	/paedyl01/disk1/yangyxt/public_data/VEP_plugins_caches/MaveDB/csv/urn-mavedb-00000211-0-1.scores.csv
urn:mavedb:00000211-a-1	-1.531252160900136	2.1681138056458416	0	mad90_all_variants	/paedyl01/disk1/yangyxt/public_data/VEP_plugins_caches/MaveDB/csv/urn-mavedb-00000211-a-1.scores.csv
urn:mavedb:00000211-a-2	-2.1571868984471427	1.9634871183539264	0	mad90_all_variants	/paedyl01/disk1/yangyxt/public_data/VEP_plugins_caches/MaveDB/csv/urn-mavedb-00000211-a-2.scores.csv
urn:mavedb:00000212-0-1	0.36943728405114085	3.5286633874405853	0	mad90_all_variants	/paedyl01/disk1/yangyxt/public_data/VEP_plugins_caches/MaveDB/csv/urn-mavedb-00000212-0-1.scores.csv
urn:mavedb:00000212-a-1	-1.1638058802725932	1.1513270145319383	0	mad90_all_variants	/paedyl01/disk1/yangyxt/public_data/VEP_plugins_caches/MaveDB/csv/urn-mavedb-00000212-a-1.scores.csv
urn:mavedb:00000212-a-2	-2.361603707191457	0.35684210854828824	0	mad90_all_variants	/paedyl01/disk1/yangyxt/public_data/VEP_plugins_caches/MaveDB/csv/urn-mavedb-00000212-a-2.scores.csv
urn:mavedb:00000213-0-1	-0.6396569014274666	2.4830976347139555	0	mad90_all_variants	/paedyl01/disk1/yangyxt/public_data/VEP_plugins_caches/MaveDB/csv/urn-mavedb-00000213-0-1.scores.csv
urn:mavedb:00000213-a-1	-1.5180800867542859	0.00339940619900414	0	mad90_all_variants	/paedyl01/disk1/yangyxt/public_data/VEP_plugins_caches/MaveDB/csv/urn-mavedb-00000213-a-1.scores.csv
urn:mavedb:00000213-a-2	-1.5211346793034262	0.5605054261573172	0	mad90_all_variants	/paedyl01/disk1/yangyxt/public_data/VEP_plugins_caches/MaveDB/csv/urn-mavedb-00000213-a-2.scores.csv
urn:mavedb:00000214-0-1	-0.8051090948584134	4.443964855185099	0	mad90_all_variants	/paedyl01/disk1/yangyxt/public_data/VEP_plugins_caches/MaveDB/csv/urn-mavedb-00000214-0-1.scores.csv
urn:mavedb:00000214-a-1	-1.2732293951620708	1.9692215317861095	0	mad90_all_variants	/paedyl01/disk1/yangyxt/public_data/VEP_plugins_caches/MaveDB/csv/urn-mavedb-00000214-a-1.scores.csv
urn:mavedb:00000214-a-2	-1.4518882914763016	1.797770952488511	0	mad90_all_variants	/paedyl01/disk1/yangyxt/public_data/VEP_plugins_caches/MaveDB/csv/urn-mavedb-00000214-a-2.scores.csv
urn:mavedb:00000215-0-1	-0.03795906069945998	3.0958676887647143	0	mad90_all_variants	/paedyl01/disk1/yangyxt/public_data/VEP_plugins_caches/MaveDB/csv/urn-mavedb-00000215-0-1.scores.csv
urn:mavedb:00000215-a-1	-0.7041107002401761	0.7518860879929259	0	mad90_all_variants	/paedyl01/disk1/yangyxt/public_data/VEP_plugins_caches/MaveDB/csv/urn-mavedb-00000215-a-1.scores.csv
urn:mavedb:00000215-a-2	-2.1349874009249272	0.5528770732833164	0	mad90_all_variants	/paedyl01/disk1/yangyxt/public_data/VEP_plugins_caches/MaveDB/csv/urn-mavedb-00000215-a-2.scores.csv
urn:mavedb:00000216-0-1	-0.4637241289790524	1.321266290563668	0	mad90_all_variants	/paedyl01/disk1/yangyxt/public_data/VEP_plugins_caches/MaveDB/csv/urn-mavedb-00000216-0-1.scores.csv
urn:mavedb:00000216-a-1	-1.4436673646799298	-0.3094699046324628	0	mad90_all_variants	/paedyl01/disk1/yangyxt/public_data/VEP_plugins_caches/MaveDB/csv/urn-mavedb-00000216-a-1.scores.csv
urn:mavedb:00000216-a-2	-2.432909826887361	-1.0462998724305879	0	mad90_all_variants	/paedyl01/disk1/yangyxt/public_data/VEP_plugins_caches/MaveDB/csv/urn-mavedb-00000216-a-2.scores.csv
urn:mavedb:00000217-0-1	-1.1893775549903238	3.8884449209560716	0	mad90_all_variants	/paedyl01/disk1/yangyxt/public_data/VEP_plugins_caches/MaveDB/csv/urn-mavedb-00000217-0-1.scores.csv
urn:mavedb:00000217-a-1	-1.3639702449292381	1.687921456636628	0	mad90_all_variants	/paedyl01/disk1/yangyxt/public_data/VEP_plugins_caches/MaveDB/csv/urn-mavedb-00000217-a-1.scores.csv
urn:mavedb:00000217-a-2	-2.0776288412949757	0.707086537422027	0	mad90_all_variants	/paedyl01/disk1/yangyxt/public_data/VEP_plugins_caches/MaveDB/csv/urn-mavedb-00000217-a-2.scores.csv
urn:mavedb:00000218-0-1	-4.312086031497199	3.3845493469554784	0	mad90_all_variants	/paedyl01/disk1/yangyxt/public_data/VEP_plugins_caches/MaveDB/csv/urn-mavedb-00000218-0-1.scores.csv
urn:mavedb:00000218-a-1	-1.2602390960443048	0.04532943408769807	0	mad90_all_variants	/paedyl01/disk1/yangyxt/public_data/VEP_plugins_caches/MaveDB/csv/urn-mavedb-00000218-a-1.scores.csv
urn:mavedb:00000218-a-2	-3.2220143008871425	-1.4397405300443433	0	mad90_all_variants	/paedyl01/disk1/yangyxt/public_data/VEP_plugins_caches/MaveDB/csv/urn-mavedb-00000218-a-2.scores.csv
urn:mavedb:00000219-0-1	0.01870757588303662	4.010778517861128	0	mad90_all_variants	/paedyl01/disk1/yangyxt/public_data/VEP_plugins_caches/MaveDB/csv/urn-mavedb-00000219-0-1.scores.csv
urn:mavedb:00000219-a-1	-1.2618635278438335	1.1180317374572097	0	mad90_all_variants	/paedyl01/disk1/yangyxt/public_data/VEP_plugins_caches/MaveDB/csv/urn-mavedb-00000219-a-1.scores.csv
urn:mavedb:00000219-a-2	-2.319876107891624	0.4609165399669065	0	mad90_all_variants	/paedyl01/disk1/yangyxt/public_data/VEP_plugins_caches/MaveDB/csv/urn-mavedb-00000219-a-2.scores.csv
urn:mavedb:00000220-0-1	-0.4500025575174402	3.4306041277100836	0	mad90_all_variants	/paedyl01/disk1/yangyxt/public_data/VEP_plugins_caches/MaveDB/csv/urn-mavedb-00000220-0-1.scores.csv
urn:mavedb:00000220-a-1	-1.4652879210131005	1.057673104719588	0	mad90_all_variants	/paedyl01/disk1/yangyxt/public_data/VEP_plugins_caches/MaveDB/csv/urn-mavedb-00000220-a-1.scores.csv
urn:mavedb:00000220-a-2	-2.8169466662314395	-0.1649449621410688	0	mad90_all_variants	/paedyl01/disk1/yangyxt/public_data/VEP_plugins_caches/MaveDB/csv/urn-mavedb-00000220-a-2.scores.csv
urn:mavedb:00000221-0-1	-1.089722743195353	2.8859690894423013	0	mad90_all_variants	/paedyl01/disk1/yangyxt/public_data/VEP_plugins_caches/MaveDB/csv/urn-mavedb-00000221-0-1.scores.csv
urn:mavedb:00000221-a-1	-1.9946639265360422	0.3804848937628903	0	mad90_all_variants	/paedyl01/disk1/yangyxt/public_data/VEP_plugins_caches/MaveDB/csv/urn-mavedb-00000221-a-1.scores.csv
urn:mavedb:00000221-a-2	-2.0687570777986033	-0.02941268914411843	0	mad90_all_variants	/paedyl01/disk1/yangyxt/public_data/VEP_plugins_caches/MaveDB/csv/urn-mavedb-00000221-a-2.scores.csv
urn:mavedb:00000222-0-1	-5.823521630482258	10.770556973893534	0	mad90_all_variants	/paedyl01/disk1/yangyxt/public_data/VEP_plugins_caches/MaveDB/csv/urn-mavedb-00000222-0-1.scores.csv
urn:mavedb:00000222-a-1	-3.520400458341005	3.4344962773733987	0	mad90_all_variants	/paedyl01/disk1/yangyxt/public_data/VEP_plugins_caches/MaveDB/csv/urn-mavedb-00000222-a-1.scores.csv
urn:mavedb:00000222-a-2	-5.202272989027977	4.421325646647473	0	mad90_all_variants	/paedyl01/disk1/yangyxt/public_data/VEP_plugins_caches/MaveDB/csv/urn-mavedb-00000222-a-2.scores.csv
urn:mavedb:00000223-0-1	-1.633871531012419	4.079120799055343	0	mad90_all_variants	/paedyl01/disk1/yangyxt/public_data/VEP_plugins_caches/MaveDB/csv/urn-mavedb-00000223-0-1.scores.csv
urn:mavedb:00000223-a-1	-1.824289380479959	1.0541141771469267	0	mad90_all_variants	/paedyl01/disk1/yangyxt/public_data/VEP_plugins_caches/MaveDB/csv/urn-mavedb-00000223-a-1.scores.csv
urn:mavedb:00000223-a-2	-2.391509311690558	1.163815729462376	0	mad90_all_variants	/paedyl01/disk1/yangyxt/public_data/VEP_plugins_caches/MaveDB/csv/urn-mavedb-00000223-a-2.scores.csv
urn:mavedb:00000224-0-1	0.9007337614265016	3.188375481309785	0	mad90_all_variants	/paedyl01/disk1/yangyxt/public_data/VEP_plugins_caches/MaveDB/csv/urn-mavedb-00000224-0-1.scores.csv
urn:mavedb:00000224-a-1	-0.3942104938575157	1.3164449147732682	0	mad90_all_variants	/paedyl01/disk1/yangyxt/public_data/VEP_plugins_caches/MaveDB/csv/urn-mavedb-00000224-a-1.scores.csv
urn:mavedb:00000224-a-2	-1.6023865923977634	0.0017739155776227422	0	mad90_all_variants	/paedyl01/disk1/yangyxt/public_data/VEP_plugins_caches/MaveDB/csv/urn-mavedb-00000224-a-2.scores.csv
urn:mavedb:00000225-0-1	2.2279886780926117	3.5696301776392505	0	mad90_all_variants	/paedyl01/disk1/yangyxt/public_data/VEP_plugins_caches/MaveDB/csv/urn-mavedb-00000225-0-1.scores.csv
urn:mavedb:00000225-a-1	0.7002690853412284	1.7489278126943222	0	mad90_all_variants	/paedyl01/disk1/yangyxt/public_data/VEP_plugins_caches/MaveDB/csv/urn-mavedb-00000225-a-1.scores.csv
urn:mavedb:00000225-a-2	-0.7171036894370904	0.28718614860455904	0	mad90_all_variants	/paedyl01/disk1/yangyxt/public_data/VEP_plugins_caches/MaveDB/csv/urn-mavedb-00000225-a-2.scores.csv
urn:mavedb:00000226-0-1	2.4752482059106846	3.7562051849989446	0	mad90_all_variants	/paedyl01/disk1/yangyxt/public_data/VEP_plugins_caches/MaveDB/csv/urn-mavedb-00000226-0-1.scores.csv
urn:mavedb:00000226-a-1	1.0167489172610595	1.9716644614898702	0	mad90_all_variants	/paedyl01/disk1/yangyxt/public_data/VEP_plugins_caches/MaveDB/csv/urn-mavedb-00000226-a-1.scores.csv
urn:mavedb:00000226-a-2	-0.24456689979841092	0.5439425059826999	0	mad90_all_variants	/paedyl01/disk1/yangyxt/public_data/VEP_plugins_caches/MaveDB/csv/urn-mavedb-00000226-a-2.scores.csv
urn:mavedb:00000227-0-1	2.41748714076581	3.847573096683873	0	mad90_all_variants	/paedyl01/disk1/yangyxt/public_data/VEP_plugins_caches/MaveDB/csv/urn-mavedb-00000227-0-1.scores.csv
urn:mavedb:00000227-a-1	1.023781287818516	2.023609650820645	0	mad90_all_variants	/paedyl01/disk1/yangyxt/public_data/VEP_plugins_caches/MaveDB/csv/urn-mavedb-00000227-a-1.scores.csv
urn:mavedb:00000227-a-2	-0.3032612669978583	0.6037214616180429	0	mad90_all_variants	/paedyl01/disk1/yangyxt/public_data/VEP_plugins_caches/MaveDB/csv/urn-mavedb-00000227-a-2.scores.csv
urn:mavedb:00000228-0-1	2.175118282434905	3.584974786036855	0	mad90_all_variants	/paedyl01/disk1/yangyxt/public_data/VEP_plugins_caches/MaveDB/csv/urn-mavedb-00000228-0-1.scores.csv
urn:mavedb:00000228-a-1	0.9363763133747939	2.1079098550100737	0	mad90_all_variants	/paedyl01/disk1/yangyxt/public_data/VEP_plugins_caches/MaveDB/csv/urn-mavedb-00000228-a-1.scores.csv
urn:mavedb:00000228-a-2	-0.5650812548736649	0.24685985789559517	0	mad90_all_variants	/paedyl01/disk1/yangyxt/public_data/VEP_plugins_caches/MaveDB/csv/urn-mavedb-00000228-a-2.scores.csv
urn:mavedb:00000229-0-1	0.9127426877870684	2.6202026052830245	0	mad90_all_variants	/paedyl01/disk1/yangyxt/public_data/VEP_plugins_caches/MaveDB/csv/urn-mavedb-00000229-0-1.scores.csv
urn:mavedb:00000229-a-1	-0.4431983308377821	0.8890859612806779	0	mad90_all_variants	/paedyl01/disk1/yangyxt/public_data/VEP_plugins_caches/MaveDB/csv/urn-mavedb-00000229-a-1.scores.csv
urn:mavedb:00000229-a-2	-1.5720723258125924	-0.521510667549249	0	mad90_all_variants	/paedyl01/disk1/yangyxt/public_data/VEP_plugins_caches/MaveDB/csv/urn-mavedb-00000229-a-2.scores.csv
urn:mavedb:00000230-0-1	0.7213205187822447	3.888387791459937	0	mad90_all_variants	/paedyl01/disk1/yangyxt/public_data/VEP_plugins_caches/MaveDB/csv/urn-mavedb-00000230-0-1.scores.csv
urn:mavedb:00000230-a-1	-1.0267776780697517	1.4445760055523447	0	mad90_all_variants	/paedyl01/disk1/yangyxt/public_data/VEP_plugins_caches/MaveDB/csv/urn-mavedb-00000230-a-1.scores.csv
urn:mavedb:00000230-a-2	-1.2606835751349603	1.1848402594519771	0	mad90_all_variants	/paedyl01/disk1/yangyxt/public_data/VEP_plugins_caches/MaveDB/csv/urn-mavedb-00000230-a-2.scores.csv
urn:mavedb:00000231-0-1	-1.994828207242716	2.898791239898435	0	mad90_all_variants	/paedyl01/disk1/yangyxt/public_data/VEP_plugins_caches/MaveDB/csv/urn-mavedb-00000231-0-1.scores.csv
urn:mavedb:00000231-a-1	-1.7024027184317725	0.45729327977390877	0	mad90_all_variants	/paedyl01/disk1/yangyxt/public_data/VEP_plugins_caches/MaveDB/csv/urn-mavedb-00000231-a-1.scores.csv
urn:mavedb:00000231-a-2	-3.2046398053234055	-1.2235327760938173	0	mad90_all_variants	/paedyl01/disk1/yangyxt/public_data/VEP_plugins_caches/MaveDB/csv/urn-mavedb-00000231-a-2.scores.csv
urn:mavedb:00000232-0-1	-3.5922684053974696	5.772760425057303	0	mad90_all_variants	/paedyl01/disk1/yangyxt/public_data/VEP_plugins_caches/MaveDB/csv/urn-mavedb-00000232-0-1.scores.csv
urn:mavedb:00000232-a-1	-2.167521068944934	1.96324217771994	0	mad90_all_variants	/paedyl01/disk1/yangyxt/public_data/VEP_plugins_caches/MaveDB/csv/urn-mavedb-00000232-a-1.scores.csv
urn:mavedb:00000232-a-2	-3.4414267485195986	0.7061529905361765	0	mad90_all_variants	/paedyl01/disk1/yangyxt/public_data/VEP_plugins_caches/MaveDB/csv/urn-mavedb-00000232-a-2.scores.csv
urn:mavedb:00000233-0-1	-1.4009897061614973	2.2115494824094517	0	mad90_all_variants	/paedyl01/disk1/yangyxt/public_data/VEP_plugins_caches/MaveDB/csv/urn-mavedb-00000233-0-1.scores.csv
urn:mavedb:00000233-a-1	-1.5038776714289805	0.2066827572913369	0	mad90_all_variants	/paedyl01/disk1/yangyxt/public_data/VEP_plugins_caches/MaveDB/csv/urn-mavedb-00000233-a-1.scores.csv
urn:mavedb:00000233-a-2	-2.6834423650473918	-1.2152095868954256	0	mad90_all_variants	/paedyl01/disk1/yangyxt/public_data/VEP_plugins_caches/MaveDB/csv/urn-mavedb-00000233-a-2.scores.csv
urn:mavedb:00000234-0-1	-0.6421567361267171	4.005061075184975	0	mad90_all_variants	/paedyl01/disk1/yangyxt/public_data/VEP_plugins_caches/MaveDB/csv/urn-mavedb-00000234-0-1.scores.csv
urn:mavedb:00000234-a-1	-1.236835135730086	2.2786482272036195	0	mad90_all_variants	/paedyl01/disk1/yangyxt/public_data/VEP_plugins_caches/MaveDB/csv/urn-mavedb-00000234-a-1.scores.csv
urn:mavedb:00000234-a-2	-2.3210913095349497	0.9133951033922831	0	mad90_all_variants	/paedyl01/disk1/yangyxt/public_data/VEP_plugins_caches/MaveDB/csv/urn-mavedb-00000234-a-2.scores.csv
urn:mavedb:00000235-0-1	3.483146696534527	5.235844109199162	0	mad90_all_variants	/paedyl01/disk1/yangyxt/public_data/VEP_plugins_caches/MaveDB/csv/urn-mavedb-00000235-0-1.scores.csv
urn:mavedb:00000235-a-1	1.2152005462372917	2.4938144940861284	0	mad90_all_variants	/paedyl01/disk1/yangyxt/public_data/VEP_plugins_caches/MaveDB/csv/urn-mavedb-00000235-a-1.scores.csv
urn:mavedb:00000235-a-2	0.21676597042434664	1.3403361983231568	0	mad90_all_variants	/paedyl01/disk1/yangyxt/public_data/VEP_plugins_caches/MaveDB/csv/urn-mavedb-00000235-a-2.scores.csv
urn:mavedb:00000236-0-1	2.5944816641270436	3.590443313779225	0	mad90_all_variants	/paedyl01/disk1/yangyxt/public_data/VEP_plugins_caches/MaveDB/csv/urn-mavedb-00000236-0-1.scores.csv
urn:mavedb:00000236-a-1	0.8366103705190859	1.4571752950168384	0	mad90_all_variants	/paedyl01/disk1/yangyxt/public_data/VEP_plugins_caches/MaveDB/csv/urn-mavedb-00000236-a-1.scores.csv
urn:mavedb:00000236-a-2	-0.6212029605206004	0.15790816217388376	0	mad90_all_variants	/paedyl01/disk1/yangyxt/public_data/VEP_plugins_caches/MaveDB/csv/urn-mavedb-00000236-a-2.scores.csv
urn:mavedb:00000237-0-1	2.3612083690082604	4.1439669929219125	0	mad90_all_variants	/paedyl01/disk1/yangyxt/public_data/VEP_plugins_caches/MaveDB/csv/urn-mavedb-00000237-0-1.scores.csv
urn:mavedb:00000237-a-1	0.5848303145751147	1.8249151860286466	0	mad90_all_variants	/paedyl01/disk1/yangyxt/public_data/VEP_plugins_caches/MaveDB/csv/urn-mavedb-00000237-a-1.scores.csv
urn:mavedb:00000237-a-2	-0.8019965140013934	0.47097746713476146	0	mad90_all_variants	/paedyl01/disk1/yangyxt/public_data/VEP_plugins_caches/MaveDB/csv/urn-mavedb-00000237-a-2.scores.csv
urn:mavedb:00000238-0-1	0.15885350650745855	1.6704418797378224	0	mad90_all_variants	/paedyl01/disk1/yangyxt/public_data/VEP_plugins_caches/MaveDB/csv/urn-mavedb-00000238-0-1.scores.csv
urn:mavedb:00000238-a-1	-1.0763367973557543	-0.042944724288552116	0	mad90_all_variants	/paedyl01/disk1/yangyxt/public_data/VEP_plugins_caches/MaveDB/csv/urn-mavedb-00000238-a-1.scores.csv
urn:mavedb:00000238-a-2	-1.9301337231217612	-0.9563393659394174	0	mad90_all_variants	/paedyl01/disk1/yangyxt/public_data/VEP_plugins_caches/MaveDB/csv/urn-mavedb-00000238-a-2.scores.csv
urn:mavedb:00000239-0-1	1.2337169857635764	3.7291710968552993	0	mad90_all_variants	/paedyl01/disk1/yangyxt/public_data/VEP_plugins_caches/MaveDB/csv/urn-mavedb-00000239-0-1.scores.csv
urn:mavedb:00000239-a-1	-0.24471747971111002	1.4890892744319721	0	mad90_all_variants	/paedyl01/disk1/yangyxt/public_data/VEP_plugins_caches/MaveDB/csv/urn-mavedb-00000239-a-1.scores.csv
urn:mavedb:00000239-a-2	-0.5698112865837576	0.9957022837700141	0	mad90_all_variants	/paedyl01/disk1/yangyxt/public_data/VEP_plugins_caches/MaveDB/csv/urn-mavedb-00000239-a-2.scores.csv
urn:mavedb:00000240-0-1	-1.2715445807606038	2.85505311351253	0	mad90_all_variants	/paedyl01/disk1/yangyxt/public_data/VEP_plugins_caches/MaveDB/csv/urn-mavedb-00000240-0-1.scores.csv
urn:mavedb:00000240-a-1	-1.7069873605939598	0.609737138470923	0	mad90_all_variants	/paedyl01/disk1/yangyxt/public_data/VEP_plugins_caches/MaveDB/csv/urn-mavedb-00000240-a-1.scores.csv
urn:mavedb:00000240-a-2	-2.540387638717746	-0.4185164710066289	0	mad90_all_variants	/paedyl01/disk1/yangyxt/public_data/VEP_plugins_caches/MaveDB/csv/urn-mavedb-00000240-a-2.scores.csv
urn:mavedb:00000241-0-1	0.3026093467545201	3.9178003621518926	0	mad90_all_variants	/paedyl01/disk1/yangyxt/public_data/VEP_plugins_caches/MaveDB/csv/urn-mavedb-00000241-0-1.scores.csv
urn:mavedb:00000241-a-1	-0.808920403596114	1.2751204818323258	0	mad90_all_variants	/paedyl01/disk1/yangyxt/public_data/VEP_plugins_caches/MaveDB/csv/urn-mavedb-00000241-a-1.scores.csv
urn:mavedb:00000241-a-2	-1.8540349417838393	0.9162510355379653	0	mad90_all_variants	/paedyl01/disk1/yangyxt/public_data/VEP_plugins_caches/MaveDB/csv/urn-mavedb-00000241-a-2.scores.csv
urn:mavedb:00000242-0-1	0.610332906154804	4.248323662297996	0	mad90_all_variants	/paedyl01/disk1/yangyxt/public_data/VEP_plugins_caches/MaveDB/csv/urn-mavedb-00000242-0-1.scores.csv
urn:mavedb:00000242-a-1	-0.7816786887300958	1.7604484199159112	0	mad90_all_variants	/paedyl01/disk1/yangyxt/public_data/VEP_plugins_caches/MaveDB/csv/urn-mavedb-00000242-a-1.scores.csv
urn:mavedb:00000242-a-2	-1.978025635759192	0.7451227092297495	0	mad90_all_variants	/paedyl01/disk1/yangyxt/public_data/VEP_plugins_caches/MaveDB/csv/urn-mavedb-00000242-a-2.scores.csv
urn:mavedb:00000243-0-1	0.07519813710711909	4.014492588251739	0	mad90_all_variants	/paedyl01/disk1/yangyxt/public_data/VEP_plugins_caches/MaveDB/csv/urn-mavedb-00000243-0-1.scores.csv
urn:mavedb:00000243-a-1	-1.083165972829193	1.7430271849242156	0	mad90_all_variants	/paedyl01/disk1/yangyxt/public_data/VEP_plugins_caches/MaveDB/csv/urn-mavedb-00000243-a-1.scores.csv
urn:mavedb:00000243-a-2	-2.231335333475727	0.5410784819944152	0	mad90_all_variants	/paedyl01/disk1/yangyxt/public_data/VEP_plugins_caches/MaveDB/csv/urn-mavedb-00000243-a-2.scores.csv
urn:mavedb:00000244-0-1	0.6295782335759057	4.611546713755245	0	mad90_all_variants	/paedyl01/disk1/yangyxt/public_data/VEP_plugins_caches/MaveDB/csv/urn-mavedb-00000244-0-1.scores.csv
urn:mavedb:00000244-a-1	-0.7190345070038077	2.015146357877272	0	mad90_all_variants	/paedyl01/disk1/yangyxt/public_data/VEP_plugins_caches/MaveDB/csv/urn-mavedb-00000244-a-1.scores.csv
urn:mavedb:00000244-a-2	-1.9801335684889159	0.8495427970585574	0	mad90_all_variants	/paedyl01/disk1/yangyxt/public_data/VEP_plugins_caches/MaveDB/csv/urn-mavedb-00000244-a-2.scores.csv
urn:mavedb:00000245-0-1	0.399882461065417	4.386135105400658	0	mad90_all_variants	/paedyl01/disk1/yangyxt/public_data/VEP_plugins_caches/MaveDB/csv/urn-mavedb-00000245-0-1.scores.csv
urn:mavedb:00000245-a-1	-0.8274087024889258	1.9034858833177482	0	mad90_all_variants	/paedyl01/disk1/yangyxt/public_data/VEP_plugins_caches/MaveDB/csv/urn-mavedb-00000245-a-1.scores.csv
urn:mavedb:00000245-a-2	-2.1615611335034854	0.7809714275938249	0	mad90_all_variants	/paedyl01/disk1/yangyxt/public_data/VEP_plugins_caches/MaveDB/csv/urn-mavedb-00000245-a-2.scores.csv
urn:mavedb:00000246-0-1	-0.7349089742451524	3.7303122869568477	0	mad90_all_variants	/paedyl01/disk1/yangyxt/public_data/VEP_plugins_caches/MaveDB/csv/urn-mavedb-00000246-0-1.scores.csv
urn:mavedb:00000246-a-1	-1.8081087721726212	1.0013737118925294	0	mad90_all_variants	/paedyl01/disk1/yangyxt/public_data/VEP_plugins_caches/MaveDB/csv/urn-mavedb-00000246-a-1.scores.csv
urn:mavedb:00000246-a-2	-1.9407234912349913	0.8500172053108261	0	mad90_all_variants	/paedyl01/disk1/yangyxt/public_data/VEP_plugins_caches/MaveDB/csv/urn-mavedb-00000246-a-2.scores.csv
urn:mavedb:00000247-0-1	2.0260761405298218	3.604516822844739	0	mad90_all_variants	/paedyl01/disk1/yangyxt/public_data/VEP_plugins_caches/MaveDB/csv/urn-mavedb-00000247-0-1.scores.csv
urn:mavedb:00000247-a-1	0.3361952294849838	1.5760259159813708	0	mad90_all_variants	/paedyl01/disk1/yangyxt/public_data/VEP_plugins_caches/MaveDB/csv/urn-mavedb-00000247-a-1.scores.csv
urn:mavedb:00000247-a-2	1.1617717732887924	1.808909024765938	0	mad90_all_variants	/paedyl01/disk1/yangyxt/public_data/VEP_plugins_caches/MaveDB/csv/urn-mavedb-00000247-a-2.scores.csv
urn:mavedb:00000248-0-1	-2.1789158707909193	3.856012474252111	0	mad90_all_variants	/paedyl01/disk1/yangyxt/public_data/VEP_plugins_caches/MaveDB/csv/urn-mavedb-00000248-0-1.scores.csv
urn:mavedb:00000248-a-1	-2.2364931707694904	0.6682267481351665	0	mad90_all_variants	/paedyl01/disk1/yangyxt/public_data/VEP_plugins_caches/MaveDB/csv/urn-mavedb-00000248-a-1.scores.csv
urn:mavedb:00000248-a-2	-3.4133185750407993	-0.452803090248985	0	mad90_all_variants	/paedyl01/disk1/yangyxt/public_data/VEP_plugins_caches/MaveDB/csv/urn-mavedb-00000248-a-2.scores.csv
urn:mavedb:00000249-0-1	2.939720185302476	4.888016352767113	0	mad90_all_variants	/paedyl01/disk1/yangyxt/public_data/VEP_plugins_caches/MaveDB/csv/urn-mavedb-00000249-0-1.scores.csv
urn:mavedb:00000249-a-1	0.6391201844564203	2.1178317699318514	0	mad90_all_variants	/paedyl01/disk1/yangyxt/public_data/VEP_plugins_caches/MaveDB/csv/urn-mavedb-00000249-a-1.scores.csv
urn:mavedb:00000249-a-2	-0.5567127790205251	0.7877583315645762	0	mad90_all_variants	/paedyl01/disk1/yangyxt/public_data/VEP_plugins_caches/MaveDB/csv/urn-mavedb-00000249-a-2.scores.csv
urn:mavedb:00000250-0-1	0.6849827570113668	1.9607715486091766	0	mad90_all_variants	/paedyl01/disk1/yangyxt/public_data/VEP_plugins_caches/MaveDB/csv/urn-mavedb-00000250-0-1.scores.csv
urn:mavedb:00000250-a-1	-0.8335091942375545	-0.09943800496773114	0	mad90_all_variants	/paedyl01/disk1/yangyxt/public_data/VEP_plugins_caches/MaveDB/csv/urn-mavedb-00000250-a-1.scores.csv
urn:mavedb:00000250-a-2	-1.5663989808299377	-0.6977263454079603	0	mad90_all_variants	/paedyl01/disk1/yangyxt/public_data/VEP_plugins_caches/MaveDB/csv/urn-mavedb-00000250-a-2.scores.csv
urn:mavedb:00000251-0-1	1.360908915130051	4.1195938389698705	0	mad90_all_variants	/paedyl01/disk1/yangyxt/public_data/VEP_plugins_caches/MaveDB/csv/urn-mavedb-00000251-0-1.scores.csv
urn:mavedb:00000251-a-1	-0.6609994485897464	1.5191367983350277	0	mad90_all_variants	/paedyl01/disk1/yangyxt/public_data/VEP_plugins_caches/MaveDB/csv/urn-mavedb-00000251-a-1.scores.csv
urn:mavedb:00000251-a-2	-1.643589269210953	0.3526963926813771	0	mad90_all_variants	/paedyl01/disk1/yangyxt/public_data/VEP_plugins_caches/MaveDB/csv/urn-mavedb-00000251-a-2.scores.csv
urn:mavedb:00000252-0-1	-0.22983414185834894	5.3042669018647	0	mad90_all_variants	/paedyl01/disk1/yangyxt/public_data/VEP_plugins_caches/MaveDB/csv/urn-mavedb-00000252-0-1.scores.csv
urn:mavedb:00000252-a-1	-1.4866541358776237	2.272784977809664	0	mad90_all_variants	/paedyl01/disk1/yangyxt/public_data/VEP_plugins_caches/MaveDB/csv/urn-mavedb-00000252-a-1.scores.csv
urn:mavedb:00000252-a-2	-2.7253506474370246	1.195478437366213	0	mad90_all_variants	/paedyl01/disk1/yangyxt/public_data/VEP_plugins_caches/MaveDB/csv/urn-mavedb-00000252-a-2.scores.csv
urn:mavedb:00000253-0-1	-0.8852058415171674	1.5423715141178485	0	mad90_all_variants	/paedyl01/disk1/yangyxt/public_data/VEP_plugins_caches/MaveDB/csv/urn-mavedb-00000253-0-1.scores.csv
urn:mavedb:00000253-a-1	-1.419207131234244	-0.47473933758835446	0	mad90_all_variants	/paedyl01/disk1/yangyxt/public_data/VEP_plugins_caches/MaveDB/csv/urn-mavedb-00000253-a-1.scores.csv
urn:mavedb:00000253-a-2	-1.6385892344211856	-0.5233363234891449	0	mad90_all_variants	/paedyl01/disk1/yangyxt/public_data/VEP_plugins_caches/MaveDB/csv/urn-mavedb-00000253-a-2.scores.csv
urn:mavedb:00000254-0-1	1.1840837685696934	4.742579003933859	0	mad90_all_variants	/paedyl01/disk1/yangyxt/public_data/VEP_plugins_caches/MaveDB/csv/urn-mavedb-00000254-0-1.scores.csv
urn:mavedb:00000254-a-1	-0.17346902289241628	2.2953464354744213	0	mad90_all_variants	/paedyl01/disk1/yangyxt/public_data/VEP_plugins_caches/MaveDB/csv/urn-mavedb-00000254-a-1.scores.csv
urn:mavedb:00000254-a-2	-1.4985728655106156	1.1014354385979555	0	mad90_all_variants	/paedyl01/disk1/yangyxt/public_data/VEP_plugins_caches/MaveDB/csv/urn-mavedb-00000254-a-2.scores.csv
urn:mavedb:00000255-0-1	-0.5516681087806228	2.552344388112197	0	mad90_all_variants	/paedyl01/disk1/yangyxt/public_data/VEP_plugins_caches/MaveDB/csv/urn-mavedb-00000255-0-1.scores.csv
urn:mavedb:00000255-a-1	-1.9007778888869926	-0.016359304924958518	0	mad90_all_variants	/paedyl01/disk1/yangyxt/public_data/VEP_plugins_caches/MaveDB/csv/urn-mavedb-00000255-a-1.scores.csv
urn:mavedb:00000255-a-2	-2.729330834194121	-0.8499087674269933	0	mad90_all_variants	/paedyl01/disk1/yangyxt/public_data/VEP_plugins_caches/MaveDB/csv/urn-mavedb-00000255-a-2.scores.csv
urn:mavedb:00000256-0-1	-0.3903332886863422	3.05359879830113	0	mad90_all_variants	/paedyl01/disk1/yangyxt/public_data/VEP_plugins_caches/MaveDB/csv/urn-mavedb-00000256-0-1.scores.csv
urn:mavedb:00000256-a-1	-1.463643025314483	0.7035059819347664	0	mad90_all_variants	/paedyl01/disk1/yangyxt/public_data/VEP_plugins_caches/MaveDB/csv/urn-mavedb-00000256-a-1.scores.csv
urn:mavedb:00000256-a-2	-2.1178181569066927	-0.056755756559798254	0	mad90_all_variants	/paedyl01/disk1/yangyxt/public_data/VEP_plugins_caches/MaveDB/csv/urn-mavedb-00000256-a-2.scores.csv
urn:mavedb:00000257-0-1	-0.40258692784170336	4.487413111791713	0	mad90_all_variants	/paedyl01/disk1/yangyxt/public_data/VEP_plugins_caches/MaveDB/csv/urn-mavedb-00000257-0-1.scores.csv
urn:mavedb:00000257-a-1	-1.565415442272462	1.920436370268816	0	mad90_all_variants	/paedyl01/disk1/yangyxt/public_data/VEP_plugins_caches/MaveDB/csv/urn-mavedb-00000257-a-1.scores.csv
urn:mavedb:00000257-a-2	-2.686334008303733	0.7933659059817825	0	mad90_all_variants	/paedyl01/disk1/yangyxt/public_data/VEP_plugins_caches/MaveDB/csv/urn-mavedb-00000257-a-2.scores.csv
urn:mavedb:00000258-0-1	-0.5675571115642228	2.926635239571148	0	mad90_all_variants	/paedyl01/disk1/yangyxt/public_data/VEP_plugins_caches/MaveDB/csv/urn-mavedb-00000258-0-1.scores.csv
urn:mavedb:00000258-a-1	-1.4357327237703696	0.5266904948352608	0	mad90_all_variants	/paedyl01/disk1/yangyxt/public_data/VEP_plugins_caches/MaveDB/csv/urn-mavedb-00000258-a-1.scores.csv
urn:mavedb:00000258-a-2	-2.568030148542567	-0.40460123797777325	0	mad90_all_variants	/paedyl01/disk1/yangyxt/public_data/VEP_plugins_caches/MaveDB/csv/urn-mavedb-00000258-a-2.scores.csv
urn:mavedb:00000259-0-1	-1.6489506087620842	3.170551508799636	0	mad90_all_variants	/paedyl01/disk1/yangyxt/public_data/VEP_plugins_caches/MaveDB/csv/urn-mavedb-00000259-0-1.scores.csv
urn:mavedb:00000259-a-1	-2.044368341959354	0.4554158243102505	0	mad90_all_variants	/paedyl01/disk1/yangyxt/public_data/VEP_plugins_caches/MaveDB/csv/urn-mavedb-00000259-a-1.scores.csv
urn:mavedb:00000259-a-2	-2.944263569546783	-1.038275373061639	0	mad90_all_variants	/paedyl01/disk1/yangyxt/public_data/VEP_plugins_caches/MaveDB/csv/urn-mavedb-00000259-a-2.scores.csv
urn:mavedb:00000260-0-1	-0.26744366124036345	2.3562606084688746	0	mad90_all_variants	/paedyl01/disk1/yangyxt/public_data/VEP_plugins_caches/MaveDB/csv/urn-mavedb-00000260-0-1.scores.csv
urn:mavedb:00000260-a-1	-0.7162884566469689	0.8262471934962679	0	mad90_all_variants	/paedyl01/disk1/yangyxt/public_data/VEP_plugins_caches/MaveDB/csv/urn-mavedb-00000260-a-1.scores.csv
urn:mavedb:00000260-a-2	-2.1000346946844983	-0.516878755410848	0	mad90_all_variants	/paedyl01/disk1/yangyxt/public_data/VEP_plugins_caches/MaveDB/csv/urn-mavedb-00000260-a-2.scores.csv
urn:mavedb:00000261-0-1	0.28942353910594143	5.076098389676922	0	mad90_all_variants	/paedyl01/disk1/yangyxt/public_data/VEP_plugins_caches/MaveDB/csv/urn-mavedb-00000261-0-1.scores.csv
urn:mavedb:00000261-a-1	-1.351162786795685	2.012532489622842	0	mad90_all_variants	/paedyl01/disk1/yangyxt/public_data/VEP_plugins_caches/MaveDB/csv/urn-mavedb-00000261-a-1.scores.csv
urn:mavedb:00000261-a-2	-2.221238133001409	1.1549779607408173	0	mad90_all_variants	/paedyl01/disk1/yangyxt/public_data/VEP_plugins_caches/MaveDB/csv/urn-mavedb-00000261-a-2.scores.csv
urn:mavedb:00000262-0-1	-0.22032615511976705	3.0406828598754156	0	mad90_all_variants	/paedyl01/disk1/yangyxt/public_data/VEP_plugins_caches/MaveDB/csv/urn-mavedb-00000262-0-1.scores.csv
urn:mavedb:00000262-a-1	-1.5228670390025678	0.6024938479791968	0	mad90_all_variants	/paedyl01/disk1/yangyxt/public_data/VEP_plugins_caches/MaveDB/csv/urn-mavedb-00000262-a-1.scores.csv
urn:mavedb:00000262-a-2	-2.4194310974604303	-0.326166624445132	0	mad90_all_variants	/paedyl01/disk1/yangyxt/public_data/VEP_plugins_caches/MaveDB/csv/urn-mavedb-00000262-a-2.scores.csv
urn:mavedb:00000263-0-1	0.06045202736317146	2.9807784156322916	0	mad90_all_variants	/paedyl01/disk1/yangyxt/public_data/VEP_plugins_caches/MaveDB/csv/urn-mavedb-00000263-0-1.scores.csv
urn:mavedb:00000263-a-1	-1.4403258496265072	0.5132350673654964	0	mad90_all_variants	/paedyl01/disk1/yangyxt/public_data/VEP_plugins_caches/MaveDB/csv/urn-mavedb-00000263-a-1.scores.csv
urn:mavedb:00000263-a-2	-2.236743131112398	-0.31484085151541297	0	mad90_all_variants	/paedyl01/disk1/yangyxt/public_data/VEP_plugins_caches/MaveDB/csv/urn-mavedb-00000263-a-2.scores.csv
urn:mavedb:00000264-0-1	3.701996302012465	5.381500490157065	0	mad90_all_variants	/paedyl01/disk1/yangyxt/public_data/VEP_plugins_caches/MaveDB/csv/urn-mavedb-00000264-0-1.scores.csv
urn:mavedb:00000264-a-1	1.501721139450755	2.657145109744847	0	mad90_all_variants	/paedyl01/disk1/yangyxt/public_data/VEP_plugins_caches/MaveDB/csv/urn-mavedb-00000264-a-1.scores.csv
urn:mavedb:00000264-a-2	0.8311974376406224	1.6062763082914349	0	mad90_all_variants	/paedyl01/disk1/yangyxt/public_data/VEP_plugins_caches/MaveDB/csv/urn-mavedb-00000264-a-2.scores.csv
urn:mavedb:00000265-0-1	-1.635393645247102	3.0327828163768475	0	mad90_all_variants	/paedyl01/disk1/yangyxt/public_data/VEP_plugins_caches/MaveDB/csv/urn-mavedb-00000265-0-1.scores.csv
urn:mavedb:00000265-a-1	-1.7633900850960855	0.47074325309000287	0	mad90_all_variants	/paedyl01/disk1/yangyxt/public_data/VEP_plugins_caches/MaveDB/csv/urn-mavedb-00000265-a-1.scores.csv
urn:mavedb:00000265-a-2	-2.2622525990978506	-0.16972134872152567	0	mad90_all_variants	/paedyl01/disk1/yangyxt/public_data/VEP_plugins_caches/MaveDB/csv/urn-mavedb-00000265-a-2.scores.csv
urn:mavedb:00000266-0-1	-1.0019446654455522	2.7977068968087524	0	mad90_all_variants	/paedyl01/disk1/yangyxt/public_data/VEP_plugins_caches/MaveDB/csv/urn-mavedb-00000266-0-1.scores.csv
urn:mavedb:00000266-a-1	-1.5332773042151857	0.6349769089753943	0	mad90_all_variants	/paedyl01/disk1/yangyxt/public_data/VEP_plugins_caches/MaveDB/csv/urn-mavedb-00000266-a-1.scores.csv
urn:mavedb:00000266-a-2	-2.213181197868887	-0.1077668526760811	0	mad90_all_variants	/paedyl01/disk1/yangyxt/public_data/VEP_plugins_caches/MaveDB/csv/urn-mavedb-00000266-a-2.scores.csv
urn:mavedb:00000267-0-1	-1.6623996101691048	4.568323064765799	0	mad90_all_variants	/paedyl01/disk1/yangyxt/public_data/VEP_plugins_caches/MaveDB/csv/urn-mavedb-00000267-0-1.scores.csv
urn:mavedb:00000267-a-1	-2.0217836279813683	1.8379806184735819	0	mad90_all_variants	/paedyl01/disk1/yangyxt/public_data/VEP_plugins_caches/MaveDB/csv/urn-mavedb-00000267-a-1.scores.csv
urn:mavedb:00000267-a-2	-3.39671197266495	0.2314205253591206	0	mad90_all_variants	/paedyl01/disk1/yangyxt/public_data/VEP_plugins_caches/MaveDB/csv/urn-mavedb-00000267-a-2.scores.csv
urn:mavedb:00000268-0-1	-0.8906294011214175	3.7921203622095385	0	mad90_all_variants	/paedyl01/disk1/yangyxt/public_data/VEP_plugins_caches/MaveDB/csv/urn-mavedb-00000268-0-1.scores.csv
urn:mavedb:00000268-a-1	-0.9126818733044986	1.8318340729221623	0	mad90_all_variants	/paedyl01/disk1/yangyxt/public_data/VEP_plugins_caches/MaveDB/csv/urn-mavedb-00000268-a-1.scores.csv
urn:mavedb:00000268-a-2	-2.4991433776383283	0.40273742949314295	0	mad90_all_variants	/paedyl01/disk1/yangyxt/public_data/VEP_plugins_caches/MaveDB/csv/urn-mavedb-00000268-a-2.scores.csv
urn:mavedb:00000269-0-1	-0.6700356701985148	3.094320128388998	0	mad90_all_variants	/paedyl01/disk1/yangyxt/public_data/VEP_plugins_caches/MaveDB/csv/urn-mavedb-00000269-0-1.scores.csv
urn:mavedb:00000269-a-1	-1.8896507895912695	0.6533756026827733	0	mad90_all_variants	/paedyl01/disk1/yangyxt/public_data/VEP_plugins_caches/MaveDB/csv/urn-mavedb-00000269-a-1.scores.csv
urn:mavedb:00000269-a-2	-2.5318000707530057	-0.06494990824875835	0	mad90_all_variants	/paedyl01/disk1/yangyxt/public_data/VEP_plugins_caches/MaveDB/csv/urn-mavedb-00000269-a-2.scores.csv
urn:mavedb:00000270-0-1	-0.9241203493972061	5.711470965405294	0	mad90_all_variants	/paedyl01/disk1/yangyxt/public_data/VEP_plugins_caches/MaveDB/csv/urn-mavedb-00000270-0-1.scores.csv
urn:mavedb:00000270-a-1	-1.978862666072884	2.51704813194863	0	mad90_all_variants	/paedyl01/disk1/yangyxt/public_data/VEP_plugins_caches/MaveDB/csv/urn-mavedb-00000270-a-1.scores.csv
urn:mavedb:00000270-a-2	-2.9946075506152408	1.550086685419281	0	mad90_all_variants	/paedyl01/disk1/yangyxt/public_data/VEP_plugins_caches/MaveDB/csv/urn-mavedb-00000270-a-2.scores.csv
urn:mavedb:00000271-0-1	0.5167971033786254	3.4020658256977088	0	mad90_all_variants	/paedyl01/disk1/yangyxt/public_data/VEP_plugins_caches/MaveDB/csv/urn-mavedb-00000271-0-1.scores.csv
urn:mavedb:00000271-a-1	-0.8410899567810223	1.399929172891301	0	mad90_all_variants	/paedyl01/disk1/yangyxt/public_data/VEP_plugins_caches/MaveDB/csv/urn-mavedb-00000271-a-1.scores.csv
urn:mavedb:00000271-a-2	-2.3168280133956483	-0.2593181207930362	0	mad90_all_variants	/paedyl01/disk1/yangyxt/public_data/VEP_plugins_caches/MaveDB/csv/urn-mavedb-00000271-a-2.scores.csv
urn:mavedb:00000272-0-1	-0.8848830838221845	2.2584259649517855	0	mad90_all_variants	/paedyl01/disk1/yangyxt/public_data/VEP_plugins_caches/MaveDB/csv/urn-mavedb-00000272-0-1.scores.csv
urn:mavedb:00000272-a-1	-1.4557504319270542	0.17970119297493392	0	mad90_all_variants	/paedyl01/disk1/yangyxt/public_data/VEP_plugins_caches/MaveDB/csv/urn-mavedb-00000272-a-1.scores.csv
urn:mavedb:00000272-a-2	-2.8830599025574446	-1.0875415168919553	0	mad90_all_variants	/paedyl01/disk1/yangyxt/public_data/VEP_plugins_caches/MaveDB/csv/urn-mavedb-00000272-a-2.scores.csv
urn:mavedb:00000273-0-1	-0.7450728865502498	4.5154195729203135	0	mad90_all_variants	/paedyl01/disk1/yangyxt/public_data/VEP_plugins_caches/MaveDB/csv/urn-mavedb-00000273-0-1.scores.csv
urn:mavedb:00000273-a-1	-1.6093604963834018	2.048483339885105	0	mad90_all_variants	/paedyl01/disk1/yangyxt/public_data/VEP_plugins_caches/MaveDB/csv/urn-mavedb-00000273-a-1.scores.csv
urn:mavedb:00000273-a-2	-2.8900980219961214	0.7729762700785445	0	mad90_all_variants	/paedyl01/disk1/yangyxt/public_data/VEP_plugins_caches/MaveDB/csv/urn-mavedb-00000273-a-2.scores.csv
urn:mavedb:00000274-0-1	3.6365922635521017	7.97494976193572	0	mad90_all_variants	/paedyl01/disk1/yangyxt/public_data/VEP_plugins_caches/MaveDB/csv/urn-mavedb-00000274-0-1.scores.csv
urn:mavedb:00000274-a-1	1.6685289723487868	2.7491288602771267	0	mad90_all_variants	/paedyl01/disk1/yangyxt/public_data/VEP_plugins_caches/MaveDB/csv/urn-mavedb-00000274-a-1.scores.csv
urn:mavedb:00000274-a-2	0.9947042073293769	2.023094379055802	0	mad90_all_variants	/paedyl01/disk1/yangyxt/public_data/VEP_plugins_caches/MaveDB/csv/urn-mavedb-00000274-a-2.scores.csv
urn:mavedb:00000275-0-1	-0.0870824419569578	4.194627743296157	0	mad90_all_variants	/paedyl01/disk1/yangyxt/public_data/VEP_plugins_caches/MaveDB/csv/urn-mavedb-00000275-0-1.scores.csv
urn:mavedb:00000275-a-1	-1.5085369782389642	1.2626011838023163	0	mad90_all_variants	/paedyl01/disk1/yangyxt/public_data/VEP_plugins_caches/MaveDB/csv/urn-mavedb-00000275-a-1.scores.csv
urn:mavedb:00000275-a-2	-2.306565818553624	0.7707114894316143	0	mad90_all_variants	/paedyl01/disk1/yangyxt/public_data/VEP_plugins_caches/MaveDB/csv/urn-mavedb-00000275-a-2.scores.csv
urn:mavedb:00000276-0-1	-0.5270814191157465	3.2928253632112012	0	mad90_all_variants	/paedyl01/disk1/yangyxt/public_data/VEP_plugins_caches/MaveDB/csv/urn-mavedb-00000276-0-1.scores.csv
urn:mavedb:00000276-a-1	-1.7902160094653352	0.5948621788327587	0	mad90_all_variants	/paedyl01/disk1/yangyxt/public_data/VEP_plugins_caches/MaveDB/csv/urn-mavedb-00000276-a-1.scores.csv
urn:mavedb:00000276-a-2	-2.3249696589988105	0.13332804338262894	0	mad90_all_variants	/paedyl01/disk1/yangyxt/public_data/VEP_plugins_caches/MaveDB/csv/urn-mavedb-00000276-a-2.scores.csv
urn:mavedb:00000277-0-1	0.14075896849844538	5.067173363086299	0	mad90_all_variants	/paedyl01/disk1/yangyxt/public_data/VEP_plugins_caches/MaveDB/csv/urn-mavedb-00000277-0-1.scores.csv
urn:mavedb:00000277-a-1	-1.2934711776762526	2.233507368625336	0	mad90_all_variants	/paedyl01/disk1/yangyxt/public_data/VEP_plugins_caches/MaveDB/csv/urn-mavedb-00000277-a-1.scores.csv
urn:mavedb:00000277-a-2	-2.5556289796346325	1.1523674160252724	0	mad90_all_variants	/paedyl01/disk1/yangyxt/public_data/VEP_plugins_caches/MaveDB/csv/urn-mavedb-00000277-a-2.scores.csv
urn:mavedb:00000278-0-1	-2.5908213161151123	10.348256193346119	0	mad90_all_variants	/paedyl01/disk1/yangyxt/public_data/VEP_plugins_caches/MaveDB/csv/urn-mavedb-00000278-0-1.scores.csv
urn:mavedb:00000278-a-1	-0.3923132354248071	3.4344776514049187	0	mad90_all_variants	/paedyl01/disk1/yangyxt/public_data/VEP_plugins_caches/MaveDB/csv/urn-mavedb-00000278-a-1.scores.csv
urn:mavedb:00000278-a-2	-1.997827054327609	3.3608003491002068	0	mad90_all_variants	/paedyl01/disk1/yangyxt/public_data/VEP_plugins_caches/MaveDB/csv/urn-mavedb-00000278-a-2.scores.csv
urn:mavedb:00000279-0-1	0.27320525194245704	4.918415185850691	0	mad90_all_variants	/paedyl01/disk1/yangyxt/public_data/VEP_plugins_caches/MaveDB/csv/urn-mavedb-00000279-0-1.scores.csv
urn:mavedb:00000279-a-1	-0.6444807910034835	2.1570254660909223	0	mad90_all_variants	/paedyl01/disk1/yangyxt/public_data/VEP_plugins_caches/MaveDB/csv/urn-mavedb-00000279-a-1.scores.csv
urn:mavedb:00000279-a-2	-2.0084518274213154	1.370178196900806	0	mad90_all_variants	/paedyl01/disk1/yangyxt/public_data/VEP_plugins_caches/MaveDB/csv/urn-mavedb-00000279-a-2.scores.csv
urn:mavedb:00000280-0-1	-0.5699692524400226	3.239786207046414	0	mad90_all_variants	/paedyl01/disk1/yangyxt/public_data/VEP_plugins_caches/MaveDB/csv/urn-mavedb-00000280-0-1.scores.csv
urn:mavedb:00000280-a-1	-1.2669966505416324	1.02457722956914	0	mad90_all_variants	/paedyl01/disk1/yangyxt/public_data/VEP_plugins_caches/MaveDB/csv/urn-mavedb-00000280-a-1.scores.csv
urn:mavedb:00000280-a-2	-2.379504965644662	0.016828702071116863	0	mad90_all_variants	/paedyl01/disk1/yangyxt/public_data/VEP_plugins_caches/MaveDB/csv/urn-mavedb-00000280-a-2.scores.csv
urn:mavedb:00000281-0-1	0.17956310391366914	4.679755554647077	0	mad90_all_variants	/paedyl01/disk1/yangyxt/public_data/VEP_plugins_caches/MaveDB/csv/urn-mavedb-00000281-0-1.scores.csv
urn:mavedb:00000281-a-1	-1.0722485184240007	1.7063721309595006	0	mad90_all_variants	/paedyl01/disk1/yangyxt/public_data/VEP_plugins_caches/MaveDB/csv/urn-mavedb-00000281-a-1.scores.csv
urn:mavedb:00000281-a-2	-2.7647831667225153	0.8322278074488503	0	mad90_all_variants	/paedyl01/disk1/yangyxt/public_data/VEP_plugins_caches/MaveDB/csv/urn-mavedb-00000281-a-2.scores.csv
urn:mavedb:00000282-0-1	-2.446858241417656	5.68624997462897	0	mad90_all_variants	/paedyl01/disk1/yangyxt/public_data/VEP_plugins_caches/MaveDB/csv/urn-mavedb-00000282-0-1.scores.csv
urn:mavedb:00000282-a-1	-2.2473962390907016	2.485960546534949	0	mad90_all_variants	/paedyl01/disk1/yangyxt/public_data/VEP_plugins_caches/MaveDB/csv/urn-mavedb-00000282-a-1.scores.csv
urn:mavedb:00000282-a-2	-3.6649346855931704	1.3379823660826056	0	mad90_all_variants	/paedyl01/disk1/yangyxt/public_data/VEP_plugins_caches/MaveDB/csv/urn-mavedb-00000282-a-2.scores.csv
urn:mavedb:00000283-0-1	0.7339990800427298	2.9293901203019868	0	mad90_all_variants	/paedyl01/disk1/yangyxt/public_data/VEP_plugins_caches/MaveDB/csv/urn-mavedb-00000283-0-1.scores.csv
urn:mavedb:00000283-a-1	-1.0132482856586422	0.6018652369752088	0	mad90_all_variants	/paedyl01/disk1/yangyxt/public_data/VEP_plugins_caches/MaveDB/csv/urn-mavedb-00000283-a-1.scores.csv
urn:mavedb:00000283-a-2	-2.055403670215423	-0.4628688478615982	0	mad90_all_variants	/paedyl01/disk1/yangyxt/public_data/VEP_plugins_caches/MaveDB/csv/urn-mavedb-00000283-a-2.scores.csv
urn:mavedb:00000284-0-1	0.3728604574971701	6.279957700619935	0	mad90_all_variants	/paedyl01/disk1/yangyxt/public_data/VEP_plugins_caches/MaveDB/csv/urn-mavedb-00000284-0-1.scores.csv
urn:mavedb:00000284-a-1	-0.5024833295072055	3.002907313189371	0	mad90_all_variants	/paedyl01/disk1/yangyxt/public_data/VEP_plugins_caches/MaveDB/csv/urn-mavedb-00000284-a-1.scores.csv
urn:mavedb:00000284-a-2	-1.9927279666627622	2.2864504388516953	0	mad90_all_variants	/paedyl01/disk1/yangyxt/public_data/VEP_plugins_caches/MaveDB/csv/urn-mavedb-00000284-a-2.scores.csv
urn:mavedb:00000285-0-1	-0.7574140646650562	7.117008193009912	0	mad90_all_variants	/paedyl01/disk1/yangyxt/public_data/VEP_plugins_caches/MaveDB/csv/urn-mavedb-00000285-0-1.scores.csv
urn:mavedb:00000285-a-1	-1.3866275870649054	3.3949818004800902	0	mad90_all_variants	/paedyl01/disk1/yangyxt/public_data/VEP_plugins_caches/MaveDB/csv/urn-mavedb-00000285-a-1.scores.csv
urn:mavedb:00000285-a-2	-2.4481950426389645	2.5029956536637465	0	mad90_all_variants	/paedyl01/disk1/yangyxt/public_data/VEP_plugins_caches/MaveDB/csv/urn-mavedb-00000285-a-2.scores.csv
urn:mavedb:00000286-0-1	0.7052764100025231	4.804196111844005	0	mad90_all_variants	/paedyl01/disk1/yangyxt/public_data/VEP_plugins_caches/MaveDB/csv/urn-mavedb-00000286-0-1.scores.csv
urn:mavedb:00000286-a-1	-0.6382833994601094	1.9616939675306404	0	mad90_all_variants	/paedyl01/disk1/yangyxt/public_data/VEP_plugins_caches/MaveDB/csv/urn-mavedb-00000286-a-1.scores.csv
urn:mavedb:00000286-a-2	-1.8346603676959043	1.2611866736217907	0	mad90_all_variants	/paedyl01/disk1/yangyxt/public_data/VEP_plugins_caches/MaveDB/csv/urn-mavedb-00000286-a-2.scores.csv
urn:mavedb:00000287-0-1	-0.22116739697918986	4.561757289897631	0	mad90_all_variants	/paedyl01/disk1/yangyxt/public_data/VEP_plugins_caches/MaveDB/csv/urn-mavedb-00000287-0-1.scores.csv
urn:mavedb:00000287-a-1	-1.2682316586404294	1.9053912378530007	0	mad90_all_variants	/paedyl01/disk1/yangyxt/public_data/VEP_plugins_caches/MaveDB/csv/urn-mavedb-00000287-a-1.scores.csv
urn:mavedb:00000287-a-2	-2.3555534284278026	1.05913373022099	0	mad90_all_variants	/paedyl01/disk1/yangyxt/public_data/VEP_plugins_caches/MaveDB/csv/urn-mavedb-00000287-a-2.scores.csv
urn:mavedb:00000288-0-1	2.6752082793889356	3.914437671721693	0	mad90_all_variants	/paedyl01/disk1/yangyxt/public_data/VEP_plugins_caches/MaveDB/csv/urn-mavedb-00000288-0-1.scores.csv
urn:mavedb:00000288-a-1	0.709857799753179	1.7419036126135066	0	mad90_all_variants	/paedyl01/disk1/yangyxt/public_data/VEP_plugins_caches/MaveDB/csv/urn-mavedb-00000288-a-1.scores.csv
urn:mavedb:00000288-a-2	-0.27153939044991626	0.4839969768847757	0	mad90_all_variants	/paedyl01/disk1/yangyxt/public_data/VEP_plugins_caches/MaveDB/csv/urn-mavedb-00000288-a-2.scores.csv
urn:mavedb:00000289-0-1	3.2541273245681044	4.122399118135592	0	mad90_all_variants	/paedyl01/disk1/yangyxt/public_data/VEP_plugins_caches/MaveDB/csv/urn-mavedb-00000289-0-1.scores.csv
urn:mavedb:00000289-a-1	1.2369574127291671	1.8217026621977461	0	mad90_all_variants	/paedyl01/disk1/yangyxt/public_data/VEP_plugins_caches/MaveDB/csv/urn-mavedb-00000289-a-1.scores.csv
urn:mavedb:00000289-a-2	0.10615252027951311	0.6669434320445216	0	mad90_all_variants	/paedyl01/disk1/yangyxt/public_data/VEP_plugins_caches/MaveDB/csv/urn-mavedb-00000289-a-2.scores.csv
urn:mavedb:00000290-0-1	2.366576122929469	3.515769827840298	0	mad90_all_variants	/paedyl01/disk1/yangyxt/public_data/VEP_plugins_caches/MaveDB/csv/urn-mavedb-00000290-0-1.scores.csv
urn:mavedb:00000290-a-1	1.0157472008848831	1.8357359518724499	0	mad90_all_variants	/paedyl01/disk1/yangyxt/public_data/VEP_plugins_caches/MaveDB/csv/urn-mavedb-00000290-a-1.scores.csv
urn:mavedb:00000290-a-2	-0.05497123018064781	0.6430630063761116	0	mad90_all_variants	/paedyl01/disk1/yangyxt/public_data/VEP_plugins_caches/MaveDB/csv/urn-mavedb-00000290-a-2.scores.csv
urn:mavedb:00000291-0-1	2.35062393773665	4.065936718414579	0	mad90_all_variants	/paedyl01/disk1/yangyxt/public_data/VEP_plugins_caches/MaveDB/csv/urn-mavedb-00000291-0-1.scores.csv
urn:mavedb:00000291-a-1	0.06606105384490868	1.6618369728072486	0	mad90_all_variants	/paedyl01/disk1/yangyxt/public_data/VEP_plugins_caches/MaveDB/csv/urn-mavedb-00000291-a-1.scores.csv
urn:mavedb:00000291-a-2	-0.10422389549660704	0.9351470504138977	0	mad90_all_variants	/paedyl01/disk1/yangyxt/public_data/VEP_plugins_caches/MaveDB/csv/urn-mavedb-00000291-a-2.scores.csv
urn:mavedb:00000292-0-1	-0.5657315012618715	3.4857001754291606	0	mad90_all_variants	/paedyl01/disk1/yangyxt/public_data/VEP_plugins_caches/MaveDB/csv/urn-mavedb-00000292-0-1.scores.csv
urn:mavedb:00000292-a-1	-1.8172504547739496	0.875868562489024	0	mad90_all_variants	/paedyl01/disk1/yangyxt/public_data/VEP_plugins_caches/MaveDB/csv/urn-mavedb-00000292-a-1.scores.csv
urn:mavedb:00000292-a-2	-2.6568013792269194	-0.05361216419636072	0	mad90_all_variants	/paedyl01/disk1/yangyxt/public_data/VEP_plugins_caches/MaveDB/csv/urn-mavedb-00000292-a-2.scores.csv
urn:mavedb:00000293-0-1	-0.28656832839521096	3.0484027484456386	0	mad90_all_variants	/paedyl01/disk1/yangyxt/public_data/VEP_plugins_caches/MaveDB/csv/urn-mavedb-00000293-0-1.scores.csv
urn:mavedb:00000293-a-1	-0.7055793186530734	1.0807576422586214	0	mad90_all_variants	/paedyl01/disk1/yangyxt/public_data/VEP_plugins_caches/MaveDB/csv/urn-mavedb-00000293-a-1.scores.csv
urn:mavedb:00000293-a-2	-2.360467168805024	-0.12528931155670908	0	mad90_all_variants	/paedyl01/disk1/yangyxt/public_data/VEP_plugins_caches/MaveDB/csv/urn-mavedb-00000293-a-2.scores.csv
urn:mavedb:00000294-0-1	0.9870908813002173	3.8290844828645234	0	mad90_all_variants	/paedyl01/disk1/yangyxt/public_data/VEP_plugins_caches/MaveDB/csv/urn-mavedb-00000294-0-1.scores.csv
urn:mavedb:00000294-a-1	-1.0839360516221714	0.9894556222289017	0	mad90_all_variants	/paedyl01/disk1/yangyxt/public_data/VEP_plugins_caches/MaveDB/csv/urn-mavedb-00000294-a-1.scores.csv
urn:mavedb:00000294-a-2	-1.412109625735237	0.9376622021560012	0	mad90_all_variants	/paedyl01/disk1/yangyxt/public_data/VEP_plugins_caches/MaveDB/csv/urn-mavedb-00000294-a-2.scores.csv
urn:mavedb:00000295-0-1	-2.113422537492628	3.731822784375808	0	mad90_all_variants	/paedyl01/disk1/yangyxt/public_data/VEP_plugins_caches/MaveDB/csv/urn-mavedb-00000295-0-1.scores.csv
urn:mavedb:00000295-a-1	-2.292287047915127	0.5900756047144635	0	mad90_all_variants	/paedyl01/disk1/yangyxt/public_data/VEP_plugins_caches/MaveDB/csv/urn-mavedb-00000295-a-1.scores.csv
urn:mavedb:00000295-a-2	-3.6156708636308297	-0.7622139932505518	0	mad90_all_variants	/paedyl01/disk1/yangyxt/public_data/VEP_plugins_caches/MaveDB/csv/urn-mavedb-00000295-a-2.scores.csv
urn:mavedb:00000296-0-1	-1.519227647857663	3.424027349913596	0	mad90_all_variants	/paedyl01/disk1/yangyxt/public_data/VEP_plugins_caches/MaveDB/csv/urn-mavedb-00000296-0-1.scores.csv
urn:mavedb:00000296-a-1	-2.066746387127473	0.4880850121703447	0	mad90_all_variants	/paedyl01/disk1/yangyxt/public_data/VEP_plugins_caches/MaveDB/csv/urn-mavedb-00000296-a-1.scores.csv
urn:mavedb:00000296-a-2	-3.4304214428668587	-0.7469951605346399	0	mad90_all_variants	/paedyl01/disk1/yangyxt/public_data/VEP_plugins_caches/MaveDB/csv/urn-mavedb-00000296-a-2.scores.csv
urn:mavedb:00000297-0-1	-0.8149834032686483	4.041060258745705	0	mad90_all_variants	/paedyl01/disk1/yangyxt/public_data/VEP_plugins_caches/MaveDB/csv/urn-mavedb-00000297-0-1.scores.csv
urn:mavedb:00000297-a-1	-1.269974192899062	1.706974810748914	0	mad90_all_variants	/paedyl01/disk1/yangyxt/public_data/VEP_plugins_caches/MaveDB/csv/urn-mavedb-00000297-a-1.scores.csv
urn:mavedb:00000297-a-2	-2.3199853252750136	0.2595148834449179	0	mad90_all_variants	/paedyl01/disk1/yangyxt/public_data/VEP_plugins_caches/MaveDB/csv/urn-mavedb-00000297-a-2.scores.csv
urn:mavedb:00000298-0-1	-0.032453827721448225	1.9071341214718847	0	mad90_all_variants	/paedyl01/disk1/yangyxt/public_data/VEP_plugins_caches/MaveDB/csv/urn-mavedb-00000298-0-1.scores.csv
urn:mavedb:00000298-a-1	-1.6091126710970576	-0.18636092203490018	0	mad90_all_variants	/paedyl01/disk1/yangyxt/public_data/VEP_plugins_caches/MaveDB/csv/urn-mavedb-00000298-a-1.scores.csv
urn:mavedb:00000298-a-2	-2.5271281581502834	-1.3494939616140018	0	mad90_all_variants	/paedyl01/disk1/yangyxt/public_data/VEP_plugins_caches/MaveDB/csv/urn-mavedb-00000298-a-2.scores.csv
urn:mavedb:00000299-0-1	-0.29548022118240125	4.422121428597814	0	mad90_all_variants	/paedyl01/disk1/yangyxt/public_data/VEP_plugins_caches/MaveDB/csv/urn-mavedb-00000299-0-1.scores.csv
urn:mavedb:00000299-a-1	-1.4301865638203837	1.409066905426699	0	mad90_all_variants	/paedyl01/disk1/yangyxt/public_data/VEP_plugins_caches/MaveDB/csv/urn-mavedb-00000299-a-1.scores.csv
urn:mavedb:00000299-a-2	-2.801767297674644	0.621244003681124	0	mad90_all_variants	/paedyl01/disk1/yangyxt/public_data/VEP_plugins_caches/MaveDB/csv/urn-mavedb-00000299-a-2.scores.csv
urn:mavedb:00000300-0-1	-1.2416692615110911	4.2335479231302235	0	mad90_all_variants	/paedyl01/disk1/yangyxt/public_data/VEP_plugins_caches/MaveDB/csv/urn-mavedb-00000300-0-1.scores.csv
urn:mavedb:00000300-a-1	-2.1878458403995613	1.3544473971430804	0	mad90_all_variants	/paedyl01/disk1/yangyxt/public_data/VEP_plugins_caches/MaveDB/csv/urn-mavedb-00000300-a-1.scores.csv
urn:mavedb:00000300-a-2	-2.9103604050181717	0.5388706767120703	0	mad90_all_variants	/paedyl01/disk1/yangyxt/public_data/VEP_plugins_caches/MaveDB/csv/urn-mavedb-00000300-a-2.scores.csv
urn:mavedb:00000301-0-1	-0.6363371578341304	2.7800568505741583	0	mad90_all_variants	/paedyl01/disk1/yangyxt/public_data/VEP_plugins_caches/MaveDB/csv/urn-mavedb-00000301-0-1.scores.csv
urn:mavedb:00000301-a-1	-1.717642191468535	0.6151301688808339	0	mad90_all_variants	/paedyl01/disk1/yangyxt/public_data/VEP_plugins_caches/MaveDB/csv/urn-mavedb-00000301-a-1.scores.csv
urn:mavedb:00000301-a-2	-2.8411618102134772	-0.717849806465285	0	mad90_all_variants	/paedyl01/disk1/yangyxt/public_data/VEP_plugins_caches/MaveDB/csv/urn-mavedb-00000301-a-2.scores.csv
urn:mavedb:00000302-0-1	-2.2193761908574325	6.2444278583125294	0	mad90_all_variants	/paedyl01/disk1/yangyxt/public_data/VEP_plugins_caches/MaveDB/csv/urn-mavedb-00000302-0-1.scores.csv
urn:mavedb:00000302-a-1	-2.318543446027036	3.1385504774351953	0	mad90_all_variants	/paedyl01/disk1/yangyxt/public_data/VEP_plugins_caches/MaveDB/csv/urn-mavedb-00000302-a-1.scores.csv
urn:mavedb:00000302-a-2	-3.8328581632317134	2.0597039442414733	0	mad90_all_variants	/paedyl01/disk1/yangyxt/public_data/VEP_plugins_caches/MaveDB/csv/urn-mavedb-00000302-a-2.scores.csv
urn:mavedb:00000303-0-1	1.0984634145033314	5.997343434720904	0	mad90_all_variants	/paedyl01/disk1/yangyxt/public_data/VEP_plugins_caches/MaveDB/csv/urn-mavedb-00000303-0-1.scores.csv
urn:mavedb:00000303-a-1	-0.011836810031045308	2.3671902949735664	0	mad90_all_variants	/paedyl01/disk1/yangyxt/public_data/VEP_plugins_caches/MaveDB/csv/urn-mavedb-00000303-a-1.scores.csv
urn:mavedb:00000303-a-2	-1.3848898787385397	2.0935930285964615	0	mad90_all_variants	/paedyl01/disk1/yangyxt/public_data/VEP_plugins_caches/MaveDB/csv/urn-mavedb-00000303-a-2.scores.csv
urn:mavedb:00000304-0-1	-1.6687661405103098	4.8529221332730925	0	mad90_all_variants	/paedyl01/disk1/yangyxt/public_data/VEP_plugins_caches/MaveDB/csv/urn-mavedb-00000304-0-1.scores.csv
urn:mavedb:00000304-a-1	-2.01539766991968	1.92456209519428	0	mad90_all_variants	/paedyl01/disk1/yangyxt/public_data/VEP_plugins_caches/MaveDB/csv/urn-mavedb-00000304-a-1.scores.csv
urn:mavedb:00000304-a-2	-3.0267780056885436	0.5959784741703702	0	mad90_all_variants	/paedyl01/disk1/yangyxt/public_data/VEP_plugins_caches/MaveDB/csv/urn-mavedb-00000304-a-2.scores.csv
urn:mavedb:00000305-0-1	0.049777949971628654	4.751321619654389	0	mad90_all_variants	/paedyl01/disk1/yangyxt/public_data/VEP_plugins_caches/MaveDB/csv/urn-mavedb-00000305-0-1.scores.csv
urn:mavedb:00000305-a-1	-0.5664655534760762	2.345593979800554	0	mad90_all_variants	/paedyl01/disk1/yangyxt/public_data/VEP_plugins_caches/MaveDB/csv/urn-mavedb-00000305-a-1.scores.csv
urn:mavedb:00000305-a-2	-2.1655967801334177	1.2798051123660117	0	mad90_all_variants	/paedyl01/disk1/yangyxt/public_data/VEP_plugins_caches/MaveDB/csv/urn-mavedb-00000305-a-2.scores.csv
urn:mavedb:00000306-0-1	-1.6813899096534026	3.232530881028276	0	mad90_all_variants	/paedyl01/disk1/yangyxt/public_data/VEP_plugins_caches/MaveDB/csv/urn-mavedb-00000306-0-1.scores.csv
urn:mavedb:00000306-a-1	-2.302035502818965	0.5691513052039676	0	mad90_all_variants	/paedyl01/disk1/yangyxt/public_data/VEP_plugins_caches/MaveDB/csv/urn-mavedb-00000306-a-1.scores.csv
urn:mavedb:00000306-a-2	-2.7157812243217085	-0.3166970347610285	0	mad90_all_variants	/paedyl01/disk1/yangyxt/public_data/VEP_plugins_caches/MaveDB/csv/urn-mavedb-00000306-a-2.scores.csv
urn:mavedb:00000307-0-1	-1.7010405525630556	13.312429741434405	0	mad90_all_variants	/paedyl01/disk1/yangyxt/public_data/VEP_plugins_caches/MaveDB/csv/urn-mavedb-00000307-0-1.scores.csv
urn:mavedb:00000307-a-1	0.9904448865283344	3.116351915616211	0	mad90_all_variants	/paedyl01/disk1/yangyxt/public_data/VEP_plugins_caches/MaveDB/csv/urn-mavedb-00000307-a-1.scores.csv
urn:mavedb:00000307-a-2	0.13440837587500343	2.8270743457203142	0	mad90_all_variants	/paedyl01/disk1/yangyxt/public_data/VEP_plugins_caches/MaveDB/csv/urn-mavedb-00000307-a-2.scores.csv
urn:mavedb:00000308-0-1	-0.8443706912039479	5.113387501691583	0	mad90_all_variants	/paedyl01/disk1/yangyxt/public_data/VEP_plugins_caches/MaveDB/csv/urn-mavedb-00000308-0-1.scores.csv
urn:mavedb:00000308-a-1	-1.819812402498119	2.1642787190495243	0	mad90_all_variants	/paedyl01/disk1/yangyxt/public_data/VEP_plugins_caches/MaveDB/csv/urn-mavedb-00000308-a-1.scores.csv
urn:mavedb:00000308-a-2	-2.9130242160315767	1.2624390416740363	0	mad90_all_variants	/paedyl01/disk1/yangyxt/public_data/VEP_plugins_caches/MaveDB/csv/urn-mavedb-00000308-a-2.scores.csv
urn:mavedb:00000309-0-1	-1.4951613207244678	4.685367104155889	0	mad90_all_variants	/paedyl01/disk1/yangyxt/public_data/VEP_plugins_caches/MaveDB/csv/urn-mavedb-00000309-0-1.scores.csv
urn:mavedb:00000309-a-1	-2.269052140960835	1.8350945670194911	0	mad90_all_variants	/paedyl01/disk1/yangyxt/public_data/VEP_plugins_caches/MaveDB/csv/urn-mavedb-00000309-a-1.scores.csv
urn:mavedb:00000309-a-2	-3.3152486034731026	0.7349016907016881	0	mad90_all_variants	/paedyl01/disk1/yangyxt/public_data/VEP_plugins_caches/MaveDB/csv/urn-mavedb-00000309-a-2.scores.csv
urn:mavedb:00000310-0-1	0.7444480262178543	3.130439582857039	0	mad90_all_variants	/paedyl01/disk1/yangyxt/public_data/VEP_plugins_caches/MaveDB/csv/urn-mavedb-00000310-0-1.scores.csv
urn:mavedb:00000310-a-1	-0.8434583739551235	0.49529459947463195	0	mad90_all_variants	/paedyl01/disk1/yangyxt/public_data/VEP_plugins_caches/MaveDB/csv/urn-mavedb-00000310-a-1.scores.csv
urn:mavedb:00000310-a-2	-1.9051042739836674	0.09210600283093784	0	mad90_all_variants	/paedyl01/disk1/yangyxt/public_data/VEP_plugins_caches/MaveDB/csv/urn-mavedb-00000310-a-2.scores.csv
urn:mavedb:00000311-0-1	-1.1459285908532157	7.28458551619702	0	mad90_all_variants	/paedyl01/disk1/yangyxt/public_data/VEP_plugins_caches/MaveDB/csv/urn-mavedb-00000311-0-1.scores.csv
urn:mavedb:00000311-a-1	-1.3966519583241852	3.543847940566319	0	mad90_all_variants	/paedyl01/disk1/yangyxt/public_data/VEP_plugins_caches/MaveDB/csv/urn-mavedb-00000311-a-1.scores.csv
urn:mavedb:00000311-a-2	-3.1094775578969673	2.6618166539887	0	mad90_all_variants	/paedyl01/disk1/yangyxt/public_data/VEP_plugins_caches/MaveDB/csv/urn-mavedb-00000311-a-2.scores.csv
urn:mavedb:00000312-0-1	-3.8980992312839953	3.8853070695601075	0	mad90_all_variants	/paedyl01/disk1/yangyxt/public_data/VEP_plugins_caches/MaveDB/csv/urn-mavedb-00000312-0-1.scores.csv
urn:mavedb:00000312-a-1	-1.8435879988638972	0.1367942903908026	0	mad90_all_variants	/paedyl01/disk1/yangyxt/public_data/VEP_plugins_caches/MaveDB/csv/urn-mavedb-00000312-a-1.scores.csv
urn:mavedb:00000312-a-2	-2.5877391186744743	-0.6486026452900338	0	mad90_all_variants	/paedyl01/disk1/yangyxt/public_data/VEP_plugins_caches/MaveDB/csv/urn-mavedb-00000312-a-2.scores.csv
urn:mavedb:00000313-0-1	3.310865004129386	7.761040279850148	0	mad90_all_variants	/paedyl01/disk1/yangyxt/public_data/VEP_plugins_caches/MaveDB/csv/urn-mavedb-00000313-0-1.scores.csv
urn:mavedb:00000313-a-1	1.852538051475896	2.6145654161713883	0	mad90_all_variants	/paedyl01/disk1/yangyxt/public_data/VEP_plugins_caches/MaveDB/csv/urn-mavedb-00000313-a-1.scores.csv
urn:mavedb:00000313-a-2	1.4578316436631509	1.8478194725703352	0	mad90_all_variants	/paedyl01/disk1/yangyxt/public_data/VEP_plugins_caches/MaveDB/csv/urn-mavedb-00000313-a-2.scores.csv
urn:mavedb:00000314-0-1	-8.39343196349535	8.302174596512044	0	mad90_all_variants	/paedyl01/disk1/yangyxt/public_data/VEP_plugins_caches/MaveDB/csv/urn-mavedb-00000314-0-1.scores.csv
urn:mavedb:00000314-a-1	-1.8202999055238835	0.23771372797399182	0	mad90_all_variants	/paedyl01/disk1/yangyxt/public_data/VEP_plugins_caches/MaveDB/csv/urn-mavedb-00000314-a-1.scores.csv
urn:mavedb:00000314-a-2	-2.9478532667898873	-0.40097839871364305	0	mad90_all_variants	/paedyl01/disk1/yangyxt/public_data/VEP_plugins_caches/MaveDB/csv/urn-mavedb-00000314-a-2.scores.csv
urn:mavedb:00000315-0-1	4.576024612761728	6.7509975737946135	0	mad90_all_variants	/paedyl01/disk1/yangyxt/public_data/VEP_plugins_caches/MaveDB/csv/urn-mavedb-00000315-0-1.scores.csv
urn:mavedb:00000315-a-1	1.7838735112739452	2.6437724505960234	0	mad90_all_variants	/paedyl01/disk1/yangyxt/public_data/VEP_plugins_caches/MaveDB/csv/urn-mavedb-00000315-a-1.scores.csv
urn:mavedb:00000315-a-2	1.3536226962217024	1.793992853118146	0	mad90_all_variants	/paedyl01/disk1/yangyxt/public_data/VEP_plugins_caches/MaveDB/csv/urn-mavedb-00000315-a-2.scores.csv
urn:mavedb:00000316-0-1	-0.028959666287475816	6.664194811806693	0	mad90_all_variants	/paedyl01/disk1/yangyxt/public_data/VEP_plugins_caches/MaveDB/csv/urn-mavedb-00000316-0-1.scores.csv
urn:mavedb:00000316-a-1	-0.6798044426847103	3.192526565171333	0	mad90_all_variants	/paedyl01/disk1/yangyxt/public_data/VEP_plugins_caches/MaveDB/csv/urn-mavedb-00000316-a-1.scores.csv
urn:mavedb:00000316-a-2	-1.9522512619228996	2.3265599155532555	0	mad90_all_variants	/paedyl01/disk1/yangyxt/public_data/VEP_plugins_caches/MaveDB/csv/urn-mavedb-00000316-a-2.scores.csv
urn:mavedb:00000317-0-1	-1.1658486839603261	2.1290341765078957	0	mad90_all_variants	/paedyl01/disk1/yangyxt/public_data/VEP_plugins_caches/MaveDB/csv/urn-mavedb-00000317-0-1.scores.csv
urn:mavedb:00000317-a-1	-1.2123197992787864	0.2598928458377407	0	mad90_all_variants	/paedyl01/disk1/yangyxt/public_data/VEP_plugins_caches/MaveDB/csv/urn-mavedb-00000317-a-1.scores.csv
urn:mavedb:00000317-a-2	-2.383491656071091	-0.955575867546756	0	mad90_all_variants	/paedyl01/disk1/yangyxt/public_data/VEP_plugins_caches/MaveDB/csv/urn-mavedb-00000317-a-2.scores.csv
urn:mavedb:00000318-0-1	-1.1481103539393975	2.5687307638662684	0	mad90_all_variants	/paedyl01/disk1/yangyxt/public_data/VEP_plugins_caches/MaveDB/csv/urn-mavedb-00000318-0-1.scores.csv
urn:mavedb:00000318-a-1	-1.298507340496653	0.49099851747357265	0	mad90_all_variants	/paedyl01/disk1/yangyxt/public_data/VEP_plugins_caches/MaveDB/csv/urn-mavedb-00000318-a-1.scores.csv
urn:mavedb:00000318-a-2	-2.4662634027717893	-0.7062659020331865	0	mad90_all_variants	/paedyl01/disk1/yangyxt/public_data/VEP_plugins_caches/MaveDB/csv/urn-mavedb-00000318-a-2.scores.csv
urn:mavedb:00000319-0-1	0.5928399180585879	7.192310644905673	0	mad90_all_variants	/paedyl01/disk1/yangyxt/public_data/VEP_plugins_caches/MaveDB/csv/urn-mavedb-00000319-0-1.scores.csv
urn:mavedb:00000319-a-1	-0.6234441154561534	3.0017946694867366	0	mad90_all_variants	/paedyl01/disk1/yangyxt/public_data/VEP_plugins_caches/MaveDB/csv/urn-mavedb-00000319-a-1.scores.csv
urn:mavedb:00000319-a-2	-1.5303083390229006	2.4757403126602946	0	mad90_all_variants	/paedyl01/disk1/yangyxt/public_data/VEP_plugins_caches/MaveDB/csv/urn-mavedb-00000319-a-2.scores.csv
urn:mavedb:00000320-0-1	1.1239774992982345	4.615005279884301	0	mad90_all_variants	/paedyl01/disk1/yangyxt/public_data/VEP_plugins_caches/MaveDB/csv/urn-mavedb-00000320-0-1.scores.csv
urn:mavedb:00000320-a-1	-0.6992326267405274	1.5685389800165326	0	mad90_all_variants	/paedyl01/disk1/yangyxt/public_data/VEP_plugins_caches/MaveDB/csv/urn-mavedb-00000320-a-1.scores.csv
urn:mavedb:00000320-a-2	-1.7069159938038252	1.0484317280978577	0	mad90_all_variants	/paedyl01/disk1/yangyxt/public_data/VEP_plugins_caches/MaveDB/csv/urn-mavedb-00000320-a-2.scores.csv
urn:mavedb:00000321-0-1	0.37835708304690985	4.207916824501948	0	mad90_all_variants	/paedyl01/disk1/yangyxt/public_data/VEP_plugins_caches/MaveDB/csv/urn-mavedb-00000321-0-1.scores.csv
urn:mavedb:00000321-a-1	-1.0744895661497726	1.361721759104229	0	mad90_all_variants	/paedyl01/disk1/yangyxt/public_data/VEP_plugins_caches/MaveDB/csv/urn-mavedb-00000321-a-1.scores.csv
urn:mavedb:00000321-a-2	-2.1499778295964003	0.6880081275661014	0	mad90_all_variants	/paedyl01/disk1/yangyxt/public_data/VEP_plugins_caches/MaveDB/csv/urn-mavedb-00000321-a-2.scores.csv
urn:mavedb:00000322-0-1	1.4219986653946792	5.274776315326354	0	mad90_all_variants	/paedyl01/disk1/yangyxt/public_data/VEP_plugins_caches/MaveDB/csv/urn-mavedb-00000322-0-1.scores.csv
urn:mavedb:00000322-a-1	-0.3736646980854963	1.9492617912246706	0	mad90_all_variants	/paedyl01/disk1/yangyxt/public_data/VEP_plugins_caches/MaveDB/csv/urn-mavedb-00000322-a-1.scores.csv
urn:mavedb:00000322-a-2	-1.4292792617814485	1.449306979429455	0	mad90_all_variants	/paedyl01/disk1/yangyxt/public_data/VEP_plugins_caches/MaveDB/csv/urn-mavedb-00000322-a-2.scores.csv
urn:mavedb:00000323-0-1	1.0412559916520159	4.878708584552723	0	mad90_all_variants	/paedyl01/disk1/yangyxt/public_data/VEP_plugins_caches/MaveDB/csv/urn-mavedb-00000323-0-1.scores.csv
urn:mavedb:00000323-a-1	-0.5667071202625986	1.8890054154635796	0	mad90_all_variants	/paedyl01/disk1/yangyxt/public_data/VEP_plugins_caches/MaveDB/csv/urn-mavedb-00000323-a-1.scores.csv
urn:mavedb:00000323-a-2	-1.733701011051827	1.270195605227121	0	mad90_all_variants	/paedyl01/disk1/yangyxt/public_data/VEP_plugins_caches/MaveDB/csv/urn-mavedb-00000323-a-2.scores.csv
urn:mavedb:00000324-0-1	-1.9397143487616364	5.105998166709874	0	mad90_all_variants	/paedyl01/disk1/yangyxt/public_data/VEP_plugins_caches/MaveDB/csv/urn-mavedb-00000324-0-1.scores.csv
urn:mavedb:00000324-a-1	-2.398571893654678	1.8688912295674687	0	mad90_all_variants	/paedyl01/disk1/yangyxt/public_data/VEP_plugins_caches/MaveDB/csv/urn-mavedb-00000324-a-1.scores.csv
urn:mavedb:00000324-a-2	-3.797410412255982	0.7003014758792747	0	mad90_all_variants	/paedyl01/disk1/yangyxt/public_data/VEP_plugins_caches/MaveDB/csv/urn-mavedb-00000324-a-2.scores.csv
urn:mavedb:00000325-0-1	0.7753802906634624	6.966372370844759	0	mad90_all_variants	/paedyl01/disk1/yangyxt/public_data/VEP_plugins_caches/MaveDB/csv/urn-mavedb-00000325-0-1.scores.csv
urn:mavedb:00000325-a-1	-0.326508019706633	2.933382885214824	0	mad90_all_variants	/paedyl01/disk1/yangyxt/public_data/VEP_plugins_caches/MaveDB/csv/urn-mavedb-00000325-a-1.scores.csv
urn:mavedb:00000325-a-2	-1.9639486447432317	2.453609046461873	0	mad90_all_variants	/paedyl01/disk1/yangyxt/public_data/VEP_plugins_caches/MaveDB/csv/urn-mavedb-00000325-a-2.scores.csv
urn:mavedb:00000326-0-1	-0.6803112370010767	2.490404751852606	0	mad90_all_variants	/paedyl01/disk1/yangyxt/public_data/VEP_plugins_caches/MaveDB/csv/urn-mavedb-00000326-0-1.scores.csv
urn:mavedb:00000326-a-1	-1.2784003584202448	0.32482365677944336	0	mad90_all_variants	/paedyl01/disk1/yangyxt/public_data/VEP_plugins_caches/MaveDB/csv/urn-mavedb-00000326-a-1.scores.csv
urn:mavedb:00000326-a-2	-3.0543247984935453	-1.3151518555717072	0	mad90_all_variants	/paedyl01/disk1/yangyxt/public_data/VEP_plugins_caches/MaveDB/csv/urn-mavedb-00000326-a-2.scores.csv
urn:mavedb:00000327-0-1	0.022215642324749263	2.880888068267163	0	mad90_all_variants	/paedyl01/disk1/yangyxt/public_data/VEP_plugins_caches/MaveDB/csv/urn-mavedb-00000327-0-1.scores.csv
urn:mavedb:00000327-a-1	-1.3949220649347733	0.48362755310491845	0	mad90_all_variants	/paedyl01/disk1/yangyxt/public_data/VEP_plugins_caches/MaveDB/csv/urn-mavedb-00000327-a-1.scores.csv
urn:mavedb:00000327-a-2	-2.406717548905188	-0.4229537949452803	0	mad90_all_variants	/paedyl01/disk1/yangyxt/public_data/VEP_plugins_caches/MaveDB/csv/urn-mavedb-00000327-a-2.scores.csv
urn:mavedb:00000328-0-1	-1.128687183792481	2.822298630242472	0	mad90_all_variants	/paedyl01/disk1/yangyxt/public_data/VEP_plugins_caches/MaveDB/csv/urn-mavedb-00000328-0-1.scores.csv
urn:mavedb:00000328-a-1	-1.642848932802022	0.509085475230237	0	mad90_all_variants	/paedyl01/disk1/yangyxt/public_data/VEP_plugins_caches/MaveDB/csv/urn-mavedb-00000328-a-1.scores.csv
urn:mavedb:00000328-a-2	-2.8538491753004	-0.8147199144904063	0	mad90_all_variants	/paedyl01/disk1/yangyxt/public_data/VEP_plugins_caches/MaveDB/csv/urn-mavedb-00000328-a-2.scores.csv
urn:mavedb:00000329-0-1	-0.485724225943422	3.903384222210548	0	mad90_all_variants	/paedyl01/disk1/yangyxt/public_data/VEP_plugins_caches/MaveDB/csv/urn-mavedb-00000329-0-1.scores.csv
urn:mavedb:00000329-a-1	-1.8710836045827426	1.0663869631773282	0	mad90_all_variants	/paedyl01/disk1/yangyxt/public_data/VEP_plugins_caches/MaveDB/csv/urn-mavedb-00000329-a-1.scores.csv
urn:mavedb:00000329-a-2	-2.7070897666299367	0.5202453952404893	0	mad90_all_variants	/paedyl01/disk1/yangyxt/public_data/VEP_plugins_caches/MaveDB/csv/urn-mavedb-00000329-a-2.scores.csv
urn:mavedb:00000330-0-1	1.4049549373915173	6.523859180975867	0	mad90_all_variants	/paedyl01/disk1/yangyxt/public_data/VEP_plugins_caches/MaveDB/csv/urn-mavedb-00000330-0-1.scores.csv
urn:mavedb:00000330-a-1	0.7265066680148572	2.681965227739121	0	mad90_all_variants	/paedyl01/disk1/yangyxt/public_data/VEP_plugins_caches/MaveDB/csv/urn-mavedb-00000330-a-1.scores.csv
urn:mavedb:00000330-a-2	-0.9463168593281555	2.0114537839524633	0	mad90_all_variants	/paedyl01/disk1/yangyxt/public_data/VEP_plugins_caches/MaveDB/csv/urn-mavedb-00000330-a-2.scores.csv
urn:mavedb:00000331-0-1	0.5759359246958757	2.983643429173506	0	mad90_all_variants	/paedyl01/disk1/yangyxt/public_data/VEP_plugins_caches/MaveDB/csv/urn-mavedb-00000331-0-1.scores.csv
urn:mavedb:00000331-a-1	-0.3880007446021017	1.1776342014301682	0	mad90_all_variants	/paedyl01/disk1/yangyxt/public_data/VEP_plugins_caches/MaveDB/csv/urn-mavedb-00000331-a-1.scores.csv
urn:mavedb:00000331-a-2	-1.7565786364275506	-0.22689557448521036	0	mad90_all_variants	/paedyl01/disk1/yangyxt/public_data/VEP_plugins_caches/MaveDB/csv/urn-mavedb-00000331-a-2.scores.csv
urn:mavedb:00000332-0-1	-2.0553663248736878	2.7574117849588116	0	mad90_all_variants	/paedyl01/disk1/yangyxt/public_data/VEP_plugins_caches/MaveDB/csv/urn-mavedb-00000332-0-1.scores.csv
urn:mavedb:00000332-a-1	-2.080924898315396	-0.11821259419149832	0	mad90_all_variants	/paedyl01/disk1/yangyxt/public_data/VEP_plugins_caches/MaveDB/csv/urn-mavedb-00000332-a-1.scores.csv
urn:mavedb:00000332-a-2	-2.750400400693684	-0.8984388603326071	0	mad90_all_variants	/paedyl01/disk1/yangyxt/public_data/VEP_plugins_caches/MaveDB/csv/urn-mavedb-00000332-a-2.scores.csv
urn:mavedb:00000333-0-1	0.5680980494492809	3.6944390865000996	0	mad90_all_variants	/paedyl01/disk1/yangyxt/public_data/VEP_plugins_caches/MaveDB/csv/urn-mavedb-00000333-0-1.scores.csv
urn:mavedb:00000333-a-1	-1.2306347774349253	1.0380616326474363	0	mad90_all_variants	/paedyl01/disk1/yangyxt/public_data/VEP_plugins_caches/MaveDB/csv/urn-mavedb-00000333-a-1.scores.csv
urn:mavedb:00000333-a-2	-1.9120015619601132	0.5792689844982197	0	mad90_all_variants	/paedyl01/disk1/yangyxt/public_data/VEP_plugins_caches/MaveDB/csv/urn-mavedb-00000333-a-2.scores.csv
urn:mavedb:00000334-0-1	0.927945483763347	3.6917824283426484	0	mad90_all_variants	/paedyl01/disk1/yangyxt/public_data/VEP_plugins_caches/MaveDB/csv/urn-mavedb-00000334-0-1.scores.csv
urn:mavedb:00000334-a-1	-0.5380678947746665	1.1492762968729187	0	mad90_all_variants	/paedyl01/disk1/yangyxt/public_data/VEP_plugins_caches/MaveDB/csv/urn-mavedb-00000334-a-1.scores.csv
urn:mavedb:00000334-a-2	-1.5155449645492995	0.7044281775193866	0	mad90_all_variants	/paedyl01/disk1/yangyxt/public_data/VEP_plugins_caches/MaveDB/csv/urn-mavedb-00000334-a-2.scores.csv
urn:mavedb:00000335-0-1	1.3482551866236074	4.452544819659761	0	mad90_all_variants	/paedyl01/disk1/yangyxt/public_data/VEP_plugins_caches/MaveDB/csv/urn-mavedb-00000335-0-1.scores.csv
urn:mavedb:00000335-a-1	-0.3456520048426043	1.7184657669931074	0	mad90_all_variants	/paedyl01/disk1/yangyxt/public_data/VEP_plugins_caches/MaveDB/csv/urn-mavedb-00000335-a-1.scores.csv
urn:mavedb:00000335-a-2	-1.3772552870700598	0.9819895843101822	0	mad90_all_variants	/paedyl01/disk1/yangyxt/public_data/VEP_plugins_caches/MaveDB/csv/urn-mavedb-00000335-a-2.scores.csv
urn:mavedb:00000336-0-1	-0.2512276230222268	3.9117117375441293	0	mad90_all_variants	/paedyl01/disk1/yangyxt/public_data/VEP_plugins_caches/MaveDB/csv/urn-mavedb-00000336-0-1.scores.csv
urn:mavedb:00000336-a-1	-1.3257682597574687	1.6842566359179452	0	mad90_all_variants	/paedyl01/disk1/yangyxt/public_data/VEP_plugins_caches/MaveDB/csv/urn-mavedb-00000336-a-1.scores.csv
urn:mavedb:00000336-a-2	-2.1885868809311235	0.6434807295843277	0	mad90_all_variants	/paedyl01/disk1/yangyxt/public_data/VEP_plugins_caches/MaveDB/csv/urn-mavedb-00000336-a-2.scores.csv
urn:mavedb:00000337-0-1	-0.26697769897940726	1.6336537971576857	0	mad90_all_variants	/paedyl01/disk1/yangyxt/public_data/VEP_plugins_caches/MaveDB/csv/urn-mavedb-00000337-0-1.scores.csv
urn:mavedb:00000337-a-1	-1.4828998150061288	-0.24692430617206695	0	mad90_all_variants	/paedyl01/disk1/yangyxt/public_data/VEP_plugins_caches/MaveDB/csv/urn-mavedb-00000337-a-1.scores.csv
urn:mavedb:00000337-a-2	-2.3659574195833284	-1.052386604426086	0	mad90_all_variants	/paedyl01/disk1/yangyxt/public_data/VEP_plugins_caches/MaveDB/csv/urn-mavedb-00000337-a-2.scores.csv
urn:mavedb:00000338-0-1	-1.280676933271935	3.786517556046091	0	mad90_all_variants	/paedyl01/disk1/yangyxt/public_data/VEP_plugins_caches/MaveDB/csv/urn-mavedb-00000338-0-1.scores.csv
urn:mavedb:00000338-a-1	-1.5201473441586688	1.3792468195429288	0	mad90_all_variants	/paedyl01/disk1/yangyxt/public_data/VEP_plugins_caches/MaveDB/csv/urn-mavedb-00000338-a-1.scores.csv
urn:mavedb:00000338-a-2	-2.2795674070751346	0.31553082885249284	0	mad90_all_variants	/paedyl01/disk1/yangyxt/public_data/VEP_plugins_caches/MaveDB/csv/urn-mavedb-00000338-a-2.scores.csv
urn:mavedb:00000339-0-1	-3.6099301034669287	3.3925686292944164	0	mad90_all_variants	/paedyl01/disk1/yangyxt/public_data/VEP_plugins_caches/MaveDB/csv/urn-mavedb-00000339-0-1.scores.csv
urn:mavedb:00000339-a-1	-1.65559722720953	-0.17205865116774277	0	mad90_all_variants	/paedyl01/disk1/yangyxt/public_data/VEP_plugins_caches/MaveDB/csv/urn-mavedb-00000339-a-1.scores.csv
urn:mavedb:00000339-a-2	-3.3717867626104514	-1.35531195643874	0	mad90_all_variants	/paedyl01/disk1/yangyxt/public_data/VEP_plugins_caches/MaveDB/csv/urn-mavedb-00000339-a-2.scores.csv
urn:mavedb:00000340-0-1	-1.3580247580596043	4.916001233807773	0	mad90_all_variants	/paedyl01/disk1/yangyxt/public_data/VEP_plugins_caches/MaveDB/csv/urn-mavedb-00000340-0-1.scores.csv
urn:mavedb:00000340-a-1	-2.6059990571878027	1.8937490157864858	0	mad90_all_variants	/paedyl01/disk1/yangyxt/public_data/VEP_plugins_caches/MaveDB/csv/urn-mavedb-00000340-a-1.scores.csv
urn:mavedb:00000340-a-2	-3.401472124935211	0.9908603496565189	0	mad90_all_variants	/paedyl01/disk1/yangyxt/public_data/VEP_plugins_caches/MaveDB/csv/urn-mavedb-00000340-a-2.scores.csv
urn:mavedb:00000341-0-1	0.31695889238508856	4.52075669829696	0	mad90_all_variants	/paedyl01/disk1/yangyxt/public_data/VEP_plugins_caches/MaveDB/csv/urn-mavedb-00000341-0-1.scores.csv
urn:mavedb:00000341-a-1	-1.379126291136578	1.4463276532841591	0	mad90_all_variants	/paedyl01/disk1/yangyxt/public_data/VEP_plugins_caches/MaveDB/csv/urn-mavedb-00000341-a-1.scores.csv
urn:mavedb:00000341-a-2	-2.2404266314459633	0.9064877401274423	0	mad90_all_variants	/paedyl01/disk1/yangyxt/public_data/VEP_plugins_caches/MaveDB/csv/urn-mavedb-00000341-a-2.scores.csv
urn:mavedb:00000342-0-1	-0.18192971125984103	3.6827993285975507	0	mad90_all_variants	/paedyl01/disk1/yangyxt/public_data/VEP_plugins_caches/MaveDB/csv/urn-mavedb-00000342-0-1.scores.csv
urn:mavedb:00000342-a-1	-1.6886821079776764	0.9254742266628446	0	mad90_all_variants	/paedyl01/disk1/yangyxt/public_data/VEP_plugins_caches/MaveDB/csv/urn-mavedb-00000342-a-1.scores.csv
urn:mavedb:00000342-a-2	-2.5938581123519775	0.16090736530702787	0	mad90_all_variants	/paedyl01/disk1/yangyxt/public_data/VEP_plugins_caches/MaveDB/csv/urn-mavedb-00000342-a-2.scores.csv
urn:mavedb:00000343-0-1	0.35958693844209577	5.084131432219072	0	mad90_all_variants	/paedyl01/disk1/yangyxt/public_data/VEP_plugins_caches/MaveDB/csv/urn-mavedb-00000343-0-1.scores.csv
urn:mavedb:00000343-a-1	-0.7934377647624145	2.4005878033934005	0	mad90_all_variants	/paedyl01/disk1/yangyxt/public_data/VEP_plugins_caches/MaveDB/csv/urn-mavedb-00000343-a-1.scores.csv
urn:mavedb:00000343-a-2	-1.6119098705700834	1.8026413551080673	0	mad90_all_variants	/paedyl01/disk1/yangyxt/public_data/VEP_plugins_caches/MaveDB/csv/urn-mavedb-00000343-a-2.scores.csv
urn:mavedb:00000344-0-1	-2.556689232322902	8.564521615585797	0	mad90_all_variants	/paedyl01/disk1/yangyxt/public_data/VEP_plugins_caches/MaveDB/csv/urn-mavedb-00000344-0-1.scores.csv
urn:mavedb:00000344-a-1	-2.8466423866542065	4.263317545399028	0	mad90_all_variants	/paedyl01/disk1/yangyxt/public_data/VEP_plugins_caches/MaveDB/csv/urn-mavedb-00000344-a-1.scores.csv
urn:mavedb:00000344-a-2	-3.9202816532602442	3.3171538112505523	0	mad90_all_variants	/paedyl01/disk1/yangyxt/public_data/VEP_plugins_caches/MaveDB/csv/urn-mavedb-00000344-a-2.scores.csv
urn:mavedb:00000345-0-1	-0.6312089599602877	4.374164299910049	0	mad90_all_variants	/paedyl01/disk1/yangyxt/public_data/VEP_plugins_caches/MaveDB/csv/urn-mavedb-00000345-0-1.scores.csv
urn:mavedb:00000345-a-1	-1.7549265519712018	1.6125091318349303	0	mad90_all_variants	/paedyl01/disk1/yangyxt/public_data/VEP_plugins_caches/MaveDB/csv/urn-mavedb-00000345-a-1.scores.csv
urn:mavedb:00000345-a-2	-2.908131787710758	0.6268586566682055	0	mad90_all_variants	/paedyl01/disk1/yangyxt/public_data/VEP_plugins_caches/MaveDB/csv/urn-mavedb-00000345-a-2.scores.csv
urn:mavedb:00000346-0-1	-0.33911815289863734	4.732336143341186	0	mad90_all_variants	/paedyl01/disk1/yangyxt/public_data/VEP_plugins_caches/MaveDB/csv/urn-mavedb-00000346-0-1.scores.csv
urn:mavedb:00000346-a-1	-1.5942902194486666	1.8741522886937345	0	mad90_all_variants	/paedyl01/disk1/yangyxt/public_data/VEP_plugins_caches/MaveDB/csv/urn-mavedb-00000346-a-1.scores.csv
urn:mavedb:00000346-a-2	-2.769319981824852	0.8846462862542235	0	mad90_all_variants	/paedyl01/disk1/yangyxt/public_data/VEP_plugins_caches/MaveDB/csv/urn-mavedb-00000346-a-2.scores.csv
urn:mavedb:00000347-0-1	-1.2315482386075445	3.405604077055145	0	mad90_all_variants	/paedyl01/disk1/yangyxt/public_data/VEP_plugins_caches/MaveDB/csv/urn-mavedb-00000347-0-1.scores.csv
urn:mavedb:00000347-a-1	-1.408954386320697	1.1230594493733543	0	mad90_all_variants	/paedyl01/disk1/yangyxt/public_data/VEP_plugins_caches/MaveDB/csv/urn-mavedb-00000347-a-1.scores.csv
urn:mavedb:00000347-a-2	-2.93650349038807	-0.1002009758363458	0	mad90_all_variants	/paedyl01/disk1/yangyxt/public_data/VEP_plugins_caches/MaveDB/csv/urn-mavedb-00000347-a-2.scores.csv
urn:mavedb:00000348-0-1	2.4639790733039124	4.913593539808081	0	mad90_all_variants	/paedyl01/disk1/yangyxt/public_data/VEP_plugins_caches/MaveDB/csv/urn-mavedb-00000348-0-1.scores.csv
urn:mavedb:00000348-a-1	0.6535754998426406	1.957639882815117	0	mad90_all_variants	/paedyl01/disk1/yangyxt/public_data/VEP_plugins_caches/MaveDB/csv/urn-mavedb-00000348-a-1.scores.csv
urn:mavedb:00000348-a-2	-0.23209140568907782	1.41970990490073	0	mad90_all_variants	/paedyl01/disk1/yangyxt/public_data/VEP_plugins_caches/MaveDB/csv/urn-mavedb-00000348-a-2.scores.csv
urn:mavedb:00000349-0-1	1.2400865533898102	4.132885618162159	0	mad90_all_variants	/paedyl01/disk1/yangyxt/public_data/VEP_plugins_caches/MaveDB/csv/urn-mavedb-00000349-0-1.scores.csv
urn:mavedb:00000349-a-1	-0.5742232658167021	1.0664189304932261	0	mad90_all_variants	/paedyl01/disk1/yangyxt/public_data/VEP_plugins_caches/MaveDB/csv/urn-mavedb-00000349-a-1.scores.csv
urn:mavedb:00000349-a-2	-1.2714547092788908	1.0237795761536723	0	mad90_all_variants	/paedyl01/disk1/yangyxt/public_data/VEP_plugins_caches/MaveDB/csv/urn-mavedb-00000349-a-2.scores.csv
urn:mavedb:00000350-0-1	1.4436449730716947	4.825745105266968	0	mad90_all_variants	/paedyl01/disk1/yangyxt/public_data/VEP_plugins_caches/MaveDB/csv/urn-mavedb-00000350-0-1.scores.csv
urn:mavedb:00000350-a-1	-0.6416020000939413	1.5476987319121662	0	mad90_all_variants	/paedyl01/disk1/yangyxt/public_data/VEP_plugins_caches/MaveDB/csv/urn-mavedb-00000350-a-1.scores.csv
urn:mavedb:00000350-a-2	-1.1487894821192532	1.4039113380672812	0	mad90_all_variants	/paedyl01/disk1/yangyxt/public_data/VEP_plugins_caches/MaveDB/csv/urn-mavedb-00000350-a-2.scores.csv
urn:mavedb:00000351-0-1	4.747271261909551	6.9237367994059955	0	mad90_all_variants	/paedyl01/disk1/yangyxt/public_data/VEP_plugins_caches/MaveDB/csv/urn-mavedb-00000351-0-1.scores.csv
urn:mavedb:00000351-a-1	1.732272652728504	2.6692294210979663	0	mad90_all_variants	/paedyl01/disk1/yangyxt/public_data/VEP_plugins_caches/MaveDB/csv/urn-mavedb-00000351-a-1.scores.csv
urn:mavedb:00000351-a-2	1.3033953549622859	1.8089277639655008	0	mad90_all_variants	/paedyl01/disk1/yangyxt/public_data/VEP_plugins_caches/MaveDB/csv/urn-mavedb-00000351-a-2.scores.csv
urn:mavedb:00000352-0-1	0.5238974864232264	3.573549252294392	0	mad90_all_variants	/paedyl01/disk1/yangyxt/public_data/VEP_plugins_caches/MaveDB/csv/urn-mavedb-00000352-0-1.scores.csv
urn:mavedb:00000352-a-1	-0.9827462817583488	1.688030820914526	0	mad90_all_variants	/paedyl01/disk1/yangyxt/public_data/VEP_plugins_caches/MaveDB/csv/urn-mavedb-00000352-a-1.scores.csv
urn:mavedb:00000352-a-2	-1.8237330515707502	0.22859468289114515	0	mad90_all_variants	/paedyl01/disk1/yangyxt/public_data/VEP_plugins_caches/MaveDB/csv/urn-mavedb-00000352-a-2.scores.csv
urn:mavedb:00000353-0-1	0.5610659758014138	2.7741507136023245	0	mad90_all_variants	/paedyl01/disk1/yangyxt/public_data/VEP_plugins_caches/MaveDB/csv/urn-mavedb-00000353-0-1.scores.csv
urn:mavedb:00000353-a-1	-0.7886828199389233	1.0261139932887366	0	mad90_all_variants	/paedyl01/disk1/yangyxt/public_data/VEP_plugins_caches/MaveDB/csv/urn-mavedb-00000353-a-1.scores.csv
urn:mavedb:00000353-a-2	-1.840130716941922	-0.19766628534004305	0	mad90_all_variants	/paedyl01/disk1/yangyxt/public_data/VEP_plugins_caches/MaveDB/csv/urn-mavedb-00000353-a-2.scores.csv
urn:mavedb:00000354-0-1	0.7892857382568617	3.497280768777663	0	mad90_all_variants	/paedyl01/disk1/yangyxt/public_data/VEP_plugins_caches/MaveDB/csv/urn-mavedb-00000354-0-1.scores.csv
urn:mavedb:00000354-a-1	-0.7427489387702619	1.515195280201392	0	mad90_all_variants	/paedyl01/disk1/yangyxt/public_data/VEP_plugins_caches/MaveDB/csv/urn-mavedb-00000354-a-1.scores.csv
urn:mavedb:00000354-a-2	-1.65841198532303	0.31104164271558155	0	mad90_all_variants	/paedyl01/disk1/yangyxt/public_data/VEP_plugins_caches/MaveDB/csv/urn-mavedb-00000354-a-2.scores.csv
urn:mavedb:00000355-0-1	-0.450663494783188	3.1072676963815384	0	mad90_all_variants	/paedyl01/disk1/yangyxt/public_data/VEP_plugins_caches/MaveDB/csv/urn-mavedb-00000355-0-1.scores.csv
urn:mavedb:00000355-a-1	-1.244406178684374	0.8190895824560376	0	mad90_all_variants	/paedyl01/disk1/yangyxt/public_data/VEP_plugins_caches/MaveDB/csv/urn-mavedb-00000355-a-1.scores.csv
urn:mavedb:00000355-a-2	-2.1218801260126927	-0.11748552769939136	0	mad90_all_variants	/paedyl01/disk1/yangyxt/public_data/VEP_plugins_caches/MaveDB/csv/urn-mavedb-00000355-a-2.scores.csv
urn:mavedb:00000356-0-1	-1.2741465969199295	3.0903963123268605	0	mad90_all_variants	/paedyl01/disk1/yangyxt/public_data/VEP_plugins_caches/MaveDB/csv/urn-mavedb-00000356-0-1.scores.csv
urn:mavedb:00000356-a-1	-1.1964503135550124	1.1037490433339443	0	mad90_all_variants	/paedyl01/disk1/yangyxt/public_data/VEP_plugins_caches/MaveDB/csv/urn-mavedb-00000356-a-1.scores.csv
urn:mavedb:00000356-a-2	-2.4792359335261143	-0.3718406814703925	0	mad90_all_variants	/paedyl01/disk1/yangyxt/public_data/VEP_plugins_caches/MaveDB/csv/urn-mavedb-00000356-a-2.scores.csv
urn:mavedb:00000357-0-1	0.4017965580030449	2.9139047598164494	0	mad90_all_variants	/paedyl01/disk1/yangyxt/public_data/VEP_plugins_caches/MaveDB/csv/urn-mavedb-00000357-0-1.scores.csv
urn:mavedb:00000357-a-1	-0.6997619310141585	1.388500470514492	0	mad90_all_variants	/paedyl01/disk1/yangyxt/public_data/VEP_plugins_caches/MaveDB/csv/urn-mavedb-00000357-a-1.scores.csv
urn:mavedb:00000357-a-2	-1.8399667006717657	-0.19179854961219012	0	mad90_all_variants	/paedyl01/disk1/yangyxt/public_data/VEP_plugins_caches/MaveDB/csv/urn-mavedb-00000357-a-2.scores.csv
urn:mavedb:00000358-0-1	-0.12739283127429157	3.2736845120687694	0	mad90_all_variants	/paedyl01/disk1/yangyxt/public_data/VEP_plugins_caches/MaveDB/csv/urn-mavedb-00000358-0-1.scores.csv
urn:mavedb:00000358-a-1	-0.9609045917912253	1.6002828513197416	0	mad90_all_variants	/paedyl01/disk1/yangyxt/public_data/VEP_plugins_caches/MaveDB/csv/urn-mavedb-00000358-a-1.scores.csv
urn:mavedb:00000358-a-2	-2.1413247554045336	-0.01639086036904147	0	mad90_all_variants	/paedyl01/disk1/yangyxt/public_data/VEP_plugins_caches/MaveDB/csv/urn-mavedb-00000358-a-2.scores.csv
urn:mavedb:00000359-0-1	0.045315200026504465	2.233488500129794	0	mad90_all_variants	/paedyl01/disk1/yangyxt/public_data/VEP_plugins_caches/MaveDB/csv/urn-mavedb-00000359-0-1.scores.csv
urn:mavedb:00000359-a-1	-0.9927213383283631	0.4886257360960793	0	mad90_all_variants	/paedyl01/disk1/yangyxt/public_data/VEP_plugins_caches/MaveDB/csv/urn-mavedb-00000359-a-1.scores.csv
urn:mavedb:00000359-a-2	-2.223325276651973	-0.8211014375639808	0	mad90_all_variants	/paedyl01/disk1/yangyxt/public_data/VEP_plugins_caches/MaveDB/csv/urn-mavedb-00000359-a-2.scores.csv
urn:mavedb:00000360-0-1	0.9058697817761603	5.523981273883387	0	mad90_all_variants	/paedyl01/disk1/yangyxt/public_data/VEP_plugins_caches/MaveDB/csv/urn-mavedb-00000360-0-1.scores.csv
urn:mavedb:00000360-a-1	-0.2373469031487816	2.128887189149108	0	mad90_all_variants	/paedyl01/disk1/yangyxt/public_data/VEP_plugins_caches/MaveDB/csv/urn-mavedb-00000360-a-1.scores.csv
urn:mavedb:00000360-a-2	-1.5229667496403057	2.0832163160334813	0	mad90_all_variants	/paedyl01/disk1/yangyxt/public_data/VEP_plugins_caches/MaveDB/csv/urn-mavedb-00000360-a-2.scores.csv
urn:mavedb:00000361-0-1	-1.1271746970668055	3.9030360392268495	0	mad90_all_variants	/paedyl01/disk1/yangyxt/public_data/VEP_plugins_caches/MaveDB/csv/urn-mavedb-00000361-0-1.scores.csv
urn:mavedb:00000361-a-1	-1.2488457425820436	1.6525214902464658	0	mad90_all_variants	/paedyl01/disk1/yangyxt/public_data/VEP_plugins_caches/MaveDB/csv/urn-mavedb-00000361-a-1.scores.csv
urn:mavedb:00000361-a-2	-2.265543538182885	0.6535788982157001	0	mad90_all_variants	/paedyl01/disk1/yangyxt/public_data/VEP_plugins_caches/MaveDB/csv/urn-mavedb-00000361-a-2.scores.csv
urn:mavedb:00000362-0-1	0.051890938132593156	7.766742155647929	0	mad90_all_variants	/paedyl01/disk1/yangyxt/public_data/VEP_plugins_caches/MaveDB/csv/urn-mavedb-00000362-0-1.scores.csv
urn:mavedb:00000362-a-1	0.14216239788731722	3.215787260862783	0	mad90_all_variants	/paedyl01/disk1/yangyxt/public_data/VEP_plugins_caches/MaveDB/csv/urn-mavedb-00000362-a-1.scores.csv
urn:mavedb:00000362-a-2	-2.0899036972770992	2.7950038128436865	0	mad90_all_variants	/paedyl01/disk1/yangyxt/public_data/VEP_plugins_caches/MaveDB/csv/urn-mavedb-00000362-a-2.scores.csv
urn:mavedb:00000363-0-1	-0.5540127697081769	5.2972445592630635	0	mad90_all_variants	/paedyl01/disk1/yangyxt/public_data/VEP_plugins_caches/MaveDB/csv/urn-mavedb-00000363-0-1.scores.csv
urn:mavedb:00000363-a-1	-1.9529239057899883	2.660317539165688	0	mad90_all_variants	/paedyl01/disk1/yangyxt/public_data/VEP_plugins_caches/MaveDB/csv/urn-mavedb-00000363-a-1.scores.csv
urn:mavedb:00000363-a-2	-2.881616961255196	0.9338678920625485	0	mad90_all_variants	/paedyl01/disk1/yangyxt/public_data/VEP_plugins_caches/MaveDB/csv/urn-mavedb-00000363-a-2.scores.csv
urn:mavedb:00000364-0-1	-1.0004184727620662	1.010201513001784	0	mad90_all_variants	/paedyl01/disk1/yangyxt/public_data/VEP_plugins_caches/MaveDB/csv/urn-mavedb-00000364-0-1.scores.csv
urn:mavedb:00000364-a-1	-1.5127363507670046	-0.6692505683763971	0	mad90_all_variants	/paedyl01/disk1/yangyxt/public_data/VEP_plugins_caches/MaveDB/csv/urn-mavedb-00000364-a-1.scores.csv
urn:mavedb:00000364-a-2	-2.4566071104079383	-1.8042328733174497	0	mad90_all_variants	/paedyl01/disk1/yangyxt/public_data/VEP_plugins_caches/MaveDB/csv/urn-mavedb-00000364-a-2.scores.csv
urn:mavedb:00000365-0-1	3.5988536365009196	7.431355192077545	0	mad90_all_variants	/paedyl01/disk1/yangyxt/public_data/VEP_plugins_caches/MaveDB/csv/urn-mavedb-00000365-0-1.scores.csv
urn:mavedb:00000365-a-1	1.0152831550392358	2.924737114312563	0	mad90_all_variants	/paedyl01/disk1/yangyxt/public_data/VEP_plugins_caches/MaveDB/csv/urn-mavedb-00000365-a-1.scores.csv
urn:mavedb:00000365-a-2	0.809760112975035	1.9763642989390031	0	mad90_all_variants	/paedyl01/disk1/yangyxt/public_data/VEP_plugins_caches/MaveDB/csv/urn-mavedb-00000365-a-2.scores.csv
urn:mavedb:00000366-0-1	5.189472291020679	6.681681053601301	0	mad90_all_variants	/paedyl01/disk1/yangyxt/public_data/VEP_plugins_caches/MaveDB/csv/urn-mavedb-00000366-0-1.scores.csv
urn:mavedb:00000366-a-1	1.8457410200057356	2.569459390359594	0	mad90_all_variants	/paedyl01/disk1/yangyxt/public_data/VEP_plugins_caches/MaveDB/csv/urn-mavedb-00000366-a-1.scores.csv
urn:mavedb:00000366-a-2	1.3409654175472456	1.742802506766756	0	mad90_all_variants	/paedyl01/disk1/yangyxt/public_data/VEP_plugins_caches/MaveDB/csv/urn-mavedb-00000366-a-2.scores.csv
urn:mavedb:00000367-0-1	-0.7737913854272389	3.2494579571066735	0	mad90_all_variants	/paedyl01/disk1/yangyxt/public_data/VEP_plugins_caches/MaveDB/csv/urn-mavedb-00000367-0-1.scores.csv
urn:mavedb:00000367-a-1	-1.6959502577506973	0.954158130532585	0	mad90_all_variants	/paedyl01/disk1/yangyxt/public_data/VEP_plugins_caches/MaveDB/csv/urn-mavedb-00000367-a-1.scores.csv
urn:mavedb:00000367-a-2	-2.7902585558694053	0.11964234882043545	0	mad90_all_variants	/paedyl01/disk1/yangyxt/public_data/VEP_plugins_caches/MaveDB/csv/urn-mavedb-00000367-a-2.scores.csv
urn:mavedb:00000368-0-1	-1.347581776529445	5.880710632986389	0	mad90_all_variants	/paedyl01/disk1/yangyxt/public_data/VEP_plugins_caches/MaveDB/csv/urn-mavedb-00000368-0-1.scores.csv
urn:mavedb:00000368-a-1	-2.529355479770861	3.3814015332107434	0	mad90_all_variants	/paedyl01/disk1/yangyxt/public_data/VEP_plugins_caches/MaveDB/csv/urn-mavedb-00000368-a-1.scores.csv
urn:mavedb:00000368-a-2	-2.172180856294889	1.7346035765840924	0	mad90_all_variants	/paedyl01/disk1/yangyxt/public_data/VEP_plugins_caches/MaveDB/csv/urn-mavedb-00000368-a-2.scores.csv
urn:mavedb:00000369-0-1	0.1744912937662444	6.024259293201256	0	mad90_all_variants	/paedyl01/disk1/yangyxt/public_data/VEP_plugins_caches/MaveDB/csv/urn-mavedb-00000369-0-1.scores.csv
urn:mavedb:00000369-a-1	-0.9687527678574541	2.8132701521312873	0	mad90_all_variants	/paedyl01/disk1/yangyxt/public_data/VEP_plugins_caches/MaveDB/csv/urn-mavedb-00000369-a-1.scores.csv
urn:mavedb:00000369-a-2	-2.270363960266988	1.9329685401701913	0	mad90_all_variants	/paedyl01/disk1/yangyxt/public_data/VEP_plugins_caches/MaveDB/csv/urn-mavedb-00000369-a-2.scores.csv
urn:mavedb:00000370-0-1	2.1834794350708067	7.768151994256257	0	mad90_all_variants	/paedyl01/disk1/yangyxt/public_data/VEP_plugins_caches/MaveDB/csv/urn-mavedb-00000370-0-1.scores.csv
urn:mavedb:00000370-a-1	1.2145397920987593	2.929553163695272	0	mad90_all_variants	/paedyl01/disk1/yangyxt/public_data/VEP_plugins_caches/MaveDB/csv/urn-mavedb-00000370-a-1.scores.csv
urn:mavedb:00000370-a-2	0.24558141318328208	2.2673151123423274	0	mad90_all_variants	/paedyl01/disk1/yangyxt/public_data/VEP_plugins_caches/MaveDB/csv/urn-mavedb-00000370-a-2.scores.csv
urn:mavedb:00000371-0-1	-0.9604650750303796	3.5372713762759878	0	mad90_all_variants	/paedyl01/disk1/yangyxt/public_data/VEP_plugins_caches/MaveDB/csv/urn-mavedb-00000371-0-1.scores.csv
urn:mavedb:00000371-a-1	-1.4988140062675928	1.338291764963244	0	mad90_all_variants	/paedyl01/disk1/yangyxt/public_data/VEP_plugins_caches/MaveDB/csv/urn-mavedb-00000371-a-1.scores.csv
urn:mavedb:00000371-a-2	-2.516952660295779	0.1377517085442299	0	mad90_all_variants	/paedyl01/disk1/yangyxt/public_data/VEP_plugins_caches/MaveDB/csv/urn-mavedb-00000371-a-2.scores.csv
urn:mavedb:00000372-0-1	0.016274001189287013	4.960451941534736	0	mad90_all_variants	/paedyl01/disk1/yangyxt/public_data/VEP_plugins_caches/MaveDB/csv/urn-mavedb-00000372-0-1.scores.csv
urn:mavedb:00000372-a-1	-0.7562895084568765	2.4226160115863657	0	mad90_all_variants	/paedyl01/disk1/yangyxt/public_data/VEP_plugins_caches/MaveDB/csv/urn-mavedb-00000372-a-1.scores.csv
urn:mavedb:00000372-a-2	-2.1652118674531127	1.413994942176879	0	mad90_all_variants	/paedyl01/disk1/yangyxt/public_data/VEP_plugins_caches/MaveDB/csv/urn-mavedb-00000372-a-2.scores.csv
urn:mavedb:00000373-0-1	0.13827600460345613	3.34458982392012	0	mad90_all_variants	/paedyl01/disk1/yangyxt/public_data/VEP_plugins_caches/MaveDB/csv/urn-mavedb-00000373-0-1.scores.csv
urn:mavedb:00000373-a-1	-1.42501925364988	1.0181701060320725	0	mad90_all_variants	/paedyl01/disk1/yangyxt/public_data/VEP_plugins_caches/MaveDB/csv/urn-mavedb-00000373-a-1.scores.csv
urn:mavedb:00000373-a-2	-2.448404703805565	-0.2938650282123374	0	mad90_all_variants	/paedyl01/disk1/yangyxt/public_data/VEP_plugins_caches/MaveDB/csv/urn-mavedb-00000373-a-2.scores.csv
urn:mavedb:00000374-0-1	-0.3981805833252703	4.872643963292072	0	mad90_all_variants	/paedyl01/disk1/yangyxt/public_data/VEP_plugins_caches/MaveDB/csv/urn-mavedb-00000374-0-1.scores.csv
urn:mavedb:00000374-a-1	-1.5279530850992533	1.4702675117952968	0	mad90_all_variants	/paedyl01/disk1/yangyxt/public_data/VEP_plugins_caches/MaveDB/csv/urn-mavedb-00000374-a-1.scores.csv
urn:mavedb:00000374-a-2	-2.6023078935268704	1.1067816178626546	0	mad90_all_variants	/paedyl01/disk1/yangyxt/public_data/VEP_plugins_caches/MaveDB/csv/urn-mavedb-00000374-a-2.scores.csv
urn:mavedb:00000375-0-1	-0.9428818072317489	5.998712271159597	0	mad90_all_variants	/paedyl01/disk1/yangyxt/public_data/VEP_plugins_caches/MaveDB/csv/urn-mavedb-00000375-0-1.scores.csv
urn:mavedb:00000375-a-1	-1.7711956895585441	2.79226987962374	0	mad90_all_variants	/paedyl01/disk1/yangyxt/public_data/VEP_plugins_caches/MaveDB/csv/urn-mavedb-00000375-a-1.scores.csv
urn:mavedb:00000375-a-2	-3.076355930769897	1.7079410272756668	0	mad90_all_variants	/paedyl01/disk1/yangyxt/public_data/VEP_plugins_caches/MaveDB/csv/urn-mavedb-00000375-a-2.scores.csv
urn:mavedb:00000376-0-1	-0.6547903025993738	3.376937713905836	0	mad90_all_variants	/paedyl01/disk1/yangyxt/public_data/VEP_plugins_caches/MaveDB/csv/urn-mavedb-00000376-0-1.scores.csv
urn:mavedb:00000376-a-1	-1.5761685260072715	1.0771769306666217	0	mad90_all_variants	/paedyl01/disk1/yangyxt/public_data/VEP_plugins_caches/MaveDB/csv/urn-mavedb-00000376-a-1.scores.csv
urn:mavedb:00000376-a-2	-2.6754622370145453	-0.1811515768704357	0	mad90_all_variants	/paedyl01/disk1/yangyxt/public_data/VEP_plugins_caches/MaveDB/csv/urn-mavedb-00000376-a-2.scores.csv
urn:mavedb:00000377-0-1	-0.5340700511082832	3.271115004600305	0	mad90_all_variants	/paedyl01/disk1/yangyxt/public_data/VEP_plugins_caches/MaveDB/csv/urn-mavedb-00000377-0-1.scores.csv
urn:mavedb:00000377-a-1	-1.5768930944795616	1.023274514108953	0	mad90_all_variants	/paedyl01/disk1/yangyxt/public_data/VEP_plugins_caches/MaveDB/csv/urn-mavedb-00000377-a-1.scores.csv
urn:mavedb:00000377-a-2	-2.630236998271146	-0.2413741179765565	0	mad90_all_variants	/paedyl01/disk1/yangyxt/public_data/VEP_plugins_caches/MaveDB/csv/urn-mavedb-00000377-a-2.scores.csv
urn:mavedb:00000378-0-1	-0.11371670747639584	5.193950287326828	0	mad90_all_variants	/paedyl01/disk1/yangyxt/public_data/VEP_plugins_caches/MaveDB/csv/urn-mavedb-00000378-0-1.scores.csv
urn:mavedb:00000378-a-1	-0.9991938914511533	2.408901447589122	0	mad90_all_variants	/paedyl01/disk1/yangyxt/public_data/VEP_plugins_caches/MaveDB/csv/urn-mavedb-00000378-a-1.scores.csv
urn:mavedb:00000378-a-2	-1.8069570514231945	1.6451707854235174	0	mad90_all_variants	/paedyl01/disk1/yangyxt/public_data/VEP_plugins_caches/MaveDB/csv/urn-mavedb-00000378-a-2.scores.csv
urn:mavedb:00000379-0-1	-0.04818987582938217	2.9876653920358143	0	mad90_all_variants	/paedyl01/disk1/yangyxt/public_data/VEP_plugins_caches/MaveDB/csv/urn-mavedb-00000379-0-1.scores.csv
urn:mavedb:00000379-a-1	-1.284959545385575	0.3429911953978042	0	mad90_all_variants	/paedyl01/disk1/yangyxt/public_data/VEP_plugins_caches/MaveDB/csv/urn-mavedb-00000379-a-1.scores.csv
urn:mavedb:00000379-a-2	-1.6662556203374712	0.2118316855715624	0	mad90_all_variants	/paedyl01/disk1/yangyxt/public_data/VEP_plugins_caches/MaveDB/csv/urn-mavedb-00000379-a-2.scores.csv
urn:mavedb:00000380-0-1	-0.2737650399972811	3.2445524195156272	0	mad90_all_variants	/paedyl01/disk1/yangyxt/public_data/VEP_plugins_caches/MaveDB/csv/urn-mavedb-00000380-0-1.scores.csv
urn:mavedb:00000380-a-1	-1.0952015625913203	1.067841418173195	0	mad90_all_variants	/paedyl01/disk1/yangyxt/public_data/VEP_plugins_caches/MaveDB/csv/urn-mavedb-00000380-a-1.scores.csv
urn:mavedb:00000380-a-2	-1.8153332841754422	0.3347756064094697	0	mad90_all_variants	/paedyl01/disk1/yangyxt/public_data/VEP_plugins_caches/MaveDB/csv/urn-mavedb-00000380-a-2.scores.csv
urn:mavedb:00000381-0-1	0.574485435733382	3.5631485228197466	0	mad90_all_variants	/paedyl01/disk1/yangyxt/public_data/VEP_plugins_caches/MaveDB/csv/urn-mavedb-00000381-0-1.scores.csv
urn:mavedb:00000381-a-1	-0.6229686403742296	1.344440158724975	0	mad90_all_variants	/paedyl01/disk1/yangyxt/public_data/VEP_plugins_caches/MaveDB/csv/urn-mavedb-00000381-a-1.scores.csv
urn:mavedb:00000381-a-2	-1.5594376485598764	0.6050974302564932	0	mad90_all_variants	/paedyl01/disk1/yangyxt/public_data/VEP_plugins_caches/MaveDB/csv/urn-mavedb-00000381-a-2.scores.csv
urn:mavedb:00000382-0-1	-1.604929100290165	2.1844930694024263	0	mad90_all_variants	/paedyl01/disk1/yangyxt/public_data/VEP_plugins_caches/MaveDB/csv/urn-mavedb-00000382-0-1.scores.csv
urn:mavedb:00000382-a-1	-1.5586579716889633	0.1375575268112913	0	mad90_all_variants	/paedyl01/disk1/yangyxt/public_data/VEP_plugins_caches/MaveDB/csv/urn-mavedb-00000382-a-1.scores.csv
urn:mavedb:00000382-a-2	-1.8868995162406315	-0.2732217743652201	0	mad90_all_variants	/paedyl01/disk1/yangyxt/public_data/VEP_plugins_caches/MaveDB/csv/urn-mavedb-00000382-a-2.scores.csv
urn:mavedb:00000383-0-1	-0.4642406004638977	3.3512696874135033	0	mad90_all_variants	/paedyl01/disk1/yangyxt/public_data/VEP_plugins_caches/MaveDB/csv/urn-mavedb-00000383-0-1.scores.csv
urn:mavedb:00000383-a-1	-1.6903611215803243	1.3584779164710072	0	mad90_all_variants	/paedyl01/disk1/yangyxt/public_data/VEP_plugins_caches/MaveDB/csv/urn-mavedb-00000383-a-1.scores.csv
urn:mavedb:00000383-a-2	-1.8071786044788638	0.5304479112083831	0	mad90_all_variants	/paedyl01/disk1/yangyxt/public_data/VEP_plugins_caches/MaveDB/csv/urn-mavedb-00000383-a-2.scores.csv
urn:mavedb:00000384-0-1	-0.6217478258321609	2.8342739493791003	0	mad90_all_variants	/paedyl01/disk1/yangyxt/public_data/VEP_plugins_caches/MaveDB/csv/urn-mavedb-00000384-0-1.scores.csv
urn:mavedb:00000384-a-1	-1.6346151376054003	0.8285388519547079	0	mad90_all_variants	/paedyl01/disk1/yangyxt/public_data/VEP_plugins_caches/MaveDB/csv/urn-mavedb-00000384-a-1.scores.csv
urn:mavedb:00000384-a-2	-2.6415952135781082	-0.5879776683535254	0	mad90_all_variants	/paedyl01/disk1/yangyxt/public_data/VEP_plugins_caches/MaveDB/csv/urn-mavedb-00000384-a-2.scores.csv
urn:mavedb:00000385-0-1	-0.33849206069549975	2.774559654662584	0	mad90_all_variants	/paedyl01/disk1/yangyxt/public_data/VEP_plugins_caches/MaveDB/csv/urn-mavedb-00000385-0-1.scores.csv
urn:mavedb:00000385-a-1	-1.5358867918054726	1.030806395050712	0	mad90_all_variants	/paedyl01/disk1/yangyxt/public_data/VEP_plugins_caches/MaveDB/csv/urn-mavedb-00000385-a-1.scores.csv
urn:mavedb:00000385-a-2	-2.477418601797392	-0.4553718820578374	0	mad90_all_variants	/paedyl01/disk1/yangyxt/public_data/VEP_plugins_caches/MaveDB/csv/urn-mavedb-00000385-a-2.scores.csv
urn:mavedb:00000386-0-1	-0.40846891461429635	1.9122862582207372	0	mad90_all_variants	/paedyl01/disk1/yangyxt/public_data/VEP_plugins_caches/MaveDB/csv/urn-mavedb-00000386-0-1.scores.csv
urn:mavedb:00000386-a-1	-1.1722863224585396	-0.23113098506396929	0	mad90_all_variants	/paedyl01/disk1/yangyxt/public_data/VEP_plugins_caches/MaveDB/csv/urn-mavedb-00000386-a-1.scores.csv
urn:mavedb:00000386-a-2	-2.0680128801069007	-0.9029456629762957	0	mad90_all_variants	/paedyl01/disk1/yangyxt/public_data/VEP_plugins_caches/MaveDB/csv/urn-mavedb-00000386-a-2.scores.csv
urn:mavedb:00000387-0-1	-0.8197426828244996	3.2517418912217906	0	mad90_all_variants	/paedyl01/disk1/yangyxt/public_data/VEP_plugins_caches/MaveDB/csv/urn-mavedb-00000387-0-1.scores.csv
urn:mavedb:00000387-a-1	-1.7853904752211691	1.0328076990409802	0	mad90_all_variants	/paedyl01/disk1/yangyxt/public_data/VEP_plugins_caches/MaveDB/csv/urn-mavedb-00000387-a-1.scores.csv
urn:mavedb:00000387-a-2	-2.727206067544798	-0.038058753783421606	0	mad90_all_variants	/paedyl01/disk1/yangyxt/public_data/VEP_plugins_caches/MaveDB/csv/urn-mavedb-00000387-a-2.scores.csv
urn:mavedb:00000388-0-1	-0.3092622527684612	4.11964159398214	0	mad90_all_variants	/paedyl01/disk1/yangyxt/public_data/VEP_plugins_caches/MaveDB/csv/urn-mavedb-00000388-0-1.scores.csv
urn:mavedb:00000388-a-1	-0.8209827495492816	1.9477275259630558	0	mad90_all_variants	/paedyl01/disk1/yangyxt/public_data/VEP_plugins_caches/MaveDB/csv/urn-mavedb-00000388-a-1.scores.csv
urn:mavedb:00000388-a-2	-2.661974888732582	0.25498095354667427	0	mad90_all_variants	/paedyl01/disk1/yangyxt/public_data/VEP_plugins_caches/MaveDB/csv/urn-mavedb-00000388-a-2.scores.csv
urn:mavedb:00000389-0-1	0.5387691001111676	5.130037196667871	0	mad90_all_variants	/paedyl01/disk1/yangyxt/public_data/VEP_plugins_caches/MaveDB/csv/urn-mavedb-00000389-0-1.scores.csv
urn:mavedb:00000389-a-1	-0.10470072571559186	2.336512802914314	0	mad90_all_variants	/paedyl01/disk1/yangyxt/public_data/VEP_plugins_caches/MaveDB/csv/urn-mavedb-00000389-a-1.scores.csv
urn:mavedb:00000389-a-2	-2.1482051502661887	1.2500124580048002	0	mad90_all_variants	/paedyl01/disk1/yangyxt/public_data/VEP_plugins_caches/MaveDB/csv/urn-mavedb-00000389-a-2.scores.csv
urn:mavedb:00000390-0-1	4.687687391472956	6.974134138593927	0	mad90_all_variants	/paedyl01/disk1/yangyxt/public_data/VEP_plugins_caches/MaveDB/csv/urn-mavedb-00000390-0-1.scores.csv
urn:mavedb:00000390-a-1	1.600936411140728	2.6867135631271926	0	mad90_all_variants	/paedyl01/disk1/yangyxt/public_data/VEP_plugins_caches/MaveDB/csv/urn-mavedb-00000390-a-1.scores.csv
urn:mavedb:00000390-a-2	1.2473756490398762	1.8144526691311518	0	mad90_all_variants	/paedyl01/disk1/yangyxt/public_data/VEP_plugins_caches/MaveDB/csv/urn-mavedb-00000390-a-2.scores.csv
urn:mavedb:00000391-0-1	0.6379792985345518	5.85703086082926	0	mad90_all_variants	/paedyl01/disk1/yangyxt/public_data/VEP_plugins_caches/MaveDB/csv/urn-mavedb-00000391-0-1.scores.csv
urn:mavedb:00000391-a-1	-0.36050560130727316	3.0598670375773973	0	mad90_all_variants	/paedyl01/disk1/yangyxt/public_data/VEP_plugins_caches/MaveDB/csv/urn-mavedb-00000391-a-1.scores.csv
urn:mavedb:00000391-a-2	-1.6074955438069454	2.0412006768358375	0	mad90_all_variants	/paedyl01/disk1/yangyxt/public_data/VEP_plugins_caches/MaveDB/csv/urn-mavedb-00000391-a-2.scores.csv
urn:mavedb:00000392-0-1	-1.9459218468491009	2.280925775343857	0	mad90_all_variants	/paedyl01/disk1/yangyxt/public_data/VEP_plugins_caches/MaveDB/csv/urn-mavedb-00000392-0-1.scores.csv
urn:mavedb:00000392-a-1	-2.125074932152462	-0.223897179545284	0	mad90_all_variants	/paedyl01/disk1/yangyxt/public_data/VEP_plugins_caches/MaveDB/csv/urn-mavedb-00000392-a-1.scores.csv
urn:mavedb:00000392-a-2	-2.8034409244402876	-1.6563990637250456	0	mad90_all_variants	/paedyl01/disk1/yangyxt/public_data/VEP_plugins_caches/MaveDB/csv/urn-mavedb-00000392-a-2.scores.csv
urn:mavedb:00000393-0-1	-1.0966228459188971	3.1945575867946343	0	mad90_all_variants	/paedyl01/disk1/yangyxt/public_data/VEP_plugins_caches/MaveDB/csv/urn-mavedb-00000393-0-1.scores.csv
urn:mavedb:00000393-a-1	-1.8033560982599965	0.649325461166836	0	mad90_all_variants	/paedyl01/disk1/yangyxt/public_data/VEP_plugins_caches/MaveDB/csv/urn-mavedb-00000393-a-1.scores.csv
urn:mavedb:00000393-a-2	-2.4153791746150706	-0.1682803850088872	0	mad90_all_variants	/paedyl01/disk1/yangyxt/public_data/VEP_plugins_caches/MaveDB/csv/urn-mavedb-00000393-a-2.scores.csv
urn:mavedb:00000394-0-1	-1.656918656708937	2.426695327372653	0	mad90_all_variants	/paedyl01/disk1/yangyxt/public_data/VEP_plugins_caches/MaveDB/csv/urn-mavedb-00000394-0-1.scores.csv
urn:mavedb:00000394-a-1	-1.906678174438401	-0.11991929787323563	0	mad90_all_variants	/paedyl01/disk1/yangyxt/public_data/VEP_plugins_caches/MaveDB/csv/urn-mavedb-00000394-a-1.scores.csv
urn:mavedb:00000394-a-2	-2.904827412797541	-1.2326035319577997	0	mad90_all_variants	/paedyl01/disk1/yangyxt/public_data/VEP_plugins_caches/MaveDB/csv/urn-mavedb-00000394-a-2.scores.csv
urn:mavedb:00000395-0-1	-0.13764183380750006	4.089590519998949	0	mad90_all_variants	/paedyl01/disk1/yangyxt/public_data/VEP_plugins_caches/MaveDB/csv/urn-mavedb-00000395-0-1.scores.csv
urn:mavedb:00000395-a-1	-1.279526993912298	0.9885403960201983	0	mad90_all_variants	/paedyl01/disk1/yangyxt/public_data/VEP_plugins_caches/MaveDB/csv/urn-mavedb-00000395-a-1.scores.csv
urn:mavedb:00000395-a-2	-2.467750077522511	0.587703951285738	0	mad90_all_variants	/paedyl01/disk1/yangyxt/public_data/VEP_plugins_caches/MaveDB/csv/urn-mavedb-00000395-a-2.scores.csv
urn:mavedb:00000396-0-1	2.878114685637813	6.326314823691561	0	mad90_all_variants	/paedyl01/disk1/yangyxt/public_data/VEP_plugins_caches/MaveDB/csv/urn-mavedb-00000396-0-1.scores.csv
urn:mavedb:00000396-a-1	0.9401672347796992	2.853733949366549	0	mad90_all_variants	/paedyl01/disk1/yangyxt/public_data/VEP_plugins_caches/MaveDB/csv/urn-mavedb-00000396-a-1.scores.csv
urn:mavedb:00000396-a-2	-0.13103417862612377	1.8967142519687337	0	mad90_all_variants	/paedyl01/disk1/yangyxt/public_data/VEP_plugins_caches/MaveDB/csv/urn-mavedb-00000396-a-2.scores.csv
urn:mavedb:00000397-0-1	2.3279680881144773	7.606909900795351	0	mad90_all_variants	/paedyl01/disk1/yangyxt/public_data/VEP_plugins_caches/MaveDB/csv/urn-mavedb-00000397-0-1.scores.csv
urn:mavedb:00000397-a-1	0.6914669764495796	3.1073997554015818	0	mad90_all_variants	/paedyl01/disk1/yangyxt/public_data/VEP_plugins_caches/MaveDB/csv/urn-mavedb-00000397-a-1.scores.csv
urn:mavedb:00000397-a-2	0.668974904580878	2.0750110488813602	0	mad90_all_variants	/paedyl01/disk1/yangyxt/public_data/VEP_plugins_caches/MaveDB/csv/urn-mavedb-00000397-a-2.scores.csv
urn:mavedb:00000398-0-1	1.2361350475580675	3.587985458736605	0	mad90_all_variants	/paedyl01/disk1/yangyxt/public_data/VEP_plugins_caches/MaveDB/csv/urn-mavedb-00000398-0-1.scores.csv
urn:mavedb:00000398-a-1	-0.2533037881718203	1.5212066374704143	0	mad90_all_variants	/paedyl01/disk1/yangyxt/public_data/VEP_plugins_caches/MaveDB/csv/urn-mavedb-00000398-a-1.scores.csv
urn:mavedb:00000398-a-2	-0.6464754851307831	1.1658745911526953	0	mad90_all_variants	/paedyl01/disk1/yangyxt/public_data/VEP_plugins_caches/MaveDB/csv/urn-mavedb-00000398-a-2.scores.csv
urn:mavedb:00000399-0-1	-0.6875897335047687	4.528346986641061	0	mad90_all_variants	/paedyl01/disk1/yangyxt/public_data/VEP_plugins_caches/MaveDB/csv/urn-mavedb-00000399-0-1.scores.csv
urn:mavedb:00000399-a-1	-1.953535526639593	1.5911945639848464	0	mad90_all_variants	/paedyl01/disk1/yangyxt/public_data/VEP_plugins_caches/MaveDB/csv/urn-mavedb-00000399-a-1.scores.csv
urn:mavedb:00000399-a-2	-3.089037671762536	0.532808624613589	0	mad90_all_variants	/paedyl01/disk1/yangyxt/public_data/VEP_plugins_caches/MaveDB/csv/urn-mavedb-00000399-a-2.scores.csv
urn:mavedb:00000400-0-1	1.8331602340712534	3.242012246696035	0	mad90_all_variants	/paedyl01/disk1/yangyxt/public_data/VEP_plugins_caches/MaveDB/csv/urn-mavedb-00000400-0-1.scores.csv
urn:mavedb:00000400-a-1	-0.38170823051926656	0.4981125952269256	0	mad90_all_variants	/paedyl01/disk1/yangyxt/public_data/VEP_plugins_caches/MaveDB/csv/urn-mavedb-00000400-a-1.scores.csv
urn:mavedb:00000400-a-2	-1.1974502135385565	-0.14676103071547386	0	mad90_all_variants	/paedyl01/disk1/yangyxt/public_data/VEP_plugins_caches/MaveDB/csv/urn-mavedb-00000400-a-2.scores.csv
urn:mavedb:00000401-0-1	0.46231690022827454	8.546593952331332	0	mad90_all_variants	/paedyl01/disk1/yangyxt/public_data/VEP_plugins_caches/MaveDB/csv/urn-mavedb-00000401-0-1.scores.csv
urn:mavedb:00000401-a-1	-0.6941674663387525	3.627443336954184	0	mad90_all_variants	/paedyl01/disk1/yangyxt/public_data/VEP_plugins_caches/MaveDB/csv/urn-mavedb-00000401-a-1.scores.csv
urn:mavedb:00000401-a-2	-0.3081909553782418	2.4657824590551902	0	mad90_all_variants	/paedyl01/disk1/yangyxt/public_data/VEP_plugins_caches/MaveDB/csv/urn-mavedb-00000401-a-2.scores.csv
urn:mavedb:00000402-0-1	-2.448474423618249	6.445460395797891	0	mad90_all_variants	/paedyl01/disk1/yangyxt/public_data/VEP_plugins_caches/MaveDB/csv/urn-mavedb-00000402-0-1.scores.csv
urn:mavedb:00000402-a-1	-2.8200817483461442	2.6101613171490703	0	mad90_all_variants	/paedyl01/disk1/yangyxt/public_data/VEP_plugins_caches/MaveDB/csv/urn-mavedb-00000402-a-1.scores.csv
urn:mavedb:00000402-a-2	-3.463977327672244	1.5680902284902727	0	mad90_all_variants	/paedyl01/disk1/yangyxt/public_data/VEP_plugins_caches/MaveDB/csv/urn-mavedb-00000402-a-2.scores.csv
urn:mavedb:00000403-0-1	-1.5848210199813955	2.828227246384284	0	mad90_all_variants	/paedyl01/disk1/yangyxt/public_data/VEP_plugins_caches/MaveDB/csv/urn-mavedb-00000403-0-1.scores.csv
urn:mavedb:00000403-a-1	-1.5644826327535626	0.12308819748471267	0	mad90_all_variants	/paedyl01/disk1/yangyxt/public_data/VEP_plugins_caches/MaveDB/csv/urn-mavedb-00000403-a-1.scores.csv
urn:mavedb:00000403-a-2	-2.4825526779476923	-0.5805472090742652	0	mad90_all_variants	/paedyl01/disk1/yangyxt/public_data/VEP_plugins_caches/MaveDB/csv/urn-mavedb-00000403-a-2.scores.csv
urn:mavedb:00000404-0-1	-0.9053718216138766	5.00835643733023	0	mad90_all_variants	/paedyl01/disk1/yangyxt/public_data/VEP_plugins_caches/MaveDB/csv/urn-mavedb-00000404-0-1.scores.csv
urn:mavedb:00000404-a-1	-1.7225582438784435	1.970800475706084	0	mad90_all_variants	/paedyl01/disk1/yangyxt/public_data/VEP_plugins_caches/MaveDB/csv/urn-mavedb-00000404-a-1.scores.csv
urn:mavedb:00000404-a-2	-3.176383569082191	1.1630530299917337	0	mad90_all_variants	/paedyl01/disk1/yangyxt/public_data/VEP_plugins_caches/MaveDB/csv/urn-mavedb-00000404-a-2.scores.csv
urn:mavedb:00000405-0-1	1.9596664835817872	5.2467782464173744	0	mad90_all_variants	/paedyl01/disk1/yangyxt/public_data/VEP_plugins_caches/MaveDB/csv/urn-mavedb-00000405-0-1.scores.csv
urn:mavedb:00000405-a-1	-0.45953644661826876	2.9213958650956533	0	mad90_all_variants	/paedyl01/disk1/yangyxt/public_data/VEP_plugins_caches/MaveDB/csv/urn-mavedb-00000405-a-1.scores.csv
urn:mavedb:00000405-a-2	-0.7073854065142355	1.314582803656501	0	mad90_all_variants	/paedyl01/disk1/yangyxt/public_data/VEP_plugins_caches/MaveDB/csv/urn-mavedb-00000405-a-2.scores.csv
urn:mavedb:00000406-0-1	5.113852769568103	6.505346508787158	0	mad90_all_variants	/paedyl01/disk1/yangyxt/public_data/VEP_plugins_caches/MaveDB/csv/urn-mavedb-00000406-0-1.scores.csv
urn:mavedb:00000406-a-1	1.889082688406102	2.6158478024155123	0	mad90_all_variants	/paedyl01/disk1/yangyxt/public_data/VEP_plugins_caches/MaveDB/csv/urn-mavedb-00000406-a-1.scores.csv
urn:mavedb:00000406-a-2	1.2874146966168851	1.7129759325007892	0	mad90_all_variants	/paedyl01/disk1/yangyxt/public_data/VEP_plugins_caches/MaveDB/csv/urn-mavedb-00000406-a-2.scores.csv
urn:mavedb:00000407-0-1	-1.3320843040855388	2.4724410461525705	0	mad90_all_variants	/paedyl01/disk1/yangyxt/public_data/VEP_plugins_caches/MaveDB/csv/urn-mavedb-00000407-0-1.scores.csv
urn:mavedb:00000407-a-1	-1.3632877339812883	0.35484654401011617	0	mad90_all_variants	/paedyl01/disk1/yangyxt/public_data/VEP_plugins_caches/MaveDB/csv/urn-mavedb-00000407-a-1.scores.csv
urn:mavedb:00000407-a-2	-1.6522629085453633	0.17281887876675617	0	mad90_all_variants	/paedyl01/disk1/yangyxt/public_data/VEP_plugins_caches/MaveDB/csv/urn-mavedb-00000407-a-2.scores.csv
urn:mavedb:00000408-0-1	-3.1224663949334164	2.9163072903938727	0	mad90_all_variants	/paedyl01/disk1/yangyxt/public_data/VEP_plugins_caches/MaveDB/csv/urn-mavedb-00000408-0-1.scores.csv
urn:mavedb:00000408-a-1	-1.7949425394797665	0.3036418326546344	0	mad90_all_variants	/paedyl01/disk1/yangyxt/public_data/VEP_plugins_caches/MaveDB/csv/urn-mavedb-00000408-a-1.scores.csv
urn:mavedb:00000408-a-2	-2.3365375202173504	-0.8238115715688489	0	mad90_all_variants	/paedyl01/disk1/yangyxt/public_data/VEP_plugins_caches/MaveDB/csv/urn-mavedb-00000408-a-2.scores.csv
urn:mavedb:00000409-0-1	-0.7410923665698155	5.8460840629361694	0	mad90_all_variants	/paedyl01/disk1/yangyxt/public_data/VEP_plugins_caches/MaveDB/csv/urn-mavedb-00000409-0-1.scores.csv
urn:mavedb:00000409-a-1	-1.6815542069368292	2.9380922552808104	0	mad90_all_variants	/paedyl01/disk1/yangyxt/public_data/VEP_plugins_caches/MaveDB/csv/urn-mavedb-00000409-a-1.scores.csv
urn:mavedb:00000409-a-2	-3.004803676987647	1.9051189652517637	0	mad90_all_variants	/paedyl01/disk1/yangyxt/public_data/VEP_plugins_caches/MaveDB/csv/urn-mavedb-00000409-a-2.scores.csv
urn:mavedb:00000410-0-1	0.3860684335001834	4.033223576242698	0	mad90_all_variants	/paedyl01/disk1/yangyxt/public_data/VEP_plugins_caches/MaveDB/csv/urn-mavedb-00000410-0-1.scores.csv
urn:mavedb:00000410-a-1	-0.7791636142603282	1.604230022695169	0	mad90_all_variants	/paedyl01/disk1/yangyxt/public_data/VEP_plugins_caches/MaveDB/csv/urn-mavedb-00000410-a-1.scores.csv
urn:mavedb:00000410-a-2	-2.1940660850211393	0.5000400578298176	0	mad90_all_variants	/paedyl01/disk1/yangyxt/public_data/VEP_plugins_caches/MaveDB/csv/urn-mavedb-00000410-a-2.scores.csv
urn:mavedb:00000411-0-1	0.25513633230136024	4.1225209957159255	0	mad90_all_variants	/paedyl01/disk1/yangyxt/public_data/VEP_plugins_caches/MaveDB/csv/urn-mavedb-00000411-0-1.scores.csv
urn:mavedb:00000411-a-1	-0.8325046446237614	1.6728958386109374	0	mad90_all_variants	/paedyl01/disk1/yangyxt/public_data/VEP_plugins_caches/MaveDB/csv/urn-mavedb-00000411-a-1.scores.csv
urn:mavedb:00000411-a-2	-2.1607345103643842	0.664833335559271	0	mad90_all_variants	/paedyl01/disk1/yangyxt/public_data/VEP_plugins_caches/MaveDB/csv/urn-mavedb-00000411-a-2.scores.csv
urn:mavedb:00000412-0-1	-0.30806316034942904	6.55244611599359	0	mad90_all_variants	/paedyl01/disk1/yangyxt/public_data/VEP_plugins_caches/MaveDB/csv/urn-mavedb-00000412-0-1.scores.csv
urn:mavedb:00000412-a-1	-1.311768233449757	3.149530058403041	0	mad90_all_variants	/paedyl01/disk1/yangyxt/public_data/VEP_plugins_caches/MaveDB/csv/urn-mavedb-00000412-a-1.scores.csv
urn:mavedb:00000412-a-2	-2.588076451906952	2.269704235414279	0	mad90_all_variants	/paedyl01/disk1/yangyxt/public_data/VEP_plugins_caches/MaveDB/csv/urn-mavedb-00000412-a-2.scores.csv
urn:mavedb:00000413-0-1	1.7574495434663517	6.3363403369678775	0	mad90_all_variants	/paedyl01/disk1/yangyxt/public_data/VEP_plugins_caches/MaveDB/csv/urn-mavedb-00000413-0-1.scores.csv
urn:mavedb:00000413-a-1	0.2763911762861988	2.8119237758455227	0	mad90_all_variants	/paedyl01/disk1/yangyxt/public_data/VEP_plugins_caches/MaveDB/csv/urn-mavedb-00000413-a-1.scores.csv
urn:mavedb:00000413-a-2	-1.0333411159747738	2.020413218334735	0	mad90_all_variants	/paedyl01/disk1/yangyxt/public_data/VEP_plugins_caches/MaveDB/csv/urn-mavedb-00000413-a-2.scores.csv
urn:mavedb:00000414-0-1	0.36369036951427614	4.670196909623203	0	mad90_all_variants	/paedyl01/disk1/yangyxt/public_data/VEP_plugins_caches/MaveDB/csv/urn-mavedb-00000414-0-1.scores.csv
urn:mavedb:00000414-a-1	-1.0192712027051314	1.901508924335208	0	mad90_all_variants	/paedyl01/disk1/yangyxt/public_data/VEP_plugins_caches/MaveDB/csv/urn-mavedb-00000414-a-1.scores.csv
urn:mavedb:00000414-a-2	-2.136472704694526	0.969238543379568	0	mad90_all_variants	/paedyl01/disk1/yangyxt/public_data/VEP_plugins_caches/MaveDB/csv/urn-mavedb-00000414-a-2.scores.csv
urn:mavedb:00000415-0-1	0.17130197787946622	2.884475328000989	0	mad90_all_variants	/paedyl01/disk1/yangyxt/public_data/VEP_plugins_caches/MaveDB/csv/urn-mavedb-00000415-0-1.scores.csv
urn:mavedb:00000415-a-1	-1.1930998116924862	0.6600421272413232	0	mad90_all_variants	/paedyl01/disk1/yangyxt/public_data/VEP_plugins_caches/MaveDB/csv/urn-mavedb-00000415-a-1.scores.csv
urn:mavedb:00000415-a-2	-2.1003117865602783	-0.35437060911310747	0	mad90_all_variants	/paedyl01/disk1/yangyxt/public_data/VEP_plugins_caches/MaveDB/csv/urn-mavedb-00000415-a-2.scores.csv
urn:mavedb:00000416-0-1	6.543496037641771	11.47333847159932	0	mad90_all_variants	/paedyl01/disk1/yangyxt/public_data/VEP_plugins_caches/MaveDB/csv/urn-mavedb-00000416-0-1.scores.csv
urn:mavedb:00000416-a-1	2.2159977603161503	2.6576813140152513	0	mad90_all_variants	/paedyl01/disk1/yangyxt/public_data/VEP_plugins_caches/MaveDB/csv/urn-mavedb-00000416-a-1.scores.csv
urn:mavedb:00000416-a-2	1.7867566452558332	2.02099834440276	0	mad90_all_variants	/paedyl01/disk1/yangyxt/public_data/VEP_plugins_caches/MaveDB/csv/urn-mavedb-00000416-a-2.scores.csv
urn:mavedb:00000417-0-1	-1.3044899240321328	3.1969918493360323	0	mad90_all_variants	/paedyl01/disk1/yangyxt/public_data/VEP_plugins_caches/MaveDB/csv/urn-mavedb-00000417-0-1.scores.csv
urn:mavedb:00000417-a-1	-2.0511608875830643	0.3058587342135277	0	mad90_all_variants	/paedyl01/disk1/yangyxt/public_data/VEP_plugins_caches/MaveDB/csv/urn-mavedb-00000417-a-1.scores.csv
urn:mavedb:00000417-a-2	-2.438291115666118	0.13210826994035063	0	mad90_all_variants	/paedyl01/disk1/yangyxt/public_data/VEP_plugins_caches/MaveDB/csv/urn-mavedb-00000417-a-2.scores.csv
urn:mavedb:00000418-0-1	-1.417286091466937	3.565421406341615	0	mad90_all_variants	/paedyl01/disk1/yangyxt/public_data/VEP_plugins_caches/MaveDB/csv/urn-mavedb-00000418-0-1.scores.csv
urn:mavedb:00000418-a-1	-2.1496364490549746	0.5737134708249905	0	mad90_all_variants	/paedyl01/disk1/yangyxt/public_data/VEP_plugins_caches/MaveDB/csv/urn-mavedb-00000418-a-1.scores.csv
urn:mavedb:00000418-a-2	-2.525263247910691	0.38000217154454496	0	mad90_all_variants	/paedyl01/disk1/yangyxt/public_data/VEP_plugins_caches/MaveDB/csv/urn-mavedb-00000418-a-2.scores.csv
urn:mavedb:00000419-0-1	0.8399836769491182	4.745510274847862	0	mad90_all_variants	/paedyl01/disk1/yangyxt/public_data/VEP_plugins_caches/MaveDB/csv/urn-mavedb-00000419-0-1.scores.csv
urn:mavedb:00000419-a-1	-0.9715693662653474	1.9733139676539944	0	mad90_all_variants	/paedyl01/disk1/yangyxt/public_data/VEP_plugins_caches/MaveDB/csv/urn-mavedb-00000419-a-1.scores.csv
urn:mavedb:00000419-a-2	-1.779146993383961	0.833152509198454	0	mad90_all_variants	/paedyl01/disk1/yangyxt/public_data/VEP_plugins_caches/MaveDB/csv/urn-mavedb-00000419-a-2.scores.csv
urn:mavedb:00000420-0-1	-1.261757212568844	5.959353157969673	0	mad90_all_variants	/paedyl01/disk1/yangyxt/public_data/VEP_plugins_caches/MaveDB/csv/urn-mavedb-00000420-0-1.scores.csv
urn:mavedb:00000420-a-1	-2.3959264266665516	2.4975378988301835	0	mad90_all_variants	/paedyl01/disk1/yangyxt/public_data/VEP_plugins_caches/MaveDB/csv/urn-mavedb-00000420-a-1.scores.csv
urn:mavedb:00000420-a-2	-3.2529334783458257	2.141107584233591	0	mad90_all_variants	/paedyl01/disk1/yangyxt/public_data/VEP_plugins_caches/MaveDB/csv/urn-mavedb-00000420-a-2.scores.csv
urn:mavedb:00000421-0-1	1.4331446609360854	4.243261297575659	0	mad90_all_variants	/paedyl01/disk1/yangyxt/public_data/VEP_plugins_caches/MaveDB/csv/urn-mavedb-00000421-0-1.scores.csv
urn:mavedb:00000421-a-1	-0.3500467527202744	1.8418081838482614	0	mad90_all_variants	/paedyl01/disk1/yangyxt/public_data/VEP_plugins_caches/MaveDB/csv/urn-mavedb-00000421-a-1.scores.csv
urn:mavedb:00000421-a-2	-0.39056602390094997	1.4602274163952211	0	mad90_all_variants	/paedyl01/disk1/yangyxt/public_data/VEP_plugins_caches/MaveDB/csv/urn-mavedb-00000421-a-2.scores.csv
urn:mavedb:00000422-0-1	-0.7320089051018805	7.164829516978674	0	mad90_all_variants	/paedyl01/disk1/yangyxt/public_data/VEP_plugins_caches/MaveDB/csv/urn-mavedb-00000422-0-1.scores.csv
urn:mavedb:00000422-a-1	-1.0434153859913904	3.52955179330597	0	mad90_all_variants	/paedyl01/disk1/yangyxt/public_data/VEP_plugins_caches/MaveDB/csv/urn-mavedb-00000422-a-1.scores.csv
urn:mavedb:00000422-a-2	-2.964583804601	2.713508843319975	0	mad90_all_variants	/paedyl01/disk1/yangyxt/public_data/VEP_plugins_caches/MaveDB/csv/urn-mavedb-00000422-a-2.scores.csv
urn:mavedb:00000423-0-1	-1.2519621428908398	4.83061972697581	0	mad90_all_variants	/paedyl01/disk1/yangyxt/public_data/VEP_plugins_caches/MaveDB/csv/urn-mavedb-00000423-0-1.scores.csv
urn:mavedb:00000423-a-1	-1.6723607423608984	2.1814263727942227	0	mad90_all_variants	/paedyl01/disk1/yangyxt/public_data/VEP_plugins_caches/MaveDB/csv/urn-mavedb-00000423-a-1.scores.csv
urn:mavedb:00000423-a-2	-3.227103920761525	0.8467906366825919	0	mad90_all_variants	/paedyl01/disk1/yangyxt/public_data/VEP_plugins_caches/MaveDB/csv/urn-mavedb-00000423-a-2.scores.csv
urn:mavedb:00000424-0-1	-2.701901894399796	3.233204836071551	0	mad90_all_variants	/paedyl01/disk1/yangyxt/public_data/VEP_plugins_caches/MaveDB/csv/urn-mavedb-00000424-0-1.scores.csv
urn:mavedb:00000424-a-1	-1.481027666694808	0.3159955935424549	0	mad90_all_variants	/paedyl01/disk1/yangyxt/public_data/VEP_plugins_caches/MaveDB/csv/urn-mavedb-00000424-a-1.scores.csv
urn:mavedb:00000424-a-2	-3.007982675753613	-0.9282746887076565	0	mad90_all_variants	/paedyl01/disk1/yangyxt/public_data/VEP_plugins_caches/MaveDB/csv/urn-mavedb-00000424-a-2.scores.csv
urn:mavedb:00000425-0-1	-0.3590742165228029	3.7373870217813927	0	mad90_all_variants	/paedyl01/disk1/yangyxt/public_data/VEP_plugins_caches/MaveDB/csv/urn-mavedb-00000425-0-1.scores.csv
urn:mavedb:00000425-a-1	-1.2445137989447312	1.5764415145929105	0	mad90_all_variants	/paedyl01/disk1/yangyxt/public_data/VEP_plugins_caches/MaveDB/csv/urn-mavedb-00000425-a-1.scores.csv
urn:mavedb:00000425-a-2	-1.2068985739410096	1.8832440534183772	0	mad90_all_variants	/paedyl01/disk1/yangyxt/public_data/VEP_plugins_caches/MaveDB/csv/urn-mavedb-00000425-a-2.scores.csv
urn:mavedb:00000426-0-1	0.24438719062186842	3.8457627581366367	0	mad90_all_variants	/paedyl01/disk1/yangyxt/public_data/VEP_plugins_caches/MaveDB/csv/urn-mavedb-00000426-0-1.scores.csv
urn:mavedb:00000426-a-1	-0.8992602887412489	1.4641431256350395	0	mad90_all_variants	/paedyl01/disk1/yangyxt/public_data/VEP_plugins_caches/MaveDB/csv/urn-mavedb-00000426-a-1.scores.csv
urn:mavedb:00000426-a-2	-1.7847010473945	0.8652724459914797	0	mad90_all_variants	/paedyl01/disk1/yangyxt/public_data/VEP_plugins_caches/MaveDB/csv/urn-mavedb-00000426-a-2.scores.csv
urn:mavedb:00000427-0-1	1.0055202325843113	3.532115047642881	0	mad90_all_variants	/paedyl01/disk1/yangyxt/public_data/VEP_plugins_caches/MaveDB/csv/urn-mavedb-00000427-0-1.scores.csv
urn:mavedb:00000427-a-1	-0.2495678010248592	1.7611326603346398	0	mad90_all_variants	/paedyl01/disk1/yangyxt/public_data/VEP_plugins_caches/MaveDB/csv/urn-mavedb-00000427-a-1.scores.csv
urn:mavedb:00000427-a-2	-1.193629075500939	0.6557093578163244	0	mad90_all_variants	/paedyl01/disk1/yangyxt/public_data/VEP_plugins_caches/MaveDB/csv/urn-mavedb-00000427-a-2.scores.csv
urn:mavedb:00000428-0-1	0.22248497684998797	1.1653851889634679	0	mad90_all_variants	/paedyl01/disk1/yangyxt/public_data/VEP_plugins_caches/MaveDB/csv/urn-mavedb-00000428-0-1.scores.csv
urn:mavedb:00000428-a-1	-1.236622300559039	-0.5468413934871722	0	mad90_all_variants	/paedyl01/disk1/yangyxt/public_data/VEP_plugins_caches/MaveDB/csv/urn-mavedb-00000428-a-1.scores.csv
urn:mavedb:00000428-a-2	-2.2832016241807813	-1.7652865466752545	0	mad90_all_variants	/paedyl01/disk1/yangyxt/public_data/VEP_plugins_caches/MaveDB/csv/urn-mavedb-00000428-a-2.scores.csv
urn:mavedb:00000429-0-1	-8.616385145677448	6.203385919104557	0	mad90_all_variants	/paedyl01/disk1/yangyxt/public_data/VEP_plugins_caches/MaveDB/csv/urn-mavedb-00000429-0-1.scores.csv
urn:mavedb:00000429-a-1	-1.5473961045007634	-0.0823391225592911	0	mad90_all_variants	/paedyl01/disk1/yangyxt/public_data/VEP_plugins_caches/MaveDB/csv/urn-mavedb-00000429-a-1.scores.csv
urn:mavedb:00000429-a-2	-2.311222975923758	-1.3115430697819217	0	mad90_all_variants	/paedyl01/disk1/yangyxt/public_data/VEP_plugins_caches/MaveDB/csv/urn-mavedb-00000429-a-2.scores.csv
urn:mavedb:00000430-0-1	-2.3436382673868854	3.747255753188081	0	mad90_all_variants	/paedyl01/disk1/yangyxt/public_data/VEP_plugins_caches/MaveDB/csv/urn-mavedb-00000430-0-1.scores.csv
urn:mavedb:00000430-a-1	-2.559087189909823	0.4743267039147234	0	mad90_all_variants	/paedyl01/disk1/yangyxt/public_data/VEP_plugins_caches/MaveDB/csv/urn-mavedb-00000430-a-1.scores.csv
urn:mavedb:00000430-a-2	-3.5559845277573396	-0.4362207059203076	0	mad90_all_variants	/paedyl01/disk1/yangyxt/public_data/VEP_plugins_caches/MaveDB/csv/urn-mavedb-00000430-a-2.scores.csv
urn:mavedb:00000431-0-1	-4.39141400875433	14.303179074130243	0	mad90_all_variants	/paedyl01/disk1/yangyxt/public_data/VEP_plugins_caches/MaveDB/csv/urn-mavedb-00000431-0-1.scores.csv
urn:mavedb:00000431-a-1	0.5350812828375084	3.1892983113301745	0	mad90_all_variants	/paedyl01/disk1/yangyxt/public_data/VEP_plugins_caches/MaveDB/csv/urn-mavedb-00000431-a-1.scores.csv
urn:mavedb:00000431-a-2	-1.3141342288171272	3.3891302788205913	0	mad90_all_variants	/paedyl01/disk1/yangyxt/public_data/VEP_plugins_caches/MaveDB/csv/urn-mavedb-00000431-a-2.scores.csv
urn:mavedb:00000432-0-1	-2.017637768665704	3.902505799759016	0	mad90_all_variants	/paedyl01/disk1/yangyxt/public_data/VEP_plugins_caches/MaveDB/csv/urn-mavedb-00000432-0-1.scores.csv
urn:mavedb:00000432-a-1	-1.9247746344336252	1.4268586760220237	0	mad90_all_variants	/paedyl01/disk1/yangyxt/public_data/VEP_plugins_caches/MaveDB/csv/urn-mavedb-00000432-a-1.scores.csv
urn:mavedb:00000432-a-2	-2.9210150627882934	0.32421868921642294	0	mad90_all_variants	/paedyl01/disk1/yangyxt/public_data/VEP_plugins_caches/MaveDB/csv/urn-mavedb-00000432-a-2.scores.csv
urn:mavedb:00000433-0-1	-3.1082741814968893	3.843132778011081	0	mad90_all_variants	/paedyl01/disk1/yangyxt/public_data/VEP_plugins_caches/MaveDB/csv/urn-mavedb-00000433-0-1.scores.csv
urn:mavedb:00000433-a-1	-2.005548347697741	0.3837334385122275	0	mad90_all_variants	/paedyl01/disk1/yangyxt/public_data/VEP_plugins_caches/MaveDB/csv/urn-mavedb-00000433-a-1.scores.csv
urn:mavedb:00000433-a-2	-2.9580228233710844	-0.5211638804258532	0	mad90_all_variants	/paedyl01/disk1/yangyxt/public_data/VEP_plugins_caches/MaveDB/csv/urn-mavedb-00000433-a-2.scores.csv
urn:mavedb:00000434-0-1	-1.1037496822773911	5.253936368656987	0	mad90_all_variants	/paedyl01/disk1/yangyxt/public_data/VEP_plugins_caches/MaveDB/csv/urn-mavedb-00000434-0-1.scores.csv
urn:mavedb:00000434-a-1	-1.4407915270499476	2.6328419274767105	0	mad90_all_variants	/paedyl01/disk1/yangyxt/public_data/VEP_plugins_caches/MaveDB/csv/urn-mavedb-00000434-a-1.scores.csv
urn:mavedb:00000434-a-2	-3.1982983598640295	1.2744518769711506	0	mad90_all_variants	/paedyl01/disk1/yangyxt/public_data/VEP_plugins_caches/MaveDB/csv/urn-mavedb-00000434-a-2.scores.csv
urn:mavedb:00000435-0-1	0.5410352300851526	5.662500683031571	0	mad90_all_variants	/paedyl01/disk1/yangyxt/public_data/VEP_plugins_caches/MaveDB/csv/urn-mavedb-00000435-0-1.scores.csv
urn:mavedb:00000435-a-1	-0.44703583874206454	2.913561401662328	0	mad90_all_variants	/paedyl01/disk1/yangyxt/public_data/VEP_plugins_caches/MaveDB/csv/urn-mavedb-00000435-a-1.scores.csv
urn:mavedb:00000435-a-2	-1.7771674094099894	1.7899131173088558	0	mad90_all_variants	/paedyl01/disk1/yangyxt/public_data/VEP_plugins_caches/MaveDB/csv/urn-mavedb-00000435-a-2.scores.csv
urn:mavedb:00000436-0-1	-1.7832745001934092	5.615799434296896	0	mad90_all_variants	/paedyl01/disk1/yangyxt/public_data/VEP_plugins_caches/MaveDB/csv/urn-mavedb-00000436-0-1.scores.csv
urn:mavedb:00000436-a-1	-1.749098252734952	2.7245360031972536	0	mad90_all_variants	/paedyl01/disk1/yangyxt/public_data/VEP_plugins_caches/MaveDB/csv/urn-mavedb-00000436-a-1.scores.csv
urn:mavedb:00000436-a-2	-3.3504885572012566	1.5843182954810682	0	mad90_all_variants	/paedyl01/disk1/yangyxt/public_data/VEP_plugins_caches/MaveDB/csv/urn-mavedb-00000436-a-2.scores.csv
urn:mavedb:00000437-0-1	-0.41698042322748696	1.993481683663874	0	mad90_all_variants	/paedyl01/disk1/yangyxt/public_data/VEP_plugins_caches/MaveDB/csv/urn-mavedb-00000437-0-1.scores.csv
urn:mavedb:00000437-a-1	-1.7128439885565516	-0.211943631472155	0	mad90_all_variants	/paedyl01/disk1/yangyxt/public_data/VEP_plugins_caches/MaveDB/csv/urn-mavedb-00000437-a-1.scores.csv
urn:mavedb:00000437-a-2	-2.3962165143022744	-0.9630723393524231	0	mad90_all_variants	/paedyl01/disk1/yangyxt/public_data/VEP_plugins_caches/MaveDB/csv/urn-mavedb-00000437-a-2.scores.csv
urn:mavedb:00000438-0-1	-1.248106979530213	3.0197386475521757	0	mad90_all_variants	/paedyl01/disk1/yangyxt/public_data/VEP_plugins_caches/MaveDB/csv/urn-mavedb-00000438-0-1.scores.csv
urn:mavedb:00000438-a-1	-2.016281809447566	0.5179580006841242	0	mad90_all_variants	/paedyl01/disk1/yangyxt/public_data/VEP_plugins_caches/MaveDB/csv/urn-mavedb-00000438-a-1.scores.csv
urn:mavedb:00000438-a-2	-3.3105305893965697	-0.8219156649783903	0	mad90_all_variants	/paedyl01/disk1/yangyxt/public_data/VEP_plugins_caches/MaveDB/csv/urn-mavedb-00000438-a-2.scores.csv
urn:mavedb:00000439-0-1	0.23063503415168762	6.950740695960102	0	mad90_all_variants	/paedyl01/disk1/yangyxt/public_data/VEP_plugins_caches/MaveDB/csv/urn-mavedb-00000439-0-1.scores.csv
urn:mavedb:00000439-a-1	-0.46184844965356664	3.3150824534319847	0	mad90_all_variants	/paedyl01/disk1/yangyxt/public_data/VEP_plugins_caches/MaveDB/csv/urn-mavedb-00000439-a-1.scores.csv
urn:mavedb:00000439-a-2	-1.9147201476626114	2.50828415726938	0	mad90_all_variants	/paedyl01/disk1/yangyxt/public_data/VEP_plugins_caches/MaveDB/csv/urn-mavedb-00000439-a-2.scores.csv
urn:mavedb:00000440-0-1	-1.918964266550394	6.3231026637856	0	mad90_all_variants	/paedyl01/disk1/yangyxt/public_data/VEP_plugins_caches/MaveDB/csv/urn-mavedb-00000440-0-1.scores.csv
urn:mavedb:00000440-a-1	-2.241096494243025	3.0906068262090676	0	mad90_all_variants	/paedyl01/disk1/yangyxt/public_data/VEP_plugins_caches/MaveDB/csv/urn-mavedb-00000440-a-1.scores.csv
urn:mavedb:00000440-a-2	-3.4543337477028055	2.289405776295502	0	mad90_all_variants	/paedyl01/disk1/yangyxt/public_data/VEP_plugins_caches/MaveDB/csv/urn-mavedb-00000440-a-2.scores.csv
urn:mavedb:00000441-0-1	-0.5476325303368808	1.7713628735833504	0	mad90_all_variants	/paedyl01/disk1/yangyxt/public_data/VEP_plugins_caches/MaveDB/csv/urn-mavedb-00000441-0-1.scores.csv
urn:mavedb:00000441-a-1	-0.7154560598814523	0.6485395732217021	0	mad90_all_variants	/paedyl01/disk1/yangyxt/public_data/VEP_plugins_caches/MaveDB/csv/urn-mavedb-00000441-a-1.scores.csv
urn:mavedb:00000441-a-2	-1.4196613817427814	-0.015506696002603348	0	mad90_all_variants	/paedyl01/disk1/yangyxt/public_data/VEP_plugins_caches/MaveDB/csv/urn-mavedb-00000441-a-2.scores.csv
urn:mavedb:00000442-0-1	4.572916389158583	6.666263732223061	0	mad90_all_variants	/paedyl01/disk1/yangyxt/public_data/VEP_plugins_caches/MaveDB/csv/urn-mavedb-00000442-0-1.scores.csv
urn:mavedb:00000442-a-1	1.6332179797665805	2.5721090815549634	0	mad90_all_variants	/paedyl01/disk1/yangyxt/public_data/VEP_plugins_caches/MaveDB/csv/urn-mavedb-00000442-a-1.scores.csv
urn:mavedb:00000442-a-2	1.168483305886974	1.7904352510701622	0	mad90_all_variants	/paedyl01/disk1/yangyxt/public_data/VEP_plugins_caches/MaveDB/csv/urn-mavedb-00000442-a-2.scores.csv
urn:mavedb:00000443-0-1	1.0755077456647886	7.738945467162372	0	mad90_all_variants	/paedyl01/disk1/yangyxt/public_data/VEP_plugins_caches/MaveDB/csv/urn-mavedb-00000443-0-1.scores.csv
urn:mavedb:00000443-a-1	0.27856955061707	3.1875335797540387	0	mad90_all_variants	/paedyl01/disk1/yangyxt/public_data/VEP_plugins_caches/MaveDB/csv/urn-mavedb-00000443-a-1.scores.csv
urn:mavedb:00000443-a-2	-1.2852105407500565	2.6255727412857355	0	mad90_all_variants	/paedyl01/disk1/yangyxt/public_data/VEP_plugins_caches/MaveDB/csv/urn-mavedb-00000443-a-2.scores.csv
urn:mavedb:00000444-0-1	-2.872113795147971	4.301042046505281	0	mad90_all_variants	/paedyl01/disk1/yangyxt/public_data/VEP_plugins_caches/MaveDB/csv/urn-mavedb-00000444-0-1.scores.csv
urn:mavedb:00000444-a-1	-2.1142041348806533	0.8952803836214495	0	mad90_all_variants	/paedyl01/disk1/yangyxt/public_data/VEP_plugins_caches/MaveDB/csv/urn-mavedb-00000444-a-1.scores.csv
urn:mavedb:00000444-a-2	-3.288518331295866	-0.16629739998006254	0	mad90_all_variants	/paedyl01/disk1/yangyxt/public_data/VEP_plugins_caches/MaveDB/csv/urn-mavedb-00000444-a-2.scores.csv
urn:mavedb:00000445-0-1	1.216925838984036	2.985709898072546	0	mad90_all_variants	/paedyl01/disk1/yangyxt/public_data/VEP_plugins_caches/MaveDB/csv/urn-mavedb-00000445-0-1.scores.csv
urn:mavedb:00000445-a-1	-0.3395923527853766	0.8965795814776178	0	mad90_all_variants	/paedyl01/disk1/yangyxt/public_data/VEP_plugins_caches/MaveDB/csv/urn-mavedb-00000445-a-1.scores.csv
urn:mavedb:00000445-a-2	-0.3899056657690071	0.7913017130120304	0	mad90_all_variants	/paedyl01/disk1/yangyxt/public_data/VEP_plugins_caches/MaveDB/csv/urn-mavedb-00000445-a-2.scores.csv
urn:mavedb:00000446-0-1	1.4653691334538697	4.906766337895213	0	mad90_all_variants	/paedyl01/disk1/yangyxt/public_data/VEP_plugins_caches/MaveDB/csv/urn-mavedb-00000446-0-1.scores.csv
urn:mavedb:00000446-a-1	0.8072079148887974	2.7995763440442216	0	mad90_all_variants	/paedyl01/disk1/yangyxt/public_data/VEP_plugins_caches/MaveDB/csv/urn-mavedb-00000446-a-1.scores.csv
urn:mavedb:00000446-a-2	0.3397911838660411	1.9455066188507253	0	mad90_all_variants	/paedyl01/disk1/yangyxt/public_data/VEP_plugins_caches/MaveDB/csv/urn-mavedb-00000446-a-2.scores.csv
urn:mavedb:00000447-0-1	3.6784564808524274	6.204558209330422	0	mad90_all_variants	/paedyl01/disk1/yangyxt/public_data/VEP_plugins_caches/MaveDB/csv/urn-mavedb-00000447-0-1.scores.csv
urn:mavedb:00000447-a-1	1.3871730767227073	2.698126807245405	0	mad90_all_variants	/paedyl01/disk1/yangyxt/public_data/VEP_plugins_caches/MaveDB/csv/urn-mavedb-00000447-a-1.scores.csv
urn:mavedb:00000447-a-2	0.3942178342716961	1.7859390010307545	0	mad90_all_variants	/paedyl01/disk1/yangyxt/public_data/VEP_plugins_caches/MaveDB/csv/urn-mavedb-00000447-a-2.scores.csv
urn:mavedb:00000448-0-1	-4.402495416351195	6.906882385514873	0	mad90_all_variants	/paedyl01/disk1/yangyxt/public_data/VEP_plugins_caches/MaveDB/csv/urn-mavedb-00000448-0-1.scores.csv
urn:mavedb:00000448-a-1	-2.476052537906442	2.3072975583416335	0	mad90_all_variants	/paedyl01/disk1/yangyxt/public_data/VEP_plugins_caches/MaveDB/csv/urn-mavedb-00000448-a-1.scores.csv
urn:mavedb:00000448-a-2	-3.9749766634236443	1.1211595089471271	0	mad90_all_variants	/paedyl01/disk1/yangyxt/public_data/VEP_plugins_caches/MaveDB/csv/urn-mavedb-00000448-a-2.scores.csv
urn:mavedb:00000449-0-1	2.3575843679190633	4.387009330545976	0	mad90_all_variants	/paedyl01/disk1/yangyxt/public_data/VEP_plugins_caches/MaveDB/csv/urn-mavedb-00000449-0-1.scores.csv
urn:mavedb:00000449-a-1	0.9831304398783601	2.344849550719363	0	mad90_all_variants	/paedyl01/disk1/yangyxt/public_data/VEP_plugins_caches/MaveDB/csv/urn-mavedb-00000449-a-1.scores.csv
urn:mavedb:00000449-a-2	0.8380953513152182	1.5817073592523303	0	mad90_all_variants	/paedyl01/disk1/yangyxt/public_data/VEP_plugins_caches/MaveDB/csv/urn-mavedb-00000449-a-2.scores.csv
urn:mavedb:00000450-0-1	-0.35230943156540895	2.217669843474601	0	mad90_all_variants	/paedyl01/disk1/yangyxt/public_data/VEP_plugins_caches/MaveDB/csv/urn-mavedb-00000450-0-1.scores.csv
urn:mavedb:00000450-a-1	-1.7657183576457145	-0.11593267989022349	0	mad90_all_variants	/paedyl01/disk1/yangyxt/public_data/VEP_plugins_caches/MaveDB/csv/urn-mavedb-00000450-a-1.scores.csv
urn:mavedb:00000450-a-2	-2.5812518562809466	-0.9656181673604111	0	mad90_all_variants	/paedyl01/disk1/yangyxt/public_data/VEP_plugins_caches/MaveDB/csv/urn-mavedb-00000450-a-2.scores.csv
urn:mavedb:00000451-0-1	-0.4450146346130679	3.2876152700400354	0	mad90_all_variants	/paedyl01/disk1/yangyxt/public_data/VEP_plugins_caches/MaveDB/csv/urn-mavedb-00000451-0-1.scores.csv
urn:mavedb:00000451-a-1	-1.5915253933647804	1.0406399473412693	0	mad90_all_variants	/paedyl01/disk1/yangyxt/public_data/VEP_plugins_caches/MaveDB/csv/urn-mavedb-00000451-a-1.scores.csv
urn:mavedb:00000451-a-2	-2.2847872127198183	0.10493588952550836	0	mad90_all_variants	/paedyl01/disk1/yangyxt/public_data/VEP_plugins_caches/MaveDB/csv/urn-mavedb-00000451-a-2.scores.csv
urn:mavedb:00000452-0-1	0.9184454752944669	3.832933045975798	0	mad90_all_variants	/paedyl01/disk1/yangyxt/public_data/VEP_plugins_caches/MaveDB/csv/urn-mavedb-00000452-0-1.scores.csv
urn:mavedb:00000452-a-1	-0.5028577623228188	1.4568413894392764	0	mad90_all_variants	/paedyl01/disk1/yangyxt/public_data/VEP_plugins_caches/MaveDB/csv/urn-mavedb-00000452-a-1.scores.csv
urn:mavedb:00000452-a-2	-2.0179220608790516	0.3272535696700747	0	mad90_all_variants	/paedyl01/disk1/yangyxt/public_data/VEP_plugins_caches/MaveDB/csv/urn-mavedb-00000452-a-2.scores.csv
urn:mavedb:00000453-0-1	4.978258179693255	7.00595080590836	0	mad90_all_variants	/paedyl01/disk1/yangyxt/public_data/VEP_plugins_caches/MaveDB/csv/urn-mavedb-00000453-0-1.scores.csv
urn:mavedb:00000453-a-1	1.859002366253712	2.543000082581634	0	mad90_all_variants	/paedyl01/disk1/yangyxt/public_data/VEP_plugins_caches/MaveDB/csv/urn-mavedb-00000453-a-1.scores.csv
urn:mavedb:00000453-a-2	1.345098107220372	1.8167843161036947	0	mad90_all_variants	/paedyl01/disk1/yangyxt/public_data/VEP_plugins_caches/MaveDB/csv/urn-mavedb-00000453-a-2.scores.csv
urn:mavedb:00000454-0-1	-1.8170738714640393	9.4432753704364	0	mad90_all_variants	/paedyl01/disk1/yangyxt/public_data/VEP_plugins_caches/MaveDB/csv/urn-mavedb-00000454-0-1.scores.csv
urn:mavedb:00000454-a-1	-2.1790350649925183	4.185952818331181	0	mad90_all_variants	/paedyl01/disk1/yangyxt/public_data/VEP_plugins_caches/MaveDB/csv/urn-mavedb-00000454-a-1.scores.csv
urn:mavedb:00000454-a-2	-1.6088007562392694	3.049681262898821	0	mad90_all_variants	/paedyl01/disk1/yangyxt/public_data/VEP_plugins_caches/MaveDB/csv/urn-mavedb-00000454-a-2.scores.csv
urn:mavedb:00000455-0-1	-0.402997905121822	9.155167815642544	0	mad90_all_variants	/paedyl01/disk1/yangyxt/public_data/VEP_plugins_caches/MaveDB/csv/urn-mavedb-00000455-0-1.scores.csv
urn:mavedb:00000455-a-1	-1.288800130402378	3.9040271514080898	0	mad90_all_variants	/paedyl01/disk1/yangyxt/public_data/VEP_plugins_caches/MaveDB/csv/urn-mavedb-00000455-a-1.scores.csv
urn:mavedb:00000455-a-2	-0.8010087283334306	2.7077055542125867	0	mad90_all_variants	/paedyl01/disk1/yangyxt/public_data/VEP_plugins_caches/MaveDB/csv/urn-mavedb-00000455-a-2.scores.csv
urn:mavedb:00000456-0-1	4.625023053201032	7.165283823221282	0	mad90_all_variants	/paedyl01/disk1/yangyxt/public_data/VEP_plugins_caches/MaveDB/csv/urn-mavedb-00000456-0-1.scores.csv
urn:mavedb:00000456-a-1	1.7704329838521273	2.740367271453043	0	mad90_all_variants	/paedyl01/disk1/yangyxt/public_data/VEP_plugins_caches/MaveDB/csv/urn-mavedb-00000456-a-1.scores.csv
urn:mavedb:00000456-a-2	1.344226816799826	1.8290635530591235	0	mad90_all_variants	/paedyl01/disk1/yangyxt/public_data/VEP_plugins_caches/MaveDB/csv/urn-mavedb-00000456-a-2.scores.csv
urn:mavedb:00000457-0-1	2.9246491364039686	5.072073363627245	0	mad90_all_variants	/paedyl01/disk1/yangyxt/public_data/VEP_plugins_caches/MaveDB/csv/urn-mavedb-00000457-0-1.scores.csv
urn:mavedb:00000457-a-1	0.6828427163326394	1.994099749124521	0	mad90_all_variants	/paedyl01/disk1/yangyxt/public_data/VEP_plugins_caches/MaveDB/csv/urn-mavedb-00000457-a-1.scores.csv
urn:mavedb:00000457-a-2	0.008645726444736712	1.3513299918440471	0	mad90_all_variants	/paedyl01/disk1/yangyxt/public_data/VEP_plugins_caches/MaveDB/csv/urn-mavedb-00000457-a-2.scores.csv
urn:mavedb:00000458-0-1	2.1286898181021527	3.772634052351555	0	mad90_all_variants	/paedyl01/disk1/yangyxt/public_data/VEP_plugins_caches/MaveDB/csv/urn-mavedb-00000458-0-1.scores.csv
urn:mavedb:00000458-a-1	0.2576919715115713	1.603038332821417	0	mad90_all_variants	/paedyl01/disk1/yangyxt/public_data/VEP_plugins_caches/MaveDB/csv/urn-mavedb-00000458-a-1.scores.csv
urn:mavedb:00000458-a-2	0.5075642875699407	1.4329193143820553	0	mad90_all_variants	/paedyl01/disk1/yangyxt/public_data/VEP_plugins_caches/MaveDB/csv/urn-mavedb-00000458-a-2.scores.csv
urn:mavedb:00000459-0-1	2.325222081415662	5.204258779718411	0	mad90_all_variants	/paedyl01/disk1/yangyxt/public_data/VEP_plugins_caches/MaveDB/csv/urn-mavedb-00000459-0-1.scores.csv
urn:mavedb:00000459-a-1	0.6349235415656803	2.1386271988898087	0	mad90_all_variants	/paedyl01/disk1/yangyxt/public_data/VEP_plugins_caches/MaveDB/csv/urn-mavedb-00000459-a-1.scores.csv
urn:mavedb:00000459-a-2	0.30220501189742976	1.6829674337054643	0	mad90_all_variants	/paedyl01/disk1/yangyxt/public_data/VEP_plugins_caches/MaveDB/csv/urn-mavedb-00000459-a-2.scores.csv
urn:mavedb:00000460-0-1	1.8204683534427186	3.671022046223059	0	mad90_all_variants	/paedyl01/disk1/yangyxt/public_data/VEP_plugins_caches/MaveDB/csv/urn-mavedb-00000460-0-1.scores.csv
urn:mavedb:00000460-a-1	0.37215296906337114	1.5838281138835986	0	mad90_all_variants	/paedyl01/disk1/yangyxt/public_data/VEP_plugins_caches/MaveDB/csv/urn-mavedb-00000460-a-1.scores.csv
urn:mavedb:00000460-a-2	0.8498350873280816	1.747040644554679	0	mad90_all_variants	/paedyl01/disk1/yangyxt/public_data/VEP_plugins_caches/MaveDB/csv/urn-mavedb-00000460-a-2.scores.csv
urn:mavedb:00000461-0-1	2.297383928572393	4.576372461579492	0	mad90_all_variants	/paedyl01/disk1/yangyxt/public_data/VEP_plugins_caches/MaveDB/csv/urn-mavedb-00000461-0-1.scores.csv
urn:mavedb:00000461-a-1	0.5752164530652415	1.8216257385442551	0	mad90_all_variants	/paedyl01/disk1/yangyxt/public_data/VEP_plugins_caches/MaveDB/csv/urn-mavedb-00000461-a-1.scores.csv
urn:mavedb:00000461-a-2	0.1645208835596652	1.5395741374692786	0	mad90_all_variants	/paedyl01/disk1/yangyxt/public_data/VEP_plugins_caches/MaveDB/csv/urn-mavedb-00000461-a-2.scores.csv
urn:mavedb:00000462-0-1	2.588131339231137	4.512484957004461	0	mad90_all_variants	/paedyl01/disk1/yangyxt/public_data/VEP_plugins_caches/MaveDB/csv/urn-mavedb-00000462-0-1.scores.csv
urn:mavedb:00000462-a-1	0.5730240133340706	1.8851287444096565	0	mad90_all_variants	/paedyl01/disk1/yangyxt/public_data/VEP_plugins_caches/MaveDB/csv/urn-mavedb-00000462-a-1.scores.csv
urn:mavedb:00000462-a-2	0.540427560909396	1.6495732629219155	0	mad90_all_variants	/paedyl01/disk1/yangyxt/public_data/VEP_plugins_caches/MaveDB/csv/urn-mavedb-00000462-a-2.scores.csv
urn:mavedb:00000463-0-1	2.5791077043479556	4.905047292039748	0	mad90_all_variants	/paedyl01/disk1/yangyxt/public_data/VEP_plugins_caches/MaveDB/csv/urn-mavedb-00000463-0-1.scores.csv
urn:mavedb:00000463-a-1	0.6945180985889985	2.164691154482596	0	mad90_all_variants	/paedyl01/disk1/yangyxt/public_data/VEP_plugins_caches/MaveDB/csv/urn-mavedb-00000463-a-1.scores.csv
urn:mavedb:00000463-a-2	0.3985821404245451	1.70053103177814	0	mad90_all_variants	/paedyl01/disk1/yangyxt/public_data/VEP_plugins_caches/MaveDB/csv/urn-mavedb-00000463-a-2.scores.csv
urn:mavedb:00000464-0-1	1.5810294404377792	3.314706485987157	0	mad90_all_variants	/paedyl01/disk1/yangyxt/public_data/VEP_plugins_caches/MaveDB/csv/urn-mavedb-00000464-0-1.scores.csv
urn:mavedb:00000464-a-1	-0.2316291308269573	0.9051980589369448	0	mad90_all_variants	/paedyl01/disk1/yangyxt/public_data/VEP_plugins_caches/MaveDB/csv/urn-mavedb-00000464-a-1.scores.csv
urn:mavedb:00000464-a-2	-0.7546084679565087	0.5493837246461873	0	mad90_all_variants	/paedyl01/disk1/yangyxt/public_data/VEP_plugins_caches/MaveDB/csv/urn-mavedb-00000464-a-2.scores.csv
urn:mavedb:00000465-0-1	2.5623057863398535	4.69216590138387	0	mad90_all_variants	/paedyl01/disk1/yangyxt/public_data/VEP_plugins_caches/MaveDB/csv/urn-mavedb-00000465-0-1.scores.csv
urn:mavedb:00000465-a-1	0.33900620341580767	1.7711189790121775	0	mad90_all_variants	/paedyl01/disk1/yangyxt/public_data/VEP_plugins_caches/MaveDB/csv/urn-mavedb-00000465-a-1.scores.csv
urn:mavedb:00000465-a-2	0.19932029123210715	1.5579302187214172	0	mad90_all_variants	/paedyl01/disk1/yangyxt/public_data/VEP_plugins_caches/MaveDB/csv/urn-mavedb-00000465-a-2.scores.csv
urn:mavedb:00000466-0-1	2.2257749062240215	3.192947304063143	0	mad90_all_variants	/paedyl01/disk1/yangyxt/public_data/VEP_plugins_caches/MaveDB/csv/urn-mavedb-00000466-0-1.scores.csv
urn:mavedb:00000466-a-1	0.6615897811600485	1.3136499619120676	0	mad90_all_variants	/paedyl01/disk1/yangyxt/public_data/VEP_plugins_caches/MaveDB/csv/urn-mavedb-00000466-a-1.scores.csv
urn:mavedb:00000466-a-2	0.8196602045655962	1.3169761693213007	0	mad90_all_variants	/paedyl01/disk1/yangyxt/public_data/VEP_plugins_caches/MaveDB/csv/urn-mavedb-00000466-a-2.scores.csv
urn:mavedb:00000467-0-1	0.7069827368747671	2.692164006507809	0	mad90_all_variants	/paedyl01/disk1/yangyxt/public_data/VEP_plugins_caches/MaveDB/csv/urn-mavedb-00000467-0-1.scores.csv
urn:mavedb:00000467-a-1	-0.8145329632824898	0.7108741845086095	0	mad90_all_variants	/paedyl01/disk1/yangyxt/public_data/VEP_plugins_caches/MaveDB/csv/urn-mavedb-00000467-a-1.scores.csv
urn:mavedb:00000467-a-2	-2.0848866589358392	-0.6981880366532214	0	mad90_all_variants	/paedyl01/disk1/yangyxt/public_data/VEP_plugins_caches/MaveDB/csv/urn-mavedb-00000467-a-2.scores.csv
urn:mavedb:00000468-0-1	-1.5964121846162436	3.033526606463942	0	mad90_all_variants	/paedyl01/disk1/yangyxt/public_data/VEP_plugins_caches/MaveDB/csv/urn-mavedb-00000468-0-1.scores.csv
urn:mavedb:00000468-a-1	-1.3122133327994052	1.0533904500305975	0	mad90_all_variants	/paedyl01/disk1/yangyxt/public_data/VEP_plugins_caches/MaveDB/csv/urn-mavedb-00000468-a-1.scores.csv
urn:mavedb:00000468-a-2	-2.4986738854333934	-0.3293804368222102	0	mad90_all_variants	/paedyl01/disk1/yangyxt/public_data/VEP_plugins_caches/MaveDB/csv/urn-mavedb-00000468-a-2.scores.csv
urn:mavedb:00000469-0-1	-0.49790157259266454	2.282931302184076	0	mad90_all_variants	/paedyl01/disk1/yangyxt/public_data/VEP_plugins_caches/MaveDB/csv/urn-mavedb-00000469-0-1.scores.csv
urn:mavedb:00000469-a-1	-1.1281587432917202	0.5443385111639962	0	mad90_all_variants	/paedyl01/disk1/yangyxt/public_data/VEP_plugins_caches/MaveDB/csv/urn-mavedb-00000469-a-1.scores.csv
urn:mavedb:00000469-a-2	-2.4348865540420275	-0.7681908377825866	0	mad90_all_variants	/paedyl01/disk1/yangyxt/public_data/VEP_plugins_caches/MaveDB/csv/urn-mavedb-00000469-a-2.scores.csv
urn:mavedb:00000470-0-1	-1.5480795711577908	3.6340963083202613	0	mad90_all_variants	/paedyl01/disk1/yangyxt/public_data/VEP_plugins_caches/MaveDB/csv/urn-mavedb-00000470-0-1.scores.csv
urn:mavedb:00000470-a-1	-1.6223157639974042	1.405896860817483	0	mad90_all_variants	/paedyl01/disk1/yangyxt/public_data/VEP_plugins_caches/MaveDB/csv/urn-mavedb-00000470-a-1.scores.csv
urn:mavedb:00000470-a-2	-2.0494150368615145	0.17865888285609144	0	mad90_all_variants	/paedyl01/disk1/yangyxt/public_data/VEP_plugins_caches/MaveDB/csv/urn-mavedb-00000470-a-2.scores.csv
urn:mavedb:00000471-0-1	-0.16777952902544713	1.9521660810430175	0	mad90_all_variants	/paedyl01/disk1/yangyxt/public_data/VEP_plugins_caches/MaveDB/csv/urn-mavedb-00000471-0-1.scores.csv
urn:mavedb:00000471-a-1	-0.9577368995001607	0.0861953819701573	0	mad90_all_variants	/paedyl01/disk1/yangyxt/public_data/VEP_plugins_caches/MaveDB/csv/urn-mavedb-00000471-a-1.scores.csv
urn:mavedb:00000471-a-2	-1.9748610572782683	-0.7114725593615401	0	mad90_all_variants	/paedyl01/disk1/yangyxt/public_data/VEP_plugins_caches/MaveDB/csv/urn-mavedb-00000471-a-2.scores.csv
urn:mavedb:00000472-0-1	0.9665081161912168	3.2276215839072595	0	mad90_all_variants	/paedyl01/disk1/yangyxt/public_data/VEP_plugins_caches/MaveDB/csv/urn-mavedb-00000472-0-1.scores.csv
urn:mavedb:00000472-a-1	-0.17559382387069222	1.4918856308205162	0	mad90_all_variants	/paedyl01/disk1/yangyxt/public_data/VEP_plugins_caches/MaveDB/csv/urn-mavedb-00000472-a-1.scores.csv
urn:mavedb:00000472-a-2	-0.8005055523056855	0.7801104688908181	0	mad90_all_variants	/paedyl01/disk1/yangyxt/public_data/VEP_plugins_caches/MaveDB/csv/urn-mavedb-00000472-a-2.scores.csv
urn:mavedb:00000473-0-1	1.0375126461020452	3.510780396759082	0	mad90_all_variants	/paedyl01/disk1/yangyxt/public_data/VEP_plugins_caches/MaveDB/csv/urn-mavedb-00000473-0-1.scores.csv
urn:mavedb:00000473-a-1	-0.48294427887484526	1.5217272035655887	0	mad90_all_variants	/paedyl01/disk1/yangyxt/public_data/VEP_plugins_caches/MaveDB/csv/urn-mavedb-00000473-a-1.scores.csv
urn:mavedb:00000473-a-2	-1.4116959430722347	0.3042267520358317	0	mad90_all_variants	/paedyl01/disk1/yangyxt/public_data/VEP_plugins_caches/MaveDB/csv/urn-mavedb-00000473-a-2.scores.csv
urn:mavedb:00000474-0-1	-0.07865360332668936	3.0569868040560877	0	mad90_all_variants	/paedyl01/disk1/yangyxt/public_data/VEP_plugins_caches/MaveDB/csv/urn-mavedb-00000474-0-1.scores.csv
urn:mavedb:00000474-a-1	-1.1067769469899869	1.0377030395258653	0	mad90_all_variants	/paedyl01/disk1/yangyxt/public_data/VEP_plugins_caches/MaveDB/csv/urn-mavedb-00000474-a-1.scores.csv
urn:mavedb:00000474-a-2	-2.068559669950299	-0.020991111403606322	0	mad90_all_variants	/paedyl01/disk1/yangyxt/public_data/VEP_plugins_caches/MaveDB/csv/urn-mavedb-00000474-a-2.scores.csv
urn:mavedb:00000475-0-1	0.19894227469431902	2.0003733970563413	0	mad90_all_variants	/paedyl01/disk1/yangyxt/public_data/VEP_plugins_caches/MaveDB/csv/urn-mavedb-00000475-0-1.scores.csv
urn:mavedb:00000475-a-1	-0.9540077885905683	-0.0497063969609316	0	mad90_all_variants	/paedyl01/disk1/yangyxt/public_data/VEP_plugins_caches/MaveDB/csv/urn-mavedb-00000475-a-1.scores.csv
urn:mavedb:00000475-a-2	-2.036819778836799	-0.6712670486530905	0	mad90_all_variants	/paedyl01/disk1/yangyxt/public_data/VEP_plugins_caches/MaveDB/csv/urn-mavedb-00000475-a-2.scores.csv
urn:mavedb:00000476-0-1	-0.44420220251455733	3.6198974828855763	0	mad90_all_variants	/paedyl01/disk1/yangyxt/public_data/VEP_plugins_caches/MaveDB/csv/urn-mavedb-00000476-0-1.scores.csv
urn:mavedb:00000476-a-1	-1.395225697484212	1.5729933002247436	0	mad90_all_variants	/paedyl01/disk1/yangyxt/public_data/VEP_plugins_caches/MaveDB/csv/urn-mavedb-00000476-a-1.scores.csv
urn:mavedb:00000476-a-2	-2.3278073386731957	0.20180321385727806	0	mad90_all_variants	/paedyl01/disk1/yangyxt/public_data/VEP_plugins_caches/MaveDB/csv/urn-mavedb-00000476-a-2.scores.csv
urn:mavedb:00000477-0-1	0.25421792831167367	2.288026348115986	0	mad90_all_variants	/paedyl01/disk1/yangyxt/public_data/VEP_plugins_caches/MaveDB/csv/urn-mavedb-00000477-0-1.scores.csv
urn:mavedb:00000477-a-1	-0.8543106977683728	0.2644453484693196	0	mad90_all_variants	/paedyl01/disk1/yangyxt/public_data/VEP_plugins_caches/MaveDB/csv/urn-mavedb-00000477-a-1.scores.csv
urn:mavedb:00000477-a-2	-1.752022378855893	-0.40219227860820217	0	mad90_all_variants	/paedyl01/disk1/yangyxt/public_data/VEP_plugins_caches/MaveDB/csv/urn-mavedb-00000477-a-2.scores.csv
urn:mavedb:00000478-0-1	-0.7128763763917227	2.4239507405761476	0	mad90_all_variants	/paedyl01/disk1/yangyxt/public_data/VEP_plugins_caches/MaveDB/csv/urn-mavedb-00000478-0-1.scores.csv
urn:mavedb:00000478-a-1	-1.4190398131025197	0.567221995165339	0	mad90_all_variants	/paedyl01/disk1/yangyxt/public_data/VEP_plugins_caches/MaveDB/csv/urn-mavedb-00000478-a-1.scores.csv
urn:mavedb:00000478-a-2	-2.299305974362499	-0.5661632104617199	0	mad90_all_variants	/paedyl01/disk1/yangyxt/public_data/VEP_plugins_caches/MaveDB/csv/urn-mavedb-00000478-a-2.scores.csv
urn:mavedb:00000479-0-1	0.13164665249856866	2.218682845982915	0	mad90_all_variants	/paedyl01/disk1/yangyxt/public_data/VEP_plugins_caches/MaveDB/csv/urn-mavedb-00000479-0-1.scores.csv
urn:mavedb:00000479-a-1	-0.8466386076492194	0.5029676755103942	0	mad90_all_variants	/paedyl01/disk1/yangyxt/public_data/VEP_plugins_caches/MaveDB/csv/urn-mavedb-00000479-a-1.scores.csv
urn:mavedb:00000479-a-2	-1.6204476152858855	-0.1969644506784991	0	mad90_all_variants	/paedyl01/disk1/yangyxt/public_data/VEP_plugins_caches/MaveDB/csv/urn-mavedb-00000479-a-2.scores.csv
urn:mavedb:00000480-0-1	-0.7602829877742241	2.928118628067393	0	mad90_all_variants	/paedyl01/disk1/yangyxt/public_data/VEP_plugins_caches/MaveDB/csv/urn-mavedb-00000480-0-1.scores.csv
urn:mavedb:00000480-a-1	-1.1586045127579263	1.2945310473309233	0	mad90_all_variants	/paedyl01/disk1/yangyxt/public_data/VEP_plugins_caches/MaveDB/csv/urn-mavedb-00000480-a-1.scores.csv
urn:mavedb:00000480-a-2	-1.3657309165553229	0.4382679125242277	0	mad90_all_variants	/paedyl01/disk1/yangyxt/public_data/VEP_plugins_caches/MaveDB/csv/urn-mavedb-00000480-a-2.scores.csv
urn:mavedb:00000481-0-1	0.7982018284313945	4.2600803220001735	0	mad90_all_variants	/paedyl01/disk1/yangyxt/public_data/VEP_plugins_caches/MaveDB/csv/urn-mavedb-00000481-0-1.scores.csv
urn:mavedb:00000481-a-1	-0.45018372248778693	2.4635751312309546	0	mad90_all_variants	/paedyl01/disk1/yangyxt/public_data/VEP_plugins_caches/MaveDB/csv/urn-mavedb-00000481-a-1.scores.csv
urn:mavedb:00000481-a-2	-1.4951472306749778	0.7828886340131416	0	mad90_all_variants	/paedyl01/disk1/yangyxt/public_data/VEP_plugins_caches/MaveDB/csv/urn-mavedb-00000481-a-2.scores.csv
urn:mavedb:00000482-0-1	0.8923592150591233	3.1186128416072263	0	mad90_all_variants	/paedyl01/disk1/yangyxt/public_data/VEP_plugins_caches/MaveDB/csv/urn-mavedb-00000482-0-1.scores.csv
urn:mavedb:00000482-a-1	-0.45257858931890277	1.0153416854427966	0	mad90_all_variants	/paedyl01/disk1/yangyxt/public_data/VEP_plugins_caches/MaveDB/csv/urn-mavedb-00000482-a-1.scores.csv
urn:mavedb:00000482-a-2	-1.4052151577143979	0.2673809082620717	0	mad90_all_variants	/paedyl01/disk1/yangyxt/public_data/VEP_plugins_caches/MaveDB/csv/urn-mavedb-00000482-a-2.scores.csv
urn:mavedb:00000483-0-1	-0.6780861169755903	2.881957310456076	0	mad90_all_variants	/paedyl01/disk1/yangyxt/public_data/VEP_plugins_caches/MaveDB/csv/urn-mavedb-00000483-0-1.scores.csv
urn:mavedb:00000483-a-1	-1.3743109425962798	1.0013284069334227	0	mad90_all_variants	/paedyl01/disk1/yangyxt/public_data/VEP_plugins_caches/MaveDB/csv/urn-mavedb-00000483-a-1.scores.csv
urn:mavedb:00000483-a-2	-2.4833304598299453	-0.1808599709297256	0	mad90_all_variants	/paedyl01/disk1/yangyxt/public_data/VEP_plugins_caches/MaveDB/csv/urn-mavedb-00000483-a-2.scores.csv
urn:mavedb:00000484-0-1	0.69283604692011	3.7706101995341665	0	mad90_all_variants	/paedyl01/disk1/yangyxt/public_data/VEP_plugins_caches/MaveDB/csv/urn-mavedb-00000484-0-1.scores.csv
urn:mavedb:00000484-a-1	-0.7582160171078529	1.8061661537224198	0	mad90_all_variants	/paedyl01/disk1/yangyxt/public_data/VEP_plugins_caches/MaveDB/csv/urn-mavedb-00000484-a-1.scores.csv
urn:mavedb:00000484-a-2	-1.767650581335145	0.3767650576172046	0	mad90_all_variants	/paedyl01/disk1/yangyxt/public_data/VEP_plugins_caches/MaveDB/csv/urn-mavedb-00000484-a-2.scores.csv
urn:mavedb:00000485-0-1	1.2940958209052051	3.341460896581831	0	mad90_all_variants	/paedyl01/disk1/yangyxt/public_data/VEP_plugins_caches/MaveDB/csv/urn-mavedb-00000485-0-1.scores.csv
urn:mavedb:00000485-a-1	-0.34987466160158937	1.1752405065913316	0	mad90_all_variants	/paedyl01/disk1/yangyxt/public_data/VEP_plugins_caches/MaveDB/csv/urn-mavedb-00000485-a-1.scores.csv
urn:mavedb:00000485-a-2	-1.0181939805694213	0.27736621793571287	0	mad90_all_variants	/paedyl01/disk1/yangyxt/public_data/VEP_plugins_caches/MaveDB/csv/urn-mavedb-00000485-a-2.scores.csv
urn:mavedb:00000486-0-1	2.0145706505593948	5.901533822232351	0	mad90_all_variants	/paedyl01/disk1/yangyxt/public_data/VEP_plugins_caches/MaveDB/csv/urn-mavedb-00000486-0-1.scores.csv
urn:mavedb:00000486-a-1	0.4012390376954691	3.668724131238691	0	mad90_all_variants	/paedyl01/disk1/yangyxt/public_data/VEP_plugins_caches/MaveDB/csv/urn-mavedb-00000486-a-1.scores.csv
urn:mavedb:00000486-a-2	-0.2653319043966277	1.829864645658191	0	mad90_all_variants	/paedyl01/disk1/yangyxt/public_data/VEP_plugins_caches/MaveDB/csv/urn-mavedb-00000486-a-2.scores.csv
urn:mavedb:00000487-0-1	0.7568437545661884	3.263977518421232	0	mad90_all_variants	/paedyl01/disk1/yangyxt/public_data/VEP_plugins_caches/MaveDB/csv/urn-mavedb-00000487-0-1.scores.csv
urn:mavedb:00000487-a-1	-0.6277443682324508	1.3100087590493645	0	mad90_all_variants	/paedyl01/disk1/yangyxt/public_data/VEP_plugins_caches/MaveDB/csv/urn-mavedb-00000487-a-1.scores.csv
urn:mavedb:00000487-a-2	-1.6115689417419867	0.08277212309001503	0	mad90_all_variants	/paedyl01/disk1/yangyxt/public_data/VEP_plugins_caches/MaveDB/csv/urn-mavedb-00000487-a-2.scores.csv
urn:mavedb:00000488-0-1	-1.7359562189652942	1.7726087277273557	0	mad90_all_variants	/paedyl01/disk1/yangyxt/public_data/VEP_plugins_caches/MaveDB/csv/urn-mavedb-00000488-0-1.scores.csv
urn:mavedb:00000488-a-1	-1.0545525463538854	0.11961729593251741	0	mad90_all_variants	/paedyl01/disk1/yangyxt/public_data/VEP_plugins_caches/MaveDB/csv/urn-mavedb-00000488-a-1.scores.csv
urn:mavedb:00000488-a-2	-1.8704226611674306	-0.8693195513354138	0	mad90_all_variants	/paedyl01/disk1/yangyxt/public_data/VEP_plugins_caches/MaveDB/csv/urn-mavedb-00000488-a-2.scores.csv
urn:mavedb:00000489-0-1	-0.034544442402976605	2.81257536266365	0	mad90_all_variants	/paedyl01/disk1/yangyxt/public_data/VEP_plugins_caches/MaveDB/csv/urn-mavedb-00000489-0-1.scores.csv
urn:mavedb:00000489-a-1	-0.7179412622648121	1.209202330610223	0	mad90_all_variants	/paedyl01/disk1/yangyxt/public_data/VEP_plugins_caches/MaveDB/csv/urn-mavedb-00000489-a-1.scores.csv
urn:mavedb:00000489-a-2	-1.3137670426743613	0.37417169910844467	0	mad90_all_variants	/paedyl01/disk1/yangyxt/public_data/VEP_plugins_caches/MaveDB/csv/urn-mavedb-00000489-a-2.scores.csv
urn:mavedb:00000490-0-1	1.3167878758310851	3.748736676429925	0	mad90_all_variants	/paedyl01/disk1/yangyxt/public_data/VEP_plugins_caches/MaveDB/csv/urn-mavedb-00000490-0-1.scores.csv
urn:mavedb:00000490-a-1	-0.4626915740825427	1.6505647244435115	0	mad90_all_variants	/paedyl01/disk1/yangyxt/public_data/VEP_plugins_caches/MaveDB/csv/urn-mavedb-00000490-a-1.scores.csv
urn:mavedb:00000490-a-2	-1.2949904830034067	0.33896527693097905	0	mad90_all_variants	/paedyl01/disk1/yangyxt/public_data/VEP_plugins_caches/MaveDB/csv/urn-mavedb-00000490-a-2.scores.csv
urn:mavedb:00000491-0-1	0.7084827349124163	3.7180375723182078	0	mad90_all_variants	/paedyl01/disk1/yangyxt/public_data/VEP_plugins_caches/MaveDB/csv/urn-mavedb-00000491-0-1.scores.csv
urn:mavedb:00000491-a-1	-0.8064909559916781	1.3701680373841736	0	mad90_all_variants	/paedyl01/disk1/yangyxt/public_data/VEP_plugins_caches/MaveDB/csv/urn-mavedb-00000491-a-1.scores.csv
urn:mavedb:00000491-a-2	-1.8515037026045844	0.3509561592350222	0	mad90_all_variants	/paedyl01/disk1/yangyxt/public_data/VEP_plugins_caches/MaveDB/csv/urn-mavedb-00000491-a-2.scores.csv
urn:mavedb:00000492-0-1	-0.4249924002589365	2.754386447192788	0	mad90_all_variants	/paedyl01/disk1/yangyxt/public_data/VEP_plugins_caches/MaveDB/csv/urn-mavedb-00000492-0-1.scores.csv
urn:mavedb:00000492-a-1	-1.0723629763398097	1.0216192692822414	0	mad90_all_variants	/paedyl01/disk1/yangyxt/public_data/VEP_plugins_caches/MaveDB/csv/urn-mavedb-00000492-a-1.scores.csv
urn:mavedb:00000492-a-2	-1.781874226161003	0.11116533931045236	0	mad90_all_variants	/paedyl01/disk1/yangyxt/public_data/VEP_plugins_caches/MaveDB/csv/urn-mavedb-00000492-a-2.scores.csv
urn:mavedb:00000493-0-1	1.2398639986913436	3.1291180765269253	0	mad90_all_variants	/paedyl01/disk1/yangyxt/public_data/VEP_plugins_caches/MaveDB/csv/urn-mavedb-00000493-0-1.scores.csv
urn:mavedb:00000493-a-1	-0.1816960161801373	1.3936313338309374	0	mad90_all_variants	/paedyl01/disk1/yangyxt/public_data/VEP_plugins_caches/MaveDB/csv/urn-mavedb-00000493-a-1.scores.csv
urn:mavedb:00000493-a-2	-1.345107459485269	-0.14697522031511712	0	mad90_all_variants	/paedyl01/disk1/yangyxt/public_data/VEP_plugins_caches/MaveDB/csv/urn-mavedb-00000493-a-2.scores.csv
urn:mavedb:00000494-0-1	0.3837297297211433	1.6772613104327112	0	mad90_all_variants	/paedyl01/disk1/yangyxt/public_data/VEP_plugins_caches/MaveDB/csv/urn-mavedb-00000494-0-1.scores.csv
urn:mavedb:00000494-a-1	-0.7602989502528851	0.1240053436055345	0	mad90_all_variants	/paedyl01/disk1/yangyxt/public_data/VEP_plugins_caches/MaveDB/csv/urn-mavedb-00000494-a-1.scores.csv
urn:mavedb:00000494-a-2	-1.8575582749043122	-1.0832651524869936	0	mad90_all_variants	/paedyl01/disk1/yangyxt/public_data/VEP_plugins_caches/MaveDB/csv/urn-mavedb-00000494-a-2.scores.csv
urn:mavedb:00000495-0-1	0.628367865223533	2.504342310767537	0	mad90_all_variants	/paedyl01/disk1/yangyxt/public_data/VEP_plugins_caches/MaveDB/csv/urn-mavedb-00000495-0-1.scores.csv
urn:mavedb:00000495-a-1	-0.7947857692002265	0.37466038881666264	0	mad90_all_variants	/paedyl01/disk1/yangyxt/public_data/VEP_plugins_caches/MaveDB/csv/urn-mavedb-00000495-a-1.scores.csv
urn:mavedb:00000495-a-2	-1.7230528075136613	-0.3756821195272867	0	mad90_all_variants	/paedyl01/disk1/yangyxt/public_data/VEP_plugins_caches/MaveDB/csv/urn-mavedb-00000495-a-2.scores.csv
urn:mavedb:00000496-0-1	-0.1790327677574618	1.5147534364157509	0	mad90_all_variants	/paedyl01/disk1/yangyxt/public_data/VEP_plugins_caches/MaveDB/csv/urn-mavedb-00000496-0-1.scores.csv
urn:mavedb:00000496-a-1	-0.7592835256572046	0.2765244958634107	0	mad90_all_variants	/paedyl01/disk1/yangyxt/public_data/VEP_plugins_caches/MaveDB/csv/urn-mavedb-00000496-a-1.scores.csv
urn:mavedb:00000496-a-2	-1.2045369673293758	-0.33607111546096297	0	mad90_all_variants	/paedyl01/disk1/yangyxt/public_data/VEP_plugins_caches/MaveDB/csv/urn-mavedb-00000496-a-2.scores.csv
urn:mavedb:00000497-0-1	-0.4316707377828868	4.45747570782212	0	mad90_all_variants	/paedyl01/disk1/yangyxt/public_data/VEP_plugins_caches/MaveDB/csv/urn-mavedb-00000497-0-1.scores.csv
urn:mavedb:00000497-a-1	-1.1064250758703729	2.662906632497208	0	mad90_all_variants	/paedyl01/disk1/yangyxt/public_data/VEP_plugins_caches/MaveDB/csv/urn-mavedb-00000497-a-1.scores.csv
urn:mavedb:00000497-a-2	-2.478488923356537	0.6848353077393345	0	mad90_all_variants	/paedyl01/disk1/yangyxt/public_data/VEP_plugins_caches/MaveDB/csv/urn-mavedb-00000497-a-2.scores.csv
urn:mavedb:00000498-0-1	-0.0038598106003269184	2.797345917932237	0	mad90_all_variants	/paedyl01/disk1/yangyxt/public_data/VEP_plugins_caches/MaveDB/csv/urn-mavedb-00000498-0-1.scores.csv
urn:mavedb:00000498-a-1	-0.98211185605771	1.036191037184748	0	mad90_all_variants	/paedyl01/disk1/yangyxt/public_data/VEP_plugins_caches/MaveDB/csv/urn-mavedb-00000498-a-1.scores.csv
urn:mavedb:00000498-a-2	-1.5756350413516955	-0.12762317700435333	0	mad90_all_variants	/paedyl01/disk1/yangyxt/public_data/VEP_plugins_caches/MaveDB/csv/urn-mavedb-00000498-a-2.scores.csv
urn:mavedb:00000499-0-1	0.5105828209717564	3.775213702034158	0	mad90_all_variants	/paedyl01/disk1/yangyxt/public_data/VEP_plugins_caches/MaveDB/csv/urn-mavedb-00000499-0-1.scores.csv
urn:mavedb:00000499-a-1	-0.9866468133732579	1.4445424727870044	0	mad90_all_variants	/paedyl01/disk1/yangyxt/public_data/VEP_plugins_caches/MaveDB/csv/urn-mavedb-00000499-a-1.scores.csv
urn:mavedb:00000499-a-2	-1.920234190553317	0.40580864307153863	0	mad90_all_variants	/paedyl01/disk1/yangyxt/public_data/VEP_plugins_caches/MaveDB/csv/urn-mavedb-00000499-a-2.scores.csv
urn:mavedb:00000500-0-1	1.1240984732668924	5.518168942254375	0	mad90_all_variants	/paedyl01/disk1/yangyxt/public_data/VEP_plugins_caches/MaveDB/csv/urn-mavedb-00000500-0-1.scores.csv
urn:mavedb:00000500-a-1	-0.43581713517705767	3.0678869520469116	0	mad90_all_variants	/paedyl01/disk1/yangyxt/public_data/VEP_plugins_caches/MaveDB/csv/urn-mavedb-00000500-a-1.scores.csv
urn:mavedb:00000500-a-2	-1.185570476903326	1.6301454030764178	0	mad90_all_variants	/paedyl01/disk1/yangyxt/public_data/VEP_plugins_caches/MaveDB/csv/urn-mavedb-00000500-a-2.scores.csv
urn:mavedb:00000501-0-1	0.5117475023783309	2.222162487778129	0	mad90_all_variants	/paedyl01/disk1/yangyxt/public_data/VEP_plugins_caches/MaveDB/csv/urn-mavedb-00000501-0-1.scores.csv
urn:mavedb:00000501-a-1	-0.835840491744551	0.41105655154082404	0	mad90_all_variants	/paedyl01/disk1/yangyxt/public_data/VEP_plugins_caches/MaveDB/csv/urn-mavedb-00000501-a-1.scores.csv
urn:mavedb:00000501-a-2	-1.6856639735196923	-0.6451391555680193	0	mad90_all_variants	/paedyl01/disk1/yangyxt/public_data/VEP_plugins_caches/MaveDB/csv/urn-mavedb-00000501-a-2.scores.csv
urn:mavedb:00000502-0-1	-0.35817594563119	1.3070960477016824	0	mad90_all_variants	/paedyl01/disk1/yangyxt/public_data/VEP_plugins_caches/MaveDB/csv/urn-mavedb-00000502-0-1.scores.csv
urn:mavedb:00000502-a-1	-1.0616644445081873	-0.12356176145235304	0	mad90_all_variants	/paedyl01/disk1/yangyxt/public_data/VEP_plugins_caches/MaveDB/csv/urn-mavedb-00000502-a-1.scores.csv
urn:mavedb:00000502-a-2	-2.006582956935712	-1.1390405049288124	0	mad90_all_variants	/paedyl01/disk1/yangyxt/public_data/VEP_plugins_caches/MaveDB/csv/urn-mavedb-00000502-a-2.scores.csv
urn:mavedb:00000503-0-1	0.7809935869311083	2.4392874582006354	0	mad90_all_variants	/paedyl01/disk1/yangyxt/public_data/VEP_plugins_caches/MaveDB/csv/urn-mavedb-00000503-0-1.scores.csv
urn:mavedb:00000503-a-1	-0.0872283783143517	1.110722009851958	0	mad90_all_variants	/paedyl01/disk1/yangyxt/public_data/VEP_plugins_caches/MaveDB/csv/urn-mavedb-00000503-a-1.scores.csv
urn:mavedb:00000503-a-2	-1.2491406588642198	0.05541323597732928	0	mad90_all_variants	/paedyl01/disk1/yangyxt/public_data/VEP_plugins_caches/MaveDB/csv/urn-mavedb-00000503-a-2.scores.csv
urn:mavedb:00000504-0-1	1.4747687444988644	5.012100685100379	0	mad90_all_variants	/paedyl01/disk1/yangyxt/public_data/VEP_plugins_caches/MaveDB/csv/urn-mavedb-00000504-0-1.scores.csv
urn:mavedb:00000504-a-1	-0.28350023629334054	2.809861231305782	0	mad90_all_variants	/paedyl01/disk1/yangyxt/public_data/VEP_plugins_caches/MaveDB/csv/urn-mavedb-00000504-a-1.scores.csv
urn:mavedb:00000504-a-2	-0.6696823370375367	1.4794927099447717	0	mad90_all_variants	/paedyl01/disk1/yangyxt/public_data/VEP_plugins_caches/MaveDB/csv/urn-mavedb-00000504-a-2.scores.csv
urn:mavedb:00000505-0-1	0.4697960785518438	4.369073818534934	0	mad90_all_variants	/paedyl01/disk1/yangyxt/public_data/VEP_plugins_caches/MaveDB/csv/urn-mavedb-00000505-0-1.scores.csv
urn:mavedb:00000505-a-1	-0.628530306422943	2.484316572768994	0	mad90_all_variants	/paedyl01/disk1/yangyxt/public_data/VEP_plugins_caches/MaveDB/csv/urn-mavedb-00000505-a-1.scores.csv
urn:mavedb:00000505-a-2	-1.211266320914487	1.5158745311573945	0	mad90_all_variants	/paedyl01/disk1/yangyxt/public_data/VEP_plugins_caches/MaveDB/csv/urn-mavedb-00000505-a-2.scores.csv
urn:mavedb:00000506-0-1	0.8385845286991336	4.224665528057388	0	mad90_all_variants	/paedyl01/disk1/yangyxt/public_data/VEP_plugins_caches/MaveDB/csv/urn-mavedb-00000506-0-1.scores.csv
urn:mavedb:00000506-a-1	-0.49499911816772524	2.3666915434939964	0	mad90_all_variants	/paedyl01/disk1/yangyxt/public_data/VEP_plugins_caches/MaveDB/csv/urn-mavedb-00000506-a-1.scores.csv
urn:mavedb:00000506-a-2	-1.4921255772807878	0.7206164131055814	0	mad90_all_variants	/paedyl01/disk1/yangyxt/public_data/VEP_plugins_caches/MaveDB/csv/urn-mavedb-00000506-a-2.scores.csv
urn:mavedb:00000507-0-1	0.8120779444932762	3.200524405088715	0	mad90_all_variants	/paedyl01/disk1/yangyxt/public_data/VEP_plugins_caches/MaveDB/csv/urn-mavedb-00000507-0-1.scores.csv
urn:mavedb:00000507-a-1	-0.4028141459442347	1.6502177019092321	0	mad90_all_variants	/paedyl01/disk1/yangyxt/public_data/VEP_plugins_caches/MaveDB/csv/urn-mavedb-00000507-a-1.scores.csv
urn:mavedb:00000507-a-2	-1.1598448922645053	0.24995751615772033	0	mad90_all_variants	/paedyl01/disk1/yangyxt/public_data/VEP_plugins_caches/MaveDB/csv/urn-mavedb-00000507-a-2.scores.csv
urn:mavedb:00000508-0-1	0.22978697846636686	2.662735761004082	0	mad90_all_variants	/paedyl01/disk1/yangyxt/public_data/VEP_plugins_caches/MaveDB/csv/urn-mavedb-00000508-0-1.scores.csv
urn:mavedb:00000508-a-1	-0.9338331579779242	0.9539646523419436	0	mad90_all_variants	/paedyl01/disk1/yangyxt/public_data/VEP_plugins_caches/MaveDB/csv/urn-mavedb-00000508-a-1.scores.csv
urn:mavedb:00000508-a-2	-1.612585739037291	-0.06642631924762055	0	mad90_all_variants	/paedyl01/disk1/yangyxt/public_data/VEP_plugins_caches/MaveDB/csv/urn-mavedb-00000508-a-2.scores.csv
urn:mavedb:00000509-0-1	0.23865185015826507	3.3049153289900013	0	mad90_all_variants	/paedyl01/disk1/yangyxt/public_data/VEP_plugins_caches/MaveDB/csv/urn-mavedb-00000509-0-1.scores.csv
urn:mavedb:00000509-a-1	-1.3872140880003716	0.8268876862952393	0	mad90_all_variants	/paedyl01/disk1/yangyxt/public_data/VEP_plugins_caches/MaveDB/csv/urn-mavedb-00000509-a-1.scores.csv
urn:mavedb:00000509-a-2	-1.9398562758644766	0.1460149212860291	0	mad90_all_variants	/paedyl01/disk1/yangyxt/public_data/VEP_plugins_caches/MaveDB/csv/urn-mavedb-00000509-a-2.scores.csv
urn:mavedb:00000510-0-1	0.27825159348529627	3.8526421786243565	0	mad90_all_variants	/paedyl01/disk1/yangyxt/public_data/VEP_plugins_caches/MaveDB/csv/urn-mavedb-00000510-0-1.scores.csv
urn:mavedb:00000510-a-1	-1.1105336766122007	1.5935244647420466	0	mad90_all_variants	/paedyl01/disk1/yangyxt/public_data/VEP_plugins_caches/MaveDB/csv/urn-mavedb-00000510-a-1.scores.csv
urn:mavedb:00000510-a-2	-1.7081571355314737	0.7117187533889722	0	mad90_all_variants	/paedyl01/disk1/yangyxt/public_data/VEP_plugins_caches/MaveDB/csv/urn-mavedb-00000510-a-2.scores.csv
urn:mavedb:00000511-0-1	-1.1005506229804922	2.2687894671502713	0	mad90_all_variants	/paedyl01/disk1/yangyxt/public_data/VEP_plugins_caches/MaveDB/csv/urn-mavedb-00000511-0-1.scores.csv
urn:mavedb:00000511-a-1	-1.4071493477677437	0.13171694928639766	0	mad90_all_variants	/paedyl01/disk1/yangyxt/public_data/VEP_plugins_caches/MaveDB/csv/urn-mavedb-00000511-a-1.scores.csv
urn:mavedb:00000511-a-2	-1.8458119746117503	-0.27797481334897933	0	mad90_all_variants	/paedyl01/disk1/yangyxt/public_data/VEP_plugins_caches/MaveDB/csv/urn-mavedb-00000511-a-2.scores.csv
urn:mavedb:00000512-0-1	-0.0030042269593482107	3.243785736133143	0	mad90_all_variants	/paedyl01/disk1/yangyxt/public_data/VEP_plugins_caches/MaveDB/csv/urn-mavedb-00000512-0-1.scores.csv
urn:mavedb:00000512-a-1	-1.2862383034827263	1.0586557952291933	0	mad90_all_variants	/paedyl01/disk1/yangyxt/public_data/VEP_plugins_caches/MaveDB/csv/urn-mavedb-00000512-a-1.scores.csv
urn:mavedb:00000512-a-2	-2.5272159355886457	-0.4477659826346405	0	mad90_all_variants	/paedyl01/disk1/yangyxt/public_data/VEP_plugins_caches/MaveDB/csv/urn-mavedb-00000512-a-2.scores.csv
urn:mavedb:00000513-0-1	1.0244471688685861	3.8849515457992965	0	mad90_all_variants	/paedyl01/disk1/yangyxt/public_data/VEP_plugins_caches/MaveDB/csv/urn-mavedb-00000513-0-1.scores.csv
urn:mavedb:00000513-a-1	-0.8167563109544088	1.6197572737764019	0	mad90_all_variants	/paedyl01/disk1/yangyxt/public_data/VEP_plugins_caches/MaveDB/csv/urn-mavedb-00000513-a-1.scores.csv
urn:mavedb:00000513-a-2	-0.3775878013046068	1.8792669315486168	0	mad90_all_variants	/paedyl01/disk1/yangyxt/public_data/VEP_plugins_caches/MaveDB/csv/urn-mavedb-00000513-a-2.scores.csv
urn:mavedb:00000514-0-1	-2.3529172355999215	5.514645099319665	0	mad90_all_variants	/paedyl01/disk1/yangyxt/public_data/VEP_plugins_caches/MaveDB/csv/urn-mavedb-00000514-0-1.scores.csv
urn:mavedb:00000514-a-1	-2.421202326111177	2.3994589302801823	0	mad90_all_variants	/paedyl01/disk1/yangyxt/public_data/VEP_plugins_caches/MaveDB/csv/urn-mavedb-00000514-a-1.scores.csv
urn:mavedb:00000514-a-2	-2.6155016711435097	0.7034449266256428	0	mad90_all_variants	/paedyl01/disk1/yangyxt/public_data/VEP_plugins_caches/MaveDB/csv/urn-mavedb-00000514-a-2.scores.csv
urn:mavedb:00000515-0-1	0.5648192872170379	4.300904193327098	0	mad90_all_variants	/paedyl01/disk1/yangyxt/public_data/VEP_plugins_caches/MaveDB/csv/urn-mavedb-00000515-0-1.scores.csv
urn:mavedb:00000515-a-1	-1.0129715357393037	2.057607422530033	0	mad90_all_variants	/paedyl01/disk1/yangyxt/public_data/VEP_plugins_caches/MaveDB/csv/urn-mavedb-00000515-a-1.scores.csv
urn:mavedb:00000515-a-2	-1.825698862214491	0.4858713936834631	0	mad90_all_variants	/paedyl01/disk1/yangyxt/public_data/VEP_plugins_caches/MaveDB/csv/urn-mavedb-00000515-a-2.scores.csv
urn:mavedb:00000516-0-1	0.2850158110936192	3.6000666363272984	0	mad90_all_variants	/paedyl01/disk1/yangyxt/public_data/VEP_plugins_caches/MaveDB/csv/urn-mavedb-00000516-0-1.scores.csv
urn:mavedb:00000516-a-1	-0.9561931768389585	1.4668814944644835	0	mad90_all_variants	/paedyl01/disk1/yangyxt/public_data/VEP_plugins_caches/MaveDB/csv/urn-mavedb-00000516-a-1.scores.csv
urn:mavedb:00000516-a-2	-1.4981036547976814	0.8848085949808979	0	mad90_all_variants	/paedyl01/disk1/yangyxt/public_data/VEP_plugins_caches/MaveDB/csv/urn-mavedb-00000516-a-2.scores.csv
urn:mavedb:00000517-0-1	0.39499295929675093	3.545386554668438	0	mad90_all_variants	/paedyl01/disk1/yangyxt/public_data/VEP_plugins_caches/MaveDB/csv/urn-mavedb-00000517-0-1.scores.csv
urn:mavedb:00000517-a-1	-1.010609197936935	1.3417129357684234	0	mad90_all_variants	/paedyl01/disk1/yangyxt/public_data/VEP_plugins_caches/MaveDB/csv/urn-mavedb-00000517-a-1.scores.csv
urn:mavedb:00000517-a-2	-1.91504934179479	0.03198216625968475	0	mad90_all_variants	/paedyl01/disk1/yangyxt/public_data/VEP_plugins_caches/MaveDB/csv/urn-mavedb-00000517-a-2.scores.csv
urn:mavedb:00000518-0-1	-0.70794577270759	2.400270398085605	0	mad90_all_variants	/paedyl01/disk1/yangyxt/public_data/VEP_plugins_caches/MaveDB/csv/urn-mavedb-00000518-0-1.scores.csv
urn:mavedb:00000518-a-1	-1.56357236432496	0.3750068751232867	0	mad90_all_variants	/paedyl01/disk1/yangyxt/public_data/VEP_plugins_caches/MaveDB/csv/urn-mavedb-00000518-a-1.scores.csv
urn:mavedb:00000518-a-2	-2.602115939841986	-0.8947863462431673	0	mad90_all_variants	/paedyl01/disk1/yangyxt/public_data/VEP_plugins_caches/MaveDB/csv/urn-mavedb-00000518-a-2.scores.csv
urn:mavedb:00000519-0-1	-0.5049942800258789	3.66509781140081	0	mad90_all_variants	/paedyl01/disk1/yangyxt/public_data/VEP_plugins_caches/MaveDB/csv/urn-mavedb-00000519-0-1.scores.csv
urn:mavedb:00000519-a-1	-1.6482294435378384	1.6156360322439702	0	mad90_all_variants	/paedyl01/disk1/yangyxt/public_data/VEP_plugins_caches/MaveDB/csv/urn-mavedb-00000519-a-1.scores.csv
urn:mavedb:00000519-a-2	-2.5917644428129005	0.30051025249007	0	mad90_all_variants	/paedyl01/disk1/yangyxt/public_data/VEP_plugins_caches/MaveDB/csv/urn-mavedb-00000519-a-2.scores.csv
urn:mavedb:00000520-0-1	-0.6595188257060776	2.950269220995876	0	mad90_all_variants	/paedyl01/disk1/yangyxt/public_data/VEP_plugins_caches/MaveDB/csv/urn-mavedb-00000520-0-1.scores.csv
urn:mavedb:00000520-a-1	-1.54988723964686	0.8404560831821437	0	mad90_all_variants	/paedyl01/disk1/yangyxt/public_data/VEP_plugins_caches/MaveDB/csv/urn-mavedb-00000520-a-1.scores.csv
urn:mavedb:00000520-a-2	-2.617267407519415	-0.5595476437942413	0	mad90_all_variants	/paedyl01/disk1/yangyxt/public_data/VEP_plugins_caches/MaveDB/csv/urn-mavedb-00000520-a-2.scores.csv
urn:mavedb:00000521-0-1	2.049948408275036	5.382382101770412	0	mad90_all_variants	/paedyl01/disk1/yangyxt/public_data/VEP_plugins_caches/MaveDB/csv/urn-mavedb-00000521-0-1.scores.csv
urn:mavedb:00000521-a-1	-0.06230667397585621	2.820835849342364	0	mad90_all_variants	/paedyl01/disk1/yangyxt/public_data/VEP_plugins_caches/MaveDB/csv/urn-mavedb-00000521-a-1.scores.csv
urn:mavedb:00000521-a-2	-1.0936037959589915	0.9781149167238162	0	mad90_all_variants	/paedyl01/disk1/yangyxt/public_data/VEP_plugins_caches/MaveDB/csv/urn-mavedb-00000521-a-2.scores.csv
urn:mavedb:00000522-0-1	1.3236391105039678	5.696277232395436	0	mad90_all_variants	/paedyl01/disk1/yangyxt/public_data/VEP_plugins_caches/MaveDB/csv/urn-mavedb-00000522-0-1.scores.csv
urn:mavedb:00000522-a-1	-0.5275973670683236	3.097066088959295	0	mad90_all_variants	/paedyl01/disk1/yangyxt/public_data/VEP_plugins_caches/MaveDB/csv/urn-mavedb-00000522-a-1.scores.csv
urn:mavedb:00000522-a-2	-0.742319098729724	1.8558823212037479	0	mad90_all_variants	/paedyl01/disk1/yangyxt/public_data/VEP_plugins_caches/MaveDB/csv/urn-mavedb-00000522-a-2.scores.csv
urn:mavedb:00000523-0-1	-0.07063289499414682	3.1246879582932072	0	mad90_all_variants	/paedyl01/disk1/yangyxt/public_data/VEP_plugins_caches/MaveDB/csv/urn-mavedb-00000523-0-1.scores.csv
urn:mavedb:00000523-a-1	-1.4036437850947223	1.1685413793973796	0	mad90_all_variants	/paedyl01/disk1/yangyxt/public_data/VEP_plugins_caches/MaveDB/csv/urn-mavedb-00000523-a-1.scores.csv
urn:mavedb:00000523-a-2	-2.2609737328733774	-0.1295409215642329	0	mad90_all_variants	/paedyl01/disk1/yangyxt/public_data/VEP_plugins_caches/MaveDB/csv/urn-mavedb-00000523-a-2.scores.csv
urn:mavedb:00000524-0-1	0.06635819665944731	3.460373876332101	0	mad90_all_variants	/paedyl01/disk1/yangyxt/public_data/VEP_plugins_caches/MaveDB/csv/urn-mavedb-00000524-0-1.scores.csv
urn:mavedb:00000524-a-1	-1.1059937420935673	1.5310791284067635	0	mad90_all_variants	/paedyl01/disk1/yangyxt/public_data/VEP_plugins_caches/MaveDB/csv/urn-mavedb-00000524-a-1.scores.csv
urn:mavedb:00000524-a-2	-2.1212486343160135	0.20198676520630654	0	mad90_all_variants	/paedyl01/disk1/yangyxt/public_data/VEP_plugins_caches/MaveDB/csv/urn-mavedb-00000524-a-2.scores.csv
urn:mavedb:00000525-0-1	0.394556626167341	3.501793344808477	0	mad90_all_variants	/paedyl01/disk1/yangyxt/public_data/VEP_plugins_caches/MaveDB/csv/urn-mavedb-00000525-0-1.scores.csv
urn:mavedb:00000525-a-1	-0.8449018216467927	1.2453020302506392	0	mad90_all_variants	/paedyl01/disk1/yangyxt/public_data/VEP_plugins_caches/MaveDB/csv/urn-mavedb-00000525-a-1.scores.csv
urn:mavedb:00000525-a-2	-2.2277261348760717	-0.039589233849532945	0	mad90_all_variants	/paedyl01/disk1/yangyxt/public_data/VEP_plugins_caches/MaveDB/csv/urn-mavedb-00000525-a-2.scores.csv
urn:mavedb:00000526-0-1	0.2023661475237104	3.645972854012437	0	mad90_all_variants	/paedyl01/disk1/yangyxt/public_data/VEP_plugins_caches/MaveDB/csv/urn-mavedb-00000526-0-1.scores.csv
urn:mavedb:00000526-a-1	-0.8439094324945445	1.8301777270936137	0	mad90_all_variants	/paedyl01/disk1/yangyxt/public_data/VEP_plugins_caches/MaveDB/csv/urn-mavedb-00000526-a-1.scores.csv
urn:mavedb:00000526-a-2	-1.8648159400699682	0.3968475260020231	0	mad90_all_variants	/paedyl01/disk1/yangyxt/public_data/VEP_plugins_caches/MaveDB/csv/urn-mavedb-00000526-a-2.scores.csv
urn:mavedb:00000527-0-1	0.4949554707950887	3.6198754118152823	0	mad90_all_variants	/paedyl01/disk1/yangyxt/public_data/VEP_plugins_caches/MaveDB/csv/urn-mavedb-00000527-0-1.scores.csv
urn:mavedb:00000527-a-1	-1.2057038369006878	1.3436265079165943	0	mad90_all_variants	/paedyl01/disk1/yangyxt/public_data/VEP_plugins_caches/MaveDB/csv/urn-mavedb-00000527-a-1.scores.csv
urn:mavedb:00000527-a-2	-2.635791978329782	-0.46689819136895205	0	mad90_all_variants	/paedyl01/disk1/yangyxt/public_data/VEP_plugins_caches/MaveDB/csv/urn-mavedb-00000527-a-2.scores.csv
urn:mavedb:00000528-0-1	1.499849882171946	4.530234091106934	0	mad90_all_variants	/paedyl01/disk1/yangyxt/public_data/VEP_plugins_caches/MaveDB/csv/urn-mavedb-00000528-0-1.scores.csv
urn:mavedb:00000528-a-1	-0.27207844277064464	2.358712809638751	0	mad90_all_variants	/paedyl01/disk1/yangyxt/public_data/VEP_plugins_caches/MaveDB/csv/urn-mavedb-00000528-a-1.scores.csv
urn:mavedb:00000528-a-2	-1.3941556362061567	0.7045534907646944	0	mad90_all_variants	/paedyl01/disk1/yangyxt/public_data/VEP_plugins_caches/MaveDB/csv/urn-mavedb-00000528-a-2.scores.csv
urn:mavedb:00000529-0-1	-0.06694129404337179	2.98600439630165	0	mad90_all_variants	/paedyl01/disk1/yangyxt/public_data/VEP_plugins_caches/MaveDB/csv/urn-mavedb-00000529-0-1.scores.csv
urn:mavedb:00000529-a-1	-1.2961953766091967	0.790204343860338	0	mad90_all_variants	/paedyl01/disk1/yangyxt/public_data/VEP_plugins_caches/MaveDB/csv/urn-mavedb-00000529-a-1.scores.csv
urn:mavedb:00000529-a-2	-2.1807012725495336	-0.2128263853701874	0	mad90_all_variants	/paedyl01/disk1/yangyxt/public_data/VEP_plugins_caches/MaveDB/csv/urn-mavedb-00000529-a-2.scores.csv
urn:mavedb:00000530-0-1	0.13571158623246649	2.9406763730841394	0	mad90_all_variants	/paedyl01/disk1/yangyxt/public_data/VEP_plugins_caches/MaveDB/csv/urn-mavedb-00000530-0-1.scores.csv
urn:mavedb:00000530-a-1	-0.9125108980215701	1.1055333136254921	0	mad90_all_variants	/paedyl01/disk1/yangyxt/public_data/VEP_plugins_caches/MaveDB/csv/urn-mavedb-00000530-a-1.scores.csv
urn:mavedb:00000530-a-2	-1.8512177364224665	-0.13024398491479827	0	mad90_all_variants	/paedyl01/disk1/yangyxt/public_data/VEP_plugins_caches/MaveDB/csv/urn-mavedb-00000530-a-2.scores.csv
urn:mavedb:00000531-0-1	-0.1527899955928459	2.0944428862885163	0	mad90_all_variants	/paedyl01/disk1/yangyxt/public_data/VEP_plugins_caches/MaveDB/csv/urn-mavedb-00000531-0-1.scores.csv
urn:mavedb:00000531-a-1	-1.3949303533929034	-0.0197063310822726	0	mad90_all_variants	/paedyl01/disk1/yangyxt/public_data/VEP_plugins_caches/MaveDB/csv/urn-mavedb-00000531-a-1.scores.csv
urn:mavedb:00000531-a-2	-2.2657710530315103	-0.7806507776896408	0	mad90_all_variants	/paedyl01/disk1/yangyxt/public_data/VEP_plugins_caches/MaveDB/csv/urn-mavedb-00000531-a-2.scores.csv
urn:mavedb:00000532-0-1	0.8824171307226767	3.6473079968580597	0	mad90_all_variants	/paedyl01/disk1/yangyxt/public_data/VEP_plugins_caches/MaveDB/csv/urn-mavedb-00000532-0-1.scores.csv
urn:mavedb:00000532-a-1	-0.6814605312252986	1.5231063780361456	0	mad90_all_variants	/paedyl01/disk1/yangyxt/public_data/VEP_plugins_caches/MaveDB/csv/urn-mavedb-00000532-a-1.scores.csv
urn:mavedb:00000532-a-2	-1.5435139465961796	0.26809087979386814	0	mad90_all_variants	/paedyl01/disk1/yangyxt/public_data/VEP_plugins_caches/MaveDB/csv/urn-mavedb-00000532-a-2.scores.csv
urn:mavedb:00000533-0-1	0.25337007475554785	2.337759225886672	0	mad90_all_variants	/paedyl01/disk1/yangyxt/public_data/VEP_plugins_caches/MaveDB/csv/urn-mavedb-00000533-0-1.scores.csv
urn:mavedb:00000533-a-1	-0.9347215629027763	0.5259370212383776	0	mad90_all_variants	/paedyl01/disk1/yangyxt/public_data/VEP_plugins_caches/MaveDB/csv/urn-mavedb-00000533-a-1.scores.csv
urn:mavedb:00000533-a-2	-1.7805785043317566	-0.5754558711003771	0	mad90_all_variants	/paedyl01/disk1/yangyxt/public_data/VEP_plugins_caches/MaveDB/csv/urn-mavedb-00000533-a-2.scores.csv
urn:mavedb:00000534-0-1	0.5119500920339077	2.4044783019866984	0	mad90_all_variants	/paedyl01/disk1/yangyxt/public_data/VEP_plugins_caches/MaveDB/csv/urn-mavedb-00000534-0-1.scores.csv
urn:mavedb:00000534-a-1	-1.013137421539114	0.23661420709860237	0	mad90_all_variants	/paedyl01/disk1/yangyxt/public_data/VEP_plugins_caches/MaveDB/csv/urn-mavedb-00000534-a-1.scores.csv
urn:mavedb:00000534-a-2	-1.1845943682552382	0.11036927424758658	0	mad90_all_variants	/paedyl01/disk1/yangyxt/public_data/VEP_plugins_caches/MaveDB/csv/urn-mavedb-00000534-a-2.scores.csv
urn:mavedb:00000535-0-1	0.47374406797867274	1.8194248097914305	0	mad90_all_variants	/paedyl01/disk1/yangyxt/public_data/VEP_plugins_caches/MaveDB/csv/urn-mavedb-00000535-0-1.scores.csv
urn:mavedb:00000535-a-1	-0.329962187688727	0.5136862260782487	0	mad90_all_variants	/paedyl01/disk1/yangyxt/public_data/VEP_plugins_caches/MaveDB/csv/urn-mavedb-00000535-a-1.scores.csv
urn:mavedb:00000535-a-2	-0.596697538290293	0.15493216306842994	0	mad90_all_variants	/paedyl01/disk1/yangyxt/public_data/VEP_plugins_caches/MaveDB/csv/urn-mavedb-00000535-a-2.scores.csv
urn:mavedb:00000536-0-1	-0.07508062723492248	2.9131423489138784	0	mad90_all_variants	/paedyl01/disk1/yangyxt/public_data/VEP_plugins_caches/MaveDB/csv/urn-mavedb-00000536-0-1.scores.csv
urn:mavedb:00000536-a-1	-1.0669836843435698	1.2604847806634787	0	mad90_all_variants	/paedyl01/disk1/yangyxt/public_data/VEP_plugins_caches/MaveDB/csv/urn-mavedb-00000536-a-1.scores.csv
urn:mavedb:00000536-a-2	-1.975679726426736	-0.36066228195034367	0	mad90_all_variants	/paedyl01/disk1/yangyxt/public_data/VEP_plugins_caches/MaveDB/csv/urn-mavedb-00000536-a-2.scores.csv
urn:mavedb:00000537-0-1	0.06473186514738516	3.6193841070462485	0	mad90_all_variants	/paedyl01/disk1/yangyxt/public_data/VEP_plugins_caches/MaveDB/csv/urn-mavedb-00000537-0-1.scores.csv
urn:mavedb:00000537-a-1	-1.02011608836283	1.5494728620164688	0	mad90_all_variants	/paedyl01/disk1/yangyxt/public_data/VEP_plugins_caches/MaveDB/csv/urn-mavedb-00000537-a-1.scores.csv
urn:mavedb:00000537-a-2	-2.009195490317879	0.21337036726279357	0	mad90_all_variants	/paedyl01/disk1/yangyxt/public_data/VEP_plugins_caches/MaveDB/csv/urn-mavedb-00000537-a-2.scores.csv
urn:mavedb:00000538-0-1	0.3563549383677205	3.368171704732338	0	mad90_all_variants	/paedyl01/disk1/yangyxt/public_data/VEP_plugins_caches/MaveDB/csv/urn-mavedb-00000538-0-1.scores.csv
urn:mavedb:00000538-a-1	-0.8090747004599865	1.412772237959145	0	mad90_all_variants	/paedyl01/disk1/yangyxt/public_data/VEP_plugins_caches/MaveDB/csv/urn-mavedb-00000538-a-1.scores.csv
urn:mavedb:00000538-a-2	-1.3514429799207424	0.6355338812212873	0	mad90_all_variants	/paedyl01/disk1/yangyxt/public_data/VEP_plugins_caches/MaveDB/csv/urn-mavedb-00000538-a-2.scores.csv
urn:mavedb:00000539-0-1	-0.34989362691834014	2.4771218581138914	0	mad90_all_variants	/paedyl01/disk1/yangyxt/public_data/VEP_plugins_caches/MaveDB/csv/urn-mavedb-00000539-0-1.scores.csv
urn:mavedb:00000539-a-1	-1.3066812270441337	0.5780489889778484	0	mad90_all_variants	/paedyl01/disk1/yangyxt/public_data/VEP_plugins_caches/MaveDB/csv/urn-mavedb-00000539-a-1.scores.csv
urn:mavedb:00000539-a-2	-1.7424665573981346	-0.06031183594471201	0	mad90_all_variants	/paedyl01/disk1/yangyxt/public_data/VEP_plugins_caches/MaveDB/csv/urn-mavedb-00000539-a-2.scores.csv
urn:mavedb:00000540-0-1	-1.339684613707927	1.7366584927299697	0	mad90_all_variants	/paedyl01/disk1/yangyxt/public_data/VEP_plugins_caches/MaveDB/csv/urn-mavedb-00000540-0-1.scores.csv
urn:mavedb:00000540-a-1	-1.37708331723948	-0.21875018901565513	0	mad90_all_variants	/paedyl01/disk1/yangyxt/public_data/VEP_plugins_caches/MaveDB/csv/urn-mavedb-00000540-a-1.scores.csv
urn:mavedb:00000540-a-2	-1.8972497342628332	-0.7658181478700143	0	mad90_all_variants	/paedyl01/disk1/yangyxt/public_data/VEP_plugins_caches/MaveDB/csv/urn-mavedb-00000540-a-2.scores.csv
urn:mavedb:00000541-0-1	-0.2093611785738041	2.230307062754786	0	mad90_all_variants	/paedyl01/disk1/yangyxt/public_data/VEP_plugins_caches/MaveDB/csv/urn-mavedb-00000541-0-1.scores.csv
urn:mavedb:00000541-a-1	-0.8786747098343793	0.8725300360531493	0	mad90_all_variants	/paedyl01/disk1/yangyxt/public_data/VEP_plugins_caches/MaveDB/csv/urn-mavedb-00000541-a-1.scores.csv
urn:mavedb:00000541-a-2	-1.3490997328859096	0.12737729376349993	0	mad90_all_variants	/paedyl01/disk1/yangyxt/public_data/VEP_plugins_caches/MaveDB/csv/urn-mavedb-00000541-a-2.scores.csv
urn:mavedb:00000542-0-1	2.6650193859176543	4.979841754821891	0	mad90_all_variants	/paedyl01/disk1/yangyxt/public_data/VEP_plugins_caches/MaveDB/csv/urn-mavedb-00000542-0-1.scores.csv
urn:mavedb:00000542-a-1	1.031650916614796	2.1788953509540248	0	mad90_all_variants	/paedyl01/disk1/yangyxt/public_data/VEP_plugins_caches/MaveDB/csv/urn-mavedb-00000542-a-1.scores.csv
urn:mavedb:00000542-a-2	0.34931634656002386	1.670784865702752	0	mad90_all_variants	/paedyl01/disk1/yangyxt/public_data/VEP_plugins_caches/MaveDB/csv/urn-mavedb-00000542-a-2.scores.csv
urn:mavedb:00000543-0-1	2.563140007760751	4.897888787910571	0	mad90_all_variants	/paedyl01/disk1/yangyxt/public_data/VEP_plugins_caches/MaveDB/csv/urn-mavedb-00000543-0-1.scores.csv
urn:mavedb:00000543-a-1	0.39828235978944937	1.9121608661144753	0	mad90_all_variants	/paedyl01/disk1/yangyxt/public_data/VEP_plugins_caches/MaveDB/csv/urn-mavedb-00000543-a-1.scores.csv
urn:mavedb:00000543-a-2	0.584215695353612	1.7723513077612427	0	mad90_all_variants	/paedyl01/disk1/yangyxt/public_data/VEP_plugins_caches/MaveDB/csv/urn-mavedb-00000543-a-2.scores.csv
urn:mavedb:00000544-0-1	2.673941089274258	3.9178430883120225	0	mad90_all_variants	/paedyl01/disk1/yangyxt/public_data/VEP_plugins_caches/MaveDB/csv/urn-mavedb-00000544-0-1.scores.csv
urn:mavedb:00000544-a-1	0.8366467621256902	1.7621264543278863	0	mad90_all_variants	/paedyl01/disk1/yangyxt/public_data/VEP_plugins_caches/MaveDB/csv/urn-mavedb-00000544-a-1.scores.csv
urn:mavedb:00000544-a-2	0.9479474683136728	1.4519986492011276	0	mad90_all_variants	/paedyl01/disk1/yangyxt/public_data/VEP_plugins_caches/MaveDB/csv/urn-mavedb-00000544-a-2.scores.csv
urn:mavedb:00000545-0-1	1.2353223753259555	3.6580426367608387	0	mad90_all_variants	/paedyl01/disk1/yangyxt/public_data/VEP_plugins_caches/MaveDB/csv/urn-mavedb-00000545-0-1.scores.csv
urn:mavedb:00000545-a-1	-0.27639779768266703	1.3407926689384888	0	mad90_all_variants	/paedyl01/disk1/yangyxt/public_data/VEP_plugins_caches/MaveDB/csv/urn-mavedb-00000545-a-1.scores.csv
urn:mavedb:00000545-a-2	-0.7421677976119971	0.7910529176812053	0	mad90_all_variants	/paedyl01/disk1/yangyxt/public_data/VEP_plugins_caches/MaveDB/csv/urn-mavedb-00000545-a-2.scores.csv
urn:mavedb:00000546-0-1	2.583148994610334	4.034718602033044	0	mad90_all_variants	/paedyl01/disk1/yangyxt/public_data/VEP_plugins_caches/MaveDB/csv/urn-mavedb-00000546-0-1.scores.csv
urn:mavedb:00000546-a-1	0.44739797428257616	1.3878496959841107	0	mad90_all_variants	/paedyl01/disk1/yangyxt/public_data/VEP_plugins_caches/MaveDB/csv/urn-mavedb-00000546-a-1.scores.csv
urn:mavedb:00000546-a-2	0.7763863209590255	1.5956146580774546	0	mad90_all_variants	/paedyl01/disk1/yangyxt/public_data/VEP_plugins_caches/MaveDB/csv/urn-mavedb-00000546-a-2.scores.csv
urn:mavedb:00000547-0-1	2.164683257335067	3.6512404378442893	0	mad90_all_variants	/paedyl01/disk1/yangyxt/public_data/VEP_plugins_caches/MaveDB/csv/urn-mavedb-00000547-0-1.scores.csv
urn:mavedb:00000547-a-1	0.010911176514766918	1.0065474086457205	0	mad90_all_variants	/paedyl01/disk1/yangyxt/public_data/VEP_plugins_caches/MaveDB/csv/urn-mavedb-00000547-a-1.scores.csv
urn:mavedb:00000547-a-2	-0.38890587513655955	0.7193908375219664	0	mad90_all_variants	/paedyl01/disk1/yangyxt/public_data/VEP_plugins_caches/MaveDB/csv/urn-mavedb-00000547-a-2.scores.csv
urn:mavedb:00000548-0-1	2.1310107090874446	3.5202279807363297	0	mad90_all_variants	/paedyl01/disk1/yangyxt/public_data/VEP_plugins_caches/MaveDB/csv/urn-mavedb-00000548-0-1.scores.csv
urn:mavedb:00000548-a-1	0.32909859568776983	1.2108067546215413	0	mad90_all_variants	/paedyl01/disk1/yangyxt/public_data/VEP_plugins_caches/MaveDB/csv/urn-mavedb-00000548-a-1.scores.csv
urn:mavedb:00000548-a-2	-0.09743500703161434	0.9229523044268884	0	mad90_all_variants	/paedyl01/disk1/yangyxt/public_data/VEP_plugins_caches/MaveDB/csv/urn-mavedb-00000548-a-2.scores.csv
urn:mavedb:00000549-0-1	2.8570572857365537	4.974529053279419	0	mad90_all_variants	/paedyl01/disk1/yangyxt/public_data/VEP_plugins_caches/MaveDB/csv/urn-mavedb-00000549-0-1.scores.csv
urn:mavedb:00000549-a-1	0.7746723698280613	1.9104545933301376	0	mad90_all_variants	/paedyl01/disk1/yangyxt/public_data/VEP_plugins_caches/MaveDB/csv/urn-mavedb-00000549-a-1.scores.csv
urn:mavedb:00000549-a-2	0.1859818461624413	1.391756691848176	0	mad90_all_variants	/paedyl01/disk1/yangyxt/public_data/VEP_plugins_caches/MaveDB/csv/urn-mavedb-00000549-a-2.scores.csv
urn:mavedb:00000550-0-1	1.0450958048346373	3.3003992805900317	0	mad90_all_variants	/paedyl01/disk1/yangyxt/public_data/VEP_plugins_caches/MaveDB/csv/urn-mavedb-00000550-0-1.scores.csv
urn:mavedb:00000550-a-1	-0.31816206626301036	1.1506327357065205	0	mad90_all_variants	/paedyl01/disk1/yangyxt/public_data/VEP_plugins_caches/MaveDB/csv/urn-mavedb-00000550-a-1.scores.csv
urn:mavedb:00000550-a-2	-0.1979857436638479	1.3651833603924208	0	mad90_all_variants	/paedyl01/disk1/yangyxt/public_data/VEP_plugins_caches/MaveDB/csv/urn-mavedb-00000550-a-2.scores.csv
urn:mavedb:00000551-0-1	2.215078880068578	4.2550509523705315	0	mad90_all_variants	/paedyl01/disk1/yangyxt/public_data/VEP_plugins_caches/MaveDB/csv/urn-mavedb-00000551-0-1.scores.csv
urn:mavedb:00000551-a-1	0.4098355111321029	1.870867261263557	0	mad90_all_variants	/paedyl01/disk1/yangyxt/public_data/VEP_plugins_caches/MaveDB/csv/urn-mavedb-00000551-a-1.scores.csv
urn:mavedb:00000551-a-2	0.5009888508612026	1.383662722405227	0	mad90_all_variants	/paedyl01/disk1/yangyxt/public_data/VEP_plugins_caches/MaveDB/csv/urn-mavedb-00000551-a-2.scores.csv
urn:mavedb:00000552-0-1	1.5233597752588894	3.8601389396910175	0	mad90_all_variants	/paedyl01/disk1/yangyxt/public_data/VEP_plugins_caches/MaveDB/csv/urn-mavedb-00000552-0-1.scores.csv
urn:mavedb:00000552-a-1	0.12502894357102734	1.5111048495244659	0	mad90_all_variants	/paedyl01/disk1/yangyxt/public_data/VEP_plugins_caches/MaveDB/csv/urn-mavedb-00000552-a-1.scores.csv
urn:mavedb:00000552-a-2	0.23001701291979704	1.5665620694325768	0	mad90_all_variants	/paedyl01/disk1/yangyxt/public_data/VEP_plugins_caches/MaveDB/csv/urn-mavedb-00000552-a-2.scores.csv
urn:mavedb:00000553-0-1	2.047630797000229	3.7546536365497083	0	mad90_all_variants	/paedyl01/disk1/yangyxt/public_data/VEP_plugins_caches/MaveDB/csv/urn-mavedb-00000553-0-1.scores.csv
urn:mavedb:00000553-a-1	0.36557832175923355	1.5131169025767313	0	mad90_all_variants	/paedyl01/disk1/yangyxt/public_data/VEP_plugins_caches/MaveDB/csv/urn-mavedb-00000553-a-1.scores.csv
urn:mavedb:00000553-a-2	-0.2208512872264773	0.9826007078539217	0	mad90_all_variants	/paedyl01/disk1/yangyxt/public_data/VEP_plugins_caches/MaveDB/csv/urn-mavedb-00000553-a-2.scores.csv
urn:mavedb:00000554-0-1	2.4862292967912127	4.751736894887148	0	mad90_all_variants	/paedyl01/disk1/yangyxt/public_data/VEP_plugins_caches/MaveDB/csv/urn-mavedb-00000554-0-1.scores.csv
urn:mavedb:00000554-a-1	0.7440468448483432	2.0876404499445025	0	mad90_all_variants	/paedyl01/disk1/yangyxt/public_data/VEP_plugins_caches/MaveDB/csv/urn-mavedb-00000554-a-1.scores.csv
urn:mavedb:00000554-a-2	0.8387512745596055	1.712906089349751	0	mad90_all_variants	/paedyl01/disk1/yangyxt/public_data/VEP_plugins_caches/MaveDB/csv/urn-mavedb-00000554-a-2.scores.csv
urn:mavedb:00000555-0-1	2.899275376145095	4.832942205919747	0	mad90_all_variants	/paedyl01/disk1/yangyxt/public_data/VEP_plugins_caches/MaveDB/csv/urn-mavedb-00000555-0-1.scores.csv
urn:mavedb:00000555-a-1	0.6000443161801097	1.8640449579131304	0	mad90_all_variants	/paedyl01/disk1/yangyxt/public_data/VEP_plugins_caches/MaveDB/csv/urn-mavedb-00000555-a-1.scores.csv
urn:mavedb:00000555-a-2	0.3160880779452294	1.4059822972963683	0	mad90_all_variants	/paedyl01/disk1/yangyxt/public_data/VEP_plugins_caches/MaveDB/csv/urn-mavedb-00000555-a-2.scores.csv
urn:mavedb:00000556-0-1	1.4003749530694896	3.2370216083114904	0	mad90_all_variants	/paedyl01/disk1/yangyxt/public_data/VEP_plugins_caches/MaveDB/csv/urn-mavedb-00000556-0-1.scores.csv
urn:mavedb:00000556-a-1	-0.1974445009369531	0.9955354696262476	0	mad90_all_variants	/paedyl01/disk1/yangyxt/public_data/VEP_plugins_caches/MaveDB/csv/urn-mavedb-00000556-a-1.scores.csv
urn:mavedb:00000556-a-2	-0.2812708104719178	0.9194770657936547	0	mad90_all_variants	/paedyl01/disk1/yangyxt/public_data/VEP_plugins_caches/MaveDB/csv/urn-mavedb-00000556-a-2.scores.csv
urn:mavedb:00000557-0-1	0.3524576614232312	1.5994471227391478	0	mad90_all_variants	/paedyl01/disk1/yangyxt/public_data/VEP_plugins_caches/MaveDB/csv/urn-mavedb-00000557-0-1.scores.csv
urn:mavedb:00000557-a-1	-0.9098871375343616	-0.17297798753731675	0	mad90_all_variants	/paedyl01/disk1/yangyxt/public_data/VEP_plugins_caches/MaveDB/csv/urn-mavedb-00000557-a-1.scores.csv
urn:mavedb:00000557-a-2	-1.4960554020816956	-0.5343191439869845	0	mad90_all_variants	/paedyl01/disk1/yangyxt/public_data/VEP_plugins_caches/MaveDB/csv/urn-mavedb-00000557-a-2.scores.csv
urn:mavedb:00000558-0-1	0.8847250495380172	2.2527029762587083	0	mad90_all_variants	/paedyl01/disk1/yangyxt/public_data/VEP_plugins_caches/MaveDB/csv/urn-mavedb-00000558-0-1.scores.csv
urn:mavedb:00000558-a-1	-0.40303402088684653	0.37908202255500073	0	mad90_all_variants	/paedyl01/disk1/yangyxt/public_data/VEP_plugins_caches/MaveDB/csv/urn-mavedb-00000558-a-1.scores.csv
urn:mavedb:00000558-a-2	-1.2800207678583764	-0.30505128069690307	0	mad90_all_variants	/paedyl01/disk1/yangyxt/public_data/VEP_plugins_caches/MaveDB/csv/urn-mavedb-00000558-a-2.scores.csv
urn:mavedb:00000559-0-1	0.07478624739818485	3.3287576262660554	0	mad90_all_variants	/paedyl01/disk1/yangyxt/public_data/VEP_plugins_caches/MaveDB/csv/urn-mavedb-00000559-0-1.scores.csv
urn:mavedb:00000559-a-1	-0.8340469623049721	1.4478840344504569	0	mad90_all_variants	/paedyl01/disk1/yangyxt/public_data/VEP_plugins_caches/MaveDB/csv/urn-mavedb-00000559-a-1.scores.csv
urn:mavedb:00000559-a-2	-1.596357835136054	0.8062372752683666	0	mad90_all_variants	/paedyl01/disk1/yangyxt/public_data/VEP_plugins_caches/MaveDB/csv/urn-mavedb-00000559-a-2.scores.csv
urn:mavedb:00000560-0-1	1.2334609097002633	2.6910202264955077	0	mad90_all_variants	/paedyl01/disk1/yangyxt/public_data/VEP_plugins_caches/MaveDB/csv/urn-mavedb-00000560-0-1.scores.csv
urn:mavedb:00000560-a-1	-0.37106606768954453	0.5387625277512176	0	mad90_all_variants	/paedyl01/disk1/yangyxt/public_data/VEP_plugins_caches/MaveDB/csv/urn-mavedb-00000560-a-1.scores.csv
urn:mavedb:00000560-a-2	-0.5711065751414274	0.5663156378977582	0	mad90_all_variants	/paedyl01/disk1/yangyxt/public_data/VEP_plugins_caches/MaveDB/csv/urn-mavedb-00000560-a-2.scores.csv
urn:mavedb:00000561-0-1	0.7220125953060456	2.6668848279085964	0	mad90_all_variants	/paedyl01/disk1/yangyxt/public_data/VEP_plugins_caches/MaveDB/csv/urn-mavedb-00000561-0-1.scores.csv
urn:mavedb:00000561-a-1	-0.8970502513818754	0.42363135403540464	0	mad90_all_variants	/paedyl01/disk1/yangyxt/public_data/VEP_plugins_caches/MaveDB/csv/urn-mavedb-00000561-a-1.scores.csv
urn:mavedb:00000561-a-2	-1.277092366418474	0.2251362772960761	0	mad90_all_variants	/paedyl01/disk1/yangyxt/public_data/VEP_plugins_caches/MaveDB/csv/urn-mavedb-00000561-a-2.scores.csv
urn:mavedb:00000562-0-1	-0.3318211310040111	2.7243171779123196	0	mad90_all_variants	/paedyl01/disk1/yangyxt/public_data/VEP_plugins_caches/MaveDB/csv/urn-mavedb-00000562-0-1.scores.csv
urn:mavedb:00000562-a-1	-1.2232460827317226	0.8280063682807678	0	mad90_all_variants	/paedyl01/disk1/yangyxt/public_data/VEP_plugins_caches/MaveDB/csv/urn-mavedb-00000562-a-1.scores.csv
urn:mavedb:00000562-a-2	-2.1396285241595883	-0.315906532108699	0	mad90_all_variants	/paedyl01/disk1/yangyxt/public_data/VEP_plugins_caches/MaveDB/csv/urn-mavedb-00000562-a-2.scores.csv
urn:mavedb:00000563-0-1	1.040841400182399	2.042470402400421	0	mad90_all_variants	/paedyl01/disk1/yangyxt/public_data/VEP_plugins_caches/MaveDB/csv/urn-mavedb-00000563-0-1.scores.csv
urn:mavedb:00000563-a-1	-0.5245312649038573	0.09795396011474813	0	mad90_all_variants	/paedyl01/disk1/yangyxt/public_data/VEP_plugins_caches/MaveDB/csv/urn-mavedb-00000563-a-1.scores.csv
urn:mavedb:00000563-a-2	-1.1006386203041594	-0.3535007029906629	0	mad90_all_variants	/paedyl01/disk1/yangyxt/public_data/VEP_plugins_caches/MaveDB/csv/urn-mavedb-00000563-a-2.scores.csv
urn:mavedb:00000564-0-1	3.1994414507242213	5.173544391343226	0	mad90_all_variants	/paedyl01/disk1/yangyxt/public_data/VEP_plugins_caches/MaveDB/csv/urn-mavedb-00000564-0-1.scores.csv
urn:mavedb:00000564-a-1	0.9042737318781872	1.8652288498142457	0	mad90_all_variants	/paedyl01/disk1/yangyxt/public_data/VEP_plugins_caches/MaveDB/csv/urn-mavedb-00000564-a-1.scores.csv
urn:mavedb:00000564-a-2	0.7082315756618308	1.7322478420972587	0	mad90_all_variants	/paedyl01/disk1/yangyxt/public_data/VEP_plugins_caches/MaveDB/csv/urn-mavedb-00000564-a-2.scores.csv
urn:mavedb:00000565-0-1	1.807434524479264	3.396439849960167	0	mad90_all_variants	/paedyl01/disk1/yangyxt/public_data/VEP_plugins_caches/MaveDB/csv/urn-mavedb-00000565-0-1.scores.csv
urn:mavedb:00000565-a-1	0.021611750716946654	1.0969710019213197	0	mad90_all_variants	/paedyl01/disk1/yangyxt/public_data/VEP_plugins_caches/MaveDB/csv/urn-mavedb-00000565-a-1.scores.csv
urn:mavedb:00000565-a-2	-0.1450361791166052	0.9834110628262525	0	mad90_all_variants	/paedyl01/disk1/yangyxt/public_data/VEP_plugins_caches/MaveDB/csv/urn-mavedb-00000565-a-2.scores.csv
urn:mavedb:00000566-0-1	2.583787619174098	3.6930400361292737	0	mad90_all_variants	/paedyl01/disk1/yangyxt/public_data/VEP_plugins_caches/MaveDB/csv/urn-mavedb-00000566-0-1.scores.csv
urn:mavedb:00000566-a-1	0.03822792309002471	0.8617809792408402	0	mad90_all_variants	/paedyl01/disk1/yangyxt/public_data/VEP_plugins_caches/MaveDB/csv/urn-mavedb-00000566-a-1.scores.csv
urn:mavedb:00000566-a-2	-0.4307607655062673	0.6222537859694495	0	mad90_all_variants	/paedyl01/disk1/yangyxt/public_data/VEP_plugins_caches/MaveDB/csv/urn-mavedb-00000566-a-2.scores.csv
urn:mavedb:00000567-0-1	1.1790664767297772	6.424988766519644	0	mad90_all_variants	/paedyl01/disk1/yangyxt/public_data/VEP_plugins_caches/MaveDB/csv/urn-mavedb-00000567-0-1.scores.csv
urn:mavedb:00000567-a-1	-0.6326708057212298	3.1905734913458517	0	mad90_all_variants	/paedyl01/disk1/yangyxt/public_data/VEP_plugins_caches/MaveDB/csv/urn-mavedb-00000567-a-1.scores.csv
urn:mavedb:00000567-a-2	-0.48221817869958183	2.799135408406012	0	mad90_all_variants	/paedyl01/disk1/yangyxt/public_data/VEP_plugins_caches/MaveDB/csv/urn-mavedb-00000567-a-2.scores.csv
urn:mavedb:00000568-0-1	2.744670572692439	4.2624593217683975	0	mad90_all_variants	/paedyl01/disk1/yangyxt/public_data/VEP_plugins_caches/MaveDB/csv/urn-mavedb-00000568-0-1.scores.csv
urn:mavedb:00000568-a-1	0.23982581966594307	1.245653703463242	0	mad90_all_variants	/paedyl01/disk1/yangyxt/public_data/VEP_plugins_caches/MaveDB/csv/urn-mavedb-00000568-a-1.scores.csv
urn:mavedb:00000568-a-2	-0.1608353615171838	0.9786379569553938	0	mad90_all_variants	/paedyl01/disk1/yangyxt/public_data/VEP_plugins_caches/MaveDB/csv/urn-mavedb-00000568-a-2.scores.csv
urn:mavedb:00000569-0-1	0.4273012620557366	3.681461353656131	0	mad90_all_variants	/paedyl01/disk1/yangyxt/public_data/VEP_plugins_caches/MaveDB/csv/urn-mavedb-00000569-0-1.scores.csv
urn:mavedb:00000569-a-1	-1.3064190156714452	1.4313429661108479	0	mad90_all_variants	/paedyl01/disk1/yangyxt/public_data/VEP_plugins_caches/MaveDB/csv/urn-mavedb-00000569-a-1.scores.csv
urn:mavedb:00000569-a-2	-2.0266028732000816	0.3643620458651602	0	mad90_all_variants	/paedyl01/disk1/yangyxt/public_data/VEP_plugins_caches/MaveDB/csv/urn-mavedb-00000569-a-2.scores.csv
urn:mavedb:00000570-0-1	0.7395685938439491	1.947551933352303	0	mad90_all_variants	/paedyl01/disk1/yangyxt/public_data/VEP_plugins_caches/MaveDB/csv/urn-mavedb-00000570-0-1.scores.csv
urn:mavedb:00000570-a-1	-0.49860299910712647	0.12506578778307664	0	mad90_all_variants	/paedyl01/disk1/yangyxt/public_data/VEP_plugins_caches/MaveDB/csv/urn-mavedb-00000570-a-1.scores.csv
urn:mavedb:00000570-a-2	-1.714663340908319	-0.6535418008450262	0	mad90_all_variants	/paedyl01/disk1/yangyxt/public_data/VEP_plugins_caches/MaveDB/csv/urn-mavedb-00000570-a-2.scores.csv
urn:mavedb:00000571-0-1	0.9739169890463152	2.111110095233561	0	mad90_all_variants	/paedyl01/disk1/yangyxt/public_data/VEP_plugins_caches/MaveDB/csv/urn-mavedb-00000571-0-1.scores.csv
urn:mavedb:00000571-a-1	-0.6094933366468575	0.13701076862486106	0	mad90_all_variants	/paedyl01/disk1/yangyxt/public_data/VEP_plugins_caches/MaveDB/csv/urn-mavedb-00000571-a-1.scores.csv
urn:mavedb:00000571-a-2	-1.5558341437742937	-0.7449313879444901	0	mad90_all_variants	/paedyl01/disk1/yangyxt/public_data/VEP_plugins_caches/MaveDB/csv/urn-mavedb-00000571-a-2.scores.csv
urn:mavedb:00000572-0-1	-0.4697906435939929	1.9167876630762728	0	mad90_all_variants	/paedyl01/disk1/yangyxt/public_data/VEP_plugins_caches/MaveDB/csv/urn-mavedb-00000572-0-1.scores.csv
urn:mavedb:00000572-a-1	-0.7923792432414023	0.5175121928448907	0	mad90_all_variants	/paedyl01/disk1/yangyxt/public_data/VEP_plugins_caches/MaveDB/csv/urn-mavedb-00000572-a-1.scores.csv
urn:mavedb:00000572-a-2	-1.6701079069335276	-0.39071909703327956	0	mad90_all_variants	/paedyl01/disk1/yangyxt/public_data/VEP_plugins_caches/MaveDB/csv/urn-mavedb-00000572-a-2.scores.csv
urn:mavedb:00000573-0-1	0.2962102674199578	3.3482576106560913	0	mad90_all_variants	/paedyl01/disk1/yangyxt/public_data/VEP_plugins_caches/MaveDB/csv/urn-mavedb-00000573-0-1.scores.csv
urn:mavedb:00000573-a-1	-1.0919053320908225	0.910259653274712	0	mad90_all_variants	/paedyl01/disk1/yangyxt/public_data/VEP_plugins_caches/MaveDB/csv/urn-mavedb-00000573-a-1.scores.csv
urn:mavedb:00000573-a-2	-2.025706934878435	0.04497950546922558	0	mad90_all_variants	/paedyl01/disk1/yangyxt/public_data/VEP_plugins_caches/MaveDB/csv/urn-mavedb-00000573-a-2.scores.csv
urn:mavedb:00000574-0-1	1.5990412397588665	3.983039926381023	0	mad90_all_variants	/paedyl01/disk1/yangyxt/public_data/VEP_plugins_caches/MaveDB/csv/urn-mavedb-00000574-0-1.scores.csv
urn:mavedb:00000574-a-1	0.13401025323424653	1.7917494043713313	0	mad90_all_variants	/paedyl01/disk1/yangyxt/public_data/VEP_plugins_caches/MaveDB/csv/urn-mavedb-00000574-a-1.scores.csv
urn:mavedb:00000574-a-2	-0.8139965883251494	0.7782444188638573	0	mad90_all_variants	/paedyl01/disk1/yangyxt/public_data/VEP_plugins_caches/MaveDB/csv/urn-mavedb-00000574-a-2.scores.csv
urn:mavedb:00000575-0-1	0.6148233629309121	3.6235811686888333	0	mad90_all_variants	/paedyl01/disk1/yangyxt/public_data/VEP_plugins_caches/MaveDB/csv/urn-mavedb-00000575-0-1.scores.csv
urn:mavedb:00000575-a-1	-0.4651598620598111	1.5354942201417514	0	mad90_all_variants	/paedyl01/disk1/yangyxt/public_data/VEP_plugins_caches/MaveDB/csv/urn-mavedb-00000575-a-1.scores.csv
urn:mavedb:00000575-a-2	-0.36099726266193755	1.8279839366129875	0	mad90_all_variants	/paedyl01/disk1/yangyxt/public_data/VEP_plugins_caches/MaveDB/csv/urn-mavedb-00000575-a-2.scores.csv
urn:mavedb:00000576-0-1	0.7068523478105881	2.8067239493627696	0	mad90_all_variants	/paedyl01/disk1/yangyxt/public_data/VEP_plugins_caches/MaveDB/csv/urn-mavedb-00000576-0-1.scores.csv
urn:mavedb:00000576-a-1	-0.7100843838375817	0.8285013994232948	0	mad90_all_variants	/paedyl01/disk1/yangyxt/public_data/VEP_plugins_caches/MaveDB/csv/urn-mavedb-00000576-a-1.scores.csv
urn:mavedb:00000576-a-2	-0.7164683763131788	0.9472594678950618	0	mad90_all_variants	/paedyl01/disk1/yangyxt/public_data/VEP_plugins_caches/MaveDB/csv/urn-mavedb-00000576-a-2.scores.csv
urn:mavedb:00000577-0-1	1.6046544637323676	4.302219293977625	0	mad90_all_variants	/paedyl01/disk1/yangyxt/public_data/VEP_plugins_caches/MaveDB/csv/urn-mavedb-00000577-0-1.scores.csv
urn:mavedb:00000577-a-1	-0.4037343757329308	1.5704541189838561	0	mad90_all_variants	/paedyl01/disk1/yangyxt/public_data/VEP_plugins_caches/MaveDB/csv/urn-mavedb-00000577-a-1.scores.csv
urn:mavedb:00000577-a-2	-0.28321671597584097	2.41397491043673	0	mad90_all_variants	/paedyl01/disk1/yangyxt/public_data/VEP_plugins_caches/MaveDB/csv/urn-mavedb-00000577-a-2.scores.csv
urn:mavedb:00000578-0-1	-0.562568576490379	2.011892895196686	0	mad90_all_variants	/paedyl01/disk1/yangyxt/public_data/VEP_plugins_caches/MaveDB/csv/urn-mavedb-00000578-0-1.scores.csv
urn:mavedb:00000578-a-1	-0.9649434829983528	0.5109341861173049	0	mad90_all_variants	/paedyl01/disk1/yangyxt/public_data/VEP_plugins_caches/MaveDB/csv/urn-mavedb-00000578-a-1.scores.csv
urn:mavedb:00000578-a-2	-1.6721654437749862	-0.5018459531185998	0	mad90_all_variants	/paedyl01/disk1/yangyxt/public_data/VEP_plugins_caches/MaveDB/csv/urn-mavedb-00000578-a-2.scores.csv
urn:mavedb:00000579-0-1	1.4019988738036109	4.870367534638428	0	mad90_all_variants	/paedyl01/disk1/yangyxt/public_data/VEP_plugins_caches/MaveDB/csv/urn-mavedb-00000579-0-1.scores.csv
urn:mavedb:00000579-a-1	-0.6783017892250721	2.1595740848959566	0	mad90_all_variants	/paedyl01/disk1/yangyxt/public_data/VEP_plugins_caches/MaveDB/csv/urn-mavedb-00000579-a-1.scores.csv
urn:mavedb:00000579-a-2	-1.1703843071979867	1.4066128343801474	0	mad90_all_variants	/paedyl01/disk1/yangyxt/public_data/VEP_plugins_caches/MaveDB/csv/urn-mavedb-00000579-a-2.scores.csv
urn:mavedb:00000580-0-1	-0.7281779960234	4.257861803108514	0	mad90_all_variants	/paedyl01/disk1/yangyxt/public_data/VEP_plugins_caches/MaveDB/csv/urn-mavedb-00000580-0-1.scores.csv
urn:mavedb:00000580-a-1	-1.6694369380145382	1.6486377654024174	0	mad90_all_variants	/paedyl01/disk1/yangyxt/public_data/VEP_plugins_caches/MaveDB/csv/urn-mavedb-00000580-a-1.scores.csv
urn:mavedb:00000580-a-2	-2.7166486893190522	0.9613535440070065	0	mad90_all_variants	/paedyl01/disk1/yangyxt/public_data/VEP_plugins_caches/MaveDB/csv/urn-mavedb-00000580-a-2.scores.csv
urn:mavedb:00000581-0-1	0.38411634160118924	2.999760737527865	0	mad90_all_variants	/paedyl01/disk1/yangyxt/public_data/VEP_plugins_caches/MaveDB/csv/urn-mavedb-00000581-0-1.scores.csv
urn:mavedb:00000581-a-1	-0.9705732375084025	0.8500910577921043	0	mad90_all_variants	/paedyl01/disk1/yangyxt/public_data/VEP_plugins_caches/MaveDB/csv/urn-mavedb-00000581-a-1.scores.csv
urn:mavedb:00000581-a-2	-1.5944703590934015	0.3428868430377915	0	mad90_all_variants	/paedyl01/disk1/yangyxt/public_data/VEP_plugins_caches/MaveDB/csv/urn-mavedb-00000581-a-2.scores.csv
urn:mavedb:00000582-0-1	-0.37781803985041007	2.784438030835027	0	mad90_all_variants	/paedyl01/disk1/yangyxt/public_data/VEP_plugins_caches/MaveDB/csv/urn-mavedb-00000582-0-1.scores.csv
urn:mavedb:00000582-a-1	-1.1996027361879154	0.8026361084069247	0	mad90_all_variants	/paedyl01/disk1/yangyxt/public_data/VEP_plugins_caches/MaveDB/csv/urn-mavedb-00000582-a-1.scores.csv
urn:mavedb:00000582-a-2	-1.5430719128911983	0.660489239686626	0	mad90_all_variants	/paedyl01/disk1/yangyxt/public_data/VEP_plugins_caches/MaveDB/csv/urn-mavedb-00000582-a-2.scores.csv
urn:mavedb:00000583-0-1	-0.4983621641305591	3.5962900199272445	0	mad90_all_variants	/paedyl01/disk1/yangyxt/public_data/VEP_plugins_caches/MaveDB/csv/urn-mavedb-00000583-0-1.scores.csv
urn:mavedb:00000583-a-1	-1.3506870041747807	1.2144424517466756	0	mad90_all_variants	/paedyl01/disk1/yangyxt/public_data/VEP_plugins_caches/MaveDB/csv/urn-mavedb-00000583-a-1.scores.csv
urn:mavedb:00000583-a-2	-1.3883206646981856	1.5833433503354692	0	mad90_all_variants	/paedyl01/disk1/yangyxt/public_data/VEP_plugins_caches/MaveDB/csv/urn-mavedb-00000583-a-2.scores.csv
urn:mavedb:00000584-0-1	-0.025626727031703433	1.9877230513265667	0	mad90_all_variants	/paedyl01/disk1/yangyxt/public_data/VEP_plugins_caches/MaveDB/csv/urn-mavedb-00000584-0-1.scores.csv
urn:mavedb:00000584-a-1	-0.8929208981861589	0.3435325984071569	0	mad90_all_variants	/paedyl01/disk1/yangyxt/public_data/VEP_plugins_caches/MaveDB/csv/urn-mavedb-00000584-a-1.scores.csv
urn:mavedb:00000584-a-2	-0.9664751121901791	0.35540785891854876	0	mad90_all_variants	/paedyl01/disk1/yangyxt/public_data/VEP_plugins_caches/MaveDB/csv/urn-mavedb-00000584-a-2.scores.csv
urn:mavedb:00000585-0-1	0.27778786936329714	2.9614517151769775	0	mad90_all_variants	/paedyl01/disk1/yangyxt/public_data/VEP_plugins_caches/MaveDB/csv/urn-mavedb-00000585-0-1.scores.csv
urn:mavedb:00000585-a-1	-1.063094695704487	0.8458255020277836	0	mad90_all_variants	/paedyl01/disk1/yangyxt/public_data/VEP_plugins_caches/MaveDB/csv/urn-mavedb-00000585-a-1.scores.csv
urn:mavedb:00000585-a-2	-2.2196904341480757	-0.49237791741597015	0	mad90_all_variants	/paedyl01/disk1/yangyxt/public_data/VEP_plugins_caches/MaveDB/csv/urn-mavedb-00000585-a-2.scores.csv
urn:mavedb:00000586-0-1	-0.4559234236834635	1.7833274244638224	0	mad90_all_variants	/paedyl01/disk1/yangyxt/public_data/VEP_plugins_caches/MaveDB/csv/urn-mavedb-00000586-0-1.scores.csv
urn:mavedb:00000586-a-1	-1.3138004037993305	-0.0815767594725062	0	mad90_all_variants	/paedyl01/disk1/yangyxt/public_data/VEP_plugins_caches/MaveDB/csv/urn-mavedb-00000586-a-1.scores.csv
urn:mavedb:00000586-a-2	-2.1250658157887568	-0.8938600783294651	0	mad90_all_variants	/paedyl01/disk1/yangyxt/public_data/VEP_plugins_caches/MaveDB/csv/urn-mavedb-00000586-a-2.scores.csv
urn:mavedb:00000587-0-1	1.5534232929237701	3.367937881879178	0	mad90_all_variants	/paedyl01/disk1/yangyxt/public_data/VEP_plugins_caches/MaveDB/csv/urn-mavedb-00000587-0-1.scores.csv
urn:mavedb:00000587-a-1	-0.49299315865707793	0.9189326794991957	0	mad90_all_variants	/paedyl01/disk1/yangyxt/public_data/VEP_plugins_caches/MaveDB/csv/urn-mavedb-00000587-a-1.scores.csv
urn:mavedb:00000587-a-2	-1.0996776411264255	0.39011037199033544	0	mad90_all_variants	/paedyl01/disk1/yangyxt/public_data/VEP_plugins_caches/MaveDB/csv/urn-mavedb-00000587-a-2.scores.csv
urn:mavedb:00000588-0-1	-0.3269100174743418	2.6825636334696985	0	mad90_all_variants	/paedyl01/disk1/yangyxt/public_data/VEP_plugins_caches/MaveDB/csv/urn-mavedb-00000588-0-1.scores.csv
urn:mavedb:00000588-a-1	-1.0002988091032226	1.0681732406031275	0	mad90_all_variants	/paedyl01/disk1/yangyxt/public_data/VEP_plugins_caches/MaveDB/csv/urn-mavedb-00000588-a-1.scores.csv
urn:mavedb:00000588-a-2	-1.535195470225801	0.46416680261780674	0	mad90_all_variants	/paedyl01/disk1/yangyxt/public_data/VEP_plugins_caches/MaveDB/csv/urn-mavedb-00000588-a-2.scores.csv
urn:mavedb:00000589-0-1	0.25726085741977656	3.2353019088604285	0	mad90_all_variants	/paedyl01/disk1/yangyxt/public_data/VEP_plugins_caches/MaveDB/csv/urn-mavedb-00000589-0-1.scores.csv
urn:mavedb:00000589-a-1	-1.2351720833612339	0.9512625034057436	0	mad90_all_variants	/paedyl01/disk1/yangyxt/public_data/VEP_plugins_caches/MaveDB/csv/urn-mavedb-00000589-a-1.scores.csv
urn:mavedb:00000589-a-2	-1.678138758392259	0.7137494393687497	0	mad90_all_variants	/paedyl01/disk1/yangyxt/public_data/VEP_plugins_caches/MaveDB/csv/urn-mavedb-00000589-a-2.scores.csv
urn:mavedb:00000590-0-1	0.5164608160967279	4.784104820582279	0	mad90_all_variants	/paedyl01/disk1/yangyxt/public_data/VEP_plugins_caches/MaveDB/csv/urn-mavedb-00000590-0-1.scores.csv
urn:mavedb:00000590-a-1	-0.8199031539448897	2.6806522273012905	0	mad90_all_variants	/paedyl01/disk1/yangyxt/public_data/VEP_plugins_caches/MaveDB/csv/urn-mavedb-00000590-a-1.scores.csv
urn:mavedb:00000590-a-2	-1.2558301309997197	1.7656551217828873	0	mad90_all_variants	/paedyl01/disk1/yangyxt/public_data/VEP_plugins_caches/MaveDB/csv/urn-mavedb-00000590-a-2.scores.csv
urn:mavedb:00000591-0-1	0.24424303425226856	2.8414737545466586	0	mad90_all_variants	/paedyl01/disk1/yangyxt/public_data/VEP_plugins_caches/MaveDB/csv/urn-mavedb-00000591-0-1.scores.csv
urn:mavedb:00000591-a-1	-1.0870404141617567	0.6273397227583619	0	mad90_all_variants	/paedyl01/disk1/yangyxt/public_data/VEP_plugins_caches/MaveDB/csv/urn-mavedb-00000591-a-1.scores.csv
urn:mavedb:00000591-a-2	-1.0292616744985406	0.5988348093822402	0	mad90_all_variants	/paedyl01/disk1/yangyxt/public_data/VEP_plugins_caches/MaveDB/csv/urn-mavedb-00000591-a-2.scores.csv
urn:mavedb:00000592-0-1	0.547501026187907	4.75653207842007	0	mad90_all_variants	/paedyl01/disk1/yangyxt/public_data/VEP_plugins_caches/MaveDB/csv/urn-mavedb-00000592-0-1.scores.csv
urn:mavedb:00000592-a-1	-1.5506793562217709	1.908306229225769	0	mad90_all_variants	/paedyl01/disk1/yangyxt/public_data/VEP_plugins_caches/MaveDB/csv/urn-mavedb-00000592-a-1.scores.csv
urn:mavedb:00000592-a-2	-2.062040666993287	1.1598961105039958	0	mad90_all_variants	/paedyl01/disk1/yangyxt/public_data/VEP_plugins_caches/MaveDB/csv/urn-mavedb-00000592-a-2.scores.csv
urn:mavedb:00000593-0-1	1.236826233653915	4.537339142078478	0	mad90_all_variants	/paedyl01/disk1/yangyxt/public_data/VEP_plugins_caches/MaveDB/csv/urn-mavedb-00000593-0-1.scores.csv
urn:mavedb:00000593-a-1	-0.910660972595843	2.0397539145301966	0	mad90_all_variants	/paedyl01/disk1/yangyxt/public_data/VEP_plugins_caches/MaveDB/csv/urn-mavedb-00000593-a-1.scores.csv
urn:mavedb:00000593-a-2	-0.8872241196709229	1.6900136119781122	0	mad90_all_variants	/paedyl01/disk1/yangyxt/public_data/VEP_plugins_caches/MaveDB/csv/urn-mavedb-00000593-a-2.scores.csv
urn:mavedb:00000594-0-1	1.9615022649485998	4.5794806382383015	0	mad90_all_variants	/paedyl01/disk1/yangyxt/public_data/VEP_plugins_caches/MaveDB/csv/urn-mavedb-00000594-0-1.scores.csv
urn:mavedb:00000594-a-1	-0.01762077741942769	2.035059437324123	0	mad90_all_variants	/paedyl01/disk1/yangyxt/public_data/VEP_plugins_caches/MaveDB/csv/urn-mavedb-00000594-a-1.scores.csv
urn:mavedb:00000594-a-2	-0.24996684934402613	1.7062662112889277	0	mad90_all_variants	/paedyl01/disk1/yangyxt/public_data/VEP_plugins_caches/MaveDB/csv/urn-mavedb-00000594-a-2.scores.csv
urn:mavedb:00000595-0-1	1.5191206198446034	4.902118169483837	0	mad90_all_variants	/paedyl01/disk1/yangyxt/public_data/VEP_plugins_caches/MaveDB/csv/urn-mavedb-00000595-0-1.scores.csv
urn:mavedb:00000595-a-1	-0.7247018632248408	1.8523221337352649	0	mad90_all_variants	/paedyl01/disk1/yangyxt/public_data/VEP_plugins_caches/MaveDB/csv/urn-mavedb-00000595-a-1.scores.csv
urn:mavedb:00000595-a-2	-1.054145760131369	1.635966756830638	0	mad90_all_variants	/paedyl01/disk1/yangyxt/public_data/VEP_plugins_caches/MaveDB/csv/urn-mavedb-00000595-a-2.scores.csv
urn:mavedb:00000596-0-1	0.2224031962359776	3.1258970145504072	0	mad90_all_variants	/paedyl01/disk1/yangyxt/public_data/VEP_plugins_caches/MaveDB/csv/urn-mavedb-00000596-0-1.scores.csv
urn:mavedb:00000596-a-1	-1.287667952792223	0.8670257508791936	0	mad90_all_variants	/paedyl01/disk1/yangyxt/public_data/VEP_plugins_caches/MaveDB/csv/urn-mavedb-00000596-a-1.scores.csv
urn:mavedb:00000596-a-2	-1.496778272045788	0.905396090948109	0	mad90_all_variants	/paedyl01/disk1/yangyxt/public_data/VEP_plugins_caches/MaveDB/csv/urn-mavedb-00000596-a-2.scores.csv
urn:mavedb:00000597-0-1	-1.4731273291558906	3.7802123484815136	0	mad90_all_variants	/paedyl01/disk1/yangyxt/public_data/VEP_plugins_caches/MaveDB/csv/urn-mavedb-00000597-0-1.scores.csv
urn:mavedb:00000597-a-1	-1.9031141216732652	1.5214153607418397	0	mad90_all_variants	/paedyl01/disk1/yangyxt/public_data/VEP_plugins_caches/MaveDB/csv/urn-mavedb-00000597-a-1.scores.csv
urn:mavedb:00000597-a-2	-2.3525615363008763	0.08767991253491703	0	mad90_all_variants	/paedyl01/disk1/yangyxt/public_data/VEP_plugins_caches/MaveDB/csv/urn-mavedb-00000597-a-2.scores.csv
urn:mavedb:00000598-0-1	-1.3064224446510853	3.094484855355131	0	mad90_all_variants	/paedyl01/disk1/yangyxt/public_data/VEP_plugins_caches/MaveDB/csv/urn-mavedb-00000598-0-1.scores.csv
urn:mavedb:00000598-a-1	-1.6842096873358796	0.6371811477278364	0	mad90_all_variants	/paedyl01/disk1/yangyxt/public_data/VEP_plugins_caches/MaveDB/csv/urn-mavedb-00000598-a-1.scores.csv
urn:mavedb:00000598-a-2	-1.8244819407774233	0.4783611333399789	0	mad90_all_variants	/paedyl01/disk1/yangyxt/public_data/VEP_plugins_caches/MaveDB/csv/urn-mavedb-00000598-a-2.scores.csv
urn:mavedb:00000599-0-1	0.7702707877584863	2.2881115422081755	0	mad90_all_variants	/paedyl01/disk1/yangyxt/public_data/VEP_plugins_caches/MaveDB/csv/urn-mavedb-00000599-0-1.scores.csv
urn:mavedb:00000599-a-1	-1.0301567483812695	-0.00942743220993325	0	mad90_all_variants	/paedyl01/disk1/yangyxt/public_data/VEP_plugins_caches/MaveDB/csv/urn-mavedb-00000599-a-1.scores.csv
urn:mavedb:00000599-a-2	-1.4548034722038277	-0.3437823743253684	0	mad90_all_variants	/paedyl01/disk1/yangyxt/public_data/VEP_plugins_caches/MaveDB/csv/urn-mavedb-00000599-a-2.scores.csv
urn:mavedb:00000600-0-1	0.7559001040219828	4.400648059085427	0	mad90_all_variants	/paedyl01/disk1/yangyxt/public_data/VEP_plugins_caches/MaveDB/csv/urn-mavedb-00000600-0-1.scores.csv
urn:mavedb:00000600-a-1	-0.4699964578790319	2.1939703648818725	0	mad90_all_variants	/paedyl01/disk1/yangyxt/public_data/VEP_plugins_caches/MaveDB/csv/urn-mavedb-00000600-a-1.scores.csv
urn:mavedb:00000600-a-2	-0.20138070327257163	2.2763676568889286	0	mad90_all_variants	/paedyl01/disk1/yangyxt/public_data/VEP_plugins_caches/MaveDB/csv/urn-mavedb-00000600-a-2.scores.csv
urn:mavedb:00000601-0-1	2.196013322380117	4.083715119408452	0	mad90_all_variants	/paedyl01/disk1/yangyxt/public_data/VEP_plugins_caches/MaveDB/csv/urn-mavedb-00000601-0-1.scores.csv
urn:mavedb:00000601-a-1	-0.002448043205711792	1.2284696228774523	0	mad90_all_variants	/paedyl01/disk1/yangyxt/public_data/VEP_plugins_caches/MaveDB/csv/urn-mavedb-00000601-a-1.scores.csv
urn:mavedb:00000601-a-2	-0.057760910725602854	1.6605540000407775	0	mad90_all_variants	/paedyl01/disk1/yangyxt/public_data/VEP_plugins_caches/MaveDB/csv/urn-mavedb-00000601-a-2.scores.csv
urn:mavedb:00000602-0-1	0.10521889309305843	2.8150732145666733	0	mad90_all_variants	/paedyl01/disk1/yangyxt/public_data/VEP_plugins_caches/MaveDB/csv/urn-mavedb-00000602-0-1.scores.csv
urn:mavedb:00000602-a-1	-0.8451011668979553	0.9328863075445666	0	mad90_all_variants	/paedyl01/disk1/yangyxt/public_data/VEP_plugins_caches/MaveDB/csv/urn-mavedb-00000602-a-1.scores.csv
urn:mavedb:00000602-a-2	-0.7933155364079574	1.2433966007860855	0	mad90_all_variants	/paedyl01/disk1/yangyxt/public_data/VEP_plugins_caches/MaveDB/csv/urn-mavedb-00000602-a-2.scores.csv
urn:mavedb:00000603-0-1	0.34636233510515235	3.4725780703676286	0	mad90_all_variants	/paedyl01/disk1/yangyxt/public_data/VEP_plugins_caches/MaveDB/csv/urn-mavedb-00000603-0-1.scores.csv
urn:mavedb:00000603-a-1	-1.1819604731581748	1.0944530343837997	0	mad90_all_variants	/paedyl01/disk1/yangyxt/public_data/VEP_plugins_caches/MaveDB/csv/urn-mavedb-00000603-a-1.scores.csv
urn:mavedb:00000603-a-2	-1.9865719437189082	0.579842189373706	0	mad90_all_variants	/paedyl01/disk1/yangyxt/public_data/VEP_plugins_caches/MaveDB/csv/urn-mavedb-00000603-a-2.scores.csv
urn:mavedb:00000604-0-1	0.5814643850887398	1.977038301095239	0	mad90_all_variants	/paedyl01/disk1/yangyxt/public_data/VEP_plugins_caches/MaveDB/csv/urn-mavedb-00000604-0-1.scores.csv
urn:mavedb:00000604-a-1	-1.1127356097660255	-0.19456152279321098	0	mad90_all_variants	/paedyl01/disk1/yangyxt/public_data/VEP_plugins_caches/MaveDB/csv/urn-mavedb-00000604-a-1.scores.csv
urn:mavedb:00000604-a-2	-1.7648661460335306	-0.795662883198955	0	mad90_all_variants	/paedyl01/disk1/yangyxt/public_data/VEP_plugins_caches/MaveDB/csv/urn-mavedb-00000604-a-2.scores.csv
urn:mavedb:00000605-0-1	0.8212487186755595	3.0266306791046595	0	mad90_all_variants	/paedyl01/disk1/yangyxt/public_data/VEP_plugins_caches/MaveDB/csv/urn-mavedb-00000605-0-1.scores.csv
urn:mavedb:00000605-a-1	-0.9053882299015772	0.6323093259678665	0	mad90_all_variants	/paedyl01/disk1/yangyxt/public_data/VEP_plugins_caches/MaveDB/csv/urn-mavedb-00000605-a-1.scores.csv
urn:mavedb:00000605-a-2	-1.4341152357150344	0.20258174923253203	0	mad90_all_variants	/paedyl01/disk1/yangyxt/public_data/VEP_plugins_caches/MaveDB/csv/urn-mavedb-00000605-a-2.scores.csv
urn:mavedb:00000606-0-1	1.8476034070533625	4.328718175129598	0	mad90_all_variants	/paedyl01/disk1/yangyxt/public_data/VEP_plugins_caches/MaveDB/csv/urn-mavedb-00000606-0-1.scores.csv
urn:mavedb:00000606-a-1	-0.2309686752381026	1.6447419910762568	0	mad90_all_variants	/paedyl01/disk1/yangyxt/public_data/VEP_plugins_caches/MaveDB/csv/urn-mavedb-00000606-a-1.scores.csv
urn:mavedb:00000606-a-2	-0.38853829769265746	1.6322104705419689	0	mad90_all_variants	/paedyl01/disk1/yangyxt/public_data/VEP_plugins_caches/MaveDB/csv/urn-mavedb-00000606-a-2.scores.csv
urn:mavedb:00000607-0-1	2.301416527806438	4.380949063525604	0	mad90_all_variants	/paedyl01/disk1/yangyxt/public_data/VEP_plugins_caches/MaveDB/csv/urn-mavedb-00000607-0-1.scores.csv
urn:mavedb:00000607-a-1	0.25226954101866206	1.4023101686751032	0	mad90_all_variants	/paedyl01/disk1/yangyxt/public_data/VEP_plugins_caches/MaveDB/csv/urn-mavedb-00000607-a-1.scores.csv
urn:mavedb:00000607-a-2	-0.7011793217194359	0.8928638829624297	0	mad90_all_variants	/paedyl01/disk1/yangyxt/public_data/VEP_plugins_caches/MaveDB/csv/urn-mavedb-00000607-a-2.scores.csv
urn:mavedb:00000608-0-1	1.0013044775986153	3.622716677158942	0	mad90_all_variants	/paedyl01/disk1/yangyxt/public_data/VEP_plugins_caches/MaveDB/csv/urn-mavedb-00000608-0-1.scores.csv
urn:mavedb:00000608-a-1	-0.32553278014988285	1.3716448468337377	0	mad90_all_variants	/paedyl01/disk1/yangyxt/public_data/VEP_plugins_caches/MaveDB/csv/urn-mavedb-00000608-a-1.scores.csv
urn:mavedb:00000608-a-2	-0.6144502673866852	1.242749239327405	0	mad90_all_variants	/paedyl01/disk1/yangyxt/public_data/VEP_plugins_caches/MaveDB/csv/urn-mavedb-00000608-a-2.scores.csv
urn:mavedb:00000609-0-1	1.298499139581811	3.725855047040221	0	mad90_all_variants	/paedyl01/disk1/yangyxt/public_data/VEP_plugins_caches/MaveDB/csv/urn-mavedb-00000609-0-1.scores.csv
urn:mavedb:00000609-a-1	0.3234711218602714	1.6290534498869031	0	mad90_all_variants	/paedyl01/disk1/yangyxt/public_data/VEP_plugins_caches/MaveDB/csv/urn-mavedb-00000609-a-1.scores.csv
urn:mavedb:00000609-a-2	-0.9143836799807247	0.7912938139470155	0	mad90_all_variants	/paedyl01/disk1/yangyxt/public_data/VEP_plugins_caches/MaveDB/csv/urn-mavedb-00000609-a-2.scores.csv
urn:mavedb:00000610-0-1	1.5013944571320619	4.052311891690856	0	mad90_all_variants	/paedyl01/disk1/yangyxt/public_data/VEP_plugins_caches/MaveDB/csv/urn-mavedb-00000610-0-1.scores.csv
urn:mavedb:00000610-a-1	-0.025383984327208897	1.6257040294646914	0	mad90_all_variants	/paedyl01/disk1/yangyxt/public_data/VEP_plugins_caches/MaveDB/csv/urn-mavedb-00000610-a-1.scores.csv
urn:mavedb:00000610-a-2	-1.2381219739907343	0.5960276467781788	0	mad90_all_variants	/paedyl01/disk1/yangyxt/public_data/VEP_plugins_caches/MaveDB/csv/urn-mavedb-00000610-a-2.scores.csv
urn:mavedb:00000611-0-1	0.25679747652178997	2.821317324421126	0	mad90_all_variants	/paedyl01/disk1/yangyxt/public_data/VEP_plugins_caches/MaveDB/csv/urn-mavedb-00000611-0-1.scores.csv
urn:mavedb:00000611-a-1	-0.07865612466219118	1.4663504070370932	0	mad90_all_variants	/paedyl01/disk1/yangyxt/public_data/VEP_plugins_caches/MaveDB/csv/urn-mavedb-00000611-a-1.scores.csv
urn:mavedb:00000611-a-2	-1.2264160337092886	0.5729463340962608	0	mad90_all_variants	/paedyl01/disk1/yangyxt/public_data/VEP_plugins_caches/MaveDB/csv/urn-mavedb-00000611-a-2.scores.csv
urn:mavedb:00000612-0-1	2.5685204079125845	4.563821738942718	0	mad90_all_variants	/paedyl01/disk1/yangyxt/public_data/VEP_plugins_caches/MaveDB/csv/urn-mavedb-00000612-0-1.scores.csv
urn:mavedb:00000612-a-1	0.7827531766886577	1.7480660375858827	0	mad90_all_variants	/paedyl01/disk1/yangyxt/public_data/VEP_plugins_caches/MaveDB/csv/urn-mavedb-00000612-a-1.scores.csv
urn:mavedb:00000612-a-2	0.10212209852624765	1.4063054845259102	0	mad90_all_variants	/paedyl01/disk1/yangyxt/public_data/VEP_plugins_caches/MaveDB/csv/urn-mavedb-00000612-a-2.scores.csv
urn:mavedb:00000613-0-1	2.3404793699728454	3.9568374290964208	0	mad90_all_variants	/paedyl01/disk1/yangyxt/public_data/VEP_plugins_caches/MaveDB/csv/urn-mavedb-00000613-0-1.scores.csv
urn:mavedb:00000613-a-1	0.560564969287619	1.4726697751168722	0	mad90_all_variants	/paedyl01/disk1/yangyxt/public_data/VEP_plugins_caches/MaveDB/csv/urn-mavedb-00000613-a-1.scores.csv
urn:mavedb:00000613-a-2	0.2880828048717706	1.301350628943092	0	mad90_all_variants	/paedyl01/disk1/yangyxt/public_data/VEP_plugins_caches/MaveDB/csv/urn-mavedb-00000613-a-2.scores.csv
urn:mavedb:00000614-0-1	1.7424388595078717	4.443194869368205	0	mad90_all_variants	/paedyl01/disk1/yangyxt/public_data/VEP_plugins_caches/MaveDB/csv/urn-mavedb-00000614-0-1.scores.csv
urn:mavedb:00000614-a-1	0.027860599692589028	1.7501438023830773	0	mad90_all_variants	/paedyl01/disk1/yangyxt/public_data/VEP_plugins_caches/MaveDB/csv/urn-mavedb-00000614-a-1.scores.csv
urn:mavedb:00000614-a-2	-0.5601682838399789	1.2644770523849282	0	mad90_all_variants	/paedyl01/disk1/yangyxt/public_data/VEP_plugins_caches/MaveDB/csv/urn-mavedb-00000614-a-2.scores.csv
urn:mavedb:00000615-0-1	1.5273985550643578	2.9621994786013275	0	mad90_all_variants	/paedyl01/disk1/yangyxt/public_data/VEP_plugins_caches/MaveDB/csv/urn-mavedb-00000615-0-1.scores.csv
urn:mavedb:00000615-a-1	0.1521145721642675	0.9862574526648392	0	mad90_all_variants	/paedyl01/disk1/yangyxt/public_data/VEP_plugins_caches/MaveDB/csv/urn-mavedb-00000615-a-1.scores.csv
urn:mavedb:00000615-a-2	-0.15059120455306785	0.8483083344016509	0	mad90_all_variants	/paedyl01/disk1/yangyxt/public_data/VEP_plugins_caches/MaveDB/csv/urn-mavedb-00000615-a-2.scores.csv
urn:mavedb:00000616-0-1	3.689524036827698	4.834302747159911	0	mad90_all_variants	/paedyl01/disk1/yangyxt/public_data/VEP_plugins_caches/MaveDB/csv/urn-mavedb-00000616-0-1.scores.csv
urn:mavedb:00000616-a-1	1.643468987302673	2.068137266946215	0	mad90_all_variants	/paedyl01/disk1/yangyxt/public_data/VEP_plugins_caches/MaveDB/csv/urn-mavedb-00000616-a-1.scores.csv
urn:mavedb:00000616-a-2	1.0973140694243138	1.4973019608473197	0	mad90_all_variants	/paedyl01/disk1/yangyxt/public_data/VEP_plugins_caches/MaveDB/csv/urn-mavedb-00000616-a-2.scores.csv
urn:mavedb:00000617-0-1	2.65127312897006	3.86815014789732	0	mad90_all_variants	/paedyl01/disk1/yangyxt/public_data/VEP_plugins_caches/MaveDB/csv/urn-mavedb-00000617-0-1.scores.csv
urn:mavedb:00000617-a-1	0.6140121856082674	1.394267409760699	0	mad90_all_variants	/paedyl01/disk1/yangyxt/public_data/VEP_plugins_caches/MaveDB/csv/urn-mavedb-00000617-a-1.scores.csv
urn:mavedb:00000617-a-2	-0.5506770144683755	0.3432428298786009	0	mad90_all_variants	/paedyl01/disk1/yangyxt/public_data/VEP_plugins_caches/MaveDB/csv/urn-mavedb-00000617-a-2.scores.csv
urn:mavedb:00000618-0-1	3.7406517069834266	4.9432371954056125	0	mad90_all_variants	/paedyl01/disk1/yangyxt/public_data/VEP_plugins_caches/MaveDB/csv/urn-mavedb-00000618-0-1.scores.csv
urn:mavedb:00000618-a-1	1.397820642278099	1.9512370175625429	0	mad90_all_variants	/paedyl01/disk1/yangyxt/public_data/VEP_plugins_caches/MaveDB/csv/urn-mavedb-00000618-a-1.scores.csv
urn:mavedb:00000618-a-2	0.9360835096735256	1.5002123123128	0	mad90_all_variants	/paedyl01/disk1/yangyxt/public_data/VEP_plugins_caches/MaveDB/csv/urn-mavedb-00000618-a-2.scores.csv
urn:mavedb:00000619-0-1	2.504813786646408	4.05644184466239	0	mad90_all_variants	/paedyl01/disk1/yangyxt/public_data/VEP_plugins_caches/MaveDB/csv/urn-mavedb-00000619-0-1.scores.csv
urn:mavedb:00000619-a-1	1.1882015362555016	2.026948724062156	0	mad90_all_variants	/paedyl01/disk1/yangyxt/public_data/VEP_plugins_caches/MaveDB/csv/urn-mavedb-00000619-a-1.scores.csv
urn:mavedb:00000619-a-2	0.5736388820467728	1.3081567604101911	0	mad90_all_variants	/paedyl01/disk1/yangyxt/public_data/VEP_plugins_caches/MaveDB/csv/urn-mavedb-00000619-a-2.scores.csv
urn:mavedb:00000620-0-1	3.7777380748727607	4.7783200187190085	0	mad90_all_variants	/paedyl01/disk1/yangyxt/public_data/VEP_plugins_caches/MaveDB/csv/urn-mavedb-00000620-0-1.scores.csv
urn:mavedb:00000620-a-1	1.4211035890810444	1.8676373527920345	0	mad90_all_variants	/paedyl01/disk1/yangyxt/public_data/VEP_plugins_caches/MaveDB/csv/urn-mavedb-00000620-a-1.scores.csv
urn:mavedb:00000620-a-2	0.657572529568792	1.2368967020750317	0	mad90_all_variants	/paedyl01/disk1/yangyxt/public_data/VEP_plugins_caches/MaveDB/csv/urn-mavedb-00000620-a-2.scores.csv
urn:mavedb:00000621-0-1	4.22964120071001	5.30755266965055	0	mad90_all_variants	/paedyl01/disk1/yangyxt/public_data/VEP_plugins_caches/MaveDB/csv/urn-mavedb-00000621-0-1.scores.csv
urn:mavedb:00000621-a-1	1.5446839819855294	1.8923124759404049	0	mad90_all_variants	/paedyl01/disk1/yangyxt/public_data/VEP_plugins_caches/MaveDB/csv/urn-mavedb-00000621-a-1.scores.csv
urn:mavedb:00000621-a-2	1.0022330471906906	1.497868151179773	0	mad90_all_variants	/paedyl01/disk1/yangyxt/public_data/VEP_plugins_caches/MaveDB/csv/urn-mavedb-00000621-a-2.scores.csv
urn:mavedb:00000622-0-1	1.4123488062165652	3.7062046629959617	0	mad90_all_variants	/paedyl01/disk1/yangyxt/public_data/VEP_plugins_caches/MaveDB/csv/urn-mavedb-00000622-0-1.scores.csv
urn:mavedb:00000622-a-1	0.1463278053827669	1.5486421417688985	0	mad90_all_variants	/paedyl01/disk1/yangyxt/public_data/VEP_plugins_caches/MaveDB/csv/urn-mavedb-00000622-a-1.scores.csv
urn:mavedb:00000622-a-2	-0.4375936664760027	1.1137511465338958	0	mad90_all_variants	/paedyl01/disk1/yangyxt/public_data/VEP_plugins_caches/MaveDB/csv/urn-mavedb-00000622-a-2.scores.csv
urn:mavedb:00000623-0-1	1.6425312433449917	4.08078592078374	0	mad90_all_variants	/paedyl01/disk1/yangyxt/public_data/VEP_plugins_caches/MaveDB/csv/urn-mavedb-00000623-0-1.scores.csv
urn:mavedb:00000623-a-1	0.01698237638381539	1.847807779027391	0	mad90_all_variants	/paedyl01/disk1/yangyxt/public_data/VEP_plugins_caches/MaveDB/csv/urn-mavedb-00000623-a-1.scores.csv
urn:mavedb:00000623-a-2	0.5666648441625554	1.70334177483968	0	mad90_all_variants	/paedyl01/disk1/yangyxt/public_data/VEP_plugins_caches/MaveDB/csv/urn-mavedb-00000623-a-2.scores.csv
urn:mavedb:00000624-0-1	1.421426959415409	4.302093088109559	0	mad90_all_variants	/paedyl01/disk1/yangyxt/public_data/VEP_plugins_caches/MaveDB/csv/urn-mavedb-00000624-0-1.scores.csv
urn:mavedb:00000624-a-1	0.22165804807812872	1.8914269192657005	0	mad90_all_variants	/paedyl01/disk1/yangyxt/public_data/VEP_plugins_caches/MaveDB/csv/urn-mavedb-00000624-a-1.scores.csv
urn:mavedb:00000624-a-2	-1.092174858066773	0.9085598472958413	0	mad90_all_variants	/paedyl01/disk1/yangyxt/public_data/VEP_plugins_caches/MaveDB/csv/urn-mavedb-00000624-a-2.scores.csv
urn:mavedb:00000625-0-1	3.020133586596115	5.623227005090861	0	mad90_all_variants	/paedyl01/disk1/yangyxt/public_data/VEP_plugins_caches/MaveDB/csv/urn-mavedb-00000625-0-1.scores.csv
urn:mavedb:00000625-a-1	0.9021811681777009	1.9893177974469545	0	mad90_all_variants	/paedyl01/disk1/yangyxt/public_data/VEP_plugins_caches/MaveDB/csv/urn-mavedb-00000625-a-1.scores.csv
urn:mavedb:00000625-a-2	-0.06651219682171561	1.4906358029333675	0	mad90_all_variants	/paedyl01/disk1/yangyxt/public_data/VEP_plugins_caches/MaveDB/csv/urn-mavedb-00000625-a-2.scores.csv
urn:mavedb:00000626-0-1	2.4165891832268134	4.739146208999879	0	mad90_all_variants	/paedyl01/disk1/yangyxt/public_data/VEP_plugins_caches/MaveDB/csv/urn-mavedb-00000626-0-1.scores.csv
urn:mavedb:00000626-a-1	0.3570174452244248	1.5424654872511456	0	mad90_all_variants	/paedyl01/disk1/yangyxt/public_data/VEP_plugins_caches/MaveDB/csv/urn-mavedb-00000626-a-1.scores.csv
urn:mavedb:00000626-a-2	0.19906368326332213	1.5629696346069923	0	mad90_all_variants	/paedyl01/disk1/yangyxt/public_data/VEP_plugins_caches/MaveDB/csv/urn-mavedb-00000626-a-2.scores.csv
urn:mavedb:00000627-0-1	1.672648112201346	3.542501547735746	0	mad90_all_variants	/paedyl01/disk1/yangyxt/public_data/VEP_plugins_caches/MaveDB/csv/urn-mavedb-00000627-0-1.scores.csv
urn:mavedb:00000627-a-1	0.4520706878090438	1.7519170545185916	0	mad90_all_variants	/paedyl01/disk1/yangyxt/public_data/VEP_plugins_caches/MaveDB/csv/urn-mavedb-00000627-a-1.scores.csv
urn:mavedb:00000627-a-2	-0.03847473050655348	1.1503705574747172	0	mad90_all_variants	/paedyl01/disk1/yangyxt/public_data/VEP_plugins_caches/MaveDB/csv/urn-mavedb-00000627-a-2.scores.csv
urn:mavedb:00000628-0-1	2.6971266349796066	6.262587139770091	0	mad90_all_variants	/paedyl01/disk1/yangyxt/public_data/VEP_plugins_caches/MaveDB/csv/urn-mavedb-00000628-0-1.scores.csv
urn:mavedb:00000628-a-1	0.8239908707243931	2.3085413863363127	0	mad90_all_variants	/paedyl01/disk1/yangyxt/public_data/VEP_plugins_caches/MaveDB/csv/urn-mavedb-00000628-a-1.scores.csv
urn:mavedb:00000628-a-2	-0.20042535345924573	1.8677713390652142	0	mad90_all_variants	/paedyl01/disk1/yangyxt/public_data/VEP_plugins_caches/MaveDB/csv/urn-mavedb-00000628-a-2.scores.csv
urn:mavedb:00000629-0-1	1.1717904085780917	3.996661949811104	0	mad90_all_variants	/paedyl01/disk1/yangyxt/public_data/VEP_plugins_caches/MaveDB/csv/urn-mavedb-00000629-0-1.scores.csv
urn:mavedb:00000629-a-1	-0.5600271999930697	1.225034063982186	0	mad90_all_variants	/paedyl01/disk1/yangyxt/public_data/VEP_plugins_caches/MaveDB/csv/urn-mavedb-00000629-a-1.scores.csv
urn:mavedb:00000629-a-2	-1.6088541271080476	0.556870304777799	0	mad90_all_variants	/paedyl01/disk1/yangyxt/public_data/VEP_plugins_caches/MaveDB/csv/urn-mavedb-00000629-a-2.scores.csv
urn:mavedb:00000630-0-1	2.395056338275549	5.903075597470479	0	mad90_all_variants	/paedyl01/disk1/yangyxt/public_data/VEP_plugins_caches/MaveDB/csv/urn-mavedb-00000630-0-1.scores.csv
urn:mavedb:00000630-a-1	0.9619209147120227	2.3638311181661145	0	mad90_all_variants	/paedyl01/disk1/yangyxt/public_data/VEP_plugins_caches/MaveDB/csv/urn-mavedb-00000630-a-1.scores.csv
urn:mavedb:00000630-a-2	-0.5108049225974927	1.6588184494389637	0	mad90_all_variants	/paedyl01/disk1/yangyxt/public_data/VEP_plugins_caches/MaveDB/csv/urn-mavedb-00000630-a-2.scores.csv
urn:mavedb:00000631-0-1	-0.6461195728781166	3.037441192963996	0	mad90_all_variants	/paedyl01/disk1/yangyxt/public_data/VEP_plugins_caches/MaveDB/csv/urn-mavedb-00000631-0-1.scores.csv
urn:mavedb:00000631-a-1	-1.6391766576369498	0.6383169947664714	0	mad90_all_variants	/paedyl01/disk1/yangyxt/public_data/VEP_plugins_caches/MaveDB/csv/urn-mavedb-00000631-a-1.scores.csv
urn:mavedb:00000631-a-2	-2.724737962735337	-0.5519044169388134	0	mad90_all_variants	/paedyl01/disk1/yangyxt/public_data/VEP_plugins_caches/MaveDB/csv/urn-mavedb-00000631-a-2.scores.csv
urn:mavedb:00000632-0-1	0.30445058396481817	2.8850027947785906	0	mad90_all_variants	/paedyl01/disk1/yangyxt/public_data/VEP_plugins_caches/MaveDB/csv/urn-mavedb-00000632-0-1.scores.csv
urn:mavedb:00000632-a-1	-0.7766028754615244	0.9741990794634272	0	mad90_all_variants	/paedyl01/disk1/yangyxt/public_data/VEP_plugins_caches/MaveDB/csv/urn-mavedb-00000632-a-1.scores.csv
urn:mavedb:00000632-a-2	-1.9193940229034168	-0.09696363940497332	0	mad90_all_variants	/paedyl01/disk1/yangyxt/public_data/VEP_plugins_caches/MaveDB/csv/urn-mavedb-00000632-a-2.scores.csv
urn:mavedb:00000633-0-1	-0.6694343882636491	3.8392951165953426	0	mad90_all_variants	/paedyl01/disk1/yangyxt/public_data/VEP_plugins_caches/MaveDB/csv/urn-mavedb-00000633-0-1.scores.csv
urn:mavedb:00000633-a-1	-1.6887094349807514	0.9516316968225522	0	mad90_all_variants	/paedyl01/disk1/yangyxt/public_data/VEP_plugins_caches/MaveDB/csv/urn-mavedb-00000633-a-1.scores.csv
urn:mavedb:00000633-a-2	-2.6754690842559925	0.4359168243117999	0	mad90_all_variants	/paedyl01/disk1/yangyxt/public_data/VEP_plugins_caches/MaveDB/csv/urn-mavedb-00000633-a-2.scores.csv
urn:mavedb:00000634-0-1	2.516460688580146	4.2373141676328245	0	mad90_all_variants	/paedyl01/disk1/yangyxt/public_data/VEP_plugins_caches/MaveDB/csv/urn-mavedb-00000634-0-1.scores.csv
urn:mavedb:00000634-a-1	0.9216104706143428	2.0533577617748535	0	mad90_all_variants	/paedyl01/disk1/yangyxt/public_data/VEP_plugins_caches/MaveDB/csv/urn-mavedb-00000634-a-1.scores.csv
urn:mavedb:00000634-a-2	0.48279192921557645	1.357403718049903	0	mad90_all_variants	/paedyl01/disk1/yangyxt/public_data/VEP_plugins_caches/MaveDB/csv/urn-mavedb-00000634-a-2.scores.csv
urn:mavedb:00000635-0-1	0.7316486039272463	3.4092751735881826	0	mad90_all_variants	/paedyl01/disk1/yangyxt/public_data/VEP_plugins_caches/MaveDB/csv/urn-mavedb-00000635-0-1.scores.csv
urn:mavedb:00000635-a-1	-0.7290543607386418	1.1789157128341405	0	mad90_all_variants	/paedyl01/disk1/yangyxt/public_data/VEP_plugins_caches/MaveDB/csv/urn-mavedb-00000635-a-1.scores.csv
urn:mavedb:00000635-a-2	-1.2583692707953844	0.8390431322424781	0	mad90_all_variants	/paedyl01/disk1/yangyxt/public_data/VEP_plugins_caches/MaveDB/csv/urn-mavedb-00000635-a-2.scores.csv
urn:mavedb:00000636-0-1	2.7082304745330794	6.271053351770044	0	mad90_all_variants	/paedyl01/disk1/yangyxt/public_data/VEP_plugins_caches/MaveDB/csv/urn-mavedb-00000636-0-1.scores.csv
urn:mavedb:00000636-a-1	0.8251724714440698	2.3112066612775424	0	mad90_all_variants	/paedyl01/disk1/yangyxt/public_data/VEP_plugins_caches/MaveDB/csv/urn-mavedb-00000636-a-1.scores.csv
urn:mavedb:00000636-a-2	-0.16869756167487082	1.8610136806538873	0	mad90_all_variants	/paedyl01/disk1/yangyxt/public_data/VEP_plugins_caches/MaveDB/csv/urn-mavedb-00000636-a-2.scores.csv
urn:mavedb:00000637-0-1	2.7921831072491714	4.537081758650329	0	mad90_all_variants	/paedyl01/disk1/yangyxt/public_data/VEP_plugins_caches/MaveDB/csv/urn-mavedb-00000637-0-1.scores.csv
urn:mavedb:00000637-a-1	0.36878298669128917	1.741453184437272	0	mad90_all_variants	/paedyl01/disk1/yangyxt/public_data/VEP_plugins_caches/MaveDB/csv/urn-mavedb-00000637-a-1.scores.csv
urn:mavedb:00000637-a-2	0.02977484431895866	0.9382922484479019	0	mad90_all_variants	/paedyl01/disk1/yangyxt/public_data/VEP_plugins_caches/MaveDB/csv/urn-mavedb-00000637-a-2.scores.csv
urn:mavedb:00000638-0-1	1.0385423343101776	4.654026799466912	0	mad90_all_variants	/paedyl01/disk1/yangyxt/public_data/VEP_plugins_caches/MaveDB/csv/urn-mavedb-00000638-0-1.scores.csv
urn:mavedb:00000638-a-1	-0.7971998916642675	1.7110643587040955	0	mad90_all_variants	/paedyl01/disk1/yangyxt/public_data/VEP_plugins_caches/MaveDB/csv/urn-mavedb-00000638-a-1.scores.csv
urn:mavedb:00000638-a-2	-2.067518415426055	0.7462270130688591	0	mad90_all_variants	/paedyl01/disk1/yangyxt/public_data/VEP_plugins_caches/MaveDB/csv/urn-mavedb-00000638-a-2.scores.csv
urn:mavedb:00000639-0-1	1.2708871762188414	4.839132601436712	0	mad90_all_variants	/paedyl01/disk1/yangyxt/public_data/VEP_plugins_caches/MaveDB/csv/urn-mavedb-00000639-0-1.scores.csv
urn:mavedb:00000639-a-1	-0.3395354622492919	1.9027525496460296	0	mad90_all_variants	/paedyl01/disk1/yangyxt/public_data/VEP_plugins_caches/MaveDB/csv/urn-mavedb-00000639-a-1.scores.csv
urn:mavedb:00000639-a-2	-1.8816034223107083	0.9230695422210831	0	mad90_all_variants	/paedyl01/disk1/yangyxt/public_data/VEP_plugins_caches/MaveDB/csv/urn-mavedb-00000639-a-2.scores.csv
urn:mavedb:00000640-0-1	2.4990477441561296	4.177764281671792	0	mad90_all_variants	/paedyl01/disk1/yangyxt/public_data/VEP_plugins_caches/MaveDB/csv/urn-mavedb-00000640-0-1.scores.csv
urn:mavedb:00000640-a-1	0.13165619209947177	1.5458664695816449	0	mad90_all_variants	/paedyl01/disk1/yangyxt/public_data/VEP_plugins_caches/MaveDB/csv/urn-mavedb-00000640-a-1.scores.csv
urn:mavedb:00000640-a-2	-0.3106877106930146	0.9675495868612012	0	mad90_all_variants	/paedyl01/disk1/yangyxt/public_data/VEP_plugins_caches/MaveDB/csv/urn-mavedb-00000640-a-2.scores.csv
urn:mavedb:00000641-0-1	2.8127180769979776	4.358255016346186	0	mad90_all_variants	/paedyl01/disk1/yangyxt/public_data/VEP_plugins_caches/MaveDB/csv/urn-mavedb-00000641-0-1.scores.csv
urn:mavedb:00000641-a-1	0.736341379421995	1.6400267923608807	0	mad90_all_variants	/paedyl01/disk1/yangyxt/public_data/VEP_plugins_caches/MaveDB/csv/urn-mavedb-00000641-a-1.scores.csv
urn:mavedb:00000641-a-2	0.5570967911477791	1.4014180191511671	0	mad90_all_variants	/paedyl01/disk1/yangyxt/public_data/VEP_plugins_caches/MaveDB/csv/urn-mavedb-00000641-a-2.scores.csv
urn:mavedb:00000642-0-1	2.8858729036917574	4.315479190835969	0	mad90_all_variants	/paedyl01/disk1/yangyxt/public_data/VEP_plugins_caches/MaveDB/csv/urn-mavedb-00000642-0-1.scores.csv
urn:mavedb:00000642-a-1	0.5483139840384459	1.6266525249960895	0	mad90_all_variants	/paedyl01/disk1/yangyxt/public_data/VEP_plugins_caches/MaveDB/csv/urn-mavedb-00000642-a-1.scores.csv
urn:mavedb:00000642-a-2	0.7450871268653607	1.468308522372673	0	mad90_all_variants	/paedyl01/disk1/yangyxt/public_data/VEP_plugins_caches/MaveDB/csv/urn-mavedb-00000642-a-2.scores.csv
urn:mavedb:00000643-0-1	2.3089862881668033	3.481701603785707	0	mad90_all_variants	/paedyl01/disk1/yangyxt/public_data/VEP_plugins_caches/MaveDB/csv/urn-mavedb-00000643-0-1.scores.csv
urn:mavedb:00000643-a-1	0.7696920214911136	1.4969494910541463	0	mad90_all_variants	/paedyl01/disk1/yangyxt/public_data/VEP_plugins_caches/MaveDB/csv/urn-mavedb-00000643-a-1.scores.csv
urn:mavedb:00000643-a-2	0.8035407423843128	1.4121557192741212	0	mad90_all_variants	/paedyl01/disk1/yangyxt/public_data/VEP_plugins_caches/MaveDB/csv/urn-mavedb-00000643-a-2.scores.csv
urn:mavedb:00000644-0-1	2.334445061691564	4.365241266481339	0	mad90_all_variants	/paedyl01/disk1/yangyxt/public_data/VEP_plugins_caches/MaveDB/csv/urn-mavedb-00000644-0-1.scores.csv
urn:mavedb:00000644-a-1	0.03509849082967731	1.5056154899584064	0	mad90_all_variants	/paedyl01/disk1/yangyxt/public_data/VEP_plugins_caches/MaveDB/csv/urn-mavedb-00000644-a-1.scores.csv
urn:mavedb:00000644-a-2	-0.06436583595034229	1.3791111536969212	0	mad90_all_variants	/paedyl01/disk1/yangyxt/public_data/VEP_plugins_caches/MaveDB/csv/urn-mavedb-00000644-a-2.scores.csv
urn:mavedb:00000645-0-1	3.2044019144499822	4.697192282720873	0	mad90_all_variants	/paedyl01/disk1/yangyxt/public_data/VEP_plugins_caches/MaveDB/csv/urn-mavedb-00000645-0-1.scores.csv
urn:mavedb:00000645-a-1	0.48561074452456265	1.7522931954229115	0	mad90_all_variants	/paedyl01/disk1/yangyxt/public_data/VEP_plugins_caches/MaveDB/csv/urn-mavedb-00000645-a-1.scores.csv
urn:mavedb:00000645-a-2	0.8413869030410774	1.5580182213711264	0	mad90_all_variants	/paedyl01/disk1/yangyxt/public_data/VEP_plugins_caches/MaveDB/csv/urn-mavedb-00000645-a-2.scores.csv
urn:mavedb:00000646-0-1	1.5506811579248412	4.175523891167615	0	mad90_all_variants	/paedyl01/disk1/yangyxt/public_data/VEP_plugins_caches/MaveDB/csv/urn-mavedb-00000646-0-1.scores.csv
urn:mavedb:00000646-a-1	0.5014575108637945	1.9164676259136915	0	mad90_all_variants	/paedyl01/disk1/yangyxt/public_data/VEP_plugins_caches/MaveDB/csv/urn-mavedb-00000646-a-1.scores.csv
urn:mavedb:00000646-a-2	0.5607746876058071	1.506242025433138	0	mad90_all_variants	/paedyl01/disk1/yangyxt/public_data/VEP_plugins_caches/MaveDB/csv/urn-mavedb-00000646-a-2.scores.csv
urn:mavedb:00000647-0-1	1.1357233996128289	3.2901817077392055	0	mad90_all_variants	/paedyl01/disk1/yangyxt/public_data/VEP_plugins_caches/MaveDB/csv/urn-mavedb-00000647-0-1.scores.csv
urn:mavedb:00000647-a-1	-0.14561665572093452	1.3322496089792906	0	mad90_all_variants	/paedyl01/disk1/yangyxt/public_data/VEP_plugins_caches/MaveDB/csv/urn-mavedb-00000647-a-1.scores.csv
urn:mavedb:00000647-a-2	-0.44538326023560654	0.8287803099716722	0	mad90_all_variants	/paedyl01/disk1/yangyxt/public_data/VEP_plugins_caches/MaveDB/csv/urn-mavedb-00000647-a-2.scores.csv
urn:mavedb:00000648-0-1	1.6372395747054937	3.824378492216078	0	mad90_all_variants	/paedyl01/disk1/yangyxt/public_data/VEP_plugins_caches/MaveDB/csv/urn-mavedb-00000648-0-1.scores.csv
urn:mavedb:00000648-a-1	-0.2705891280648212	1.1807418578715398	0	mad90_all_variants	/paedyl01/disk1/yangyxt/public_data/VEP_plugins_caches/MaveDB/csv/urn-mavedb-00000648-a-1.scores.csv
urn:mavedb:00000648-a-2	-1.213477287367135	0.49016146024477864	0	mad90_all_variants	/paedyl01/disk1/yangyxt/public_data/VEP_plugins_caches/MaveDB/csv/urn-mavedb-00000648-a-2.scores.csv
urn:mavedb:00000649-0-1	2.359779362636855	5.321016647062393	0	mad90_all_variants	/paedyl01/disk1/yangyxt/public_data/VEP_plugins_caches/MaveDB/csv/urn-mavedb-00000649-0-1.scores.csv
urn:mavedb:00000649-a-1	-0.04165506683871145	2.0475833487189985	0	mad90_all_variants	/paedyl01/disk1/yangyxt/public_data/VEP_plugins_caches/MaveDB/csv/urn-mavedb-00000649-a-1.scores.csv
urn:mavedb:00000649-a-2	-0.20703767709058118	1.5885768609549982	0	mad90_all_variants	/paedyl01/disk1/yangyxt/public_data/VEP_plugins_caches/MaveDB/csv/urn-mavedb-00000649-a-2.scores.csv
urn:mavedb:00000650-0-1	1.453739323008511	4.819232034510364	0	mad90_all_variants	/paedyl01/disk1/yangyxt/public_data/VEP_plugins_caches/MaveDB/csv/urn-mavedb-00000650-0-1.scores.csv
urn:mavedb:00000650-a-1	0.017318589711442733	2.1140486465242843	0	mad90_all_variants	/paedyl01/disk1/yangyxt/public_data/VEP_plugins_caches/MaveDB/csv/urn-mavedb-00000650-a-1.scores.csv
urn:mavedb:00000650-a-2	0.39308315714572717	1.751108542416165	0	mad90_all_variants	/paedyl01/disk1/yangyxt/public_data/VEP_plugins_caches/MaveDB/csv/urn-mavedb-00000650-a-2.scores.csv
urn:mavedb:00000651-0-1	2.0190589420622085	4.29557750803618	0	mad90_all_variants	/paedyl01/disk1/yangyxt/public_data/VEP_plugins_caches/MaveDB/csv/urn-mavedb-00000651-0-1.scores.csv
urn:mavedb:00000651-a-1	0.42647804203862116	2.043235593007582	0	mad90_all_variants	/paedyl01/disk1/yangyxt/public_data/VEP_plugins_caches/MaveDB/csv/urn-mavedb-00000651-a-1.scores.csv
urn:mavedb:00000651-a-2	0.5738863169119315	1.6053957260209792	0	mad90_all_variants	/paedyl01/disk1/yangyxt/public_data/VEP_plugins_caches/MaveDB/csv/urn-mavedb-00000651-a-2.scores.csv
urn:mavedb:00000652-0-1	0.7573940557047548	2.4115714498036946	0	mad90_all_variants	/paedyl01/disk1/yangyxt/public_data/VEP_plugins_caches/MaveDB/csv/urn-mavedb-00000652-0-1.scores.csv
urn:mavedb:00000652-a-1	-0.22531449605858866	0.7479387332521779	0	mad90_all_variants	/paedyl01/disk1/yangyxt/public_data/VEP_plugins_caches/MaveDB/csv/urn-mavedb-00000652-a-1.scores.csv
urn:mavedb:00000652-a-2	0.035954449368728825	1.1981143501064255	0	mad90_all_variants	/paedyl01/disk1/yangyxt/public_data/VEP_plugins_caches/MaveDB/csv/urn-mavedb-00000652-a-2.scores.csv
urn:mavedb:00000653-0-1	2.2422553769588838	3.560682607878939	0	mad90_all_variants	/paedyl01/disk1/yangyxt/public_data/VEP_plugins_caches/MaveDB/csv/urn-mavedb-00000653-0-1.scores.csv
urn:mavedb:00000653-a-1	0.2421283724690918	1.210533276063737	0	mad90_all_variants	/paedyl01/disk1/yangyxt/public_data/VEP_plugins_caches/MaveDB/csv/urn-mavedb-00000653-a-1.scores.csv
urn:mavedb:00000653-a-2	0.5707485559599653	1.4116283830645497	0	mad90_all_variants	/paedyl01/disk1/yangyxt/public_data/VEP_plugins_caches/MaveDB/csv/urn-mavedb-00000653-a-2.scores.csv
urn:mavedb:00000654-0-1	1.2774590887521984	3.1578125884578836	0	mad90_all_variants	/paedyl01/disk1/yangyxt/public_data/VEP_plugins_caches/MaveDB/csv/urn-mavedb-00000654-0-1.scores.csv
urn:mavedb:00000654-a-1	0.15228027884231088	1.4115020832591227	0	mad90_all_variants	/paedyl01/disk1/yangyxt/public_data/VEP_plugins_caches/MaveDB/csv/urn-mavedb-00000654-a-1.scores.csv
urn:mavedb:00000654-a-2	0.15007649637058085	1.4268155474422763	0	mad90_all_variants	/paedyl01/disk1/yangyxt/public_data/VEP_plugins_caches/MaveDB/csv/urn-mavedb-00000654-a-2.scores.csv
urn:mavedb:00000655-0-1	1.2334760482615965	3.2686908813529745	0	mad90_all_variants	/paedyl01/disk1/yangyxt/public_data/VEP_plugins_caches/MaveDB/csv/urn-mavedb-00000655-0-1.scores.csv
urn:mavedb:00000655-a-1	0.053967582404619074	1.4595484909572252	0	mad90_all_variants	/paedyl01/disk1/yangyxt/public_data/VEP_plugins_caches/MaveDB/csv/urn-mavedb-00000655-a-1.scores.csv
urn:mavedb:00000655-a-2	-0.06925791600679398	1.243088867670354	0	mad90_all_variants	/paedyl01/disk1/yangyxt/public_data/VEP_plugins_caches/MaveDB/csv/urn-mavedb-00000655-a-2.scores.csv
urn:mavedb:00000656-0-1	3.9496754383661883	5.598150879661281	0	mad90_all_variants	/paedyl01/disk1/yangyxt/public_data/VEP_plugins_caches/MaveDB/csv/urn-mavedb-00000656-0-1.scores.csv
urn:mavedb:00000656-a-1	0.8702870048442612	1.815294088835076	0	mad90_all_variants	/paedyl01/disk1/yangyxt/public_data/VEP_plugins_caches/MaveDB/csv/urn-mavedb-00000656-a-1.scores.csv
urn:mavedb:00000656-a-2	0.5980278113578184	1.5087055510917278	0	mad90_all_variants	/paedyl01/disk1/yangyxt/public_data/VEP_plugins_caches/MaveDB/csv/urn-mavedb-00000656-a-2.scores.csv
urn:mavedb:00000657-a-1	-0.5135905126723731	1.2211338443563982	0	mad90_all_variants	/paedyl01/disk1/yangyxt/public_data/VEP_plugins_caches/MaveDB/csv/urn-mavedb-00000657-a-1.scores.csv
urn:mavedb:00000657-b-1	-0.13269946163265803	0.23230404691530024	0	mad90_all_variants	/paedyl01/disk1/yangyxt/public_data/VEP_plugins_caches/MaveDB/csv/urn-mavedb-00000657-b-1.scores.csv
urn:mavedb:00000658-a-1	-0.00565272319203505	0.01339890769917835	36	synonym_percentiles_qc	/paedyl01/disk1/yangyxt/public_data/VEP_plugins_caches/MaveDB/csv/urn-mavedb-00000658-a-1.scores.csv
urn:mavedb:00000658-b-1	-0.019729092	0.035180763999999975	59	synonym_percentiles_qc	/paedyl01/disk1/yangyxt/public_data/VEP_plugins_caches/MaveDB/csv/urn-mavedb-00000658-b-1.scores.csv
urn:mavedb:00000658-c-1	-0.014300917	0.021834439999999993	43	synonym_percentiles_qc	/paedyl01/disk1/yangyxt/public_data/VEP_plugins_caches/MaveDB/csv/urn-mavedb-00000658-c-1.scores.csv
urn:mavedb:00000658-d-1	-0.023412697500000003	0.0186415475	136	synonym_percentiles_qc	/paedyl01/disk1/yangyxt/public_data/VEP_plugins_caches/MaveDB/csv/urn-mavedb-00000658-d-1.scores.csv
urn:mavedb:00000658-e-1	-0.017136172	0.02002840600000001	138	synonym_percentiles_qc	/paedyl01/disk1/yangyxt/public_data/VEP_plugins_caches/MaveDB/csv/urn-mavedb-00000658-e-1.scores.csv
urn:mavedb:00000658-f-1	-0.010100515000000001	0.023052385	71	synonym_percentiles_qc	/paedyl01/disk1/yangyxt/public_data/VEP_plugins_caches/MaveDB/csv/urn-mavedb-00000658-f-1.scores.csv
urn:mavedb:00000658-g-1	-0.014243638999999999	0.014448642499999992	100	synonym_percentiles_qc	/paedyl01/disk1/yangyxt/public_data/VEP_plugins_caches/MaveDB/csv/urn-mavedb-00000658-g-1.scores.csv
urn:mavedb:00000658-h-1	-0.015759736	0.018046028999999998	84	synonym_percentiles_qc	/paedyl01/disk1/yangyxt/public_data/VEP_plugins_caches/MaveDB/csv/urn-mavedb-00000658-h-1.scores.csv
urn:mavedb:00000658-i-1	-0.018472525	0.020564754999999997	91	synonym_percentiles_qc	/paedyl01/disk1/yangyxt/public_data/VEP_plugins_caches/MaveDB/csv/urn-mavedb-00000658-i-1.scores.csv
urn:mavedb:00000658-j-1	-0.01565607097585724	0.017258332811354745	144	synonym_percentiles_qc	/paedyl01/disk1/yangyxt/public_data/VEP_plugins_caches/MaveDB/csv/urn-mavedb-00000658-j-1.scores.csv
urn:mavedb:00000658-k-1	-0.01213970715764849	0.014944495427546693	107	synonym_percentiles_qc	/paedyl01/disk1/yangyxt/public_data/VEP_plugins_caches/MaveDB/csv/urn-mavedb-00000658-k-1.scores.csv
urn:mavedb:00000658-l-1	-0.014798799223743605	0.01846505369314025	130	synonym_percentiles_qc	/paedyl01/disk1/yangyxt/public_data/VEP_plugins_caches/MaveDB/csv/urn-mavedb-00000658-l-1.scores.csv
urn:mavedb:00000658-m-1	-0.01697309051051565	0.025096422146793675	163	synonym_percentiles_qc	/paedyl01/disk1/yangyxt/public_data/VEP_plugins_caches/MaveDB/csv/urn-mavedb-00000658-m-1.scores.csv
urn:mavedb:00000658-n-1	-0.020368125061884058	0.010142050890464799	105	synonym_percentiles_qc	/paedyl01/disk1/yangyxt/public_data/VEP_plugins_caches/MaveDB/csv/urn-mavedb-00000658-n-1.scores.csv
urn:mavedb:00000658-o-1	-0.012824945999999999	0.012430039999999996	129	synonym_percentiles_qc	/paedyl01/disk1/yangyxt/public_data/VEP_plugins_caches/MaveDB/csv/urn-mavedb-00000658-o-1.scores.csv
urn:mavedb:00000658-p-1	-0.020635866	0.019829162	169	synonym_percentiles_qc	/paedyl01/disk1/yangyxt/public_data/VEP_plugins_caches/MaveDB/csv/urn-mavedb-00000658-p-1.scores.csv
urn:mavedb:00000658-q-1	-0.012488982	0.013758313999999999	53	synonym_percentiles_qc	/paedyl01/disk1/yangyxt/public_data/VEP_plugins_caches/MaveDB/csv/urn-mavedb-00000658-q-1.scores.csv
urn:mavedb:00000659-a-1	-0.8891425674	0.7691425674000001	0	mad90_all_variants	/paedyl01/disk1/yangyxt/public_data/VEP_plugins_caches/MaveDB/csv/urn-mavedb-00000659-a-1.scores.csv
urn:mavedb:00000660-a-1	-2.204329218425349	2.386381376425349	0	mad90_all_variants	/paedyl01/disk1/yangyxt/public_data/VEP_plugins_caches/MaveDB/csv/urn-mavedb-00000660-a-1.scores.csv
urn:mavedb:00000661-a-1	-1.1614797534	1.9985855938	128	synonym_percentiles_qc	/paedyl01/disk1/yangyxt/public_data/VEP_plugins_caches/MaveDB/csv/urn-mavedb-00000661-a-1.scores.csv
urn:mavedb:00000661-b-1	-1.2546534655	2.922726870699999	127	synonym_percentiles_qc	/paedyl01/disk1/yangyxt/public_data/VEP_plugins_caches/MaveDB/csv/urn-mavedb-00000661-b-1.scores.csv
urn:mavedb:00000661-c-1	-0.993016167	1.8306120976999953	128	synonym_percentiles_qc	/paedyl01/disk1/yangyxt/public_data/VEP_plugins_caches/MaveDB/csv/urn-mavedb-00000661-c-1.scores.csv
urn:mavedb:00000661-d-1	-2.7187015645	2.225664138	126	synonym_percentiles_qc	/paedyl01/disk1/yangyxt/public_data/VEP_plugins_caches/MaveDB/csv/urn-mavedb-00000661-d-1.scores.csv
urn:mavedb:00000663-a-1	-1.000351577080037	0.44329903508003715	0	mad90_all_variants	/paedyl01/disk1/yangyxt/public_data/VEP_plugins_caches/MaveDB/csv/urn-mavedb-00000663-a-1.scores.csv
urn:mavedb:00000664-a-1	-20.136476744146456	50.45132102414646	0	mad90_all_variants	/paedyl01/disk1/yangyxt/public_data/VEP_plugins_caches/MaveDB/csv/urn-mavedb-00000664-a-1.scores.csv
urn:mavedb:00000664-a-10	NA	NA	0	mad_na_insufficient_n	/paedyl01/disk1/yangyxt/public_data/VEP_plugins_caches/MaveDB/csv/urn-mavedb-00000664-a-10.scores.csv
urn:mavedb:00000664-a-11	NA	NA	0	mad_na_insufficient_n	/paedyl01/disk1/yangyxt/public_data/VEP_plugins_caches/MaveDB/csv/urn-mavedb-00000664-a-11.scores.csv
urn:mavedb:00000664-a-12	NA	NA	0	mad_na_insufficient_n	/paedyl01/disk1/yangyxt/public_data/VEP_plugins_caches/MaveDB/csv/urn-mavedb-00000664-a-12.scores.csv
urn:mavedb:00000664-a-13	110.39580176	152.40257755	43	synonym_percentiles_qc	/paedyl01/disk1/yangyxt/public_data/VEP_plugins_caches/MaveDB/csv/urn-mavedb-00000664-a-13.scores.csv
urn:mavedb:00000664-a-14	-31.836665804	-23.336313892000003	43	synonym_percentiles_qc	/paedyl01/disk1/yangyxt/public_data/VEP_plugins_caches/MaveDB/csv/urn-mavedb-00000664-a-14.scores.csv
urn:mavedb:00000664-a-15	4.8550263656	12.191975000000001	43	synonym_percentiles_qc	/paedyl01/disk1/yangyxt/public_data/VEP_plugins_caches/MaveDB/csv/urn-mavedb-00000664-a-15.scores.csv
urn:mavedb:00000664-a-16	109.71984834	147.9842672	43	synonym_percentiles_qc	/paedyl01/disk1/yangyxt/public_data/VEP_plugins_caches/MaveDB/csv/urn-mavedb-00000664-a-16.scores.csv
urn:mavedb:00000664-a-17	-32.561377042	-23.498110517	43	synonym_percentiles_qc	/paedyl01/disk1/yangyxt/public_data/VEP_plugins_caches/MaveDB/csv/urn-mavedb-00000664-a-17.scores.csv
urn:mavedb:00000664-a-18	6.0394073217	14.895873908999999	43	synonym_percentiles_qc	/paedyl01/disk1/yangyxt/public_data/VEP_plugins_caches/MaveDB/csv/urn-mavedb-00000664-a-18.scores.csv
urn:mavedb:00000664-a-2	-40.798385343353196	-5.328262536646804	0	mad90_all_variants	/paedyl01/disk1/yangyxt/public_data/VEP_plugins_caches/MaveDB/csv/urn-mavedb-00000664-a-2.scores.csv
urn:mavedb:00000664-a-3	-1.4889100936511044	2.9426223256511044	0	mad90_all_variants	/paedyl01/disk1/yangyxt/public_data/VEP_plugins_caches/MaveDB/csv/urn-mavedb-00000664-a-3.scores.csv
urn:mavedb:00000664-a-4	-0.946810954395076	193.35357759439506	0	mad90_all_variants	/paedyl01/disk1/yangyxt/public_data/VEP_plugins_caches/MaveDB/csv/urn-mavedb-00000664-a-4.scores.csv
urn:mavedb:00000664-a-5	-34.00069539544576	-18.78104958455424	0	mad90_all_variants	/paedyl01/disk1/yangyxt/public_data/VEP_plugins_caches/MaveDB/csv/urn-mavedb-00000664-a-5.scores.csv
urn:mavedb:00000664-a-6	-0.6241021214950355	7.942998575495036	0	mad90_all_variants	/paedyl01/disk1/yangyxt/public_data/VEP_plugins_caches/MaveDB/csv/urn-mavedb-00000664-a-6.scores.csv
urn:mavedb:00000664-a-7	NA	NA	0	mad_na_insufficient_n	/paedyl01/disk1/yangyxt/public_data/VEP_plugins_caches/MaveDB/csv/urn-mavedb-00000664-a-7.scores.csv
urn:mavedb:00000664-a-8	NA	NA	0	mad_na_insufficient_n	/paedyl01/disk1/yangyxt/public_data/VEP_plugins_caches/MaveDB/csv/urn-mavedb-00000664-a-8.scores.csv
urn:mavedb:00000664-a-9	NA	NA	0	mad_na_insufficient_n	/paedyl01/disk1/yangyxt/public_data/VEP_plugins_caches/MaveDB/csv/urn-mavedb-00000664-a-9.scores.csv
urn:mavedb:00000665-a-2	-3.194475028432553	0.42229077043255314	0	mad90_all_variants	/paedyl01/disk1/yangyxt/public_data/VEP_plugins_caches/MaveDB/csv/urn-mavedb-00000665-a-2.scores.csv
urn:mavedb:00000665-a-3	0.3511359785700856	1.7383983654299144	0	mad90_all_variants	/paedyl01/disk1/yangyxt/public_data/VEP_plugins_caches/MaveDB/csv/urn-mavedb-00000665-a-3.scores.csv
urn:mavedb:00000665-a-4	0.2872687787858814	2.0416197322141185	0	mad90_all_variants	/paedyl01/disk1/yangyxt/public_data/VEP_plugins_caches/MaveDB/csv/urn-mavedb-00000665-a-4.scores.csv
urn:mavedb:00000666-a-1	0.0033563962139399987	0.02016360378606	0	mad90_all_variants	/paedyl01/disk1/yangyxt/public_data/VEP_plugins_caches/MaveDB/csv/urn-mavedb-00000666-a-1.scores.csv
urn:mavedb:00000667-a-1	0.002771219386449999	0.00791678061355	0	mad90_all_variants	/paedyl01/disk1/yangyxt/public_data/VEP_plugins_caches/MaveDB/csv/urn-mavedb-00000667-a-1.scores.csv
urn:mavedb:00000668-a-1	-2.0487613835947	0.8057813835947	0	mad90_all_variants	/paedyl01/disk1/yangyxt/public_data/VEP_plugins_caches/MaveDB/csv/urn-mavedb-00000668-a-1.scores.csv
urn:mavedb:00000669-a-1	-1.8577447120813	0.3191447120812999	0	mad90_all_variants	/paedyl01/disk1/yangyxt/public_data/VEP_plugins_caches/MaveDB/csv/urn-mavedb-00000669-a-1.scores.csv
urn:mavedb:00000670-a-1	-1.8881334180741	0.7690734180740999	0	mad90_all_variants	/paedyl01/disk1/yangyxt/public_data/VEP_plugins_caches/MaveDB/csv/urn-mavedb-00000670-a-1.scores.csv
urn:mavedb:00000671-a-1	-2.0741174378497	0.7584774378497	0	mad90_all_variants	/paedyl01/disk1/yangyxt/public_data/VEP_plugins_caches/MaveDB/csv/urn-mavedb-00000671-a-1.scores.csv
urn:mavedb:00000672-a-1	-2.5383721598475457	1.183780063847546	0	mad90_all_variants	/paedyl01/disk1/yangyxt/public_data/VEP_plugins_caches/MaveDB/csv/urn-mavedb-00000672-a-1.scores.csv
urn:mavedb:00000672-a-2	-1.1917802730925635	0.5552788238921592	570	synonym_percentiles_qc	/paedyl01/disk1/yangyxt/public_data/VEP_plugins_caches/MaveDB/csv/urn-mavedb-00000672-a-2.scores.csv
urn:mavedb:00000672-b-1	-0.9296028513915655	0.5698175155177885	577	synonym_percentiles_qc	/paedyl01/disk1/yangyxt/public_data/VEP_plugins_caches/MaveDB/csv/urn-mavedb-00000672-b-1.scores.csv
urn:mavedb:00000672-b-2	-3.5971651353016707	1.1362729003016705	0	mad90_all_variants	/paedyl01/disk1/yangyxt/public_data/VEP_plugins_caches/MaveDB/csv/urn-mavedb-00000672-b-2.scores.csv
urn:mavedb:00000672-c-1	-2.0405967930654283	0.35704792806542796	0	mad90_all_variants	/paedyl01/disk1/yangyxt/public_data/VEP_plugins_caches/MaveDB/csv/urn-mavedb-00000672-c-1.scores.csv
urn:mavedb:00000672-c-2	-1.1380692274126856	0.9437117583407636	550	synonym_percentiles_qc	/paedyl01/disk1/yangyxt/public_data/VEP_plugins_caches/MaveDB/csv/urn-mavedb-00000672-c-2.scores.csv
urn:mavedb:00000672-d-1	-2.0090257164543486	0.7936178764543486	0	mad90_all_variants	/paedyl01/disk1/yangyxt/public_data/VEP_plugins_caches/MaveDB/csv/urn-mavedb-00000672-d-1.scores.csv
urn:mavedb:00000672-d-2	-1.0876797606212794	1.0211148114121191	405	synonym_percentiles_qc	/paedyl01/disk1/yangyxt/public_data/VEP_plugins_caches/MaveDB/csv/urn-mavedb-00000672-d-2.scores.csv
urn:mavedb:00000672-d-3	-2.0685651051895695	0.6843920071895696	0	mad90_all_variants	/paedyl01/disk1/yangyxt/public_data/VEP_plugins_caches/MaveDB/csv/urn-mavedb-00000672-d-3.scores.csv
urn:mavedb:00000672-d-4	-1.207660578977738	0.6825488716537153	479	synonym_percentiles_qc	/paedyl01/disk1/yangyxt/public_data/VEP_plugins_caches/MaveDB/csv/urn-mavedb-00000672-d-4.scores.csv
urn:mavedb:00000672-e-1	-1.12669459377095	0.8952024560931364	575	synonym_percentiles_qc	/paedyl01/disk1/yangyxt/public_data/VEP_plugins_caches/MaveDB/csv/urn-mavedb-00000672-e-1.scores.csv
urn:mavedb:00000672-e-2	-3.7319318833200086	0.8663601863200086	0	mad90_all_variants	/paedyl01/disk1/yangyxt/public_data/VEP_plugins_caches/MaveDB/csv/urn-mavedb-00000672-e-2.scores.csv
urn:mavedb:00000672-f-1	-1.1881132726166312	0.9974577299610964	554	synonym_percentiles_qc	/paedyl01/disk1/yangyxt/public_data/VEP_plugins_caches/MaveDB/csv/urn-mavedb-00000672-f-1.scores.csv
urn:mavedb:00000672-f-2	-3.544188832522484	1.4065144585224842	0	mad90_all_variants	/paedyl01/disk1/yangyxt/public_data/VEP_plugins_caches/MaveDB/csv/urn-mavedb-00000672-f-2.scores.csv
urn:mavedb:00000674-a-1	0.2721189703352843	1.6295845436647158	0	mad90_all_variants	/paedyl01/disk1/yangyxt/public_data/VEP_plugins_caches/MaveDB/csv/urn-mavedb-00000674-a-1.scores.csv
urn:mavedb:00000674-a-2	0.5428149456367631	1.4050215823632368	0	mad90_all_variants	/paedyl01/disk1/yangyxt/public_data/VEP_plugins_caches/MaveDB/csv/urn-mavedb-00000674-a-2.scores.csv
urn:mavedb:00000674-a-3	0.2721189703352843	1.6295845436647158	0	mad90_all_variants	/paedyl01/disk1/yangyxt/public_data/VEP_plugins_caches/MaveDB/csv/urn-mavedb-00000674-a-3.scores.csv
urn:mavedb:00000674-a-4	0.49785237278894484	1.4364102102110552	0	mad90_all_variants	/paedyl01/disk1/yangyxt/public_data/VEP_plugins_caches/MaveDB/csv/urn-mavedb-00000674-a-4.scores.csv
urn:mavedb:00000676-a-1	-0.6608225585146457	0.2850133332043816	0	mad90_all_variants	/paedyl01/disk1/yangyxt/public_data/VEP_plugins_caches/MaveDB/csv/urn-mavedb-00000676-a-1.scores.csv
urn:mavedb:00000677-a-1	-0.5972497257168234	0.2659115009108315	0	mad90_all_variants	/paedyl01/disk1/yangyxt/public_data/VEP_plugins_caches/MaveDB/csv/urn-mavedb-00000677-a-1.scores.csv
urn:mavedb:00000678-a-1	-0.6921258288778597	0.3102589650798856	0	mad90_all_variants	/paedyl01/disk1/yangyxt/public_data/VEP_plugins_caches/MaveDB/csv/urn-mavedb-00000678-a-1.scores.csv
urn:mavedb:00000679-a-1	-0.727065963174309	0.296848788093165	0	mad90_all_variants	/paedyl01/disk1/yangyxt/public_data/VEP_plugins_caches/MaveDB/csv/urn-mavedb-00000679-a-1.scores.csv
urn:mavedb:00000680-a-1	-0.37089230677046336	0.09030854502882735	0	mad90_all_variants	/paedyl01/disk1/yangyxt/public_data/VEP_plugins_caches/MaveDB/csv/urn-mavedb-00000680-a-1.scores.csv
urn:mavedb:00000681-a-1	-0.9451923303466012	0.2540002230377672	0	mad90_all_variants	/paedyl01/disk1/yangyxt/public_data/VEP_plugins_caches/MaveDB/csv/urn-mavedb-00000681-a-1.scores.csv
urn:mavedb:00000682-a-1	-0.5369815791059027	0.23163973302425675	0	mad90_all_variants	/paedyl01/disk1/yangyxt/public_data/VEP_plugins_caches/MaveDB/csv/urn-mavedb-00000682-a-1.scores.csv
urn:mavedb:00000683-a-1	-1.1317386585500107	0.42337166999881265	0	mad90_all_variants	/paedyl01/disk1/yangyxt/public_data/VEP_plugins_caches/MaveDB/csv/urn-mavedb-00000683-a-1.scores.csv
urn:mavedb:00000684-a-1	-1.0375016358811382	0.38826752283346033	0	mad90_all_variants	/paedyl01/disk1/yangyxt/public_data/VEP_plugins_caches/MaveDB/csv/urn-mavedb-00000684-a-1.scores.csv
urn:mavedb:00000685-a-1	-0.8562620685506165	0.2922104908871884	0	mad90_all_variants	/paedyl01/disk1/yangyxt/public_data/VEP_plugins_caches/MaveDB/csv/urn-mavedb-00000685-a-1.scores.csv
urn:mavedb:00000686-a-1	-0.7645358245635074	0.3311300064119635	0	mad90_all_variants	/paedyl01/disk1/yangyxt/public_data/VEP_plugins_caches/MaveDB/csv/urn-mavedb-00000686-a-1.scores.csv
urn:mavedb:00000687-a-1	-0.8624293545675219	0.3111078696370258	0	mad90_all_variants	/paedyl01/disk1/yangyxt/public_data/VEP_plugins_caches/MaveDB/csv/urn-mavedb-00000687-a-1.scores.csv
urn:mavedb:00000688-a-1	-0.3281091846914025	0.14891618551254085	0	mad90_all_variants	/paedyl01/disk1/yangyxt/public_data/VEP_plugins_caches/MaveDB/csv/urn-mavedb-00000688-a-1.scores.csv
urn:mavedb:00000689-a-1	-1.0272039913644886	0.38481630194515665	0	mad90_all_variants	/paedyl01/disk1/yangyxt/public_data/VEP_plugins_caches/MaveDB/csv/urn-mavedb-00000689-a-1.scores.csv
urn:mavedb:00000690-a-1	-0.8963655206626775	0.35879253419921153	0	mad90_all_variants	/paedyl01/disk1/yangyxt/public_data/VEP_plugins_caches/MaveDB/csv/urn-mavedb-00000690-a-1.scores.csv
urn:mavedb:00000691-a-1	-0.7609478545194032	0.2557125286286731	0	mad90_all_variants	/paedyl01/disk1/yangyxt/public_data/VEP_plugins_caches/MaveDB/csv/urn-mavedb-00000691-a-1.scores.csv
urn:mavedb:00000692-a-1	-0.9579757973932173	0.34791970128171523	0	mad90_all_variants	/paedyl01/disk1/yangyxt/public_data/VEP_plugins_caches/MaveDB/csv/urn-mavedb-00000692-a-1.scores.csv
urn:mavedb:00000693-a-1	-0.5915488022757641	0.28733027480087614	0	mad90_all_variants	/paedyl01/disk1/yangyxt/public_data/VEP_plugins_caches/MaveDB/csv/urn-mavedb-00000693-a-1.scores.csv
urn:mavedb:00000694-a-1	-0.3613371211679379	0.1610892548706079	0	mad90_all_variants	/paedyl01/disk1/yangyxt/public_data/VEP_plugins_caches/MaveDB/csv/urn-mavedb-00000694-a-1.scores.csv
urn:mavedb:00000695-a-1	-0.7542836771255693	0.34717875748517335	0	mad90_all_variants	/paedyl01/disk1/yangyxt/public_data/VEP_plugins_caches/MaveDB/csv/urn-mavedb-00000695-a-1.scores.csv
urn:mavedb:00000696-a-1	-0.6392501182142609	0.2818951084206429	0	mad90_all_variants	/paedyl01/disk1/yangyxt/public_data/VEP_plugins_caches/MaveDB/csv/urn-mavedb-00000696-a-1.scores.csv
urn:mavedb:00000697-a-1	-0.4850208429759429	0.18817722171628487	0	mad90_all_variants	/paedyl01/disk1/yangyxt/public_data/VEP_plugins_caches/MaveDB/csv/urn-mavedb-00000697-a-1.scores.csv
urn:mavedb:00000698-a-1	-0.7398751957055039	0.4545556627382729	0	mad90_all_variants	/paedyl01/disk1/yangyxt/public_data/VEP_plugins_caches/MaveDB/csv/urn-mavedb-00000698-a-1.scores.csv
urn:mavedb:00000699-a-1	-1.1708546821263095	0.2414436955559225	0	mad90_all_variants	/paedyl01/disk1/yangyxt/public_data/VEP_plugins_caches/MaveDB/csv/urn-mavedb-00000699-a-1.scores.csv
urn:mavedb:00000700-a-1	-0.8250616948205254	0.3625986194857074	0	mad90_all_variants	/paedyl01/disk1/yangyxt/public_data/VEP_plugins_caches/MaveDB/csv/urn-mavedb-00000700-a-1.scores.csv
urn:mavedb:00000701-a-1	-0.36716598231039826	0.12192538875454029	0	mad90_all_variants	/paedyl01/disk1/yangyxt/public_data/VEP_plugins_caches/MaveDB/csv/urn-mavedb-00000701-a-1.scores.csv
urn:mavedb:00000702-a-1	-0.7495184237000124	0.21175919802593446	0	mad90_all_variants	/paedyl01/disk1/yangyxt/public_data/VEP_plugins_caches/MaveDB/csv/urn-mavedb-00000702-a-1.scores.csv
urn:mavedb:00000703-a-1	-1.1024447156662656	0.41692055772852477	0	mad90_all_variants	/paedyl01/disk1/yangyxt/public_data/VEP_plugins_caches/MaveDB/csv/urn-mavedb-00000703-a-1.scores.csv
urn:mavedb:00000704-a-1	-0.8453977105514179	0.33934333550120893	0	mad90_all_variants	/paedyl01/disk1/yangyxt/public_data/VEP_plugins_caches/MaveDB/csv/urn-mavedb-00000704-a-1.scores.csv
urn:mavedb:00000705-a-1	-0.39832947077653735	0.15361661454772135	0	mad90_all_variants	/paedyl01/disk1/yangyxt/public_data/VEP_plugins_caches/MaveDB/csv/urn-mavedb-00000705-a-1.scores.csv
urn:mavedb:00000706-a-1	-1.0225302448104525	0.3296199707522125	0	mad90_all_variants	/paedyl01/disk1/yangyxt/public_data/VEP_plugins_caches/MaveDB/csv/urn-mavedb-00000706-a-1.scores.csv
urn:mavedb:00000707-a-1	-0.6398634430581048	0.24801779467902185	0	mad90_all_variants	/paedyl01/disk1/yangyxt/public_data/VEP_plugins_caches/MaveDB/csv/urn-mavedb-00000707-a-1.scores.csv
urn:mavedb:00000708-a-1	-0.20487456536759358	0.10849603465440799	0	mad90_all_variants	/paedyl01/disk1/yangyxt/public_data/VEP_plugins_caches/MaveDB/csv/urn-mavedb-00000708-a-1.scores.csv
urn:mavedb:00000709-a-1	-1.068060500361723	0.297696976123877	0	mad90_all_variants	/paedyl01/disk1/yangyxt/public_data/VEP_plugins_caches/MaveDB/csv/urn-mavedb-00000709-a-1.scores.csv
urn:mavedb:00000710-a-1	-0.29775944276883326	0.12042370486135842	0	mad90_all_variants	/paedyl01/disk1/yangyxt/public_data/VEP_plugins_caches/MaveDB/csv/urn-mavedb-00000710-a-1.scores.csv
urn:mavedb:00000711-a-1	-0.5335353922785697	0.24823000935441367	0	mad90_all_variants	/paedyl01/disk1/yangyxt/public_data/VEP_plugins_caches/MaveDB/csv/urn-mavedb-00000711-a-1.scores.csv
urn:mavedb:00000712-a-1	-0.8332106607707459	0.29152268676279586	0	mad90_all_variants	/paedyl01/disk1/yangyxt/public_data/VEP_plugins_caches/MaveDB/csv/urn-mavedb-00000712-a-1.scores.csv
urn:mavedb:00000713-a-1	-0.30353050890282945	0.12618040057679641	0	mad90_all_variants	/paedyl01/disk1/yangyxt/public_data/VEP_plugins_caches/MaveDB/csv/urn-mavedb-00000713-a-1.scores.csv
urn:mavedb:00000714-a-1	-0.6061007046598227	0.46212737384889657	0	mad90_all_variants	/paedyl01/disk1/yangyxt/public_data/VEP_plugins_caches/MaveDB/csv/urn-mavedb-00000714-a-1.scores.csv
urn:mavedb:00000715-a-1	-0.32817222800865076	0.14027262238521865	0	mad90_all_variants	/paedyl01/disk1/yangyxt/public_data/VEP_plugins_caches/MaveDB/csv/urn-mavedb-00000715-a-1.scores.csv
urn:mavedb:00000716-a-1	-1.0296456036743336	0.4403152822605236	0	mad90_all_variants	/paedyl01/disk1/yangyxt/public_data/VEP_plugins_caches/MaveDB/csv/urn-mavedb-00000716-a-1.scores.csv
urn:mavedb:00000717-a-1	-0.7071134695087686	0.22721659815111667	0	mad90_all_variants	/paedyl01/disk1/yangyxt/public_data/VEP_plugins_caches/MaveDB/csv/urn-mavedb-00000717-a-1.scores.csv
urn:mavedb:00000718-a-1	-0.6236791271884837	0.25272690832227174	0	mad90_all_variants	/paedyl01/disk1/yangyxt/public_data/VEP_plugins_caches/MaveDB/csv/urn-mavedb-00000718-a-1.scores.csv
urn:mavedb:00000719-a-1	-1.1553257842622784	0.2806389894899124	0	mad90_all_variants	/paedyl01/disk1/yangyxt/public_data/VEP_plugins_caches/MaveDB/csv/urn-mavedb-00000719-a-1.scores.csv
urn:mavedb:00000720-a-1	-0.9955536574140436	0.29818119825054357	0	mad90_all_variants	/paedyl01/disk1/yangyxt/public_data/VEP_plugins_caches/MaveDB/csv/urn-mavedb-00000720-a-1.scores.csv
urn:mavedb:00000721-a-1	-0.9759090079861577	0.29558287087215174	0	mad90_all_variants	/paedyl01/disk1/yangyxt/public_data/VEP_plugins_caches/MaveDB/csv/urn-mavedb-00000721-a-1.scores.csv
urn:mavedb:00000722-a-1	-0.8101492014835792	0.2784147705397452	0	mad90_all_variants	/paedyl01/disk1/yangyxt/public_data/VEP_plugins_caches/MaveDB/csv/urn-mavedb-00000722-a-1.scores.csv
urn:mavedb:00000723-a-1	-0.6616956533672942	0.3173458061054462	0	mad90_all_variants	/paedyl01/disk1/yangyxt/public_data/VEP_plugins_caches/MaveDB/csv/urn-mavedb-00000723-a-1.scores.csv
urn:mavedb:00000724-a-1	-1.2107653722397504	0.3100738358150585	0	mad90_all_variants	/paedyl01/disk1/yangyxt/public_data/VEP_plugins_caches/MaveDB/csv/urn-mavedb-00000724-a-1.scores.csv
urn:mavedb:00000725-a-1	-0.612721271557078	0.2990882495812541	0	mad90_all_variants	/paedyl01/disk1/yangyxt/public_data/VEP_plugins_caches/MaveDB/csv/urn-mavedb-00000725-a-1.scores.csv
urn:mavedb:00000726-a-1	-0.6915682384252633	0.3183472186689482	0	mad90_all_variants	/paedyl01/disk1/yangyxt/public_data/VEP_plugins_caches/MaveDB/csv/urn-mavedb-00000726-a-1.scores.csv
urn:mavedb:00000727-a-1	-0.90696988148629	0.29348541262524497	0	mad90_all_variants	/paedyl01/disk1/yangyxt/public_data/VEP_plugins_caches/MaveDB/csv/urn-mavedb-00000727-a-1.scores.csv
urn:mavedb:00000728-a-1	-0.6288560690743586	0.3248555733484746	0	mad90_all_variants	/paedyl01/disk1/yangyxt/public_data/VEP_plugins_caches/MaveDB/csv/urn-mavedb-00000728-a-1.scores.csv
urn:mavedb:00000729-a-1	-0.611627092893615	0.36924974861205906	0	mad90_all_variants	/paedyl01/disk1/yangyxt/public_data/VEP_plugins_caches/MaveDB/csv/urn-mavedb-00000729-a-1.scores.csv
urn:mavedb:00000730-a-1	-0.7854025159670488	0.22948731959494478	0	mad90_all_variants	/paedyl01/disk1/yangyxt/public_data/VEP_plugins_caches/MaveDB/csv/urn-mavedb-00000730-a-1.scores.csv
urn:mavedb:00000731-a-1	-1.083733840653676	0.42474458439748813	0	mad90_all_variants	/paedyl01/disk1/yangyxt/public_data/VEP_plugins_caches/MaveDB/csv/urn-mavedb-00000731-a-1.scores.csv
urn:mavedb:00000732-a-1	-1.1415252213245726	0.21464985145690257	0	mad90_all_variants	/paedyl01/disk1/yangyxt/public_data/VEP_plugins_caches/MaveDB/csv/urn-mavedb-00000732-a-1.scores.csv
urn:mavedb:00000733-a-1	-1.1850874742972581	0.33220065285995026	0	mad90_all_variants	/paedyl01/disk1/yangyxt/public_data/VEP_plugins_caches/MaveDB/csv/urn-mavedb-00000733-a-1.scores.csv
urn:mavedb:00000734-a-1	-1.019757946836235	0.34838774697179903	0	mad90_all_variants	/paedyl01/disk1/yangyxt/public_data/VEP_plugins_caches/MaveDB/csv/urn-mavedb-00000734-a-1.scores.csv
urn:mavedb:00000735-a-1	-0.5708184612538538	0.27266661422758776	0	mad90_all_variants	/paedyl01/disk1/yangyxt/public_data/VEP_plugins_caches/MaveDB/csv/urn-mavedb-00000735-a-1.scores.csv
urn:mavedb:00000736-a-1	-0.6275681640485382	0.26501173242153025	0	mad90_all_variants	/paedyl01/disk1/yangyxt/public_data/VEP_plugins_caches/MaveDB/csv/urn-mavedb-00000736-a-1.scores.csv
urn:mavedb:00000737-a-1	-0.8042173779634292	0.35289251583641623	0	mad90_all_variants	/paedyl01/disk1/yangyxt/public_data/VEP_plugins_caches/MaveDB/csv/urn-mavedb-00000737-a-1.scores.csv
urn:mavedb:00000738-a-1	-0.7111918712719958	0.2855426944903898	0	mad90_all_variants	/paedyl01/disk1/yangyxt/public_data/VEP_plugins_caches/MaveDB/csv/urn-mavedb-00000738-a-1.scores.csv
urn:mavedb:00000739-a-1	-0.6488411547198165	0.5175703331888477	0	mad90_all_variants	/paedyl01/disk1/yangyxt/public_data/VEP_plugins_caches/MaveDB/csv/urn-mavedb-00000739-a-1.scores.csv
urn:mavedb:00000740-a-1	-0.7804075456078584	0.30097068118517234	0	mad90_all_variants	/paedyl01/disk1/yangyxt/public_data/VEP_plugins_caches/MaveDB/csv/urn-mavedb-00000740-a-1.scores.csv
urn:mavedb:00000741-a-1	-1.4073429139598883	0.31952836585888633	0	mad90_all_variants	/paedyl01/disk1/yangyxt/public_data/VEP_plugins_caches/MaveDB/csv/urn-mavedb-00000741-a-1.scores.csv
urn:mavedb:00000742-a-1	-0.9522568625875216	0.35849669202005363	0	mad90_all_variants	/paedyl01/disk1/yangyxt/public_data/VEP_plugins_caches/MaveDB/csv/urn-mavedb-00000742-a-1.scores.csv
urn:mavedb:00000743-a-1	-0.33339405913353143	0.3416516248220693	0	mad90_all_variants	/paedyl01/disk1/yangyxt/public_data/VEP_plugins_caches/MaveDB/csv/urn-mavedb-00000743-a-1.scores.csv
urn:mavedb:00000744-a-1	-0.27219229615832363	0.1440402710324572	0	mad90_all_variants	/paedyl01/disk1/yangyxt/public_data/VEP_plugins_caches/MaveDB/csv/urn-mavedb-00000744-a-1.scores.csv
urn:mavedb:00000745-a-1	-1.0797270297604527	0.3250072438231846	0	mad90_all_variants	/paedyl01/disk1/yangyxt/public_data/VEP_plugins_caches/MaveDB/csv/urn-mavedb-00000745-a-1.scores.csv
urn:mavedb:00000746-a-1	-0.31535748299388755	0.1756146469654397	0	mad90_all_variants	/paedyl01/disk1/yangyxt/public_data/VEP_plugins_caches/MaveDB/csv/urn-mavedb-00000746-a-1.scores.csv
urn:mavedb:00000747-a-1	-0.28175266563789425	0.19498844217328606	0	mad90_all_variants	/paedyl01/disk1/yangyxt/public_data/VEP_plugins_caches/MaveDB/csv/urn-mavedb-00000747-a-1.scores.csv
urn:mavedb:00000748-a-1	-0.2414047249122332	0.17031414976913867	0	mad90_all_variants	/paedyl01/disk1/yangyxt/public_data/VEP_plugins_caches/MaveDB/csv/urn-mavedb-00000748-a-1.scores.csv
urn:mavedb:00000749-a-1	-0.5296859559588197	0.25600053367683273	0	mad90_all_variants	/paedyl01/disk1/yangyxt/public_data/VEP_plugins_caches/MaveDB/csv/urn-mavedb-00000749-a-1.scores.csv
urn:mavedb:00000750-a-1	-0.16851901663922558	0.04119052284551521	0	mad90_all_variants	/paedyl01/disk1/yangyxt/public_data/VEP_plugins_caches/MaveDB/csv/urn-mavedb-00000750-a-1.scores.csv
urn:mavedb:00000751-a-1	-0.8812642296800606	0.33941703372272447	0	mad90_all_variants	/paedyl01/disk1/yangyxt/public_data/VEP_plugins_caches/MaveDB/csv/urn-mavedb-00000751-a-1.scores.csv
urn:mavedb:00000752-a-1	-0.5251597767560298	0.1913806522011898	0	mad90_all_variants	/paedyl01/disk1/yangyxt/public_data/VEP_plugins_caches/MaveDB/csv/urn-mavedb-00000752-a-1.scores.csv
urn:mavedb:00000753-a-1	-0.4290380145633378	0.16355941442605781	0	mad90_all_variants	/paedyl01/disk1/yangyxt/public_data/VEP_plugins_caches/MaveDB/csv/urn-mavedb-00000753-a-1.scores.csv
urn:mavedb:00000754-a-1	-0.22822277525193893	0.09817115212985453	0	mad90_all_variants	/paedyl01/disk1/yangyxt/public_data/VEP_plugins_caches/MaveDB/csv/urn-mavedb-00000754-a-1.scores.csv
urn:mavedb:00000755-a-1	-0.6033212218198594	0.3040778804053074	0	mad90_all_variants	/paedyl01/disk1/yangyxt/public_data/VEP_plugins_caches/MaveDB/csv/urn-mavedb-00000755-a-1.scores.csv
urn:mavedb:00000756-a-1	-1.10443691561344	0.2562497017594559	0	mad90_all_variants	/paedyl01/disk1/yangyxt/public_data/VEP_plugins_caches/MaveDB/csv/urn-mavedb-00000756-a-1.scores.csv
urn:mavedb:00000757-a-1	-0.7445243789717535	0.3736153756335625	0	mad90_all_variants	/paedyl01/disk1/yangyxt/public_data/VEP_plugins_caches/MaveDB/csv/urn-mavedb-00000757-a-1.scores.csv
urn:mavedb:00000758-a-1	-0.49898010151691075	0.1635301594381047	0	mad90_all_variants	/paedyl01/disk1/yangyxt/public_data/VEP_plugins_caches/MaveDB/csv/urn-mavedb-00000758-a-1.scores.csv
urn:mavedb:00000759-a-1	-0.6866417769984532	0.2857941155984641	0	mad90_all_variants	/paedyl01/disk1/yangyxt/public_data/VEP_plugins_caches/MaveDB/csv/urn-mavedb-00000759-a-1.scores.csv
urn:mavedb:00000760-a-1	-0.8191400415448391	0.42379510269812903	0	mad90_all_variants	/paedyl01/disk1/yangyxt/public_data/VEP_plugins_caches/MaveDB/csv/urn-mavedb-00000760-a-1.scores.csv
urn:mavedb:00000761-a-1	-0.4860130258261016	0.1607939649675436	0	mad90_all_variants	/paedyl01/disk1/yangyxt/public_data/VEP_plugins_caches/MaveDB/csv/urn-mavedb-00000761-a-1.scores.csv
urn:mavedb:00000762-a-1	-0.713551098238155	0.29027767510311503	0	mad90_all_variants	/paedyl01/disk1/yangyxt/public_data/VEP_plugins_caches/MaveDB/csv/urn-mavedb-00000762-a-1.scores.csv
urn:mavedb:00000763-a-1	-0.6638576449264798	0.2329207772390038	0	mad90_all_variants	/paedyl01/disk1/yangyxt/public_data/VEP_plugins_caches/MaveDB/csv/urn-mavedb-00000763-a-1.scores.csv
urn:mavedb:00000764-a-1	-0.7575702312514736	0.3655766900758406	0	mad90_all_variants	/paedyl01/disk1/yangyxt/public_data/VEP_plugins_caches/MaveDB/csv/urn-mavedb-00000764-a-1.scores.csv
urn:mavedb:00000765-a-1	-0.47672041876724136	0.2971488861792939	0	mad90_all_variants	/paedyl01/disk1/yangyxt/public_data/VEP_plugins_caches/MaveDB/csv/urn-mavedb-00000765-a-1.scores.csv
urn:mavedb:00000766-a-1	-1.137560385578399	0.32941721696093085	0	mad90_all_variants	/paedyl01/disk1/yangyxt/public_data/VEP_plugins_caches/MaveDB/csv/urn-mavedb-00000766-a-1.scores.csv
urn:mavedb:00000767-a-1	-0.23203523061267312	0.08704371752358192	0	mad90_all_variants	/paedyl01/disk1/yangyxt/public_data/VEP_plugins_caches/MaveDB/csv/urn-mavedb-00000767-a-1.scores.csv
urn:mavedb:00000768-a-1	-0.9106885962936213	0.4990462486698953	0	mad90_all_variants	/paedyl01/disk1/yangyxt/public_data/VEP_plugins_caches/MaveDB/csv/urn-mavedb-00000768-a-1.scores.csv
urn:mavedb:00000769-a-1	-0.24369663784850984	0.13373492317201843	0	mad90_all_variants	/paedyl01/disk1/yangyxt/public_data/VEP_plugins_caches/MaveDB/csv/urn-mavedb-00000769-a-1.scores.csv
urn:mavedb:00000770-a-1	-0.24730011510953215	0.09009912197720273	0	mad90_all_variants	/paedyl01/disk1/yangyxt/public_data/VEP_plugins_caches/MaveDB/csv/urn-mavedb-00000770-a-1.scores.csv
urn:mavedb:00000771-a-1	-1.0999890663818936	0.23659568904224348	0	mad90_all_variants	/paedyl01/disk1/yangyxt/public_data/VEP_plugins_caches/MaveDB/csv/urn-mavedb-00000771-a-1.scores.csv
urn:mavedb:00000772-a-1	-0.8330641124954902	0.21742126550017826	0	mad90_all_variants	/paedyl01/disk1/yangyxt/public_data/VEP_plugins_caches/MaveDB/csv/urn-mavedb-00000772-a-1.scores.csv
urn:mavedb:00000773-a-1	-0.5206561543596575	0.17904168344402543	0	mad90_all_variants	/paedyl01/disk1/yangyxt/public_data/VEP_plugins_caches/MaveDB/csv/urn-mavedb-00000773-a-1.scores.csv
urn:mavedb:00000774-a-1	-0.6172140189563768	0.1882782381831289	0	mad90_all_variants	/paedyl01/disk1/yangyxt/public_data/VEP_plugins_caches/MaveDB/csv/urn-mavedb-00000774-a-1.scores.csv
urn:mavedb:00000775-a-1	-0.48222836455022944	0.3367132033269926	0	mad90_all_variants	/paedyl01/disk1/yangyxt/public_data/VEP_plugins_caches/MaveDB/csv/urn-mavedb-00000775-a-1.scores.csv
urn:mavedb:00000776-a-1	-0.6924223842265034	0.1601414123916644	0	mad90_all_variants	/paedyl01/disk1/yangyxt/public_data/VEP_plugins_caches/MaveDB/csv/urn-mavedb-00000776-a-1.scores.csv
urn:mavedb:00000777-a-1	-0.7579259226747082	0.3047830876723822	0	mad90_all_variants	/paedyl01/disk1/yangyxt/public_data/VEP_plugins_caches/MaveDB/csv/urn-mavedb-00000777-a-1.scores.csv
urn:mavedb:00000778-a-1	-0.7118090350009411	0.21421275071192103	0	mad90_all_variants	/paedyl01/disk1/yangyxt/public_data/VEP_plugins_caches/MaveDB/csv/urn-mavedb-00000778-a-1.scores.csv
urn:mavedb:00000779-a-1	-0.8299358255413248	0.3225466423282978	0	mad90_all_variants	/paedyl01/disk1/yangyxt/public_data/VEP_plugins_caches/MaveDB/csv/urn-mavedb-00000779-a-1.scores.csv
urn:mavedb:00000780-a-1	-0.7839755803452345	0.22106172638794053	0	mad90_all_variants	/paedyl01/disk1/yangyxt/public_data/VEP_plugins_caches/MaveDB/csv/urn-mavedb-00000780-a-1.scores.csv
urn:mavedb:00000781-a-1	-0.8099750547711448	0.16371090522713289	0	mad90_all_variants	/paedyl01/disk1/yangyxt/public_data/VEP_plugins_caches/MaveDB/csv/urn-mavedb-00000781-a-1.scores.csv
urn:mavedb:00000782-a-1	-1.0996232897800207	0.26775420956595464	0	mad90_all_variants	/paedyl01/disk1/yangyxt/public_data/VEP_plugins_caches/MaveDB/csv/urn-mavedb-00000782-a-1.scores.csv
urn:mavedb:00000783-a-1	-1.1493747020489247	0.3533768201586348	0	mad90_all_variants	/paedyl01/disk1/yangyxt/public_data/VEP_plugins_caches/MaveDB/csv/urn-mavedb-00000783-a-1.scores.csv
urn:mavedb:00000784-a-1	-1.0819729409570742	0.2365243886139981	0	mad90_all_variants	/paedyl01/disk1/yangyxt/public_data/VEP_plugins_caches/MaveDB/csv/urn-mavedb-00000784-a-1.scores.csv
urn:mavedb:00000785-a-1	-1.1244808685388692	0.17833367837506514	0	mad90_all_variants	/paedyl01/disk1/yangyxt/public_data/VEP_plugins_caches/MaveDB/csv/urn-mavedb-00000785-a-1.scores.csv
urn:mavedb:00000786-a-1	-0.3250525623346287	0.14999121849787128	0	mad90_all_variants	/paedyl01/disk1/yangyxt/public_data/VEP_plugins_caches/MaveDB/csv/urn-mavedb-00000786-a-1.scores.csv
urn:mavedb:00000787-a-1	-0.6049691398680364	0.3120484245815444	0	mad90_all_variants	/paedyl01/disk1/yangyxt/public_data/VEP_plugins_caches/MaveDB/csv/urn-mavedb-00000787-a-1.scores.csv
urn:mavedb:00000788-a-1	-1.0291226270106009	0.45516015950488276	0	mad90_all_variants	/paedyl01/disk1/yangyxt/public_data/VEP_plugins_caches/MaveDB/csv/urn-mavedb-00000788-a-1.scores.csv
urn:mavedb:00000789-a-1	-0.4886586157527921	0.3446796450893549	0	mad90_all_variants	/paedyl01/disk1/yangyxt/public_data/VEP_plugins_caches/MaveDB/csv/urn-mavedb-00000789-a-1.scores.csv
urn:mavedb:00000790-a-1	-1.152337211347938	0.279285204771408	0	mad90_all_variants	/paedyl01/disk1/yangyxt/public_data/VEP_plugins_caches/MaveDB/csv/urn-mavedb-00000790-a-1.scores.csv
urn:mavedb:00000791-a-1	-0.35447937288703696	0.13681085740292992	0	mad90_all_variants	/paedyl01/disk1/yangyxt/public_data/VEP_plugins_caches/MaveDB/csv/urn-mavedb-00000791-a-1.scores.csv
urn:mavedb:00000792-a-1	-0.9813258117254693	0.4562363475727092	0	mad90_all_variants	/paedyl01/disk1/yangyxt/public_data/VEP_plugins_caches/MaveDB/csv/urn-mavedb-00000792-a-1.scores.csv
urn:mavedb:00000793-a-1	-0.5202214963173457	0.24413213038085863	0	mad90_all_variants	/paedyl01/disk1/yangyxt/public_data/VEP_plugins_caches/MaveDB/csv/urn-mavedb-00000793-a-1.scores.csv
urn:mavedb:00000794-a-1	-0.8740635018017685	0.4884323935752545	0	mad90_all_variants	/paedyl01/disk1/yangyxt/public_data/VEP_plugins_caches/MaveDB/csv/urn-mavedb-00000794-a-1.scores.csv
urn:mavedb:00000795-a-1	-0.7275320853521299	0.2343531820459489	0	mad90_all_variants	/paedyl01/disk1/yangyxt/public_data/VEP_plugins_caches/MaveDB/csv/urn-mavedb-00000795-a-1.scores.csv
urn:mavedb:00000796-a-1	-0.6515929447269986	0.22868476878457755	0	mad90_all_variants	/paedyl01/disk1/yangyxt/public_data/VEP_plugins_caches/MaveDB/csv/urn-mavedb-00000796-a-1.scores.csv
urn:mavedb:00000797-a-1	-0.45779744733612315	0.22746245993546713	0	mad90_all_variants	/paedyl01/disk1/yangyxt/public_data/VEP_plugins_caches/MaveDB/csv/urn-mavedb-00000797-a-1.scores.csv
urn:mavedb:00000798-a-1	-0.7532297699326074	0.3165283570491814	0	mad90_all_variants	/paedyl01/disk1/yangyxt/public_data/VEP_plugins_caches/MaveDB/csv/urn-mavedb-00000798-a-1.scores.csv
urn:mavedb:00000799-a-1	-0.4368021339135483	0.21935717114887623	0	mad90_all_variants	/paedyl01/disk1/yangyxt/public_data/VEP_plugins_caches/MaveDB/csv/urn-mavedb-00000799-a-1.scores.csv
urn:mavedb:00000800-a-1	-0.959282479930404	0.3234849184060071	0	mad90_all_variants	/paedyl01/disk1/yangyxt/public_data/VEP_plugins_caches/MaveDB/csv/urn-mavedb-00000800-a-1.scores.csv
urn:mavedb:00000801-a-1	-0.8287004925697294	0.3683585587199935	0	mad90_all_variants	/paedyl01/disk1/yangyxt/public_data/VEP_plugins_caches/MaveDB/csv/urn-mavedb-00000801-a-1.scores.csv
urn:mavedb:00000802-a-1	-0.6578862968899369	0.25338340353494493	0	mad90_all_variants	/paedyl01/disk1/yangyxt/public_data/VEP_plugins_caches/MaveDB/csv/urn-mavedb-00000802-a-1.scores.csv
urn:mavedb:00000803-a-1	-0.6179726591655961	0.296254097748524	0	mad90_all_variants	/paedyl01/disk1/yangyxt/public_data/VEP_plugins_caches/MaveDB/csv/urn-mavedb-00000803-a-1.scores.csv
urn:mavedb:00000804-a-1	-0.8502130253775295	0.3416090791653756	0	mad90_all_variants	/paedyl01/disk1/yangyxt/public_data/VEP_plugins_caches/MaveDB/csv/urn-mavedb-00000804-a-1.scores.csv
urn:mavedb:00000805-a-1	-0.9024047010537777	0.3291165644905007	0	mad90_all_variants	/paedyl01/disk1/yangyxt/public_data/VEP_plugins_caches/MaveDB/csv/urn-mavedb-00000805-a-1.scores.csv
urn:mavedb:00000806-a-1	-0.4538899244366408	0.2682758852988282	0	mad90_all_variants	/paedyl01/disk1/yangyxt/public_data/VEP_plugins_caches/MaveDB/csv/urn-mavedb-00000806-a-1.scores.csv
urn:mavedb:00000807-a-1	-0.8249760032176834	0.34142936150598735	0	mad90_all_variants	/paedyl01/disk1/yangyxt/public_data/VEP_plugins_caches/MaveDB/csv/urn-mavedb-00000807-a-1.scores.csv
urn:mavedb:00000808-a-1	-0.7513372066709048	0.5365835402892039	0	mad90_all_variants	/paedyl01/disk1/yangyxt/public_data/VEP_plugins_caches/MaveDB/csv/urn-mavedb-00000808-a-1.scores.csv
urn:mavedb:00000809-a-1	-0.48991621416552883	0.26019991385035485	0	mad90_all_variants	/paedyl01/disk1/yangyxt/public_data/VEP_plugins_caches/MaveDB/csv/urn-mavedb-00000809-a-1.scores.csv
urn:mavedb:00000810-a-1	-0.4274409783411063	0.2442255230178202	0	mad90_all_variants	/paedyl01/disk1/yangyxt/public_data/VEP_plugins_caches/MaveDB/csv/urn-mavedb-00000810-a-1.scores.csv
urn:mavedb:00000811-a-1	-0.6940749724539772	0.21292313814292924	0	mad90_all_variants	/paedyl01/disk1/yangyxt/public_data/VEP_plugins_caches/MaveDB/csv/urn-mavedb-00000811-a-1.scores.csv
urn:mavedb:00000812-a-1	-0.5977432990458769	0.27113344190785593	0	mad90_all_variants	/paedyl01/disk1/yangyxt/public_data/VEP_plugins_caches/MaveDB/csv/urn-mavedb-00000812-a-1.scores.csv
urn:mavedb:00000813-a-1	-0.7454652362561114	0.3564961283642114	0	mad90_all_variants	/paedyl01/disk1/yangyxt/public_data/VEP_plugins_caches/MaveDB/csv/urn-mavedb-00000813-a-1.scores.csv
urn:mavedb:00000814-a-1	-0.6940574162725461	0.3573559093513561	0	mad90_all_variants	/paedyl01/disk1/yangyxt/public_data/VEP_plugins_caches/MaveDB/csv/urn-mavedb-00000814-a-1.scores.csv
urn:mavedb:00000815-a-1	-0.3648836346610871	0.2042175251404409	0	mad90_all_variants	/paedyl01/disk1/yangyxt/public_data/VEP_plugins_caches/MaveDB/csv/urn-mavedb-00000815-a-1.scores.csv
urn:mavedb:00000816-a-1	-0.7207363794987511	0.24024541076560013	0	mad90_all_variants	/paedyl01/disk1/yangyxt/public_data/VEP_plugins_caches/MaveDB/csv/urn-mavedb-00000816-a-1.scores.csv
urn:mavedb:00000817-a-1	-0.7833126993645125	0.29927213016358656	0	mad90_all_variants	/paedyl01/disk1/yangyxt/public_data/VEP_plugins_caches/MaveDB/csv/urn-mavedb-00000817-a-1.scores.csv
urn:mavedb:00000818-a-1	-0.7688572916536317	0.3044856234692558	0	mad90_all_variants	/paedyl01/disk1/yangyxt/public_data/VEP_plugins_caches/MaveDB/csv/urn-mavedb-00000818-a-1.scores.csv
urn:mavedb:00000819-a-1	-0.4264909319954531	0.15875456253529913	0	mad90_all_variants	/paedyl01/disk1/yangyxt/public_data/VEP_plugins_caches/MaveDB/csv/urn-mavedb-00000819-a-1.scores.csv
urn:mavedb:00000820-a-1	-0.2841734442192161	0.11147520816932047	0	mad90_all_variants	/paedyl01/disk1/yangyxt/public_data/VEP_plugins_caches/MaveDB/csv/urn-mavedb-00000820-a-1.scores.csv
urn:mavedb:00000821-a-1	-0.22401190711827812	0.06932500610104474	0	mad90_all_variants	/paedyl01/disk1/yangyxt/public_data/VEP_plugins_caches/MaveDB/csv/urn-mavedb-00000821-a-1.scores.csv
urn:mavedb:00000822-a-1	-0.2746023992392652	0.0810398272257851	0	mad90_all_variants	/paedyl01/disk1/yangyxt/public_data/VEP_plugins_caches/MaveDB/csv/urn-mavedb-00000822-a-1.scores.csv
urn:mavedb:00000823-a-1	-0.2741805267151688	0.1298086411948957	0	mad90_all_variants	/paedyl01/disk1/yangyxt/public_data/VEP_plugins_caches/MaveDB/csv/urn-mavedb-00000823-a-1.scores.csv
urn:mavedb:00000824-a-1	-0.595403016782404	0.21956610615351796	0	mad90_all_variants	/paedyl01/disk1/yangyxt/public_data/VEP_plugins_caches/MaveDB/csv/urn-mavedb-00000824-a-1.scores.csv
urn:mavedb:00000825-a-1	-1.1742911874258495	0.4371407874665134	0	mad90_all_variants	/paedyl01/disk1/yangyxt/public_data/VEP_plugins_caches/MaveDB/csv/urn-mavedb-00000825-a-1.scores.csv
urn:mavedb:00000826-a-1	-0.5274235232192134	0.3614042312948671	0	mad90_all_variants	/paedyl01/disk1/yangyxt/public_data/VEP_plugins_caches/MaveDB/csv/urn-mavedb-00000826-a-1.scores.csv
urn:mavedb:00000827-a-1	-0.8546334371952612	0.40666094155648713	0	mad90_all_variants	/paedyl01/disk1/yangyxt/public_data/VEP_plugins_caches/MaveDB/csv/urn-mavedb-00000827-a-1.scores.csv
urn:mavedb:00000828-a-1	-0.8348399102736014	0.3551890534052634	0	mad90_all_variants	/paedyl01/disk1/yangyxt/public_data/VEP_plugins_caches/MaveDB/csv/urn-mavedb-00000828-a-1.scores.csv
urn:mavedb:00000829-a-1	-0.7562346807352021	0.308068465596328	0	mad90_all_variants	/paedyl01/disk1/yangyxt/public_data/VEP_plugins_caches/MaveDB/csv/urn-mavedb-00000829-a-1.scores.csv
urn:mavedb:00000830-a-1	-0.8648510485780281	0.4420005189578351	0	mad90_all_variants	/paedyl01/disk1/yangyxt/public_data/VEP_plugins_caches/MaveDB/csv/urn-mavedb-00000830-a-1.scores.csv
urn:mavedb:00000831-a-1	-0.8133987372549182	0.39239965729948223	0	mad90_all_variants	/paedyl01/disk1/yangyxt/public_data/VEP_plugins_caches/MaveDB/csv/urn-mavedb-00000831-a-1.scores.csv
urn:mavedb:00000832-a-1	-0.7817969642158383	0.39755212306770227	0	mad90_all_variants	/paedyl01/disk1/yangyxt/public_data/VEP_plugins_caches/MaveDB/csv/urn-mavedb-00000832-a-1.scores.csv
urn:mavedb:00000833-a-1	-0.8358199623553132	0.19766052141037915	0	mad90_all_variants	/paedyl01/disk1/yangyxt/public_data/VEP_plugins_caches/MaveDB/csv/urn-mavedb-00000833-a-1.scores.csv
urn:mavedb:00000834-a-1	-0.9215053530084149	0.2500743236259638	0	mad90_all_variants	/paedyl01/disk1/yangyxt/public_data/VEP_plugins_caches/MaveDB/csv/urn-mavedb-00000834-a-1.scores.csv
urn:mavedb:00000835-a-1	-0.624148096751947	0.24803871439040098	0	mad90_all_variants	/paedyl01/disk1/yangyxt/public_data/VEP_plugins_caches/MaveDB/csv/urn-mavedb-00000835-a-1.scores.csv
urn:mavedb:00000836-a-1	-0.8598590998143733	0.3851257237098692	0	mad90_all_variants	/paedyl01/disk1/yangyxt/public_data/VEP_plugins_caches/MaveDB/csv/urn-mavedb-00000836-a-1.scores.csv
urn:mavedb:00000837-a-1	-1.0767262533866	0.3070977793022391	0	mad90_all_variants	/paedyl01/disk1/yangyxt/public_data/VEP_plugins_caches/MaveDB/csv/urn-mavedb-00000837-a-1.scores.csv
urn:mavedb:00000838-a-1	-1.0128948847873547	0.23834317717046882	0	mad90_all_variants	/paedyl01/disk1/yangyxt/public_data/VEP_plugins_caches/MaveDB/csv/urn-mavedb-00000838-a-1.scores.csv
urn:mavedb:00000839-a-1	-1.293314740984048	0.48878201546077904	0	mad90_all_variants	/paedyl01/disk1/yangyxt/public_data/VEP_plugins_caches/MaveDB/csv/urn-mavedb-00000839-a-1.scores.csv
urn:mavedb:00000840-a-1	-0.45858268164343724	0.1277978056808003	0	mad90_all_variants	/paedyl01/disk1/yangyxt/public_data/VEP_plugins_caches/MaveDB/csv/urn-mavedb-00000840-a-1.scores.csv
urn:mavedb:00000841-a-1	-0.5732903137799219	0.23146371004834093	0	mad90_all_variants	/paedyl01/disk1/yangyxt/public_data/VEP_plugins_caches/MaveDB/csv/urn-mavedb-00000841-a-1.scores.csv
urn:mavedb:00000842-a-1	-0.6313258249489988	0.3599834670150648	0	mad90_all_variants	/paedyl01/disk1/yangyxt/public_data/VEP_plugins_caches/MaveDB/csv/urn-mavedb-00000842-a-1.scores.csv
urn:mavedb:00000843-a-1	-0.5201024811795331	0.23529143131748306	0	mad90_all_variants	/paedyl01/disk1/yangyxt/public_data/VEP_plugins_caches/MaveDB/csv/urn-mavedb-00000843-a-1.scores.csv
urn:mavedb:00000844-a-1	-0.4507548032031239	0.1311587247943999	0	mad90_all_variants	/paedyl01/disk1/yangyxt/public_data/VEP_plugins_caches/MaveDB/csv/urn-mavedb-00000844-a-1.scores.csv
urn:mavedb:00000845-a-1	-0.6913077226076719	0.33944135667889797	0	mad90_all_variants	/paedyl01/disk1/yangyxt/public_data/VEP_plugins_caches/MaveDB/csv/urn-mavedb-00000845-a-1.scores.csv
urn:mavedb:00000846-a-1	-0.9659150452214351	0.3201397382053452	0	mad90_all_variants	/paedyl01/disk1/yangyxt/public_data/VEP_plugins_caches/MaveDB/csv/urn-mavedb-00000846-a-1.scores.csv
urn:mavedb:00000847-a-1	-1.0244581366051422	0.4433029972200022	0	mad90_all_variants	/paedyl01/disk1/yangyxt/public_data/VEP_plugins_caches/MaveDB/csv/urn-mavedb-00000847-a-1.scores.csv
urn:mavedb:00000848-a-1	-0.8170714207370389	0.2650850766504369	0	mad90_all_variants	/paedyl01/disk1/yangyxt/public_data/VEP_plugins_caches/MaveDB/csv/urn-mavedb-00000848-a-1.scores.csv
urn:mavedb:00000849-a-1	-0.2717985905085356	0.16002549616221404	0	mad90_all_variants	/paedyl01/disk1/yangyxt/public_data/VEP_plugins_caches/MaveDB/csv/urn-mavedb-00000849-a-1.scores.csv
urn:mavedb:00000850-a-1	-0.6733242188288814	0.3597148639245654	0	mad90_all_variants	/paedyl01/disk1/yangyxt/public_data/VEP_plugins_caches/MaveDB/csv/urn-mavedb-00000850-a-1.scores.csv
urn:mavedb:00000851-a-1	-0.7453020718805172	0.2493701035427042	0	mad90_all_variants	/paedyl01/disk1/yangyxt/public_data/VEP_plugins_caches/MaveDB/csv/urn-mavedb-00000851-a-1.scores.csv
urn:mavedb:00000852-a-1	-0.7359747104672335	0.2543799942560595	0	mad90_all_variants	/paedyl01/disk1/yangyxt/public_data/VEP_plugins_caches/MaveDB/csv/urn-mavedb-00000852-a-1.scores.csv
urn:mavedb:00000853-a-1	-1.2105575874363943	0.31284243721973637	0	mad90_all_variants	/paedyl01/disk1/yangyxt/public_data/VEP_plugins_caches/MaveDB/csv/urn-mavedb-00000853-a-1.scores.csv
urn:mavedb:00000854-a-1	-0.5178585526215025	0.22257410533912247	0	mad90_all_variants	/paedyl01/disk1/yangyxt/public_data/VEP_plugins_caches/MaveDB/csv/urn-mavedb-00000854-a-1.scores.csv
urn:mavedb:00000855-a-1	-0.38598728129632986	0.1781249632546019	0	mad90_all_variants	/paedyl01/disk1/yangyxt/public_data/VEP_plugins_caches/MaveDB/csv/urn-mavedb-00000855-a-1.scores.csv
urn:mavedb:00000856-a-1	-0.6352871322359582	0.18540070885139417	0	mad90_all_variants	/paedyl01/disk1/yangyxt/public_data/VEP_plugins_caches/MaveDB/csv/urn-mavedb-00000856-a-1.scores.csv
urn:mavedb:00000857-a-1	-0.5967195277586568	0.24049842050740183	0	mad90_all_variants	/paedyl01/disk1/yangyxt/public_data/VEP_plugins_caches/MaveDB/csv/urn-mavedb-00000857-a-1.scores.csv
urn:mavedb:00000858-a-1	-0.46776887600942735	0.19807269598460936	0	mad90_all_variants	/paedyl01/disk1/yangyxt/public_data/VEP_plugins_caches/MaveDB/csv/urn-mavedb-00000858-a-1.scores.csv
urn:mavedb:00000859-a-1	-0.8294660422438215	0.27679985988251843	0	mad90_all_variants	/paedyl01/disk1/yangyxt/public_data/VEP_plugins_caches/MaveDB/csv/urn-mavedb-00000859-a-1.scores.csv
urn:mavedb:00000860-a-1	-0.59274465793479	0.179126147655604	0	mad90_all_variants	/paedyl01/disk1/yangyxt/public_data/VEP_plugins_caches/MaveDB/csv/urn-mavedb-00000860-a-1.scores.csv
urn:mavedb:00000861-a-1	-0.8294660422438215	0.27679985988251843	0	mad90_all_variants	/paedyl01/disk1/yangyxt/public_data/VEP_plugins_caches/MaveDB/csv/urn-mavedb-00000861-a-1.scores.csv
urn:mavedb:00000862-a-1	-1.1914951996651821	0.24303914869741106	0	mad90_all_variants	/paedyl01/disk1/yangyxt/public_data/VEP_plugins_caches/MaveDB/csv/urn-mavedb-00000862-a-1.scores.csv
urn:mavedb:00000863-a-1	-0.3069678546103819	0.10923189726393287	0	mad90_all_variants	/paedyl01/disk1/yangyxt/public_data/VEP_plugins_caches/MaveDB/csv/urn-mavedb-00000863-a-1.scores.csv
urn:mavedb:00000864-a-1	-0.3868612246606725	0.0803030077276485	0	mad90_all_variants	/paedyl01/disk1/yangyxt/public_data/VEP_plugins_caches/MaveDB/csv/urn-mavedb-00000864-a-1.scores.csv
urn:mavedb:00000865-a-1	-0.5407372750765312	0.13645999599649525	0	mad90_all_variants	/paedyl01/disk1/yangyxt/public_data/VEP_plugins_caches/MaveDB/csv/urn-mavedb-00000865-a-1.scores.csv
urn:mavedb:00000866-a-1	-0.5701052123886079	0.23052221410348692	0	mad90_all_variants	/paedyl01/disk1/yangyxt/public_data/VEP_plugins_caches/MaveDB/csv/urn-mavedb-00000866-a-1.scores.csv
urn:mavedb:00000867-a-1	-1.0813698422932987	0.3468630525741827	0	mad90_all_variants	/paedyl01/disk1/yangyxt/public_data/VEP_plugins_caches/MaveDB/csv/urn-mavedb-00000867-a-1.scores.csv
urn:mavedb:00000868-a-1	-0.7244857650432647	0.3525936321694686	0	mad90_all_variants	/paedyl01/disk1/yangyxt/public_data/VEP_plugins_caches/MaveDB/csv/urn-mavedb-00000868-a-1.scores.csv
urn:mavedb:00000869-a-1	-0.6863646416838993	0.31958679568674425	0	mad90_all_variants	/paedyl01/disk1/yangyxt/public_data/VEP_plugins_caches/MaveDB/csv/urn-mavedb-00000869-a-1.scores.csv
urn:mavedb:00000870-a-1	-0.5446416093589223	0.22107777717505425	0	mad90_all_variants	/paedyl01/disk1/yangyxt/public_data/VEP_plugins_caches/MaveDB/csv/urn-mavedb-00000870-a-1.scores.csv
urn:mavedb:00000871-a-1	-0.8372331140116225	0.48683355316001453	0	mad90_all_variants	/paedyl01/disk1/yangyxt/public_data/VEP_plugins_caches/MaveDB/csv/urn-mavedb-00000871-a-1.scores.csv
urn:mavedb:00000872-a-1	-0.8902702222454559	0.47088159741916397	0	mad90_all_variants	/paedyl01/disk1/yangyxt/public_data/VEP_plugins_caches/MaveDB/csv/urn-mavedb-00000872-a-1.scores.csv
urn:mavedb:00000873-a-1	-1.0613118807888962	0.3199204192596581	0	mad90_all_variants	/paedyl01/disk1/yangyxt/public_data/VEP_plugins_caches/MaveDB/csv/urn-mavedb-00000873-a-1.scores.csv
urn:mavedb:00000874-a-1	-0.7150304692210017	0.25745088116722076	0	mad90_all_variants	/paedyl01/disk1/yangyxt/public_data/VEP_plugins_caches/MaveDB/csv/urn-mavedb-00000874-a-1.scores.csv
urn:mavedb:00000875-a-1	-0.9648110661816369	0.31591304035605794	0	mad90_all_variants	/paedyl01/disk1/yangyxt/public_data/VEP_plugins_caches/MaveDB/csv/urn-mavedb-00000875-a-1.scores.csv
urn:mavedb:00000876-a-1	-0.8512985371271474	0.29447518575617837	0	mad90_all_variants	/paedyl01/disk1/yangyxt/public_data/VEP_plugins_caches/MaveDB/csv/urn-mavedb-00000876-a-1.scores.csv
urn:mavedb:00000877-a-1	-0.47934524333472406	0.19776169865638804	0	mad90_all_variants	/paedyl01/disk1/yangyxt/public_data/VEP_plugins_caches/MaveDB/csv/urn-mavedb-00000877-a-1.scores.csv
urn:mavedb:00000878-a-1	-0.2616211127002908	0.11372235916158119	0	mad90_all_variants	/paedyl01/disk1/yangyxt/public_data/VEP_plugins_caches/MaveDB/csv/urn-mavedb-00000878-a-1.scores.csv
urn:mavedb:00000879-a-1	-0.6663796276565639	0.29053644256721783	0	mad90_all_variants	/paedyl01/disk1/yangyxt/public_data/VEP_plugins_caches/MaveDB/csv/urn-mavedb-00000879-a-1.scores.csv
urn:mavedb:00000880-a-1	-1.0359371708313283	0.38535838374245834	0	mad90_all_variants	/paedyl01/disk1/yangyxt/public_data/VEP_plugins_caches/MaveDB/csv/urn-mavedb-00000880-a-1.scores.csv
urn:mavedb:00000881-a-1	-0.8072039758428027	0.33975306985814263	0	mad90_all_variants	/paedyl01/disk1/yangyxt/public_data/VEP_plugins_caches/MaveDB/csv/urn-mavedb-00000881-a-1.scores.csv
urn:mavedb:00000882-a-1	-0.5067011804429229	0.1832979259539869	0	mad90_all_variants	/paedyl01/disk1/yangyxt/public_data/VEP_plugins_caches/MaveDB/csv/urn-mavedb-00000882-a-1.scores.csv
urn:mavedb:00000883-a-1	-0.6908529118087949	0.208488303504183	0	mad90_all_variants	/paedyl01/disk1/yangyxt/public_data/VEP_plugins_caches/MaveDB/csv/urn-mavedb-00000883-a-1.scores.csv
urn:mavedb:00000884-a-1	-1.2623004638036668	0.5006022709035587	0	mad90_all_variants	/paedyl01/disk1/yangyxt/public_data/VEP_plugins_caches/MaveDB/csv/urn-mavedb-00000884-a-1.scores.csv
urn:mavedb:00000885-a-1	-0.23651601118273902	0.10644510441873123	0	mad90_all_variants	/paedyl01/disk1/yangyxt/public_data/VEP_plugins_caches/MaveDB/csv/urn-mavedb-00000885-a-1.scores.csv
urn:mavedb:00000886-a-1	-0.28551566142698515	0.11190498080450392	0	mad90_all_variants	/paedyl01/disk1/yangyxt/public_data/VEP_plugins_caches/MaveDB/csv/urn-mavedb-00000886-a-1.scores.csv
urn:mavedb:00000887-a-1	-0.7355803127066979	0.3369404848052838	0	mad90_all_variants	/paedyl01/disk1/yangyxt/public_data/VEP_plugins_caches/MaveDB/csv/urn-mavedb-00000887-a-1.scores.csv
urn:mavedb:00000888-a-1	-0.6273219860767167	0.20741895864826582	0	mad90_all_variants	/paedyl01/disk1/yangyxt/public_data/VEP_plugins_caches/MaveDB/csv/urn-mavedb-00000888-a-1.scores.csv
urn:mavedb:00000889-a-1	-0.8198973630884093	0.18320182368673332	0	mad90_all_variants	/paedyl01/disk1/yangyxt/public_data/VEP_plugins_caches/MaveDB/csv/urn-mavedb-00000889-a-1.scores.csv
urn:mavedb:00000890-a-1	-0.796057004153717	0.373578434047955	0	mad90_all_variants	/paedyl01/disk1/yangyxt/public_data/VEP_plugins_caches/MaveDB/csv/urn-mavedb-00000890-a-1.scores.csv
urn:mavedb:00000891-a-1	-1.0683079038929992	0.4555007938990972	0	mad90_all_variants	/paedyl01/disk1/yangyxt/public_data/VEP_plugins_caches/MaveDB/csv/urn-mavedb-00000891-a-1.scores.csv
urn:mavedb:00000892-a-1	-0.5997960404311762	0.22932549097281812	0	mad90_all_variants	/paedyl01/disk1/yangyxt/public_data/VEP_plugins_caches/MaveDB/csv/urn-mavedb-00000892-a-1.scores.csv
urn:mavedb:00000893-a-1	-0.6261678057881532	0.35488514158628826	0	mad90_all_variants	/paedyl01/disk1/yangyxt/public_data/VEP_plugins_caches/MaveDB/csv/urn-mavedb-00000893-a-1.scores.csv
urn:mavedb:00000894-a-1	-0.5353281620230872	0.2581276673738092	0	mad90_all_variants	/paedyl01/disk1/yangyxt/public_data/VEP_plugins_caches/MaveDB/csv/urn-mavedb-00000894-a-1.scores.csv
urn:mavedb:00000895-a-1	-1.1222393886848199	0.22391118980889269	0	mad90_all_variants	/paedyl01/disk1/yangyxt/public_data/VEP_plugins_caches/MaveDB/csv/urn-mavedb-00000895-a-1.scores.csv
urn:mavedb:00000896-a-1	-1.1351170525018803	0.2171068220620812	0	mad90_all_variants	/paedyl01/disk1/yangyxt/public_data/VEP_plugins_caches/MaveDB/csv/urn-mavedb-00000896-a-1.scores.csv
urn:mavedb:00000897-a-1	-1.1021891867275884	0.13421398136258733	0	mad90_all_variants	/paedyl01/disk1/yangyxt/public_data/VEP_plugins_caches/MaveDB/csv/urn-mavedb-00000897-a-1.scores.csv
urn:mavedb:00000898-a-1	-1.165922794689106	0.233433768171948	0	mad90_all_variants	/paedyl01/disk1/yangyxt/public_data/VEP_plugins_caches/MaveDB/csv/urn-mavedb-00000898-a-1.scores.csv
urn:mavedb:00000899-a-1	-0.6395879232227698	0.37773160143543183	0	mad90_all_variants	/paedyl01/disk1/yangyxt/public_data/VEP_plugins_caches/MaveDB/csv/urn-mavedb-00000899-a-1.scores.csv
urn:mavedb:00000900-a-1	-0.5612687358705846	0.2820980851975086	0	mad90_all_variants	/paedyl01/disk1/yangyxt/public_data/VEP_plugins_caches/MaveDB/csv/urn-mavedb-00000900-a-1.scores.csv
urn:mavedb:00000901-a-1	-0.5644623508368882	0.17708505584387618	0	mad90_all_variants	/paedyl01/disk1/yangyxt/public_data/VEP_plugins_caches/MaveDB/csv/urn-mavedb-00000901-a-1.scores.csv
urn:mavedb:00000902-a-1	-0.8614154155011311	0.3379221486403671	0	mad90_all_variants	/paedyl01/disk1/yangyxt/public_data/VEP_plugins_caches/MaveDB/csv/urn-mavedb-00000902-a-1.scores.csv
urn:mavedb:00000903-a-1	-0.9070240665597407	0.23090865324160964	0	mad90_all_variants	/paedyl01/disk1/yangyxt/public_data/VEP_plugins_caches/MaveDB/csv/urn-mavedb-00000903-a-1.scores.csv
urn:mavedb:00000904-a-1	-1.2396074055049646	0.1889615488505686	0	mad90_all_variants	/paedyl01/disk1/yangyxt/public_data/VEP_plugins_caches/MaveDB/csv/urn-mavedb-00000904-a-1.scores.csv
urn:mavedb:00000905-a-1	-1.0984515748948644	0.41809406191733933	0	mad90_all_variants	/paedyl01/disk1/yangyxt/public_data/VEP_plugins_caches/MaveDB/csv/urn-mavedb-00000905-a-1.scores.csv
urn:mavedb:00000906-a-1	-0.2909576760826704	0.16419467064671284	0	mad90_all_variants	/paedyl01/disk1/yangyxt/public_data/VEP_plugins_caches/MaveDB/csv/urn-mavedb-00000906-a-1.scores.csv
urn:mavedb:00000907-a-1	-1.189394157653041	0.477782252372223	0	mad90_all_variants	/paedyl01/disk1/yangyxt/public_data/VEP_plugins_caches/MaveDB/csv/urn-mavedb-00000907-a-1.scores.csv
urn:mavedb:00000908-a-1	-1.0211127856601236	0.3987646655356215	0	mad90_all_variants	/paedyl01/disk1/yangyxt/public_data/VEP_plugins_caches/MaveDB/csv/urn-mavedb-00000908-a-1.scores.csv
urn:mavedb:00000909-a-1	-0.6885497190454818	0.37195725862513684	0	mad90_all_variants	/paedyl01/disk1/yangyxt/public_data/VEP_plugins_caches/MaveDB/csv/urn-mavedb-00000909-a-1.scores.csv
urn:mavedb:00000910-a-1	-1.1493349051432824	0.40879493886473833	0	mad90_all_variants	/paedyl01/disk1/yangyxt/public_data/VEP_plugins_caches/MaveDB/csv/urn-mavedb-00000910-a-1.scores.csv
urn:mavedb:00000911-a-1	-0.9821293875391364	0.35305000534811937	0	mad90_all_variants	/paedyl01/disk1/yangyxt/public_data/VEP_plugins_caches/MaveDB/csv/urn-mavedb-00000911-a-1.scores.csv
urn:mavedb:00000912-a-1	-1.227822226094129	0.2989473015285909	0	mad90_all_variants	/paedyl01/disk1/yangyxt/public_data/VEP_plugins_caches/MaveDB/csv/urn-mavedb-00000912-a-1.scores.csv
urn:mavedb:00000913-a-1	-0.8637949852807896	0.3509659048276615	0	mad90_all_variants	/paedyl01/disk1/yangyxt/public_data/VEP_plugins_caches/MaveDB/csv/urn-mavedb-00000913-a-1.scores.csv
urn:mavedb:00000914-a-1	-0.9626973263195113	0.4490393394380274	0	mad90_all_variants	/paedyl01/disk1/yangyxt/public_data/VEP_plugins_caches/MaveDB/csv/urn-mavedb-00000914-a-1.scores.csv
urn:mavedb:00000915-a-1	-0.592950116630016	0.2061899746561599	0	mad90_all_variants	/paedyl01/disk1/yangyxt/public_data/VEP_plugins_caches/MaveDB/csv/urn-mavedb-00000915-a-1.scores.csv
urn:mavedb:00000916-a-1	-0.6309915428886294	0.23272634094541933	0	mad90_all_variants	/paedyl01/disk1/yangyxt/public_data/VEP_plugins_caches/MaveDB/csv/urn-mavedb-00000916-a-1.scores.csv
urn:mavedb:00000917-a-1	-0.7576186454024595	0.2296243395858255	0	mad90_all_variants	/paedyl01/disk1/yangyxt/public_data/VEP_plugins_caches/MaveDB/csv/urn-mavedb-00000917-a-1.scores.csv
urn:mavedb:00000918-a-1	-0.9792709798164599	0.350954115803367	0	mad90_all_variants	/paedyl01/disk1/yangyxt/public_data/VEP_plugins_caches/MaveDB/csv/urn-mavedb-00000918-a-1.scores.csv
urn:mavedb:00000919-a-1	-0.894668410388568	0.330554606789226	0	mad90_all_variants	/paedyl01/disk1/yangyxt/public_data/VEP_plugins_caches/MaveDB/csv/urn-mavedb-00000919-a-1.scores.csv
urn:mavedb:00000920-a-1	-0.41704465326212903	0.20780036244745703	0	mad90_all_variants	/paedyl01/disk1/yangyxt/public_data/VEP_plugins_caches/MaveDB/csv/urn-mavedb-00000920-a-1.scores.csv
urn:mavedb:00000921-a-1	-0.385816330380072	0.1861591328968374	0	mad90_all_variants	/paedyl01/disk1/yangyxt/public_data/VEP_plugins_caches/MaveDB/csv/urn-mavedb-00000921-a-1.scores.csv
urn:mavedb:00000922-a-1	-0.7689244377405385	0.2703126833020545	0	mad90_all_variants	/paedyl01/disk1/yangyxt/public_data/VEP_plugins_caches/MaveDB/csv/urn-mavedb-00000922-a-1.scores.csv
urn:mavedb:00000923-a-1	-1.0838292598505803	0.6227654245784703	0	mad90_all_variants	/paedyl01/disk1/yangyxt/public_data/VEP_plugins_caches/MaveDB/csv/urn-mavedb-00000923-a-1.scores.csv
urn:mavedb:00000924-a-1	-0.3504324513269094	0.3227139263055013	0	mad90_all_variants	/paedyl01/disk1/yangyxt/public_data/VEP_plugins_caches/MaveDB/csv/urn-mavedb-00000924-a-1.scores.csv
urn:mavedb:00000925-a-1	-0.6069839937968005	0.2494767625652685	0	mad90_all_variants	/paedyl01/disk1/yangyxt/public_data/VEP_plugins_caches/MaveDB/csv/urn-mavedb-00000925-a-1.scores.csv
urn:mavedb:00000926-a-1	-1.2017695271533284	0.06523114808396047	0	mad90_all_variants	/paedyl01/disk1/yangyxt/public_data/VEP_plugins_caches/MaveDB/csv/urn-mavedb-00000926-a-1.scores.csv
urn:mavedb:00000927-a-1	-1.0389222479130436	0.28416579486328347	0	mad90_all_variants	/paedyl01/disk1/yangyxt/public_data/VEP_plugins_caches/MaveDB/csv/urn-mavedb-00000927-a-1.scores.csv
urn:mavedb:00000928-a-1	-1.1029705481945344	0.3176251644826964	0	mad90_all_variants	/paedyl01/disk1/yangyxt/public_data/VEP_plugins_caches/MaveDB/csv/urn-mavedb-00000928-a-1.scores.csv
urn:mavedb:00000929-a-1	-0.7824474786636245	0.2553096870440895	0	mad90_all_variants	/paedyl01/disk1/yangyxt/public_data/VEP_plugins_caches/MaveDB/csv/urn-mavedb-00000929-a-1.scores.csv
urn:mavedb:00000930-a-1	-1.092680408116298	0.2958964632085219	0	mad90_all_variants	/paedyl01/disk1/yangyxt/public_data/VEP_plugins_caches/MaveDB/csv/urn-mavedb-00000930-a-1.scores.csv
urn:mavedb:00000931-a-1	-0.7349932572915263	0.2473237169347483	0	mad90_all_variants	/paedyl01/disk1/yangyxt/public_data/VEP_plugins_caches/MaveDB/csv/urn-mavedb-00000931-a-1.scores.csv
urn:mavedb:00000932-a-1	-0.597076449036326	0.23382431166705797	0	mad90_all_variants	/paedyl01/disk1/yangyxt/public_data/VEP_plugins_caches/MaveDB/csv/urn-mavedb-00000932-a-1.scores.csv
urn:mavedb:00000933-a-1	-0.7142800944516685	0.3159751420328405	0	mad90_all_variants	/paedyl01/disk1/yangyxt/public_data/VEP_plugins_caches/MaveDB/csv/urn-mavedb-00000933-a-1.scores.csv
urn:mavedb:00000934-a-1	-0.972177260714838	0.29651475014192	0	mad90_all_variants	/paedyl01/disk1/yangyxt/public_data/VEP_plugins_caches/MaveDB/csv/urn-mavedb-00000934-a-1.scores.csv
urn:mavedb:00000935-a-1	-0.527795488914487	0.282239974547113	0	mad90_all_variants	/paedyl01/disk1/yangyxt/public_data/VEP_plugins_caches/MaveDB/csv/urn-mavedb-00000935-a-1.scores.csv
urn:mavedb:00000936-a-1	-0.202709541425046	0.11222998651363898	0	mad90_all_variants	/paedyl01/disk1/yangyxt/public_data/VEP_plugins_caches/MaveDB/csv/urn-mavedb-00000936-a-1.scores.csv
urn:mavedb:00000937-a-1	-1.193602563169795	0.3514647274460322	0	mad90_all_variants	/paedyl01/disk1/yangyxt/public_data/VEP_plugins_caches/MaveDB/csv/urn-mavedb-00000937-a-1.scores.csv
urn:mavedb:00000938-a-1	-0.6632386235442773	0.3649270543736843	0	mad90_all_variants	/paedyl01/disk1/yangyxt/public_data/VEP_plugins_caches/MaveDB/csv/urn-mavedb-00000938-a-1.scores.csv
urn:mavedb:00000939-a-1	-0.30601489983955993	0.14672546459690156	0	mad90_all_variants	/paedyl01/disk1/yangyxt/public_data/VEP_plugins_caches/MaveDB/csv/urn-mavedb-00000939-a-1.scores.csv
urn:mavedb:00000940-a-1	-0.27808127843735253	0.10338229794626422	0	mad90_all_variants	/paedyl01/disk1/yangyxt/public_data/VEP_plugins_caches/MaveDB/csv/urn-mavedb-00000940-a-1.scores.csv
urn:mavedb:00000941-a-1	-0.4712599435170747	0.2468368534344337	0	mad90_all_variants	/paedyl01/disk1/yangyxt/public_data/VEP_plugins_caches/MaveDB/csv/urn-mavedb-00000941-a-1.scores.csv
urn:mavedb:00000942-a-1	-0.9513432029605717	0.3177224991890817	0	mad90_all_variants	/paedyl01/disk1/yangyxt/public_data/VEP_plugins_caches/MaveDB/csv/urn-mavedb-00000942-a-1.scores.csv
urn:mavedb:00000943-a-1	-0.8382514768134843	0.27977883892872035	0	mad90_all_variants	/paedyl01/disk1/yangyxt/public_data/VEP_plugins_caches/MaveDB/csv/urn-mavedb-00000943-a-1.scores.csv
urn:mavedb:00000944-a-1	-0.6730193862865244	0.23689712127918633	0	mad90_all_variants	/paedyl01/disk1/yangyxt/public_data/VEP_plugins_caches/MaveDB/csv/urn-mavedb-00000944-a-1.scores.csv
urn:mavedb:00000945-a-1	-0.4882532390577708	0.1496420589442488	0	mad90_all_variants	/paedyl01/disk1/yangyxt/public_data/VEP_plugins_caches/MaveDB/csv/urn-mavedb-00000945-a-1.scores.csv
urn:mavedb:00000946-a-1	-0.9944139658668879	0.29078502290416586	0	mad90_all_variants	/paedyl01/disk1/yangyxt/public_data/VEP_plugins_caches/MaveDB/csv/urn-mavedb-00000946-a-1.scores.csv
urn:mavedb:00000947-a-1	-0.38149804744609517	0.2346855661540217	0	mad90_all_variants	/paedyl01/disk1/yangyxt/public_data/VEP_plugins_caches/MaveDB/csv/urn-mavedb-00000947-a-1.scores.csv
urn:mavedb:00000948-a-1	-0.5902549876913495	0.24580637349955056	0	mad90_all_variants	/paedyl01/disk1/yangyxt/public_data/VEP_plugins_caches/MaveDB/csv/urn-mavedb-00000948-a-1.scores.csv
urn:mavedb:00000949-a-1	-0.6805612650850057	0.23941451351356768	0	mad90_all_variants	/paedyl01/disk1/yangyxt/public_data/VEP_plugins_caches/MaveDB/csv/urn-mavedb-00000949-a-1.scores.csv
urn:mavedb:00000950-a-1	-0.9405292136391566	0.39760755945212367	0	mad90_all_variants	/paedyl01/disk1/yangyxt/public_data/VEP_plugins_caches/MaveDB/csv/urn-mavedb-00000950-a-1.scores.csv
urn:mavedb:00000951-a-1	-0.511452828309812	0.17958603205856602	0	mad90_all_variants	/paedyl01/disk1/yangyxt/public_data/VEP_plugins_caches/MaveDB/csv/urn-mavedb-00000951-a-1.scores.csv
urn:mavedb:00000952-a-1	-0.6750229179804448	0.3149040744486547	0	mad90_all_variants	/paedyl01/disk1/yangyxt/public_data/VEP_plugins_caches/MaveDB/csv/urn-mavedb-00000952-a-1.scores.csv
urn:mavedb:00000953-a-1	-0.5613555509573473	0.3003524208863494	0	mad90_all_variants	/paedyl01/disk1/yangyxt/public_data/VEP_plugins_caches/MaveDB/csv/urn-mavedb-00000953-a-1.scores.csv
urn:mavedb:00000954-a-1	-0.5398479244234924	0.25240521873234933	0	mad90_all_variants	/paedyl01/disk1/yangyxt/public_data/VEP_plugins_caches/MaveDB/csv/urn-mavedb-00000954-a-1.scores.csv
urn:mavedb:00000955-a-1	-0.8538690062560409	0.16736713640909884	0	mad90_all_variants	/paedyl01/disk1/yangyxt/public_data/VEP_plugins_caches/MaveDB/csv/urn-mavedb-00000955-a-1.scores.csv
urn:mavedb:00000956-a-1	-0.7674007429554892	0.36127903118505117	0	mad90_all_variants	/paedyl01/disk1/yangyxt/public_data/VEP_plugins_caches/MaveDB/csv/urn-mavedb-00000956-a-1.scores.csv
urn:mavedb:00000957-a-1	-0.298525214853109	0.1748943837529494	0	mad90_all_variants	/paedyl01/disk1/yangyxt/public_data/VEP_plugins_caches/MaveDB/csv/urn-mavedb-00000957-a-1.scores.csv
urn:mavedb:00000958-a-1	-0.5941767714081734	0.2911178945214535	0	mad90_all_variants	/paedyl01/disk1/yangyxt/public_data/VEP_plugins_caches/MaveDB/csv/urn-mavedb-00000958-a-1.scores.csv
urn:mavedb:00000959-a-1	-1.223933371677346	0.3978494426049439	0	mad90_all_variants	/paedyl01/disk1/yangyxt/public_data/VEP_plugins_caches/MaveDB/csv/urn-mavedb-00000959-a-1.scores.csv
urn:mavedb:00000960-a-1	-0.6052068341291504	0.2838040674339405	0	mad90_all_variants	/paedyl01/disk1/yangyxt/public_data/VEP_plugins_caches/MaveDB/csv/urn-mavedb-00000960-a-1.scores.csv
urn:mavedb:00000961-a-1	-0.687662160458729	0.3829377936281069	0	mad90_all_variants	/paedyl01/disk1/yangyxt/public_data/VEP_plugins_caches/MaveDB/csv/urn-mavedb-00000961-a-1.scores.csv
urn:mavedb:00000962-a-1	-0.9344937368108721	0.33183184305073504	0	mad90_all_variants	/paedyl01/disk1/yangyxt/public_data/VEP_plugins_caches/MaveDB/csv/urn-mavedb-00000962-a-1.scores.csv
urn:mavedb:00000963-a-1	-0.5787722567793918	0.17513923806274673	0	mad90_all_variants	/paedyl01/disk1/yangyxt/public_data/VEP_plugins_caches/MaveDB/csv/urn-mavedb-00000963-a-1.scores.csv
urn:mavedb:00000964-a-1	-1.0037854933562569	0.39249180914670795	0	mad90_all_variants	/paedyl01/disk1/yangyxt/public_data/VEP_plugins_caches/MaveDB/csv/urn-mavedb-00000964-a-1.scores.csv
urn:mavedb:00000965-a-1	-0.8524632396773797	0.3566511641067078	0	mad90_all_variants	/paedyl01/disk1/yangyxt/public_data/VEP_plugins_caches/MaveDB/csv/urn-mavedb-00000965-a-1.scores.csv
urn:mavedb:00000966-a-1	-1.2056003176254104	0.2829790098709024	0	mad90_all_variants	/paedyl01/disk1/yangyxt/public_data/VEP_plugins_caches/MaveDB/csv/urn-mavedb-00000966-a-1.scores.csv
urn:mavedb:00000967-a-1	-0.2450863209441153	0.10648800541665353	0	mad90_all_variants	/paedyl01/disk1/yangyxt/public_data/VEP_plugins_caches/MaveDB/csv/urn-mavedb-00000967-a-1.scores.csv
urn:mavedb:00000968-a-1	-0.3054335255245394	0.120125629906366	0	mad90_all_variants	/paedyl01/disk1/yangyxt/public_data/VEP_plugins_caches/MaveDB/csv/urn-mavedb-00000968-a-1.scores.csv
urn:mavedb:00000969-a-1	-0.32890958819565697	0.1528668064569369	0	mad90_all_variants	/paedyl01/disk1/yangyxt/public_data/VEP_plugins_caches/MaveDB/csv/urn-mavedb-00000969-a-1.scores.csv
urn:mavedb:00000970-a-1	-0.8717966317361663	0.37085524178666435	0	mad90_all_variants	/paedyl01/disk1/yangyxt/public_data/VEP_plugins_caches/MaveDB/csv/urn-mavedb-00000970-a-1.scores.csv
urn:mavedb:00000971-a-1	-0.800080158755047	0.34661744563493097	0	mad90_all_variants	/paedyl01/disk1/yangyxt/public_data/VEP_plugins_caches/MaveDB/csv/urn-mavedb-00000971-a-1.scores.csv
urn:mavedb:00000972-a-1	-0.6328790178688554	0.2706543203716154	0	mad90_all_variants	/paedyl01/disk1/yangyxt/public_data/VEP_plugins_caches/MaveDB/csv/urn-mavedb-00000972-a-1.scores.csv
urn:mavedb:00000973-a-1	-0.6516201088699056	0.27364585757422166	0	mad90_all_variants	/paedyl01/disk1/yangyxt/public_data/VEP_plugins_caches/MaveDB/csv/urn-mavedb-00000973-a-1.scores.csv
urn:mavedb:00000974-a-1	-1.1537909433122364	0.3115713591734544	0	mad90_all_variants	/paedyl01/disk1/yangyxt/public_data/VEP_plugins_caches/MaveDB/csv/urn-mavedb-00000974-a-1.scores.csv
urn:mavedb:00000975-a-1	-1.183529967823905	0.3998444558655751	0	mad90_all_variants	/paedyl01/disk1/yangyxt/public_data/VEP_plugins_caches/MaveDB/csv/urn-mavedb-00000975-a-1.scores.csv
urn:mavedb:00000976-a-1	-0.4025283253678954	0.1900992914176194	0	mad90_all_variants	/paedyl01/disk1/yangyxt/public_data/VEP_plugins_caches/MaveDB/csv/urn-mavedb-00000976-a-1.scores.csv
urn:mavedb:00000977-a-1	-0.8230962679082854	0.2983646931908733	0	mad90_all_variants	/paedyl01/disk1/yangyxt/public_data/VEP_plugins_caches/MaveDB/csv/urn-mavedb-00000977-a-1.scores.csv
urn:mavedb:00000978-a-1	-0.6313802478874292	0.2259694574961102	0	mad90_all_variants	/paedyl01/disk1/yangyxt/public_data/VEP_plugins_caches/MaveDB/csv/urn-mavedb-00000978-a-1.scores.csv
urn:mavedb:00000979-a-1	-0.9179670708616228	0.34461260896986273	0	mad90_all_variants	/paedyl01/disk1/yangyxt/public_data/VEP_plugins_caches/MaveDB/csv/urn-mavedb-00000979-a-1.scores.csv
urn:mavedb:00000980-a-1	-0.9965995826961904	0.27954860979264845	0	mad90_all_variants	/paedyl01/disk1/yangyxt/public_data/VEP_plugins_caches/MaveDB/csv/urn-mavedb-00000980-a-1.scores.csv
urn:mavedb:00000981-a-1	-0.5873160972859376	0.23735156721413256	0	mad90_all_variants	/paedyl01/disk1/yangyxt/public_data/VEP_plugins_caches/MaveDB/csv/urn-mavedb-00000981-a-1.scores.csv
urn:mavedb:00000982-a-1	-0.8320876111629782	0.3697158595851653	0	mad90_all_variants	/paedyl01/disk1/yangyxt/public_data/VEP_plugins_caches/MaveDB/csv/urn-mavedb-00000982-a-1.scores.csv
urn:mavedb:00000983-a-1	-1.0435027119509914	0.22840486336812038	0	mad90_all_variants	/paedyl01/disk1/yangyxt/public_data/VEP_plugins_caches/MaveDB/csv/urn-mavedb-00000983-a-1.scores.csv
urn:mavedb:00000984-a-1	-0.932699405662192	0.45781224538279397	0	mad90_all_variants	/paedyl01/disk1/yangyxt/public_data/VEP_plugins_caches/MaveDB/csv/urn-mavedb-00000984-a-1.scores.csv
urn:mavedb:00000985-a-1	-0.8329902498801791	0.28752952076368316	0	mad90_all_variants	/paedyl01/disk1/yangyxt/public_data/VEP_plugins_caches/MaveDB/csv/urn-mavedb-00000985-a-1.scores.csv
urn:mavedb:00000986-a-1	-0.8451376901104304	0.3994854808544883	0	mad90_all_variants	/paedyl01/disk1/yangyxt/public_data/VEP_plugins_caches/MaveDB/csv/urn-mavedb-00000986-a-1.scores.csv
urn:mavedb:00000987-a-1	-0.8726210755994898	0.41112482396689176	0	mad90_all_variants	/paedyl01/disk1/yangyxt/public_data/VEP_plugins_caches/MaveDB/csv/urn-mavedb-00000987-a-1.scores.csv
urn:mavedb:00000988-a-1	-0.4728152399514369	0.24568689000383093	0	mad90_all_variants	/paedyl01/disk1/yangyxt/public_data/VEP_plugins_caches/MaveDB/csv/urn-mavedb-00000988-a-1.scores.csv
urn:mavedb:00000989-a-1	-0.7816474569741221	0.3125652143307251	0	mad90_all_variants	/paedyl01/disk1/yangyxt/public_data/VEP_plugins_caches/MaveDB/csv/urn-mavedb-00000989-a-1.scores.csv
urn:mavedb:00000990-a-1	-0.9320957511632983	0.31293007592004235	0	mad90_all_variants	/paedyl01/disk1/yangyxt/public_data/VEP_plugins_caches/MaveDB/csv/urn-mavedb-00000990-a-1.scores.csv
urn:mavedb:00000991-a-1	-0.9459348092855563	0.10520152592547027	0	mad90_all_variants	/paedyl01/disk1/yangyxt/public_data/VEP_plugins_caches/MaveDB/csv/urn-mavedb-00000991-a-1.scores.csv
urn:mavedb:00000992-a-1	-0.8836846005432364	0.1878980475346705	0	mad90_all_variants	/paedyl01/disk1/yangyxt/public_data/VEP_plugins_caches/MaveDB/csv/urn-mavedb-00000992-a-1.scores.csv
urn:mavedb:00000993-a-1	-0.4728170357052984	0.20566313047629445	0	mad90_all_variants	/paedyl01/disk1/yangyxt/public_data/VEP_plugins_caches/MaveDB/csv/urn-mavedb-00000993-a-1.scores.csv
urn:mavedb:00000994-a-1	-1.1576069517353889	0.28901750676705595	0	mad90_all_variants	/paedyl01/disk1/yangyxt/public_data/VEP_plugins_caches/MaveDB/csv/urn-mavedb-00000994-a-1.scores.csv
urn:mavedb:00000995-a-1	-0.8640034893072133	0.3679375170487013	0	mad90_all_variants	/paedyl01/disk1/yangyxt/public_data/VEP_plugins_caches/MaveDB/csv/urn-mavedb-00000995-a-1.scores.csv
urn:mavedb:00000996-a-1	-0.8469560600504453	0.22007598581659732	0	mad90_all_variants	/paedyl01/disk1/yangyxt/public_data/VEP_plugins_caches/MaveDB/csv/urn-mavedb-00000996-a-1.scores.csv
urn:mavedb:00000997-a-1	-1.1367954946488892	0.3120252119610073	0	mad90_all_variants	/paedyl01/disk1/yangyxt/public_data/VEP_plugins_caches/MaveDB/csv/urn-mavedb-00000997-a-1.scores.csv
urn:mavedb:00000998-a-1	-0.5137184846033307	0.16025542570602863	0	mad90_all_variants	/paedyl01/disk1/yangyxt/public_data/VEP_plugins_caches/MaveDB/csv/urn-mavedb-00000998-a-1.scores.csv
urn:mavedb:00000999-a-1	-1.1509374977954123	0.18909423131267827	0	mad90_all_variants	/paedyl01/disk1/yangyxt/public_data/VEP_plugins_caches/MaveDB/csv/urn-mavedb-00000999-a-1.scores.csv
urn:mavedb:00001000-a-1	-0.5295648185177645	0.27665868763333845	0	mad90_all_variants	/paedyl01/disk1/yangyxt/public_data/VEP_plugins_caches/MaveDB/csv/urn-mavedb-00001000-a-1.scores.csv
urn:mavedb:00001001-a-1	-0.7408856948290741	0.343294796078502	0	mad90_all_variants	/paedyl01/disk1/yangyxt/public_data/VEP_plugins_caches/MaveDB/csv/urn-mavedb-00001001-a-1.scores.csv
urn:mavedb:00001002-a-1	-1.196803719632735	0.37537158506683704	0	mad90_all_variants	/paedyl01/disk1/yangyxt/public_data/VEP_plugins_caches/MaveDB/csv/urn-mavedb-00001002-a-1.scores.csv
urn:mavedb:00001003-a-1	-0.5300719356121211	0.23344740466807004	0	mad90_all_variants	/paedyl01/disk1/yangyxt/public_data/VEP_plugins_caches/MaveDB/csv/urn-mavedb-00001003-a-1.scores.csv
urn:mavedb:00001004-a-1	-0.6777619491116706	0.3508624064958916	0	mad90_all_variants	/paedyl01/disk1/yangyxt/public_data/VEP_plugins_caches/MaveDB/csv/urn-mavedb-00001004-a-1.scores.csv
urn:mavedb:00001005-a-1	-0.717416936351609	0.30375932063757105	0	mad90_all_variants	/paedyl01/disk1/yangyxt/public_data/VEP_plugins_caches/MaveDB/csv/urn-mavedb-00001005-a-1.scores.csv
urn:mavedb:00001006-a-1	-0.6687241106780617	0.3744081737323157	0	mad90_all_variants	/paedyl01/disk1/yangyxt/public_data/VEP_plugins_caches/MaveDB/csv/urn-mavedb-00001006-a-1.scores.csv
urn:mavedb:00001007-a-1	-0.769935782373893	0.307606795479247	0	mad90_all_variants	/paedyl01/disk1/yangyxt/public_data/VEP_plugins_caches/MaveDB/csv/urn-mavedb-00001007-a-1.scores.csv
urn:mavedb:00001008-a-1	-0.7931507247411169	0.41777479518579597	0	mad90_all_variants	/paedyl01/disk1/yangyxt/public_data/VEP_plugins_caches/MaveDB/csv/urn-mavedb-00001008-a-1.scores.csv
urn:mavedb:00001009-a-1	-0.6552277049337305	0.24648726990103045	0	mad90_all_variants	/paedyl01/disk1/yangyxt/public_data/VEP_plugins_caches/MaveDB/csv/urn-mavedb-00001009-a-1.scores.csv
urn:mavedb:00001010-a-1	-0.8168567853106553	0.3304463278937483	0	mad90_all_variants	/paedyl01/disk1/yangyxt/public_data/VEP_plugins_caches/MaveDB/csv/urn-mavedb-00001010-a-1.scores.csv
urn:mavedb:00001011-a-1	-0.762168519845179	0.40336821704151593	0	mad90_all_variants	/paedyl01/disk1/yangyxt/public_data/VEP_plugins_caches/MaveDB/csv/urn-mavedb-00001011-a-1.scores.csv
urn:mavedb:00001012-a-1	-0.8846744896607663	0.49840744019213234	0	mad90_all_variants	/paedyl01/disk1/yangyxt/public_data/VEP_plugins_caches/MaveDB/csv/urn-mavedb-00001012-a-1.scores.csv
urn:mavedb:00001013-a-1	-0.9893233579061472	0.23211742508526922	0	mad90_all_variants	/paedyl01/disk1/yangyxt/public_data/VEP_plugins_caches/MaveDB/csv/urn-mavedb-00001013-a-1.scores.csv
urn:mavedb:00001014-a-1	-1.1057828762913373	0.003186454275977413	0	mad90_all_variants	/paedyl01/disk1/yangyxt/public_data/VEP_plugins_caches/MaveDB/csv/urn-mavedb-00001014-a-1.scores.csv
urn:mavedb:00001015-a-1	-0.5266841733362454	0.15765324821991636	0	mad90_all_variants	/paedyl01/disk1/yangyxt/public_data/VEP_plugins_caches/MaveDB/csv/urn-mavedb-00001015-a-1.scores.csv
urn:mavedb:00001016-a-1	-1.0487285853241644	0.38582862002462026	0	mad90_all_variants	/paedyl01/disk1/yangyxt/public_data/VEP_plugins_caches/MaveDB/csv/urn-mavedb-00001016-a-1.scores.csv
urn:mavedb:00001017-a-1	-0.9923105739449127	0.19928727775552474	0	mad90_all_variants	/paedyl01/disk1/yangyxt/public_data/VEP_plugins_caches/MaveDB/csv/urn-mavedb-00001017-a-1.scores.csv
urn:mavedb:00001018-a-1	-0.9013764544154903	0.4288864537761923	0	mad90_all_variants	/paedyl01/disk1/yangyxt/public_data/VEP_plugins_caches/MaveDB/csv/urn-mavedb-00001018-a-1.scores.csv
urn:mavedb:00001019-a-1	-0.5200794422426106	0.19738168002433862	0	mad90_all_variants	/paedyl01/disk1/yangyxt/public_data/VEP_plugins_caches/MaveDB/csv/urn-mavedb-00001019-a-1.scores.csv
urn:mavedb:00001020-a-1	-0.7739878526518473	0.30306293492318526	0	mad90_all_variants	/paedyl01/disk1/yangyxt/public_data/VEP_plugins_caches/MaveDB/csv/urn-mavedb-00001020-a-1.scores.csv
urn:mavedb:00001021-a-1	-0.9081591270184556	0.37989783091038054	0	mad90_all_variants	/paedyl01/disk1/yangyxt/public_data/VEP_plugins_caches/MaveDB/csv/urn-mavedb-00001021-a-1.scores.csv
urn:mavedb:00001022-a-1	-0.619680476918185	0.32750996024440693	0	mad90_all_variants	/paedyl01/disk1/yangyxt/public_data/VEP_plugins_caches/MaveDB/csv/urn-mavedb-00001022-a-1.scores.csv
urn:mavedb:00001023-a-1	-0.6580344832534417	0.21519689467450573	0	mad90_all_variants	/paedyl01/disk1/yangyxt/public_data/VEP_plugins_caches/MaveDB/csv/urn-mavedb-00001023-a-1.scores.csv
urn:mavedb:00001024-a-1	-0.576520097500537	0.413060587502441	0	mad90_all_variants	/paedyl01/disk1/yangyxt/public_data/VEP_plugins_caches/MaveDB/csv/urn-mavedb-00001024-a-1.scores.csv
urn:mavedb:00001025-a-1	-0.750765174369123	0.33973271448611214	0	mad90_all_variants	/paedyl01/disk1/yangyxt/public_data/VEP_plugins_caches/MaveDB/csv/urn-mavedb-00001025-a-1.scores.csv
urn:mavedb:00001026-a-1	-0.7386521994533605	0.3299913883931015	0	mad90_all_variants	/paedyl01/disk1/yangyxt/public_data/VEP_plugins_caches/MaveDB/csv/urn-mavedb-00001026-a-1.scores.csv
urn:mavedb:00001027-a-1	-0.2302783737046159	0.12581492558128593	0	mad90_all_variants	/paedyl01/disk1/yangyxt/public_data/VEP_plugins_caches/MaveDB/csv/urn-mavedb-00001027-a-1.scores.csv
urn:mavedb:00001028-a-1	-0.22597587241810135	0.11591036245455655	0	mad90_all_variants	/paedyl01/disk1/yangyxt/public_data/VEP_plugins_caches/MaveDB/csv/urn-mavedb-00001028-a-1.scores.csv
urn:mavedb:00001029-a-1	-0.7968401795033169	0.1455419249721659	0	mad90_all_variants	/paedyl01/disk1/yangyxt/public_data/VEP_plugins_caches/MaveDB/csv/urn-mavedb-00001029-a-1.scores.csv
urn:mavedb:00001030-a-1	-0.6705881771888468	0.0576316027904048	0	mad90_all_variants	/paedyl01/disk1/yangyxt/public_data/VEP_plugins_caches/MaveDB/csv/urn-mavedb-00001030-a-1.scores.csv
urn:mavedb:00001031-a-1	-0.7073932018095161	0.1589968110581042	0	mad90_all_variants	/paedyl01/disk1/yangyxt/public_data/VEP_plugins_caches/MaveDB/csv/urn-mavedb-00001031-a-1.scores.csv
urn:mavedb:00001032-a-1	-0.6137820415993978	0.28503619625114573	0	mad90_all_variants	/paedyl01/disk1/yangyxt/public_data/VEP_plugins_caches/MaveDB/csv/urn-mavedb-00001032-a-1.scores.csv
urn:mavedb:00001033-a-1	-0.6385939826996776	0.35584205966267557	0	mad90_all_variants	/paedyl01/disk1/yangyxt/public_data/VEP_plugins_caches/MaveDB/csv/urn-mavedb-00001033-a-1.scores.csv
urn:mavedb:00001034-a-1	-0.4995055699968832	0.22769994024395723	0	mad90_all_variants	/paedyl01/disk1/yangyxt/public_data/VEP_plugins_caches/MaveDB/csv/urn-mavedb-00001034-a-1.scores.csv
urn:mavedb:00001035-a-1	-0.6355230038587751	0.5972226656011574	0	mad90_all_variants	/paedyl01/disk1/yangyxt/public_data/VEP_plugins_caches/MaveDB/csv/urn-mavedb-00001035-a-1.scores.csv
urn:mavedb:00001036-a-1	-0.5331950487269157	0.2440680049450937	0	mad90_all_variants	/paedyl01/disk1/yangyxt/public_data/VEP_plugins_caches/MaveDB/csv/urn-mavedb-00001036-a-1.scores.csv
urn:mavedb:00001037-a-1	-1.2776932951695095	0.31111758597811545	0	mad90_all_variants	/paedyl01/disk1/yangyxt/public_data/VEP_plugins_caches/MaveDB/csv/urn-mavedb-00001037-a-1.scores.csv
urn:mavedb:00001038-a-1	-1.0053422844793105	0.35822647382599443	0	mad90_all_variants	/paedyl01/disk1/yangyxt/public_data/VEP_plugins_caches/MaveDB/csv/urn-mavedb-00001038-a-1.scores.csv
urn:mavedb:00001039-a-1	-0.9662894798067605	0.3545634887277805	0	mad90_all_variants	/paedyl01/disk1/yangyxt/public_data/VEP_plugins_caches/MaveDB/csv/urn-mavedb-00001039-a-1.scores.csv
urn:mavedb:00001040-a-1	-0.6441747427171114	0.22956933857447542	0	mad90_all_variants	/paedyl01/disk1/yangyxt/public_data/VEP_plugins_caches/MaveDB/csv/urn-mavedb-00001040-a-1.scores.csv
urn:mavedb:00001041-a-1	-0.48315921167215936	0.19914518613857735	0	mad90_all_variants	/paedyl01/disk1/yangyxt/public_data/VEP_plugins_caches/MaveDB/csv/urn-mavedb-00001041-a-1.scores.csv
urn:mavedb:00001042-a-1	-0.45985408891573476	0.23146630484113873	0	mad90_all_variants	/paedyl01/disk1/yangyxt/public_data/VEP_plugins_caches/MaveDB/csv/urn-mavedb-00001042-a-1.scores.csv
urn:mavedb:00001043-a-1	-1.042194872482424	0.45081395664906376	0	mad90_all_variants	/paedyl01/disk1/yangyxt/public_data/VEP_plugins_caches/MaveDB/csv/urn-mavedb-00001043-a-1.scores.csv
urn:mavedb:00001044-a-1	-0.8482627933439598	0.38338404161690576	0	mad90_all_variants	/paedyl01/disk1/yangyxt/public_data/VEP_plugins_caches/MaveDB/csv/urn-mavedb-00001044-a-1.scores.csv
urn:mavedb:00001045-a-1	-1.1027439020909233	0.32677693015029324	0	mad90_all_variants	/paedyl01/disk1/yangyxt/public_data/VEP_plugins_caches/MaveDB/csv/urn-mavedb-00001045-a-1.scores.csv
urn:mavedb:00001046-a-1	-0.25329402298412984	0.09581935190756127	0	mad90_all_variants	/paedyl01/disk1/yangyxt/public_data/VEP_plugins_caches/MaveDB/csv/urn-mavedb-00001046-a-1.scores.csv
urn:mavedb:00001047-a-1	-0.6133955666252318	0.21192575480348574	0	mad90_all_variants	/paedyl01/disk1/yangyxt/public_data/VEP_plugins_caches/MaveDB/csv/urn-mavedb-00001047-a-1.scores.csv
urn:mavedb:00001048-a-1	-0.9021450646191542	0.33277441208993225	0	mad90_all_variants	/paedyl01/disk1/yangyxt/public_data/VEP_plugins_caches/MaveDB/csv/urn-mavedb-00001048-a-1.scores.csv
urn:mavedb:00001049-a-1	-1.128044067611749	0.3815432986879908	0	mad90_all_variants	/paedyl01/disk1/yangyxt/public_data/VEP_plugins_caches/MaveDB/csv/urn-mavedb-00001049-a-1.scores.csv
urn:mavedb:00001050-a-1	-1.1424664686287134	0.37802983582400945	0	mad90_all_variants	/paedyl01/disk1/yangyxt/public_data/VEP_plugins_caches/MaveDB/csv/urn-mavedb-00001050-a-1.scores.csv
urn:mavedb:00001051-a-1	-0.9943618019996402	0.35865869610595824	0	mad90_all_variants	/paedyl01/disk1/yangyxt/public_data/VEP_plugins_caches/MaveDB/csv/urn-mavedb-00001051-a-1.scores.csv
urn:mavedb:00001052-a-1	-1.161920664926625	0.3264065710557109	0	mad90_all_variants	/paedyl01/disk1/yangyxt/public_data/VEP_plugins_caches/MaveDB/csv/urn-mavedb-00001052-a-1.scores.csv
urn:mavedb:00001053-a-1	-1.227764817170328	0.328159592237666	0	mad90_all_variants	/paedyl01/disk1/yangyxt/public_data/VEP_plugins_caches/MaveDB/csv/urn-mavedb-00001053-a-1.scores.csv
urn:mavedb:00001054-a-1	-0.8286724737203102	0.21799331324468224	0	mad90_all_variants	/paedyl01/disk1/yangyxt/public_data/VEP_plugins_caches/MaveDB/csv/urn-mavedb-00001054-a-1.scores.csv
urn:mavedb:00001055-a-1	-0.8745837767537739	0.2850337668250298	0	mad90_all_variants	/paedyl01/disk1/yangyxt/public_data/VEP_plugins_caches/MaveDB/csv/urn-mavedb-00001055-a-1.scores.csv
urn:mavedb:00001056-a-1	-1.1029573913927402	0.4079688022814781	0	mad90_all_variants	/paedyl01/disk1/yangyxt/public_data/VEP_plugins_caches/MaveDB/csv/urn-mavedb-00001056-a-1.scores.csv
urn:mavedb:00001057-a-1	-0.7589931408645152	0.42364376188979125	0	mad90_all_variants	/paedyl01/disk1/yangyxt/public_data/VEP_plugins_caches/MaveDB/csv/urn-mavedb-00001057-a-1.scores.csv
urn:mavedb:00001058-a-1	-0.8383282113328444	0.45463044914087847	0	mad90_all_variants	/paedyl01/disk1/yangyxt/public_data/VEP_plugins_caches/MaveDB/csv/urn-mavedb-00001058-a-1.scores.csv
urn:mavedb:00001059-a-1	-0.7555712630687905	0.3544633688524715	0	mad90_all_variants	/paedyl01/disk1/yangyxt/public_data/VEP_plugins_caches/MaveDB/csv/urn-mavedb-00001059-a-1.scores.csv
urn:mavedb:00001060-a-1	-0.8191466989268288	0.34984968392748983	0	mad90_all_variants	/paedyl01/disk1/yangyxt/public_data/VEP_plugins_caches/MaveDB/csv/urn-mavedb-00001060-a-1.scores.csv
urn:mavedb:00001061-a-1	-1.2382358804301665	0.37055537062622046	0	mad90_all_variants	/paedyl01/disk1/yangyxt/public_data/VEP_plugins_caches/MaveDB/csv/urn-mavedb-00001061-a-1.scores.csv
urn:mavedb:00001062-a-1	-0.8968113449717386	0.37798137960375866	0	mad90_all_variants	/paedyl01/disk1/yangyxt/public_data/VEP_plugins_caches/MaveDB/csv/urn-mavedb-00001062-a-1.scores.csv
urn:mavedb:00001063-a-1	-1.0119554145373293	0.3905879457343432	0	mad90_all_variants	/paedyl01/disk1/yangyxt/public_data/VEP_plugins_caches/MaveDB/csv/urn-mavedb-00001063-a-1.scores.csv
urn:mavedb:00001064-a-1	-0.8519073377583559	0.24904211338885202	0	mad90_all_variants	/paedyl01/disk1/yangyxt/public_data/VEP_plugins_caches/MaveDB/csv/urn-mavedb-00001064-a-1.scores.csv
urn:mavedb:00001065-a-1	-0.8339692719253803	0.26072174248360225	0	mad90_all_variants	/paedyl01/disk1/yangyxt/public_data/VEP_plugins_caches/MaveDB/csv/urn-mavedb-00001065-a-1.scores.csv
urn:mavedb:00001066-a-1	-0.836065649928855	0.34004831590958307	0	mad90_all_variants	/paedyl01/disk1/yangyxt/public_data/VEP_plugins_caches/MaveDB/csv/urn-mavedb-00001066-a-1.scores.csv
urn:mavedb:00001067-a-1	-0.6029502454009101	0.20206851237011314	0	mad90_all_variants	/paedyl01/disk1/yangyxt/public_data/VEP_plugins_caches/MaveDB/csv/urn-mavedb-00001067-a-1.scores.csv
urn:mavedb:00001068-a-1	-0.9202522683870652	0.31254745401681816	0	mad90_all_variants	/paedyl01/disk1/yangyxt/public_data/VEP_plugins_caches/MaveDB/csv/urn-mavedb-00001068-a-1.scores.csv
urn:mavedb:00001069-a-1	-0.7855918871565059	0.2650743742034859	0	mad90_all_variants	/paedyl01/disk1/yangyxt/public_data/VEP_plugins_caches/MaveDB/csv/urn-mavedb-00001069-a-1.scores.csv
urn:mavedb:00001070-a-1	-0.7164528717877809	0.2988154862491199	0	mad90_all_variants	/paedyl01/disk1/yangyxt/public_data/VEP_plugins_caches/MaveDB/csv/urn-mavedb-00001070-a-1.scores.csv
urn:mavedb:00001071-a-1	-0.9203011631929495	0.35042497802605055	0	mad90_all_variants	/paedyl01/disk1/yangyxt/public_data/VEP_plugins_caches/MaveDB/csv/urn-mavedb-00001071-a-1.scores.csv
urn:mavedb:00001072-a-1	-0.5937221967609501	0.34383176652093206	0	mad90_all_variants	/paedyl01/disk1/yangyxt/public_data/VEP_plugins_caches/MaveDB/csv/urn-mavedb-00001072-a-1.scores.csv
urn:mavedb:00001073-a-1	-0.8923468824863665	0.24542365794510052	0	mad90_all_variants	/paedyl01/disk1/yangyxt/public_data/VEP_plugins_caches/MaveDB/csv/urn-mavedb-00001073-a-1.scores.csv
urn:mavedb:00001074-a-1	-1.1667362867243118	0.18532084847537988	0	mad90_all_variants	/paedyl01/disk1/yangyxt/public_data/VEP_plugins_caches/MaveDB/csv/urn-mavedb-00001074-a-1.scores.csv
urn:mavedb:00001075-a-1	-0.7264771239816296	0.23441676749495954	0	mad90_all_variants	/paedyl01/disk1/yangyxt/public_data/VEP_plugins_caches/MaveDB/csv/urn-mavedb-00001075-a-1.scores.csv
urn:mavedb:00001076-a-1	-0.28625092596652313	0.11664699379704371	0	mad90_all_variants	/paedyl01/disk1/yangyxt/public_data/VEP_plugins_caches/MaveDB/csv/urn-mavedb-00001076-a-1.scores.csv
urn:mavedb:00001077-a-1	-0.9684500076193062	0.3418291057964852	0	mad90_all_variants	/paedyl01/disk1/yangyxt/public_data/VEP_plugins_caches/MaveDB/csv/urn-mavedb-00001077-a-1.scores.csv
urn:mavedb:00001078-a-1	-0.6112142229932929	0.2861244749018888	0	mad90_all_variants	/paedyl01/disk1/yangyxt/public_data/VEP_plugins_caches/MaveDB/csv/urn-mavedb-00001078-a-1.scores.csv
urn:mavedb:00001079-a-1	-0.6255134582984041	0.24178827098392403	0	mad90_all_variants	/paedyl01/disk1/yangyxt/public_data/VEP_plugins_caches/MaveDB/csv/urn-mavedb-00001079-a-1.scores.csv
urn:mavedb:00001080-a-1	-0.40658869182947777	0.14435388983437872	0	mad90_all_variants	/paedyl01/disk1/yangyxt/public_data/VEP_plugins_caches/MaveDB/csv/urn-mavedb-00001080-a-1.scores.csv
urn:mavedb:00001081-a-1	-0.35970785722911247	0.13902302690442248	0	mad90_all_variants	/paedyl01/disk1/yangyxt/public_data/VEP_plugins_caches/MaveDB/csv/urn-mavedb-00001081-a-1.scores.csv
urn:mavedb:00001082-a-1	-1.1177181008586368	0.49357063093093084	0	mad90_all_variants	/paedyl01/disk1/yangyxt/public_data/VEP_plugins_caches/MaveDB/csv/urn-mavedb-00001082-a-1.scores.csv
urn:mavedb:00001083-a-1	-0.8884250309244371	0.28823150891735205	0	mad90_all_variants	/paedyl01/disk1/yangyxt/public_data/VEP_plugins_caches/MaveDB/csv/urn-mavedb-00001083-a-1.scores.csv
urn:mavedb:00001084-a-1	-0.5730151420575823	0.24681319666360532	0	mad90_all_variants	/paedyl01/disk1/yangyxt/public_data/VEP_plugins_caches/MaveDB/csv/urn-mavedb-00001084-a-1.scores.csv
urn:mavedb:00001085-a-1	-0.30324353843132895	0.13240607516267633	0	mad90_all_variants	/paedyl01/disk1/yangyxt/public_data/VEP_plugins_caches/MaveDB/csv/urn-mavedb-00001085-a-1.scores.csv
urn:mavedb:00001086-a-1	-1.240942682165854	0.11831379901502614	0	mad90_all_variants	/paedyl01/disk1/yangyxt/public_data/VEP_plugins_caches/MaveDB/csv/urn-mavedb-00001086-a-1.scores.csv
urn:mavedb:00001087-a-1	-1.1103431476059344	0.16646649619492038	0	mad90_all_variants	/paedyl01/disk1/yangyxt/public_data/VEP_plugins_caches/MaveDB/csv/urn-mavedb-00001087-a-1.scores.csv
urn:mavedb:00001088-a-1	-1.0686297822037174	0.41996660644205736	0	mad90_all_variants	/paedyl01/disk1/yangyxt/public_data/VEP_plugins_caches/MaveDB/csv/urn-mavedb-00001088-a-1.scores.csv
urn:mavedb:00001089-a-1	-1.0858380193498096	0.30384582021362055	0	mad90_all_variants	/paedyl01/disk1/yangyxt/public_data/VEP_plugins_caches/MaveDB/csv/urn-mavedb-00001089-a-1.scores.csv
urn:mavedb:00001090-a-1	-0.9272010888722648	0.3345613398689289	0	mad90_all_variants	/paedyl01/disk1/yangyxt/public_data/VEP_plugins_caches/MaveDB/csv/urn-mavedb-00001090-a-1.scores.csv
urn:mavedb:00001091-a-1	-0.7421333865276161	0.2734635887507441	0	mad90_all_variants	/paedyl01/disk1/yangyxt/public_data/VEP_plugins_caches/MaveDB/csv/urn-mavedb-00001091-a-1.scores.csv
urn:mavedb:00001092-a-1	-0.9212854205816202	0.46259620750672326	0	mad90_all_variants	/paedyl01/disk1/yangyxt/public_data/VEP_plugins_caches/MaveDB/csv/urn-mavedb-00001092-a-1.scores.csv
urn:mavedb:00001093-a-1	-0.27106289618170487	0.13002351308811463	0	mad90_all_variants	/paedyl01/disk1/yangyxt/public_data/VEP_plugins_caches/MaveDB/csv/urn-mavedb-00001093-a-1.scores.csv
urn:mavedb:00001094-a-1	-0.4606317427011791	0.17043192359013515	0	mad90_all_variants	/paedyl01/disk1/yangyxt/public_data/VEP_plugins_caches/MaveDB/csv/urn-mavedb-00001094-a-1.scores.csv
urn:mavedb:00001095-a-1	-0.7573634625660892	0.2516003268005391	0	mad90_all_variants	/paedyl01/disk1/yangyxt/public_data/VEP_plugins_caches/MaveDB/csv/urn-mavedb-00001095-a-1.scores.csv
urn:mavedb:00001096-a-1	-1.071792313857754	0.1909986513347261	0	mad90_all_variants	/paedyl01/disk1/yangyxt/public_data/VEP_plugins_caches/MaveDB/csv/urn-mavedb-00001096-a-1.scores.csv
urn:mavedb:00001097-a-1	-0.9691908817893038	0.28352246717520585	0	mad90_all_variants	/paedyl01/disk1/yangyxt/public_data/VEP_plugins_caches/MaveDB/csv/urn-mavedb-00001097-a-1.scores.csv
urn:mavedb:00001098-a-1	-1.074813886430805	0.19618868553013907	0	mad90_all_variants	/paedyl01/disk1/yangyxt/public_data/VEP_plugins_caches/MaveDB/csv/urn-mavedb-00001098-a-1.scores.csv
urn:mavedb:00001099-a-1	-0.890204886326261	0.3560167599812171	0	mad90_all_variants	/paedyl01/disk1/yangyxt/public_data/VEP_plugins_caches/MaveDB/csv/urn-mavedb-00001099-a-1.scores.csv
urn:mavedb:00001100-a-1	-0.9990847127045682	0.26457695071673626	0	mad90_all_variants	/paedyl01/disk1/yangyxt/public_data/VEP_plugins_caches/MaveDB/csv/urn-mavedb-00001100-a-1.scores.csv
urn:mavedb:00001101-a-1	-0.7302820105516474	0.3184396154959705	0	mad90_all_variants	/paedyl01/disk1/yangyxt/public_data/VEP_plugins_caches/MaveDB/csv/urn-mavedb-00001101-a-1.scores.csv
urn:mavedb:00001102-a-1	-0.5622721830024712	0.32014610971483415	0	mad90_all_variants	/paedyl01/disk1/yangyxt/public_data/VEP_plugins_caches/MaveDB/csv/urn-mavedb-00001102-a-1.scores.csv
urn:mavedb:00001103-a-1	-0.6528544068367149	0.23727242174625793	0	mad90_all_variants	/paedyl01/disk1/yangyxt/public_data/VEP_plugins_caches/MaveDB/csv/urn-mavedb-00001103-a-1.scores.csv
urn:mavedb:00001104-a-1	-0.9966672691959169	0.3856693158311668	0	mad90_all_variants	/paedyl01/disk1/yangyxt/public_data/VEP_plugins_caches/MaveDB/csv/urn-mavedb-00001104-a-1.scores.csv
urn:mavedb:00001105-a-1	-1.1519819298625857	0.16580435356262668	0	mad90_all_variants	/paedyl01/disk1/yangyxt/public_data/VEP_plugins_caches/MaveDB/csv/urn-mavedb-00001105-a-1.scores.csv
urn:mavedb:00001106-a-1	-0.6373300757239567	0.28615842396502866	0	mad90_all_variants	/paedyl01/disk1/yangyxt/public_data/VEP_plugins_caches/MaveDB/csv/urn-mavedb-00001106-a-1.scores.csv
urn:mavedb:00001107-a-1	-0.438837948396111	0.144852307796128	0	mad90_all_variants	/paedyl01/disk1/yangyxt/public_data/VEP_plugins_caches/MaveDB/csv/urn-mavedb-00001107-a-1.scores.csv
urn:mavedb:00001108-a-1	-0.7823957985656047	0.2781611814952587	0	mad90_all_variants	/paedyl01/disk1/yangyxt/public_data/VEP_plugins_caches/MaveDB/csv/urn-mavedb-00001108-a-1.scores.csv
urn:mavedb:00001109-a-1	-0.7883865667484313	0.25486116362492733	0	mad90_all_variants	/paedyl01/disk1/yangyxt/public_data/VEP_plugins_caches/MaveDB/csv/urn-mavedb-00001109-a-1.scores.csv
urn:mavedb:00001110-a-1	-0.7386850261351944	0.21812963822367637	0	mad90_all_variants	/paedyl01/disk1/yangyxt/public_data/VEP_plugins_caches/MaveDB/csv/urn-mavedb-00001110-a-1.scores.csv
urn:mavedb:00001111-a-1	-0.69636593464609	0.3056881376938079	0	mad90_all_variants	/paedyl01/disk1/yangyxt/public_data/VEP_plugins_caches/MaveDB/csv/urn-mavedb-00001111-a-1.scores.csv
urn:mavedb:00001112-a-1	-0.2487953845329851	0.08462918116795981	0	mad90_all_variants	/paedyl01/disk1/yangyxt/public_data/VEP_plugins_caches/MaveDB/csv/urn-mavedb-00001112-a-1.scores.csv
urn:mavedb:00001113-a-1	-0.37205416499785143	0.20936578695421953	0	mad90_all_variants	/paedyl01/disk1/yangyxt/public_data/VEP_plugins_caches/MaveDB/csv/urn-mavedb-00001113-a-1.scores.csv
urn:mavedb:00001114-a-1	-0.7317486769930389	0.2555245876088329	0	mad90_all_variants	/paedyl01/disk1/yangyxt/public_data/VEP_plugins_caches/MaveDB/csv/urn-mavedb-00001114-a-1.scores.csv
urn:mavedb:00001115-a-1	-0.810606336993678	0.2573714263680691	0	mad90_all_variants	/paedyl01/disk1/yangyxt/public_data/VEP_plugins_caches/MaveDB/csv/urn-mavedb-00001115-a-1.scores.csv
urn:mavedb:00001116-a-1	-0.47613159353263834	0.21602444582859837	0	mad90_all_variants	/paedyl01/disk1/yangyxt/public_data/VEP_plugins_caches/MaveDB/csv/urn-mavedb-00001116-a-1.scores.csv
urn:mavedb:00001117-a-1	-0.6262703433037541	0.29954087192981016	0	mad90_all_variants	/paedyl01/disk1/yangyxt/public_data/VEP_plugins_caches/MaveDB/csv/urn-mavedb-00001117-a-1.scores.csv
urn:mavedb:00001118-a-1	-0.3440783506544365	0.16084017543498808	0	mad90_all_variants	/paedyl01/disk1/yangyxt/public_data/VEP_plugins_caches/MaveDB/csv/urn-mavedb-00001118-a-1.scores.csv
urn:mavedb:00001119-a-1	-1.0001240252683725	0.3637207750419785	0	mad90_all_variants	/paedyl01/disk1/yangyxt/public_data/VEP_plugins_caches/MaveDB/csv/urn-mavedb-00001119-a-1.scores.csv
urn:mavedb:00001120-a-1	-0.6464226584672779	0.30730435187045385	0	mad90_all_variants	/paedyl01/disk1/yangyxt/public_data/VEP_plugins_caches/MaveDB/csv/urn-mavedb-00001120-a-1.scores.csv
urn:mavedb:00001121-a-1	-0.443998259487265	0.20416834740008702	0	mad90_all_variants	/paedyl01/disk1/yangyxt/public_data/VEP_plugins_caches/MaveDB/csv/urn-mavedb-00001121-a-1.scores.csv
urn:mavedb:00001122-a-1	-0.49733465123012494	0.687002146684222	0	mad90_all_variants	/paedyl01/disk1/yangyxt/public_data/VEP_plugins_caches/MaveDB/csv/urn-mavedb-00001122-a-1.scores.csv
urn:mavedb:00001123-a-1	-0.5523220066126284	0.28554348140024244	0	mad90_all_variants	/paedyl01/disk1/yangyxt/public_data/VEP_plugins_caches/MaveDB/csv/urn-mavedb-00001123-a-1.scores.csv
urn:mavedb:00001124-a-1	-0.8364599247286144	0.2587645565056014	0	mad90_all_variants	/paedyl01/disk1/yangyxt/public_data/VEP_plugins_caches/MaveDB/csv/urn-mavedb-00001124-a-1.scores.csv
urn:mavedb:00001125-a-1	-0.33378039336793003	0.13964201196317094	0	mad90_all_variants	/paedyl01/disk1/yangyxt/public_data/VEP_plugins_caches/MaveDB/csv/urn-mavedb-00001125-a-1.scores.csv
urn:mavedb:00001126-a-1	-1.0952012720150486	0.22336688141967243	0	mad90_all_variants	/paedyl01/disk1/yangyxt/public_data/VEP_plugins_caches/MaveDB/csv/urn-mavedb-00001126-a-1.scores.csv
urn:mavedb:00001127-a-1	-0.31689738577987075	0.17332548608860443	0	mad90_all_variants	/paedyl01/disk1/yangyxt/public_data/VEP_plugins_caches/MaveDB/csv/urn-mavedb-00001127-a-1.scores.csv
urn:mavedb:00001128-a-1	-0.35702219271841085	0.0964647101868408	0	mad90_all_variants	/paedyl01/disk1/yangyxt/public_data/VEP_plugins_caches/MaveDB/csv/urn-mavedb-00001128-a-1.scores.csv
urn:mavedb:00001129-a-1	-1.1932548673154337	0.1468763720097278	0	mad90_all_variants	/paedyl01/disk1/yangyxt/public_data/VEP_plugins_caches/MaveDB/csv/urn-mavedb-00001129-a-1.scores.csv
urn:mavedb:00001130-a-1	-0.6380944658711714	0.2969370403017514	0	mad90_all_variants	/paedyl01/disk1/yangyxt/public_data/VEP_plugins_caches/MaveDB/csv/urn-mavedb-00001130-a-1.scores.csv
urn:mavedb:00001131-a-1	-1.1022392869618585	0.40314102989375145	0	mad90_all_variants	/paedyl01/disk1/yangyxt/public_data/VEP_plugins_caches/MaveDB/csv/urn-mavedb-00001131-a-1.scores.csv
urn:mavedb:00001132-a-1	-0.5886186320603994	0.24260785926039344	0	mad90_all_variants	/paedyl01/disk1/yangyxt/public_data/VEP_plugins_caches/MaveDB/csv/urn-mavedb-00001132-a-1.scores.csv
urn:mavedb:00001133-a-1	-1.0279345437183494	0.3083973332190973	0	mad90_all_variants	/paedyl01/disk1/yangyxt/public_data/VEP_plugins_caches/MaveDB/csv/urn-mavedb-00001133-a-1.scores.csv
urn:mavedb:00001134-a-1	-0.8308719827636795	0.32893969105516957	0	mad90_all_variants	/paedyl01/disk1/yangyxt/public_data/VEP_plugins_caches/MaveDB/csv/urn-mavedb-00001134-a-1.scores.csv
urn:mavedb:00001135-a-1	-0.40739823460917385	0.19328390349732288	0	mad90_all_variants	/paedyl01/disk1/yangyxt/public_data/VEP_plugins_caches/MaveDB/csv/urn-mavedb-00001135-a-1.scores.csv
urn:mavedb:00001136-a-1	-0.8198322387175283	0.2999454795359863	0	mad90_all_variants	/paedyl01/disk1/yangyxt/public_data/VEP_plugins_caches/MaveDB/csv/urn-mavedb-00001136-a-1.scores.csv
urn:mavedb:00001137-a-1	-0.8601079627264827	0.35584605088543864	0	mad90_all_variants	/paedyl01/disk1/yangyxt/public_data/VEP_plugins_caches/MaveDB/csv/urn-mavedb-00001137-a-1.scores.csv
urn:mavedb:00001138-a-1	-0.7678611071175879	0.24535630700019395	0	mad90_all_variants	/paedyl01/disk1/yangyxt/public_data/VEP_plugins_caches/MaveDB/csv/urn-mavedb-00001138-a-1.scores.csv
urn:mavedb:00001139-a-1	-0.7220637278715794	0.2824390164573014	0	mad90_all_variants	/paedyl01/disk1/yangyxt/public_data/VEP_plugins_caches/MaveDB/csv/urn-mavedb-00001139-a-1.scores.csv
urn:mavedb:00001140-a-1	-1.1978427517445778	0.37173238962836275	0	mad90_all_variants	/paedyl01/disk1/yangyxt/public_data/VEP_plugins_caches/MaveDB/csv/urn-mavedb-00001140-a-1.scores.csv
urn:mavedb:00001141-a-1	-0.7049872170809368	0.6940082167813224	0	mad90_all_variants	/paedyl01/disk1/yangyxt/public_data/VEP_plugins_caches/MaveDB/csv/urn-mavedb-00001141-a-1.scores.csv
urn:mavedb:00001142-a-1	-0.8810906239411882	0.2765279803322082	0	mad90_all_variants	/paedyl01/disk1/yangyxt/public_data/VEP_plugins_caches/MaveDB/csv/urn-mavedb-00001142-a-1.scores.csv
urn:mavedb:00001143-a-1	-0.48826591302673983	0.19003077122590684	0	mad90_all_variants	/paedyl01/disk1/yangyxt/public_data/VEP_plugins_caches/MaveDB/csv/urn-mavedb-00001143-a-1.scores.csv
urn:mavedb:00001144-a-1	-0.749029442778414	0.25605551928429404	0	mad90_all_variants	/paedyl01/disk1/yangyxt/public_data/VEP_plugins_caches/MaveDB/csv/urn-mavedb-00001144-a-1.scores.csv
urn:mavedb:00001145-a-1	-0.8616355033050447	0.27383352275509276	0	mad90_all_variants	/paedyl01/disk1/yangyxt/public_data/VEP_plugins_caches/MaveDB/csv/urn-mavedb-00001145-a-1.scores.csv
urn:mavedb:00001146-a-1	-0.5817372986095171	0.277784432560618	0	mad90_all_variants	/paedyl01/disk1/yangyxt/public_data/VEP_plugins_caches/MaveDB/csv/urn-mavedb-00001146-a-1.scores.csv
urn:mavedb:00001147-a-1	-0.8871423999111168	0.2655820734838297	0	mad90_all_variants	/paedyl01/disk1/yangyxt/public_data/VEP_plugins_caches/MaveDB/csv/urn-mavedb-00001147-a-1.scores.csv
urn:mavedb:00001148-a-1	-0.8299044403166012	0.25046161784045523	0	mad90_all_variants	/paedyl01/disk1/yangyxt/public_data/VEP_plugins_caches/MaveDB/csv/urn-mavedb-00001148-a-1.scores.csv
urn:mavedb:00001149-a-1	-0.41303511375926905	0.13416057150202507	0	mad90_all_variants	/paedyl01/disk1/yangyxt/public_data/VEP_plugins_caches/MaveDB/csv/urn-mavedb-00001149-a-1.scores.csv
urn:mavedb:00001150-a-1	-1.2964671879779597	0.24426691051852467	0	mad90_all_variants	/paedyl01/disk1/yangyxt/public_data/VEP_plugins_caches/MaveDB/csv/urn-mavedb-00001150-a-1.scores.csv
urn:mavedb:00001151-a-1	-1.1610582668618685	0.35978342319690854	0	mad90_all_variants	/paedyl01/disk1/yangyxt/public_data/VEP_plugins_caches/MaveDB/csv/urn-mavedb-00001151-a-1.scores.csv
urn:mavedb:00001152-a-1	-0.7425304990940143	0.3390765988700902	0	mad90_all_variants	/paedyl01/disk1/yangyxt/public_data/VEP_plugins_caches/MaveDB/csv/urn-mavedb-00001152-a-1.scores.csv
urn:mavedb:00001153-a-1	-0.7773189304114106	0.40936217414440257	0	mad90_all_variants	/paedyl01/disk1/yangyxt/public_data/VEP_plugins_caches/MaveDB/csv/urn-mavedb-00001153-a-1.scores.csv
urn:mavedb:00001154-a-1	-0.7834855207042624	0.3305069091508903	0	mad90_all_variants	/paedyl01/disk1/yangyxt/public_data/VEP_plugins_caches/MaveDB/csv/urn-mavedb-00001154-a-1.scores.csv
urn:mavedb:00001155-a-1	-0.8365744850186825	0.22909680862916648	0	mad90_all_variants	/paedyl01/disk1/yangyxt/public_data/VEP_plugins_caches/MaveDB/csv/urn-mavedb-00001155-a-1.scores.csv
urn:mavedb:00001156-a-1	-0.8780488894777237	0.2958445445421568	0	mad90_all_variants	/paedyl01/disk1/yangyxt/public_data/VEP_plugins_caches/MaveDB/csv/urn-mavedb-00001156-a-1.scores.csv
urn:mavedb:00001157-a-1	-0.7791010701350656	0.3112922971211436	0	mad90_all_variants	/paedyl01/disk1/yangyxt/public_data/VEP_plugins_caches/MaveDB/csv/urn-mavedb-00001157-a-1.scores.csv
urn:mavedb:00001158-a-1	-0.965888257300478	0.360943269628638	0	mad90_all_variants	/paedyl01/disk1/yangyxt/public_data/VEP_plugins_caches/MaveDB/csv/urn-mavedb-00001158-a-1.scores.csv
urn:mavedb:00001159-a-1	-0.886081324839386	0.23990933010194687	0	mad90_all_variants	/paedyl01/disk1/yangyxt/public_data/VEP_plugins_caches/MaveDB/csv/urn-mavedb-00001159-a-1.scores.csv
urn:mavedb:00001160-a-1	-0.7463108664519831	0.13566874597374312	0	mad90_all_variants	/paedyl01/disk1/yangyxt/public_data/VEP_plugins_caches/MaveDB/csv/urn-mavedb-00001160-a-1.scores.csv
urn:mavedb:00001161-a-1	-0.7104030355319653	0.3047531986999332	0	mad90_all_variants	/paedyl01/disk1/yangyxt/public_data/VEP_plugins_caches/MaveDB/csv/urn-mavedb-00001161-a-1.scores.csv
urn:mavedb:00001162-a-1	-0.9779769861889087	0.32752529360668076	0	mad90_all_variants	/paedyl01/disk1/yangyxt/public_data/VEP_plugins_caches/MaveDB/csv/urn-mavedb-00001162-a-1.scores.csv
urn:mavedb:00001163-a-1	-1.2628675366321511	0.326255343093833	0	mad90_all_variants	/paedyl01/disk1/yangyxt/public_data/VEP_plugins_caches/MaveDB/csv/urn-mavedb-00001163-a-1.scores.csv
urn:mavedb:00001164-a-1	-0.9123323456602441	0.4595693534720542	0	mad90_all_variants	/paedyl01/disk1/yangyxt/public_data/VEP_plugins_caches/MaveDB/csv/urn-mavedb-00001164-a-1.scores.csv
urn:mavedb:00001165-a-1	-0.5549335794444862	0.23302675246350416	0	mad90_all_variants	/paedyl01/disk1/yangyxt/public_data/VEP_plugins_caches/MaveDB/csv/urn-mavedb-00001165-a-1.scores.csv
urn:mavedb:00001166-a-1	-0.7118509521604406	0.31407914727655667	0	mad90_all_variants	/paedyl01/disk1/yangyxt/public_data/VEP_plugins_caches/MaveDB/csv/urn-mavedb-00001166-a-1.scores.csv
urn:mavedb:00001167-a-1	-0.6158165269761878	0.2602030277879298	0	mad90_all_variants	/paedyl01/disk1/yangyxt/public_data/VEP_plugins_caches/MaveDB/csv/urn-mavedb-00001167-a-1.scores.csv
urn:mavedb:00001168-a-1	-0.8238317239551759	0.4183566127426689	0	mad90_all_variants	/paedyl01/disk1/yangyxt/public_data/VEP_plugins_caches/MaveDB/csv/urn-mavedb-00001168-a-1.scores.csv
urn:mavedb:00001169-a-1	-0.46542755171958217	0.2025121556615602	0	mad90_all_variants	/paedyl01/disk1/yangyxt/public_data/VEP_plugins_caches/MaveDB/csv/urn-mavedb-00001169-a-1.scores.csv
urn:mavedb:00001170-a-1	-0.8542722687685759	0.30488727979623687	0	mad90_all_variants	/paedyl01/disk1/yangyxt/public_data/VEP_plugins_caches/MaveDB/csv/urn-mavedb-00001170-a-1.scores.csv
urn:mavedb:00001171-a-1	-0.7696716671899214	0.34016588235733136	0	mad90_all_variants	/paedyl01/disk1/yangyxt/public_data/VEP_plugins_caches/MaveDB/csv/urn-mavedb-00001171-a-1.scores.csv
urn:mavedb:00001172-a-1	-0.7925221103499083	0.29272107027281224	0	mad90_all_variants	/paedyl01/disk1/yangyxt/public_data/VEP_plugins_caches/MaveDB/csv/urn-mavedb-00001172-a-1.scores.csv
urn:mavedb:00001173-a-1	-0.7384333852012531	0.5779728161751921	0	mad90_all_variants	/paedyl01/disk1/yangyxt/public_data/VEP_plugins_caches/MaveDB/csv/urn-mavedb-00001173-a-1.scores.csv
urn:mavedb:00001174-a-1	-0.480884772878442	0.291627900703863	0	mad90_all_variants	/paedyl01/disk1/yangyxt/public_data/VEP_plugins_caches/MaveDB/csv/urn-mavedb-00001174-a-1.scores.csv
urn:mavedb:00001175-a-1	-0.6632404039081712	0.27990946733070815	0	mad90_all_variants	/paedyl01/disk1/yangyxt/public_data/VEP_plugins_caches/MaveDB/csv/urn-mavedb-00001175-a-1.scores.csv
urn:mavedb:00001176-a-1	-0.9029633351906653	0.4756570978318343	0	mad90_all_variants	/paedyl01/disk1/yangyxt/public_data/VEP_plugins_caches/MaveDB/csv/urn-mavedb-00001176-a-1.scores.csv
urn:mavedb:00001177-a-1	-0.8117171137992212	0.3834506302367812	0	mad90_all_variants	/paedyl01/disk1/yangyxt/public_data/VEP_plugins_caches/MaveDB/csv/urn-mavedb-00001177-a-1.scores.csv
urn:mavedb:00001178-a-1	-0.8259040754676845	0.2869268316466145	0	mad90_all_variants	/paedyl01/disk1/yangyxt/public_data/VEP_plugins_caches/MaveDB/csv/urn-mavedb-00001178-a-1.scores.csv
urn:mavedb:00001179-a-1	-0.5461649097684268	0.2232212366216788	0	mad90_all_variants	/paedyl01/disk1/yangyxt/public_data/VEP_plugins_caches/MaveDB/csv/urn-mavedb-00001179-a-1.scores.csv
urn:mavedb:00001180-a-1	-0.5492372061537791	0.41160837369479675	0	mad90_all_variants	/paedyl01/disk1/yangyxt/public_data/VEP_plugins_caches/MaveDB/csv/urn-mavedb-00001180-a-1.scores.csv
urn:mavedb:00001181-a-1	-0.7037994441698263	0.2920838311614163	0	mad90_all_variants	/paedyl01/disk1/yangyxt/public_data/VEP_plugins_caches/MaveDB/csv/urn-mavedb-00001181-a-1.scores.csv
urn:mavedb:00001182-a-1	-0.43826615843512096	0.20980170534912698	0	mad90_all_variants	/paedyl01/disk1/yangyxt/public_data/VEP_plugins_caches/MaveDB/csv/urn-mavedb-00001182-a-1.scores.csv
urn:mavedb:00001183-a-1	-0.9738068622541411	0.6214019416120511	0	mad90_all_variants	/paedyl01/disk1/yangyxt/public_data/VEP_plugins_caches/MaveDB/csv/urn-mavedb-00001183-a-1.scores.csv
urn:mavedb:00001184-a-1	-0.5747634018128515	0.15354336068936947	0	mad90_all_variants	/paedyl01/disk1/yangyxt/public_data/VEP_plugins_caches/MaveDB/csv/urn-mavedb-00001184-a-1.scores.csv
urn:mavedb:00001185-a-1	-0.2932328005710259	0.1067353554407073	0	mad90_all_variants	/paedyl01/disk1/yangyxt/public_data/VEP_plugins_caches/MaveDB/csv/urn-mavedb-00001185-a-1.scores.csv
urn:mavedb:00001186-a-1	-1.0422146259318468	0.6645534927198129	0	mad90_all_variants	/paedyl01/disk1/yangyxt/public_data/VEP_plugins_caches/MaveDB/csv/urn-mavedb-00001186-a-1.scores.csv
urn:mavedb:00001187-a-1	-0.8461488934500544	0.32540313726487635	0	mad90_all_variants	/paedyl01/disk1/yangyxt/public_data/VEP_plugins_caches/MaveDB/csv/urn-mavedb-00001187-a-1.scores.csv
urn:mavedb:00001188-a-1	-0.8472070066340363	0.25213076342357815	0	mad90_all_variants	/paedyl01/disk1/yangyxt/public_data/VEP_plugins_caches/MaveDB/csv/urn-mavedb-00001188-a-1.scores.csv
urn:mavedb:00001189-a-1	-0.7382605961901443	0.19837926590971033	0	mad90_all_variants	/paedyl01/disk1/yangyxt/public_data/VEP_plugins_caches/MaveDB/csv/urn-mavedb-00001189-a-1.scores.csv
urn:mavedb:00001190-a-1	-0.7968216561516578	0.37393180853373587	0	mad90_all_variants	/paedyl01/disk1/yangyxt/public_data/VEP_plugins_caches/MaveDB/csv/urn-mavedb-00001190-a-1.scores.csv
urn:mavedb:00001191-a-1	-0.7106142165542403	0.20265155760840425	0	mad90_all_variants	/paedyl01/disk1/yangyxt/public_data/VEP_plugins_caches/MaveDB/csv/urn-mavedb-00001191-a-1.scores.csv
urn:mavedb:00001192-a-1	-0.8373029089373937	0.3421079738163496	0	mad90_all_variants	/paedyl01/disk1/yangyxt/public_data/VEP_plugins_caches/MaveDB/csv/urn-mavedb-00001192-a-1.scores.csv
urn:mavedb:00001193-a-1	-0.8015035118677631	0.25255372540331716	0	mad90_all_variants	/paedyl01/disk1/yangyxt/public_data/VEP_plugins_caches/MaveDB/csv/urn-mavedb-00001193-a-1.scores.csv
urn:mavedb:00001194-a-1	-0.8366459299459194	0.3924917661175794	0	mad90_all_variants	/paedyl01/disk1/yangyxt/public_data/VEP_plugins_caches/MaveDB/csv/urn-mavedb-00001194-a-1.scores.csv
urn:mavedb:00001195-a-1	-0.5111729482578351	0.21461470960112314	0	mad90_all_variants	/paedyl01/disk1/yangyxt/public_data/VEP_plugins_caches/MaveDB/csv/urn-mavedb-00001195-a-1.scores.csv
urn:mavedb:00001196-a-1	-0.5288383878228565	0.22571593973613954	0	mad90_all_variants	/paedyl01/disk1/yangyxt/public_data/VEP_plugins_caches/MaveDB/csv/urn-mavedb-00001196-a-1.scores.csv
urn:mavedb:00001198-a-1	0.2988934952451957	0.831909548908664	638	synonym_percentiles_qc	/paedyl01/disk1/yangyxt/public_data/VEP_plugins_caches/MaveDB/csv/urn-mavedb-00001198-a-1.scores.csv
urn:mavedb:00001199-a-1	0.17339030728417792	1.3273738084053939	0	mad90_all_variants	/paedyl01/disk1/yangyxt/public_data/VEP_plugins_caches/MaveDB/csv/urn-mavedb-00001199-a-1.scores.csv
urn:mavedb:00001199-a-2	0.8621029242482271	1.1270335213965101	532	synonym_percentiles_qc	/paedyl01/disk1/yangyxt/public_data/VEP_plugins_caches/MaveDB/csv/urn-mavedb-00001199-a-2.scores.csv
urn:mavedb:00001200-a-1	0.7374543117058866	1.2140770168363622	437	synonym_percentiles_qc	/paedyl01/disk1/yangyxt/public_data/VEP_plugins_caches/MaveDB/csv/urn-mavedb-00001200-a-1.scores.csv
urn:mavedb:00001200-b-1	0.8264907876687764	1.1147488792455782	437	synonym_percentiles_qc	/paedyl01/disk1/yangyxt/public_data/VEP_plugins_caches/MaveDB/csv/urn-mavedb-00001200-b-1.scores.csv
urn:mavedb:00001200-c-1	0.7950695318619757	1.0981834199883587	437	synonym_percentiles_qc	/paedyl01/disk1/yangyxt/public_data/VEP_plugins_caches/MaveDB/csv/urn-mavedb-00001200-c-1.scores.csv
urn:mavedb:00001200-d-1	0.8067897734451441	1.0834474985466758	437	synonym_percentiles_qc	/paedyl01/disk1/yangyxt/public_data/VEP_plugins_caches/MaveDB/csv/urn-mavedb-00001200-d-1.scores.csv
urn:mavedb:00001200-e-1	0.7867955852051393	1.1080273022394027	437	synonym_percentiles_qc	/paedyl01/disk1/yangyxt/public_data/VEP_plugins_caches/MaveDB/csv/urn-mavedb-00001200-e-1.scores.csv
urn:mavedb:00001201-a-1	-0.16038379835	0.22444157219999997	30	synonym_percentiles_qc	/paedyl01/disk1/yangyxt/public_data/VEP_plugins_caches/MaveDB/csv/urn-mavedb-00001201-a-1.scores.csv
urn:mavedb:00001202-a-1	-1.621813309994339	0.708626386994339	0	mad90_all_variants	/paedyl01/disk1/yangyxt/public_data/VEP_plugins_caches/MaveDB/csv/urn-mavedb-00001202-a-1.scores.csv
urn:mavedb:00001205-a-1	0.5083950818	1.7878955761999997	473	synonym_percentiles_qc	/paedyl01/disk1/yangyxt/public_data/VEP_plugins_caches/MaveDB/csv/urn-mavedb-00001205-a-1.scores.csv
urn:mavedb:00001212-a-2	-0.3520708022055747	0.39921299360585255	0	mad90_all_variants	/paedyl01/disk1/yangyxt/public_data/VEP_plugins_caches/MaveDB/csv/urn-mavedb-00001212-a-2.scores.csv
urn:mavedb:00001212-a-3	-0.36640722651409774	0.5937077185168127	0	mad90_all_variants	/paedyl01/disk1/yangyxt/public_data/VEP_plugins_caches/MaveDB/csv/urn-mavedb-00001212-a-3.scores.csv
urn:mavedb:00001212-a-4	-1.3353823474985138	0.9358511706035039	0	mad90_all_variants	/paedyl01/disk1/yangyxt/public_data/VEP_plugins_caches/MaveDB/csv/urn-mavedb-00001212-a-4.scores.csv
urn:mavedb:00001213-a-1	0.5486631026066673	1.2992951503933328	0	mad90_all_variants	/paedyl01/disk1/yangyxt/public_data/VEP_plugins_caches/MaveDB/csv/urn-mavedb-00001213-a-1.scores.csv
urn:mavedb:00001214-a-1	-2.29508877834418	-0.04540210358718011	0	mad90_all_variants	/paedyl01/disk1/yangyxt/public_data/VEP_plugins_caches/MaveDB/csv/urn-mavedb-00001214-a-1.scores.csv
urn:mavedb:00001214-a-2	-1.749031859134236	0.597193151814405	193	synonym_percentiles_qc	/paedyl01/disk1/yangyxt/public_data/VEP_plugins_caches/MaveDB/csv/urn-mavedb-00001214-a-2.scores.csv
urn:mavedb:00001214-b-1	-0.6890628185543002	1.1690920659139155	0	mad90_all_variants	/paedyl01/disk1/yangyxt/public_data/VEP_plugins_caches/MaveDB/csv/urn-mavedb-00001214-b-1.scores.csv
urn:mavedb:00001214-b-2	0.21117167606424136	1.5571020275945582	168	synonym_percentiles_qc	/paedyl01/disk1/yangyxt/public_data/VEP_plugins_caches/MaveDB/csv/urn-mavedb-00001214-b-2.scores.csv
urn:mavedb:00001214-c-1	-0.5722291152657408	1.514029216872004	0	mad90_all_variants	/paedyl01/disk1/yangyxt/public_data/VEP_plugins_caches/MaveDB/csv/urn-mavedb-00001214-c-1.scores.csv
urn:mavedb:00001214-c-2	0.7225125582820691	1.2063008070914443	155	synonym_percentiles_qc	/paedyl01/disk1/yangyxt/public_data/VEP_plugins_caches/MaveDB/csv/urn-mavedb-00001214-c-2.scores.csv
urn:mavedb:00001214-d-1	0.7650397544519861	1.1895077799808145	161	synonym_percentiles_qc	/paedyl01/disk1/yangyxt/public_data/VEP_plugins_caches/MaveDB/csv/urn-mavedb-00001214-d-1.scores.csv
urn:mavedb:00001214-d-2	-0.5665741846469209	1.4685871352108428	0	mad90_all_variants	/paedyl01/disk1/yangyxt/public_data/VEP_plugins_caches/MaveDB/csv/urn-mavedb-00001214-d-2.scores.csv
urn:mavedb:00001214-e-1	0.2670443898020329	1.7110462793026813	162	synonym_percentiles_qc	/paedyl01/disk1/yangyxt/public_data/VEP_plugins_caches/MaveDB/csv/urn-mavedb-00001214-e-1.scores.csv
urn:mavedb:00001214-e-2	-0.22165343402943405	1.7367778361700088	0	mad90_all_variants	/paedyl01/disk1/yangyxt/public_data/VEP_plugins_caches/MaveDB/csv/urn-mavedb-00001214-e-2.scores.csv
urn:mavedb:00001214-f-1	0.5818497295878385	1.3534728926353843	160	synonym_percentiles_qc	/paedyl01/disk1/yangyxt/public_data/VEP_plugins_caches/MaveDB/csv/urn-mavedb-00001214-f-1.scores.csv
urn:mavedb:00001214-f-2	-0.5784589496234932	1.3588901323857625	0	mad90_all_variants	/paedyl01/disk1/yangyxt/public_data/VEP_plugins_caches/MaveDB/csv/urn-mavedb-00001214-f-2.scores.csv
urn:mavedb:00001214-g-1	-0.6298397265362733	1.4775235511161884	0	mad90_all_variants	/paedyl01/disk1/yangyxt/public_data/VEP_plugins_caches/MaveDB/csv/urn-mavedb-00001214-g-1.scores.csv
urn:mavedb:00001214-g-2	0.6926227021524258	1.3642445207286862	156	synonym_percentiles_qc	/paedyl01/disk1/yangyxt/public_data/VEP_plugins_caches/MaveDB/csv/urn-mavedb-00001214-g-2.scores.csv
urn:mavedb:00001214-h-1	-0.3611955120190017	1.6104638275881467	0	mad90_all_variants	/paedyl01/disk1/yangyxt/public_data/VEP_plugins_caches/MaveDB/csv/urn-mavedb-00001214-h-1.scores.csv
urn:mavedb:00001214-h-2	0.7534508819726851	1.2513760548183976	157	synonym_percentiles_qc	/paedyl01/disk1/yangyxt/public_data/VEP_plugins_caches/MaveDB/csv/urn-mavedb-00001214-h-2.scores.csv
urn:mavedb:00001214-i-1	0.40819067983918683	1.315582740643751	0	mad90_all_variants	/paedyl01/disk1/yangyxt/public_data/VEP_plugins_caches/MaveDB/csv/urn-mavedb-00001214-i-1.scores.csv
urn:mavedb:00001214-i-2	0.7639131550143926	1.2438790204617476	165	synonym_percentiles_qc	/paedyl01/disk1/yangyxt/public_data/VEP_plugins_caches/MaveDB/csv/urn-mavedb-00001214-i-2.scores.csv
urn:mavedb:00001214-j-1	0.2505820538638186	1.4201919685097326	0	mad90_all_variants	/paedyl01/disk1/yangyxt/public_data/VEP_plugins_caches/MaveDB/csv/urn-mavedb-00001214-j-1.scores.csv
urn:mavedb:00001214-j-2	0.6829641733474779	1.276174563117932	157	synonym_percentiles_qc	/paedyl01/disk1/yangyxt/public_data/VEP_plugins_caches/MaveDB/csv/urn-mavedb-00001214-j-2.scores.csv
urn:mavedb:00001214-k-1	0.613267243600907	1.2757171781172072	165	synonym_percentiles_qc	/paedyl01/disk1/yangyxt/public_data/VEP_plugins_caches/MaveDB/csv/urn-mavedb-00001214-k-1.scores.csv
urn:mavedb:00001214-k-2	-0.5544323411666182	0.9534297216534716	0	mad90_all_variants	/paedyl01/disk1/yangyxt/public_data/VEP_plugins_caches/MaveDB/csv/urn-mavedb-00001214-k-2.scores.csv
urn:mavedb:00001214-l-1	0.3359753415861332	1.5990334709272684	156	synonym_percentiles_qc	/paedyl01/disk1/yangyxt/public_data/VEP_plugins_caches/MaveDB/csv/urn-mavedb-00001214-l-1.scores.csv
urn:mavedb:00001214-l-2	-0.5925787594729559	1.1676550674265218	0	mad90_all_variants	/paedyl01/disk1/yangyxt/public_data/VEP_plugins_caches/MaveDB/csv/urn-mavedb-00001214-l-2.scores.csv
urn:mavedb:00001214-m-1	-0.24102580110105043	1.9027366130074008	0	mad90_all_variants	/paedyl01/disk1/yangyxt/public_data/VEP_plugins_caches/MaveDB/csv/urn-mavedb-00001214-m-1.scores.csv
urn:mavedb:00001214-m-2	0.2045574219666424	1.7380036867468274	154	synonym_percentiles_qc	/paedyl01/disk1/yangyxt/public_data/VEP_plugins_caches/MaveDB/csv/urn-mavedb-00001214-m-2.scores.csv
urn:mavedb:00001214-n-1	-0.09292359674862405	1.4371917913743122	0	mad90_all_variants	/paedyl01/disk1/yangyxt/public_data/VEP_plugins_caches/MaveDB/csv/urn-mavedb-00001214-n-1.scores.csv
urn:mavedb:00001214-n-2	0.7215571522889839	1.2527978828415665	155	synonym_percentiles_qc	/paedyl01/disk1/yangyxt/public_data/VEP_plugins_caches/MaveDB/csv/urn-mavedb-00001214-n-2.scores.csv
urn:mavedb:00001214-o-1	-0.5871445649735114	1.5021913198956103	0	mad90_all_variants	/paedyl01/disk1/yangyxt/public_data/VEP_plugins_caches/MaveDB/csv/urn-mavedb-00001214-o-1.scores.csv
urn:mavedb:00001214-o-2	0.452421533388226	1.587464261855526	151	synonym_percentiles_qc	/paedyl01/disk1/yangyxt/public_data/VEP_plugins_caches/MaveDB/csv/urn-mavedb-00001214-o-2.scores.csv
urn:mavedb:00001214-p-1	-0.41180587128773494	1.5551654985193841	0	mad90_all_variants	/paedyl01/disk1/yangyxt/public_data/VEP_plugins_caches/MaveDB/csv/urn-mavedb-00001214-p-1.scores.csv
urn:mavedb:00001214-p-2	0.7262906304929149	1.2222807010695285	158	synonym_percentiles_qc	/paedyl01/disk1/yangyxt/public_data/VEP_plugins_caches/MaveDB/csv/urn-mavedb-00001214-p-2.scores.csv
urn:mavedb:00001215-a-1	-0.6783212211999999	0.21728333819999998	157	synonym_percentiles_qc	/paedyl01/disk1/yangyxt/public_data/VEP_plugins_caches/MaveDB/csv/urn-mavedb-00001215-a-1.scores.csv
urn:mavedb:00001215-a-2	-0.6776746574	0.30537375909999986	159	synonym_percentiles_qc	/paedyl01/disk1/yangyxt/public_data/VEP_plugins_caches/MaveDB/csv/urn-mavedb-00001215-a-2.scores.csv
urn:mavedb:00001216-a-1	14.0439485469457	156.0706802330543	0	mad90_all_variants	/paedyl01/disk1/yangyxt/public_data/VEP_plugins_caches/MaveDB/csv/urn-mavedb-00001216-a-1.scores.csv
urn:mavedb:00001217-a-1	0.6031886708	1.1574023764	135	synonym_percentiles_qc	/paedyl01/disk1/yangyxt/public_data/VEP_plugins_caches/MaveDB/csv/urn-mavedb-00001217-a-1.scores.csv
urn:mavedb:00001217-a-2	0.66650587375	1.2605688589999995	132	synonym_percentiles_qc	/paedyl01/disk1/yangyxt/public_data/VEP_plugins_caches/MaveDB/csv/urn-mavedb-00001217-a-2.scores.csv
urn:mavedb:00001218-a-1	-0.6444122345134757	0.3220220125134758	0	mad90_all_variants	/paedyl01/disk1/yangyxt/public_data/VEP_plugins_caches/MaveDB/csv/urn-mavedb-00001218-a-1.scores.csv
urn:mavedb:00001218-a-2	-0.21444687131541323	0.25395304531541324	0	mad90_all_variants	/paedyl01/disk1/yangyxt/public_data/VEP_plugins_caches/MaveDB/csv/urn-mavedb-00001218-a-2.scores.csv
urn:mavedb:00001219-a-1	0.9635	1.02675	176	synonym_percentiles_qc	/paedyl01/disk1/yangyxt/public_data/VEP_plugins_caches/MaveDB/csv/urn-mavedb-00001219-a-1.scores.csv
urn:mavedb:00001219-a-2	0.961	1.0285	176	synonym_percentiles_qc	/paedyl01/disk1/yangyxt/public_data/VEP_plugins_caches/MaveDB/csv/urn-mavedb-00001219-a-2.scores.csv
urn:mavedb:00001219-a-3	0.968	1.021	176	synonym_percentiles_qc	/paedyl01/disk1/yangyxt/public_data/VEP_plugins_caches/MaveDB/csv/urn-mavedb-00001219-a-3.scores.csv
urn:mavedb:00001219-a-4	0.9604999999999999	1.03225	176	synonym_percentiles_qc	/paedyl01/disk1/yangyxt/public_data/VEP_plugins_caches/MaveDB/csv/urn-mavedb-00001219-a-4.scores.csv
urn:mavedb:00001220-a-9	0.6549206266107672	1.2773694233892328	0	mad90_all_variants	/paedyl01/disk1/yangyxt/public_data/VEP_plugins_caches/MaveDB/csv/urn-mavedb-00001220-a-9.scores.csv
urn:mavedb:00001221-a-1	-2.2163871693648627	0.29808342736486293	0	mad90_all_variants	/paedyl01/disk1/yangyxt/public_data/VEP_plugins_caches/MaveDB/csv/urn-mavedb-00001221-a-1.scores.csv
urn:mavedb:00001221-a-2	-0.5776613943809983	0.3359821403809982	0	mad90_all_variants	/paedyl01/disk1/yangyxt/public_data/VEP_plugins_caches/MaveDB/csv/urn-mavedb-00001221-a-2.scores.csv
urn:mavedb:00001222-a-1	-1.1778265695710548	0.5607432060710547	0	mad90_all_variants	/paedyl01/disk1/yangyxt/public_data/VEP_plugins_caches/MaveDB/csv/urn-mavedb-00001222-a-1.scores.csv
urn:mavedb:00001222-b-1	-0.7517280841878594	0.4559792266878594	0	mad90_all_variants	/paedyl01/disk1/yangyxt/public_data/VEP_plugins_caches/MaveDB/csv/urn-mavedb-00001222-b-1.scores.csv
urn:mavedb:00001223-a-1	0.9321047489634688	1.081091026036531	0	mad90_all_variants	/paedyl01/disk1/yangyxt/public_data/VEP_plugins_caches/MaveDB/csv/urn-mavedb-00001223-a-1.scores.csv
urn:mavedb:00001224-a-1	0.8831368014958825	6.181496611901563	0	mad90_all_variants	/paedyl01/disk1/yangyxt/public_data/VEP_plugins_caches/MaveDB/csv/urn-mavedb-00001224-a-1.scores.csv
urn:mavedb:00001225-a-1	-0.08423725608596891	0.2989598741911589	0	mad90_all_variants	/paedyl01/disk1/yangyxt/public_data/VEP_plugins_caches/MaveDB/csv/urn-mavedb-00001225-a-1.scores.csv
urn:mavedb:00001226-a-1	-1.6761058856064348	0.6702850146064347	0	mad90_all_variants	/paedyl01/disk1/yangyxt/public_data/VEP_plugins_caches/MaveDB/csv/urn-mavedb-00001226-a-1.scores.csv
urn:mavedb:00001226-b-1	-1.109615671713229	0.3513659637132291	0	mad90_all_variants	/paedyl01/disk1/yangyxt/public_data/VEP_plugins_caches/MaveDB/csv/urn-mavedb-00001226-b-1.scores.csv
urn:mavedb:00001227-a-1	0.5069277622586681	1.350305546741332	0	mad90_all_variants	/paedyl01/disk1/yangyxt/public_data/VEP_plugins_caches/MaveDB/csv/urn-mavedb-00001227-a-1.scores.csv
urn:mavedb:00001228-a-1	-0.36222885029232277	0.3451812342923227	0	mad90_all_variants	/paedyl01/disk1/yangyxt/public_data/VEP_plugins_caches/MaveDB/csv/urn-mavedb-00001228-a-1.scores.csv
urn:mavedb:00001229-a-1	-21.188432744209145	135.74574204420915	0	mad90_all_variants	/paedyl01/disk1/yangyxt/public_data/VEP_plugins_caches/MaveDB/csv/urn-mavedb-00001229-a-1.scores.csv
urn:mavedb:00001230-a-1	0.08358835460000003	0.7664116454	0	mad90_all_variants	/paedyl01/disk1/yangyxt/public_data/VEP_plugins_caches/MaveDB/csv/urn-mavedb-00001230-a-1.scores.csv
urn:mavedb:00001231-a-1	14.04394851658374	156.07068026176626	0	mad90_all_variants	/paedyl01/disk1/yangyxt/public_data/VEP_plugins_caches/MaveDB/csv/urn-mavedb-00001231-a-1.scores.csv
urn:mavedb:00001232-a-1	0.361826531095228	1.2795855979047719	0	mad90_all_variants	/paedyl01/disk1/yangyxt/public_data/VEP_plugins_caches/MaveDB/csv/urn-mavedb-00001232-a-1.scores.csv
urn:mavedb:00001232-b-1	0.5770796982365689	1.1918414947634313	0	mad90_all_variants	/paedyl01/disk1/yangyxt/public_data/VEP_plugins_caches/MaveDB/csv/urn-mavedb-00001232-b-1.scores.csv
urn:mavedb:00001233-a-1	NA	NA	0	mad_na_insufficient_n	/paedyl01/disk1/yangyxt/public_data/VEP_plugins_caches/MaveDB/csv/urn-mavedb-00001233-a-1.scores.csv
urn:mavedb:00001234-0-1	4.382000760249994	153.01799923975	0	mad90_all_variants	/paedyl01/disk1/yangyxt/public_data/VEP_plugins_caches/MaveDB/csv/urn-mavedb-00001234-0-1.scores.csv
urn:mavedb:00001234-a-1	-5.18450773299999	166.984507733	0	mad90_all_variants	/paedyl01/disk1/yangyxt/public_data/VEP_plugins_caches/MaveDB/csv/urn-mavedb-00001234-a-1.scores.csv
urn:mavedb:00001234-b-1	-30.930220570000003	149.53022056999998	0	mad90_all_variants	/paedyl01/disk1/yangyxt/public_data/VEP_plugins_caches/MaveDB/csv/urn-mavedb-00001234-b-1.scores.csv
urn:mavedb:00001234-c-1	-39.27105383299998	181.67105383299997	0	mad90_all_variants	/paedyl01/disk1/yangyxt/public_data/VEP_plugins_caches/MaveDB/csv/urn-mavedb-00001234-c-1.scores.csv
urn:mavedb:00001234-d-1	-8.759969577000007	165.35996957700002	0	mad90_all_variants	/paedyl01/disk1/yangyxt/public_data/VEP_plugins_caches/MaveDB/csv/urn-mavedb-00001234-d-1.scores.csv
urn:mavedb:00001234-e-1	0.03884560099999135	126.36115439900001	0	mad90_all_variants	/paedyl01/disk1/yangyxt/public_data/VEP_plugins_caches/MaveDB/csv/urn-mavedb-00001234-e-1.scores.csv
urn:mavedb:00001234-f-1	13.174136735999987	122.42586326400001	0	mad90_all_variants	/paedyl01/disk1/yangyxt/public_data/VEP_plugins_caches/MaveDB/csv/urn-mavedb-00001234-f-1.scores.csv
urn:mavedb:00001234-g-1	20.501375813000024	199.49862418699996	0	mad90_all_variants	/paedyl01/disk1/yangyxt/public_data/VEP_plugins_caches/MaveDB/csv/urn-mavedb-00001234-g-1.scores.csv
urn:mavedb:00001234-h-1	28.536074537000005	166.56392546299998	0	mad90_all_variants	/paedyl01/disk1/yangyxt/public_data/VEP_plugins_caches/MaveDB/csv/urn-mavedb-00001234-h-1.scores.csv
urn:mavedb:00001235-a-1	-0.2179608023548149	0.11216141421752446	36	synonym_percentiles_qc	/paedyl01/disk1/yangyxt/public_data/VEP_plugins_caches/MaveDB/csv/urn-mavedb-00001235-a-1.scores.csv
urn:mavedb:00001236-0-1	-0.00218342061947091	0.00521878524111411	0	mad90_all_variants	/paedyl01/disk1/yangyxt/public_data/VEP_plugins_caches/MaveDB/csv/urn-mavedb-00001236-0-1.scores.csv
urn:mavedb:00001237-a-1	0.5171019271250767	0.8880174259357834	0	mad90_all_variants	/paedyl01/disk1/yangyxt/public_data/VEP_plugins_caches/MaveDB/csv/urn-mavedb-00001237-a-1.scores.csv
urn:mavedb:00001237-a-2	0.6201912674607459	0.9736128824856134	0	mad90_all_variants	/paedyl01/disk1/yangyxt/public_data/VEP_plugins_caches/MaveDB/csv/urn-mavedb-00001237-a-2.scores.csv
urn:mavedb:00001239-a-1	-0.2715703163379868	0.1938448814154036	0	mad90_all_variants	/paedyl01/disk1/yangyxt/public_data/VEP_plugins_caches/MaveDB/csv/urn-mavedb-00001239-a-1.scores.csv
urn:mavedb:00001239-a-2	-0.5904131052335139	0.4609036135632985	0	mad90_all_variants	/paedyl01/disk1/yangyxt/public_data/VEP_plugins_caches/MaveDB/csv/urn-mavedb-00001239-a-2.scores.csv
urn:mavedb:00001239-a-3	-0.5676994029365551	0.44491295022655286	0	mad90_all_variants	/paedyl01/disk1/yangyxt/public_data/VEP_plugins_caches/MaveDB/csv/urn-mavedb-00001239-a-3.scores.csv
urn:mavedb:00001239-a-4	-0.30762509992124387	0.25677784816918603	0	mad90_all_variants	/paedyl01/disk1/yangyxt/public_data/VEP_plugins_caches/MaveDB/csv/urn-mavedb-00001239-a-4.scores.csv
urn:mavedb:00001239-a-5	-0.2678387290802193	0.21541606795179036	0	mad90_all_variants	/paedyl01/disk1/yangyxt/public_data/VEP_plugins_caches/MaveDB/csv/urn-mavedb-00001239-a-5.scores.csv
urn:mavedb:00001239-a-6.scores	-0.6159879431801714	0.4005537704589192	0	mad90_all_variants	/paedyl01/disk1/yangyxt/public_data/VEP_plugins_caches/MaveDB/csv/urn-mavedb-00001239-a-6.scores.csv
urn:mavedb:00001239-a-7	-0.5417274942341413	0.41858346905167876	0	mad90_all_variants	/paedyl01/disk1/yangyxt/public_data/VEP_plugins_caches/MaveDB/csv/urn-mavedb-00001239-a-7.scores.csv
urn:mavedb:00001240-a-1	3.502974900699999	4.137025099300001	0	mad90_all_variants	/paedyl01/disk1/yangyxt/public_data/VEP_plugins_caches/MaveDB/csv/urn-mavedb-00001240-a-1.scores.csv
urn:mavedb:00001240-a-2	3.6236807233999997	3.9163192766000003	0	mad90_all_variants	/paedyl01/disk1/yangyxt/public_data/VEP_plugins_caches/MaveDB/csv/urn-mavedb-00001240-a-2.scores.csv
urn:mavedb:00001240-a-3	3.3029587617829157	4.190544728217084	0	mad90_all_variants	/paedyl01/disk1/yangyxt/public_data/VEP_plugins_caches/MaveDB/csv/urn-mavedb-00001240-a-3.scores.csv
