gene_symbol	vcv_accession	variation_id	variation_name	classification_scope	matched_component_context	rcv_accession	condition	clinical_significance	review_status	review_stars	matched_scv_count
KIT	VCV000013863	13863	NM_000222.3(KIT):c.2446G>C (p.Asp816His)	simple_allele	allele	RCV000379347	not provided	Pathogenic	criteria provided, multiple submitters, no conflicts	2	2
ABL1	VCV000374795	374795	NM_005157.6(ABL1):c.677A>G (p.Tyr226Cys)	simple_allele	allele	RCV000496944	Congenital heart defects and skeletal malformations syndrome	Pathogenic/Likely pathogenic	criteria provided, multiple submitters, no conflicts	2	2
KCND3	VCV000393083	393083	NM_001378969.1(KCND3):c.1256G>A (p.Arg419His)	simple_allele	allele	RCV000420331	not provided	Uncertain significance	criteria provided, multiple submitters, no conflicts	2	2
CHRNB4	VCV000779904	779904	NM_000750.5(CHRNB4):c.1124C>T (p.Thr375Ile)	simple_allele	allele	RCV000960875	not provided	Benign	criteria provided, multiple submitters, no conflicts	2	2
PAK1	VCV000982892	982892	NM_002576.5(PAK1):c.1409T>G (p.Leu470Arg)	simple_allele	allele	RCV001262617	Intellectual developmental disorder with macrocephaly, seizures, and speech delay	Likely pathogenic	criteria provided, multiple submitters, no conflicts	2	2
TMEM175	VCV001178472	1178472	NM_032326.4(TMEM175):c.194A>C (p.Gln65Pro)	simple_allele	allele	RCV001534761	not provided	Benign	criteria provided, multiple submitters, no conflicts	2	2
DHX58	VCV001278116	1278116	NM_024119.3(DHX58):c.1274A>G (p.Gln425Arg)	simple_allele	allele	RCV001694857	not provided	Benign	criteria provided, multiple submitters, no conflicts	2	2
MAP3K3	VCV001691386	1691386	NM_002401.5(MAP3K3):c.1323C>G (p.Ile441Met)	simple_allele	allele	RCV002254484	Verrucous hemangioma	Pathogenic/Likely pathogenic	criteria provided, multiple submitters, no conflicts	2	2
PIEZO1	VCV000055805	55805	NM_001142864.4(PIEZO1):c.6674T>G (p.Met2225Arg)	simple_allele	allele	RCV004791250	not provided	Likely pathogenic	criteria provided, multiple submitters, no conflicts	2	2
SMARCB1	VCV000088893	88893	NM_003073.5(SMARCB1):c.110G>A (p.Arg37His)	simple_allele	allele	RCV000074462	Intellectual disability, autosomal dominant 15	Pathogenic/Likely pathogenic	criteria provided, multiple submitters, no conflicts	2	5
SMARCB1	VCV000088893	88893	NM_003073.5(SMARCB1):c.110G>A (p.Arg37His)	simple_allele	allele	RCV000262341	not provided	Pathogenic/Likely pathogenic	criteria provided, multiple submitters, no conflicts	2	2
SPOP	VCV000830356	830356	NM_001007228.2(SPOP):c.430G>A (p.Asp144Asn)	simple_allele	allele	RCV001030768	Neurodevelopmental disorder with microcephaly and dysmorphic facies	Pathogenic/Likely pathogenic	criteria provided, multiple submitters, no conflicts	2	2
NARS1	VCV000986305	986305	NM_004539.4(NARS1):c.1633C>T (p.Arg545Cys)	simple_allele	allele	RCV001267637	Neurodevelopmental disorder with microcephaly, impaired language, and gait abnormalities	Pathogenic/Likely pathogenic	criteria provided, multiple submitters, no conflicts	2	3
RRAS2	VCV000009447	9447	NM_012250.6(RRAS2):c.215A>T (p.Gln72Leu)	simple_allele	allele	RCV000010054	Noonan syndrome 12	Pathogenic	criteria provided, multiple submitters, no conflicts	2	0
RRAS2	VCV000009447	9447	NM_012250.6(RRAS2):c.215A>T (p.Gln72Leu)	simple_allele	allele	RCV000852398	Noonan syndrome	Pathogenic	reviewed by expert panel	3	1
VWF	VCV000100300	100300	NM_000552.5(VWF):c.3917G>A (p.Arg1306Gln)	simple_allele	allele	RCV000086700	not provided	Pathogenic	criteria provided, multiple submitters, no conflicts	2	2
SCN5A	VCV000406437	406437	NM_000335.5(SCN5A):c.2399G>T (p.Arg800Leu)	simple_allele	allele	RCV001841357	Cardiac arrhythmia	Uncertain significance	criteria provided, multiple submitters, no conflicts	2	2
KCNQ1	VCV000919842	919842	NM_000218.3(KCNQ1):c.553G>A (p.Val185Met)	simple_allele	allele	RCV001875885	Long QT syndrome	Uncertain significance	criteria provided, multiple submitters, no conflicts	2	2
GUCA1A	VCV000009152	9152	NM_001384910.1(GUCA1A):c.451C>T (p.Leu151Phe)	simple_allele	allele	RCV001075676	Retinal dystrophy	Pathogenic	criteria provided, multiple submitters, no conflicts	2	2
GUCA1A	VCV000009152	9152	NM_001384910.1(GUCA1A):c.451C>T (p.Leu151Phe)	simple_allele	allele	RCV001383741	not provided	Pathogenic	criteria provided, multiple submitters, no conflicts	2	3
TRPM4	VCV000035489	35489	NM_017636.4(TRPM4):c.2531G>A (p.Gly844Asp)	simple_allele	allele	RCV000249699	Cardiovascular phenotype	Uncertain significance	criteria provided, multiple submitters, no conflicts	2	2
TRPM4	VCV000035489	35489	NM_017636.4(TRPM4):c.2531G>A (p.Gly844Asp)	simple_allele	allele	RCV000434894	not provided	Uncertain significance	criteria provided, multiple submitters, no conflicts	2	3
LRRK2	VCV000039200	39200	NM_198578.4(LRRK2):c.4937T>C (p.Met1646Thr)	simple_allele	allele	RCV000032474	Autosomal dominant Parkinson disease 8	Benign/Likely benign	criteria provided, multiple submitters, no conflicts	2	2
LRRK2	VCV000039200	39200	NM_198578.4(LRRK2):c.4937T>C (p.Met1646Thr)	simple_allele	allele	RCV000712241	not provided	Benign/Likely benign	criteria provided, multiple submitters, no conflicts	2	3
CAPN5	VCV000039806	39806	NM_004055.5(CAPN5):c.728G>T (p.Arg243Leu)	simple_allele	allele	RCV001383042	not provided	Pathogenic	criteria provided, multiple submitters, no conflicts	2	2
SCN5A	VCV000068002	68002	NM_000335.5(SCN5A):c.5621T>C (p.Met1874Thr)	simple_allele	allele	RCV000183128	not provided	Likely pathogenic	criteria provided, multiple submitters, no conflicts	2	2
RARB	VCV000088762	88762	NM_000965.5(RARB):c.1159C>T (p.Arg387Cys)	simple_allele	allele	RCV000074412	Microphthalmia, syndromic 12	Pathogenic/Likely pathogenic	criteria provided, multiple submitters, no conflicts	2	7
NFKB2	VCV000155765	155765	NM_001322934.2(NFKB2):c.2594A>G (p.Asp865Gly)	simple_allele	allele	RCV000150032	Immunodeficiency, common variable, 10	Pathogenic/Likely pathogenic	criteria provided, multiple submitters, no conflicts	2	2
CACNA1C	VCV000190653	190653	NM_000719.7(CACNA1C):c.2573G>A (p.Arg858His)	simple_allele	allele	RCV001509415	not provided	Pathogenic/Likely pathogenic	criteria provided, multiple submitters, no conflicts	2	3
CACNA1C	VCV000190653	190653	NM_000719.7(CACNA1C):c.2573G>A (p.Arg858His)	simple_allele	allele	RCV002453577	Cardiovascular phenotype	Pathogenic/Likely pathogenic	criteria provided, multiple submitters, no conflicts	2	2
MAP3K7	VCV000264698	264698	NM_145331.3(MAP3K7):c.1535C>T (p.Pro512Leu)	simple_allele	allele	RCV001530168	not provided	Pathogenic	criteria provided, multiple submitters, no conflicts	2	2
CYFIP2	VCV000430807	430807	NM_001037333.3(CYFIP2):c.259C>T (p.Arg87Cys)	simple_allele	allele	RCV000656389	Developmental and epileptic encephalopathy, 65	Pathogenic/Likely pathogenic	criteria provided, multiple submitters, no conflicts	2	8
PLG	VCV000590291	590291	NM_000301.5(PLG):c.988A>G (p.Lys330Glu)	simple_allele	allele	RCV001862090	not provided	Pathogenic	criteria provided, multiple submitters, no conflicts	2	2
PLG	VCV000590291	590291	NM_000301.5(PLG):c.988A>G (p.Lys330Glu)	simple_allele	allele	RCV005034336	Angioedema, hereditary, 4|Plasminogen deficiency, type I	Pathogenic	criteria provided, multiple submitters, no conflicts	2	3
FLNB	VCV000599274	599274	NM_001457.4(FLNB):c.5375_5377del (p.Glu1792del)	simple_allele	allele	RCV001869012	not provided	Likely pathogenic	criteria provided, multiple submitters, no conflicts	2	2
KCNE3	VCV000658553	658553	NM_005472.5(KCNE3):c.49G>A (p.Val17Met)	simple_allele	allele	RCV000815401	Brugada syndrome 6	Uncertain significance	criteria provided, multiple submitters, no conflicts	2	2
KCNA2	VCV000986989	986989	NM_004974.4(KCNA2):c.889C>T (p.Arg297Trp)	simple_allele	allele	RCV001382054	Developmental and epileptic encephalopathy, 32	Pathogenic	criteria provided, multiple submitters, no conflicts	2	2
SCN11A	VCV000157600	157600	NM_001349253.2(SCN11A):c.1142T>C (p.Ile381Thr)	simple_allele	allele	RCV001808403	Hereditary sensory and autonomic neuropathy type 7	Likely pathogenic	criteria provided, multiple submitters, no conflicts	2	3
SETD2	VCV000388568	388568	NM_014159.7(SETD2):c.5218C>T (p.Arg1740Trp)	simple_allele	allele	RCV000426759	not provided	Pathogenic	criteria provided, multiple submitters, no conflicts	2	2
SETD2	VCV000388568	388568	NM_014159.7(SETD2):c.5218C>T (p.Arg1740Trp)	simple_allele	allele	RCV000853394	Luscan-Lumish syndrome	Pathogenic/Likely pathogenic	criteria provided, multiple submitters, no conflicts	2	6
SETD2	VCV000388568	388568	NM_014159.7(SETD2):c.5218C>T (p.Arg1740Trp)	simple_allele	allele	RCV001267684	SETD2-related disorder	Pathogenic/Likely pathogenic	criteria provided, multiple submitters, no conflicts	2	2
ABL1	VCV000983213	983213	NM_005157.6(ABL1):c.1525G>A (p.Glu509Lys)	simple_allele	allele	RCV002225818	not provided	Pathogenic/Likely pathogenic	criteria provided, multiple submitters, no conflicts	2	2
SCN5A	VCV001684121	1684121	NM_000335.5(SCN5A):c.638G>A (p.Gly213Asp)	simple_allele	allele	RCV002245121	not provided	Pathogenic/Likely pathogenic	criteria provided, multiple submitters, no conflicts	2	2
SCNN1B	VCV002072038	2072038	NM_000336.3(SCNN1B):c.1713del (p.Ser570_Tyr571insTer)	simple_allele	allele	RCV002962600	not provided	Uncertain significance	criteria provided, multiple submitters, no conflicts	2	2
LPL	VCV000001534	1534	NM_000237.3(LPL):c.1421C>G (p.Ser474Ter)	simple_allele	allele	RCV001511819	not provided	Benign	criteria provided, multiple submitters, no conflicts	2	3
LPL	VCV000001534	1534	NM_000237.3(LPL):c.1421C>G (p.Ser474Ter)	simple_allele	allele	RCV001804709	not specified	Benign	criteria provided, multiple submitters, no conflicts	2	3
SLC22A4	VCV000005750	5750	NM_003059.3(SLC22A4):c.1507C>T (p.Leu503Phe)	simple_allele	allele	RCV001682707	not provided	Benign	criteria provided, multiple submitters, no conflicts	2	2
KRT1	VCV000066662	66662	NM_006121.4(KRT1):c.698C>T (p.Ser233Leu)	simple_allele	allele	RCV000057104	not provided	Likely pathogenic	criteria provided, multiple submitters, no conflicts	2	2
JAK2	VCV000367129	367129	NM_004972.4(JAK2):c.2490G>A (p.Leu830=)	simple_allele	allele	RCV000454918	not specified	Benign	criteria provided, multiple submitters, no conflicts	2	3
JAK2	VCV000367129	367129	NM_004972.4(JAK2):c.2490G>A (p.Leu830=)	simple_allele	allele	RCV001643113	not provided	Benign	criteria provided, multiple submitters, no conflicts	2	4
CLCNKB	VCV000585702	585702	NM_000085.5(CLCNKB):c.1441A>T (p.Thr481Ser)	simple_allele	allele	RCV000711250	not provided	Benign/Likely benign	criteria provided, multiple submitters, no conflicts	2	4
CLCNKB	VCV000585702	585702	NM_000085.5(CLCNKB):c.1441A>T (p.Thr481Ser)	simple_allele	allele	RCV001805830	not specified	Benign/Likely benign	criteria provided, multiple submitters, no conflicts	2	2
KCNQ1	VCV000923275	923275	NM_000218.3(KCNQ1):c.2009G>A (p.Arg670Lys)	simple_allele	allele	RCV003532886	Long QT syndrome	Uncertain significance	criteria provided, multiple submitters, no conflicts	2	2
MC4R	VCV000218330	218330	NM_005912.3(MC4R):c.307G>A (p.Val103Ile)	simple_allele	allele	RCV002057039	not provided	Benign	criteria provided, multiple submitters, no conflicts	2	2
SLC6A4	VCV000322535	322535	NM_001045.6(SLC6A4):c.1149C>T (p.Leu383=)	simple_allele	allele	RCV000959188	not provided	Benign/Likely benign	criteria provided, multiple submitters, no conflicts	2	2
CSF3R	VCV000542862	542862	NM_000760.4(CSF3R):c.2197C>A (p.Pro733Thr)	simple_allele	allele	RCV001816646	not specified	Benign	criteria provided, multiple submitters, no conflicts	2	2
KCNH2	VCV000858924	858924	NM_000238.4(KCNH2):c.1447G>A (p.Val483Ile)	simple_allele	allele	RCV001064914	Long QT syndrome	Uncertain significance	criteria provided, multiple submitters, no conflicts	2	2
GNA11	VCV001478093	1478093	NM_002067.5(GNA11):c.1018G>A (p.Val340Met)	simple_allele	allele	RCV002018914	not provided	Pathogenic/Likely pathogenic	criteria provided, multiple submitters, no conflicts	2	2
MYLIP	VCV001534641	1534641	NM_013262.4(MYLIP):c.151G>A (p.Gly51Ser)	simple_allele	allele	RCV002087740	not provided	Likely benign	criteria provided, multiple submitters, no conflicts	2	2
PDGFRB	VCV000218935	218935	NM_002609.4(PDGFRB):c.1998C>A (p.Asn666Lys)	simple_allele	allele	RCV000203292	Myofibromatosis, infantile, 1	Pathogenic/Likely pathogenic	criteria provided, multiple submitters, no conflicts	2	2
ABL1	VCV000374794	374794	NM_005157.6(ABL1):c.1009G>A (p.Ala337Thr)	simple_allele	allele	RCV000496371	Congenital heart defects and skeletal malformations syndrome	Pathogenic	criteria provided, multiple submitters, no conflicts	2	2
ABL1	VCV000374794	374794	NM_005157.6(ABL1):c.1009G>A (p.Ala337Thr)	simple_allele	allele	RCV000492810	not provided	Pathogenic	criteria provided, multiple submitters, no conflicts	2	2
AVPR2	VCV000010854	10854	NM_000054.7(AVPR2):c.409C>T (p.Arg137Cys)	simple_allele	allele	RCV000011601	Nephrogenic syndrome of inappropriate antidiuresis	Pathogenic	criteria provided, multiple submitters, no conflicts	2	4
AVPR2	VCV000010854	10854	NM_000054.7(AVPR2):c.409C>T (p.Arg137Cys)	simple_allele	allele	RCV001171627	not provided	Pathogenic	criteria provided, multiple submitters, no conflicts	2	2
STING1	VCV000568703	568703	NM_198282.4(STING1):c.842G>A (p.Arg281Gln)	simple_allele	allele	RCV000689142	STING-associated vasculopathy with onset in infancy	Pathogenic/Likely pathogenic	criteria provided, multiple submitters, no conflicts	2	4
STING1	VCV000568703	568703	NM_198282.4(STING1):c.842G>A (p.Arg281Gln)	simple_allele	allele	RCV001198467	not provided	Pathogenic	criteria provided, multiple submitters, no conflicts	2	2
VWF	VCV000000288	288	NM_000552.5(VWF):c.3916C>T (p.Arg1306Trp)	simple_allele	allele	RCV000000312	Von Willebrand disease type 2B	Pathogenic	reviewed by expert panel	3	1
VWF	VCV000000288	288	NM_000552.5(VWF):c.3916C>T (p.Arg1306Trp)	simple_allele	allele	RCV000086699	not provided	Pathogenic/Likely pathogenic	criteria provided, multiple submitters, no conflicts	2	0
VWF	VCV000000288	288	NM_000552.5(VWF):c.3916C>T (p.Arg1306Trp)	simple_allele	allele	RCV000851989	von Willebrand disease type 2	Pathogenic	criteria provided, multiple submitters, no conflicts	2	0
VWF	VCV000000289	289	NM_000552.5(VWF):c.3922C>T (p.Arg1308Cys)	simple_allele	allele	RCV000000313	Von Willebrand disease type 2B	Pathogenic	reviewed by expert panel	3	1
VWF	VCV000000289	289	NM_000552.5(VWF):c.3922C>T (p.Arg1308Cys)	simple_allele	allele	RCV000086703	not provided	Pathogenic	criteria provided, multiple submitters, no conflicts	2	0
VWF	VCV000000289	289	NM_000552.5(VWF):c.3922C>T (p.Arg1308Cys)	simple_allele	allele	RCV002225253	von Willebrand disease type 2	Pathogenic	criteria provided, multiple submitters, no conflicts	2	0
VWF	VCV000000289	289	NM_000552.5(VWF):c.3922C>T (p.Arg1308Cys)	simple_allele	allele	RCV000851770	Hereditary von Willebrand disease	Pathogenic	criteria provided, multiple submitters, no conflicts	2	0
SETX	VCV000002289	2289	NM_015046.7(SETX):c.1166T>C (p.Leu389Ser)	simple_allele	allele	RCV000724322	not provided	Pathogenic	criteria provided, multiple submitters, no conflicts	2	2
LRRK2	VCV000001942	1942	NM_198578.4(LRRK2):c.4322G>A (p.Arg1441His)	simple_allele	allele	RCV000002019	Autosomal dominant Parkinson disease 8	Pathogenic/Likely pathogenic	criteria provided, multiple submitters, no conflicts	2	2
GP1BA	VCV000004155	4155	NM_000173.7(GP1BA):c.763A>G (p.Met255Val)	simple_allele	allele	RCV001810831	not provided	Pathogenic	criteria provided, multiple submitters, no conflicts	2	2
GP1BA	VCV000004153	4153	NM_000173.7(GP1BA):c.746G>T (p.Gly249Val)	simple_allele	allele	RCV000004370	Pseudo von Willebrand disease	Pathogenic/Likely pathogenic	criteria provided, multiple submitters, no conflicts	2	2
NLRP3	VCV000004377	4377	NM_001243133.2(NLRP3):c.907G>A (p.Asp303Asn)	simple_allele	allele	RCV000214348	not provided	Pathogenic	criteria provided, multiple submitters, no conflicts	2	3
LRP5	VCV000006282	6282	NM_002335.4(LRP5):c.724G>A (p.Ala242Thr)	simple_allele	allele	RCV000383760	not provided	Pathogenic/Likely pathogenic	criteria provided, multiple submitters, no conflicts	2	2
LRP5	VCV000006283	6283	NM_002335.4(LRP5):c.640G>A (p.Ala214Thr)	simple_allele	allele	RCV005229766	not provided	Pathogenic	criteria provided, multiple submitters, no conflicts	2	2
SLC25A15	VCV000006000	6000	NM_014252.4(SLC25A15):c.95C>G (p.Thr32Arg)	simple_allele	allele	RCV000006366	Hyperornithinemia-hyperammonemia-homocitrullinuria syndrome	Pathogenic	criteria provided, multiple submitters, no conflicts	2	3
KCNE2	VCV000006053	6053	NM_172201.2(KCNE2):c.161T>C (p.Met54Thr)	simple_allele	allele	RCV000006425	Long QT syndrome 6	Uncertain significance; risk factor	criteria provided, multiple submitters, no conflicts	2	3
KCNE2	VCV000006055	6055	NM_172201.2(KCNE2):c.79C>T (p.Arg27Cys)	simple_allele	allele	RCV000756281	not provided	Uncertain significance	criteria provided, multiple submitters, no conflicts	2	2
DNM2	VCV000007285	7285	NM_001005361.3(DNM2):c.1856C>T (p.Ser619Leu)	simple_allele	allele	RCV000145908	Centronuclear myopathy	Pathogenic	reviewed by expert panel	3	1
DNM2	VCV000007285	7285	NM_001005361.3(DNM2):c.1856C>T (p.Ser619Leu)	simple_allele	allele	RCV000754751	Autosomal dominant centronuclear myopathy	Pathogenic/Likely pathogenic	criteria provided, multiple submitters, no conflicts	2	0
DNM2	VCV000007281	7281	NM_001005361.3(DNM2):c.1393C>T (p.Arg465Trp)	simple_allele	allele	RCV000007704	Autosomal dominant centronuclear myopathy	Pathogenic	criteria provided, multiple submitters, no conflicts	2	0
DNM2	VCV000007281	7281	NM_001005361.3(DNM2):c.1393C>T (p.Arg465Trp)	simple_allele	allele	RCV000145902	Centronuclear myopathy	Pathogenic	reviewed by expert panel	3	1
DNM2	VCV000007281	7281	NM_001005361.3(DNM2):c.1393C>T (p.Arg465Trp)	simple_allele	allele	RCV000373773	not provided	Pathogenic	criteria provided, multiple submitters, no conflicts	2	0
CACNA1A	VCV000008487	8487	NM_001127222.2(CACNA1A):c.575G>A (p.Arg192Gln)	simple_allele	allele	RCV003231095	not provided	Pathogenic/Likely pathogenic	criteria provided, multiple submitters, no conflicts	2	3
SCN5A	VCV000009376	9376	NM_000335.5(SCN5A):c.4865G>A (p.Arg1622Gln)	simple_allele	allele	RCV001588806	not provided	Pathogenic	criteria provided, multiple submitters, no conflicts	2	2
SCN5A	VCV000009370	9370	NM_000335.5(SCN5A):c.3971A>G (p.Asn1324Ser)	simple_allele	allele	RCV003234898	not provided	Pathogenic	criteria provided, multiple submitters, no conflicts	2	2
SCN5A	VCV000009375	9375	NM_000335.5(SCN5A):c.5381A>G (p.Tyr1794Cys)	simple_allele	allele	RCV001561910	not provided	Pathogenic	criteria provided, multiple submitters, no conflicts	2	2
TP53	VCV000012353	12353	NM_000546.6(TP53):c.469G>T (p.Val157Phe)	simple_allele	allele	RCV000566103	Hereditary cancer-predisposing syndrome	Pathogenic/Likely pathogenic	criteria provided, multiple submitters, no conflicts	2	2
TP53	VCV000012353	12353	NM_000546.6(TP53):c.469G>T (p.Val157Phe)	simple_allele	allele	RCV001823095	Li-Fraumeni syndrome 1	Pathogenic/Likely pathogenic	criteria provided, multiple submitters, no conflicts	2	2
RYR1	VCV000012978	12978	NM_000540.3(RYR1):c.14477C>T (p.Thr4826Ile)	simple_allele	allele	RCV000013847	Malignant hyperthermia, susceptibility to, 1	Pathogenic	reviewed by expert panel	3	1
RYR1	VCV000012978	12978	NM_000540.3(RYR1):c.14477C>T (p.Thr4826Ile)	simple_allele	allele	RCV001787773	sevoflurane response - Toxicity	drug response	reviewed by expert panel	3	1
RYR1	VCV000012978	12978	NM_000540.3(RYR1):c.14477C>T (p.Thr4826Ile)	simple_allele	allele	RCV001787772	methoxyflurane response - Toxicity	drug response	reviewed by expert panel	3	1
RYR1	VCV000012978	12978	NM_000540.3(RYR1):c.14477C>T (p.Thr4826Ile)	simple_allele	allele	RCV001787774	succinylcholine response - Toxicity	drug response	reviewed by expert panel	3	1
RYR1	VCV000012978	12978	NM_000540.3(RYR1):c.14477C>T (p.Thr4826Ile)	simple_allele	allele	RCV001787768	desflurane response - Toxicity	drug response	reviewed by expert panel	3	1
RYR1	VCV000012978	12978	NM_000540.3(RYR1):c.14477C>T (p.Thr4826Ile)	simple_allele	allele	RCV001787769	enflurane response - Toxicity	drug response	reviewed by expert panel	3	1
RYR1	VCV000012978	12978	NM_000540.3(RYR1):c.14477C>T (p.Thr4826Ile)	simple_allele	allele	RCV001787770	halothane response - Toxicity	drug response	reviewed by expert panel	3	1
RYR1	VCV000012978	12978	NM_000540.3(RYR1):c.14477C>T (p.Thr4826Ile)	simple_allele	allele	RCV001787771	isoflurane response - Toxicity	drug response	reviewed by expert panel	3	1
RYR1	VCV000012993	12993	NM_000540.3(RYR1):c.1565A>C (p.Tyr522Ser)	simple_allele	allele	RCV000013865	Malignant hyperthermia, susceptibility to, 1	Pathogenic	reviewed by expert panel	3	1
RYR1	VCV000012993	12993	NM_000540.3(RYR1):c.1565A>C (p.Tyr522Ser)	simple_allele	allele	RCV001787799	isoflurane response - Toxicity	drug response	reviewed by expert panel	3	1
RYR1	VCV000012993	12993	NM_000540.3(RYR1):c.1565A>C (p.Tyr522Ser)	simple_allele	allele	RCV001787802	succinylcholine response - Toxicity	drug response	reviewed by expert panel	3	1
RYR1	VCV000012993	12993	NM_000540.3(RYR1):c.1565A>C (p.Tyr522Ser)	simple_allele	allele	RCV001787801	sevoflurane response - Toxicity	drug response	reviewed by expert panel	3	1
RYR1	VCV000012993	12993	NM_000540.3(RYR1):c.1565A>C (p.Tyr522Ser)	simple_allele	allele	RCV001787798	halothane response - Toxicity	drug response	reviewed by expert panel	3	1
RYR1	VCV000012993	12993	NM_000540.3(RYR1):c.1565A>C (p.Tyr522Ser)	simple_allele	allele	RCV001787800	methoxyflurane response - Toxicity	drug response	reviewed by expert panel	3	1
RYR1	VCV000012993	12993	NM_000540.3(RYR1):c.1565A>C (p.Tyr522Ser)	simple_allele	allele	RCV001787796	desflurane response - Toxicity	drug response	reviewed by expert panel	3	1
RYR1	VCV000012993	12993	NM_000540.3(RYR1):c.1565A>C (p.Tyr522Ser)	simple_allele	allele	RCV001787797	enflurane response - Toxicity	drug response	reviewed by expert panel	3	1
TGFB1	VCV000012534	12534	NM_000660.7(TGFB1):c.29C>T (p.Pro10Leu)	simple_allele	allele	RCV000242872	not specified	Benign	criteria provided, multiple submitters, no conflicts	2	3
TGFB1	VCV000012534	12534	NM_000660.7(TGFB1):c.29C>T (p.Pro10Leu)	simple_allele	allele	RCV001516678	not provided	Benign	criteria provided, multiple submitters, no conflicts	2	2
RYR1	VCV000012967	12967	NM_000540.3(RYR1):c.487C>T (p.Arg163Cys)	simple_allele	allele	RCV000013833	Malignant hyperthermia, susceptibility to, 1	Pathogenic	reviewed by expert panel	3	1
RYR1	VCV000012967	12967	NM_000540.3(RYR1):c.487C>T (p.Arg163Cys)	simple_allele	allele	RCV000119625	not provided	Pathogenic	criteria provided, multiple submitters, no conflicts	2	0
RYR1	VCV000012967	12967	NM_000540.3(RYR1):c.487C>T (p.Arg163Cys)	simple_allele	allele	RCV001787710	sevoflurane response - Toxicity	drug response	reviewed by expert panel	3	1
RYR1	VCV000012967	12967	NM_000540.3(RYR1):c.487C>T (p.Arg163Cys)	simple_allele	allele	RCV001787402	desflurane response - Toxicity	drug response	reviewed by expert panel	3	1
RYR1	VCV000012967	12967	NM_000540.3(RYR1):c.487C>T (p.Arg163Cys)	simple_allele	allele	RCV001787711	succinylcholine response - Toxicity	drug response	reviewed by expert panel	3	1
RYR1	VCV000012967	12967	NM_000540.3(RYR1):c.487C>T (p.Arg163Cys)	simple_allele	allele	RCV001787707	halothane response - Toxicity	drug response	reviewed by expert panel	3	1
RYR1	VCV000012967	12967	NM_000540.3(RYR1):c.487C>T (p.Arg163Cys)	simple_allele	allele	RCV001787709	methoxyflurane response - Toxicity	drug response	reviewed by expert panel	3	1
RYR1	VCV000012967	12967	NM_000540.3(RYR1):c.487C>T (p.Arg163Cys)	simple_allele	allele	RCV001787706	enflurane response - Toxicity	drug response	reviewed by expert panel	3	1
RYR1	VCV000012967	12967	NM_000540.3(RYR1):c.487C>T (p.Arg163Cys)	simple_allele	allele	RCV001787708	isoflurane response - Toxicity	drug response	reviewed by expert panel	3	1
RYR1	VCV000012968	12968	NM_000540.3(RYR1):c.1209C>G (p.Ile403Met)	simple_allele	allele	RCV001787712	desflurane response - Toxicity	drug response	reviewed by expert panel	3	1
RYR1	VCV000012968	12968	NM_000540.3(RYR1):c.1209C>G (p.Ile403Met)	simple_allele	allele	RCV001787713	enflurane response - Toxicity	drug response	reviewed by expert panel	3	1
RYR1	VCV000012968	12968	NM_000540.3(RYR1):c.1209C>G (p.Ile403Met)	simple_allele	allele	RCV001787714	halothane response - Toxicity	drug response	reviewed by expert panel	3	1
RYR1	VCV000012968	12968	NM_000540.3(RYR1):c.1209C>G (p.Ile403Met)	simple_allele	allele	RCV001787716	methoxyflurane response - Toxicity	drug response	reviewed by expert panel	3	1
RYR1	VCV000012968	12968	NM_000540.3(RYR1):c.1209C>G (p.Ile403Met)	simple_allele	allele	RCV001787715	isoflurane response - Toxicity	drug response	reviewed by expert panel	3	1
RYR1	VCV000012968	12968	NM_000540.3(RYR1):c.1209C>G (p.Ile403Met)	simple_allele	allele	RCV001787717	sevoflurane response - Toxicity	drug response	reviewed by expert panel	3	1
RYR1	VCV000012968	12968	NM_000540.3(RYR1):c.1209C>G (p.Ile403Met)	simple_allele	allele	RCV001787718	succinylcholine response - Toxicity	drug response	reviewed by expert panel	3	1
RYR1	VCV000012968	12968	NM_000540.3(RYR1):c.1209C>G (p.Ile403Met)	simple_allele	allele	RCV003231102	Malignant hyperthermia, susceptibility to, 1	Uncertain significance	reviewed by expert panel	3	1
RAF1	VCV000013958	13958	NM_002880.4(RAF1):c.781C>T (p.Pro261Ser)	simple_allele	allele	RCV000014987	Noonan syndrome 5	Pathogenic	criteria provided, multiple submitters, no conflicts	2	0
RAF1	VCV000013958	13958	NM_002880.4(RAF1):c.781C>T (p.Pro261Ser)	simple_allele	allele	RCV000159076	not provided	Pathogenic	criteria provided, multiple submitters, no conflicts	2	0
RAF1	VCV000013958	13958	NM_002880.4(RAF1):c.781C>T (p.Pro261Ser)	simple_allele	allele	RCV000211849	Noonan syndrome	Pathogenic	reviewed by expert panel	3	1
RAF1	VCV000013958	13958	NM_002880.4(RAF1):c.781C>T (p.Pro261Ser)	simple_allele	allele	RCV000468714	RASopathy	Pathogenic	criteria provided, multiple submitters, no conflicts	2	0
BRAF	VCV000013981	13981	NM_004333.6(BRAF):c.1914T>A (p.Asp638Glu)	simple_allele	allele	RCV000015015	Cardiofaciocutaneous syndrome 1	Pathogenic/Likely pathogenic	criteria provided, multiple submitters, no conflicts	2	8
SOD1	VCV000014758	14758	NM_000454.5(SOD1):c.256G>C (p.Gly86Arg)	simple_allele	allele	RCV000015880	Amyotrophic lateral sclerosis type 1	Pathogenic	criteria provided, multiple submitters, no conflicts	2	2
RET	VCV000013950	13950	NM_020975.6(RET):c.1597G>T (p.Gly533Cys)	simple_allele	allele	RCV000182579	not provided	Pathogenic	criteria provided, multiple submitters, no conflicts	2	4
LHCGR	VCV000014384	14384	NM_000233.4(LHCGR):c.1733A>G (p.Asp578Gly)	simple_allele	allele	RCV000517056	not provided	Pathogenic	criteria provided, multiple submitters, no conflicts	2	3
ITGB3	VCV000013558	13558	NM_000212.3(ITGB3):c.176T>C (p.Leu59Pro)	simple_allele	allele	RCV000246922	not specified	Benign/Likely benign	criteria provided, multiple submitters, no conflicts	2	0
ITGB3	VCV000013558	13558	NM_000212.3(ITGB3):c.176T>C (p.Leu59Pro)	simple_allele	allele	RCV000383813	Glanzmann thrombasthenia	Benign	reviewed by expert panel	3	1
ITGB3	VCV000013558	13558	NM_000212.3(ITGB3):c.176T>C (p.Leu59Pro)	simple_allele	allele	RCV001517663	not provided	Benign	criteria provided, multiple submitters, no conflicts	2	0
RET	VCV000013909	13909	NM_020975.6(RET):c.1901G>A (p.Cys634Tyr)	simple_allele	allele	RCV000014924	Multiple endocrine neoplasia type 2A	Pathogenic	criteria provided, multiple submitters, no conflicts	2	8
RET	VCV000013909	13909	NM_020975.6(RET):c.1901G>A (p.Cys634Tyr)	simple_allele	allele	RCV000129490	Hereditary cancer-predisposing syndrome	Pathogenic	criteria provided, multiple submitters, no conflicts	2	2
RET	VCV000013909	13909	NM_020975.6(RET):c.1901G>A (p.Cys634Tyr)	simple_allele	allele	RCV000182582	not provided	Pathogenic	criteria provided, multiple submitters, no conflicts	2	5
RET	VCV000013909	13909	NM_020975.6(RET):c.1901G>A (p.Cys634Tyr)	simple_allele	allele	RCV000425364	Multiple endocrine neoplasia type 2B	Pathogenic	criteria provided, multiple submitters, no conflicts	2	3
RET	VCV000013909	13909	NM_020975.6(RET):c.1901G>A (p.Cys634Tyr)	simple_allele	allele	RCV003989285	Hirschsprung disease, susceptibility to, 1	Pathogenic	criteria provided, multiple submitters, no conflicts	2	3
RET	VCV000013911	13911	NM_020975.6(RET):c.1901G>T (p.Cys634Phe)	simple_allele	allele	RCV000014928	Multiple endocrine neoplasia type 2A	Pathogenic	criteria provided, multiple submitters, no conflicts	2	2
RET	VCV000013911	13911	NM_020975.6(RET):c.1901G>T (p.Cys634Phe)	simple_allele	allele	RCV003237413	not provided	Pathogenic	criteria provided, multiple submitters, no conflicts	2	2
RAF1	VCV000013960	13960	NM_002880.4(RAF1):c.1837C>G (p.Leu613Val)	simple_allele	allele	RCV000159089	RASopathy	Pathogenic	reviewed by expert panel	3	1
RAF1	VCV000013960	13960	NM_002880.4(RAF1):c.1837C>G (p.Leu613Val)	simple_allele	allele	RCV000254689	not provided	Pathogenic	criteria provided, multiple submitters, no conflicts	2	0
RET	VCV000013918	13918	NM_020975.6(RET):c.1902C>G (p.Cys634Trp)	simple_allele	allele	RCV000405235	not provided	Pathogenic	criteria provided, multiple submitters, no conflicts	2	4
GJB2	VCV000017033	17033	NM_004004.6(GJB2):c.134G>A (p.Gly45Glu)	simple_allele	allele	RCV000022510	Autosomal recessive nonsyndromic hearing loss 1A	Pathogenic	criteria provided, multiple submitters, no conflicts	2	3
GJB2	VCV000017033	17033	NM_004004.6(GJB2):c.134G>A (p.Gly45Glu)	simple_allele	allele	RCV001851914	not provided	Pathogenic	criteria provided, multiple submitters, no conflicts	2	3
EGFR	VCV000016609	16609	NM_005228.5(EGFR):c.2573T>G (p.Leu858Arg)	simple_allele	allele	RCV000211323	gefitinib response - Efficacy	drug response	reviewed by expert panel	3	1
C3	VCV000017060	17060	NM_000064.4(C3):c.1775G>A (p.Arg592Gln)	simple_allele	allele	RCV001507917	not provided	Pathogenic/Likely pathogenic	criteria provided, multiple submitters, no conflicts	2	3
RET	VCV000024902	24902	NM_020975.6(RET):c.1853G>T (p.Cys618Phe)	simple_allele	allele	RCV000255102	not provided	Pathogenic	criteria provided, multiple submitters, no conflicts	2	2
RET	VCV000024946	24946	NM_020975.6(RET):c.2508C>T (p.Ser836=)	simple_allele	allele	RCV000151741	not specified	Benign	criteria provided, multiple submitters, no conflicts	2	6
RET	VCV000024946	24946	NM_020975.6(RET):c.2508C>T (p.Ser836=)	simple_allele	allele	RCV000203081	Multiple endocrine neoplasia	Benign/Likely benign	criteria provided, multiple submitters, no conflicts	2	2
RET	VCV000024946	24946	NM_020975.6(RET):c.2508C>T (p.Ser836=)	simple_allele	allele	RCV000327711	Pheochromocytoma	Benign/Likely benign	criteria provided, multiple submitters, no conflicts	2	2
RET	VCV000024946	24946	NM_020975.6(RET):c.2508C>T (p.Ser836=)	simple_allele	allele	RCV000712296	not provided	Benign/Likely benign	criteria provided, multiple submitters, no conflicts	2	3
RET	VCV000024946	24946	NM_020975.6(RET):c.2508C>T (p.Ser836=)	simple_allele	allele	RCV001080523	Multiple endocrine neoplasia, type 2	Benign	criteria provided, multiple submitters, no conflicts	2	2
BRAF	VCV000029808	29808	NM_004333.6(BRAF):c.1593G>C (p.Trp531Cys)	simple_allele	allele	RCV000191066	RASopathy	Pathogenic	criteria provided, multiple submitters, no conflicts	2	2
BRAF	VCV000029808	29808	NM_004333.6(BRAF):c.1593G>C (p.Trp531Cys)	simple_allele	allele	RCV001781297	not provided	Pathogenic	criteria provided, multiple submitters, no conflicts	2	2
ACVR1	VCV000029595	29595	NM_001111067.4(ACVR1):c.983G>A (p.Gly328Glu)	simple_allele	allele	RCV003556067	not provided	Pathogenic	criteria provided, multiple submitters, no conflicts	2	2
PRSS1	VCV000029923	29923	NM_002769.5(PRSS1):c.346C>T (p.Arg116Cys)	simple_allele	allele	RCV000022814	Hereditary pancreatitis	Pathogenic/Likely pathogenic	criteria provided, multiple submitters, no conflicts	2	6
ABCC9	VCV000031947	31947	NM_020297.4(ABCC9):c.3461G>A (p.Arg1154Gln)	simple_allele	allele	RCV000024625	Hypertrichotic osteochondrodysplasia Cantu type	Pathogenic	criteria provided, multiple submitters, no conflicts	2	2
RET	VCV000038601	38601	NM_020975.6(RET):c.1852T>A (p.Cys618Ser)	simple_allele	allele	RCV000032040	Multiple endocrine neoplasia, type 2	Pathogenic	criteria provided, multiple submitters, no conflicts	2	2
RET	VCV000038601	38601	NM_020975.6(RET):c.1852T>A (p.Cys618Ser)	simple_allele	allele	RCV000182594	not provided	Pathogenic	criteria provided, multiple submitters, no conflicts	2	2
RET	VCV000038601	38601	NM_020975.6(RET):c.1852T>A (p.Cys618Ser)	simple_allele	allele	RCV003233028	Multiple endocrine neoplasia type 2A	Pathogenic	criteria provided, multiple submitters, no conflicts	2	2
PRSS1	VCV000038366	38366	NM_002769.5(PRSS1):c.86A>C (p.Asn29Thr)	simple_allele	allele	RCV000031923	Hereditary pancreatitis	Pathogenic	criteria provided, multiple submitters, no conflicts	2	2
PTPN11	VCV000040521	40521	NM_002834.5(PTPN11):c.785T>G (p.Leu262Arg)	simple_allele	allele	RCV000526885	RASopathy	Pathogenic	criteria provided, multiple submitters, no conflicts	2	2
RYR2	VCV000043801	43801	NM_001035.3(RYR2):c.506G>A (p.Arg169Gln)	simple_allele	allele	RCV000182658	not provided	Pathogenic	criteria provided, multiple submitters, no conflicts	2	2
RYR2	VCV000043801	43801	NM_001035.3(RYR2):c.506G>A (p.Arg169Gln)	simple_allele	allele	RCV002513428	Catecholaminergic polymorphic ventricular tachycardia 1	Pathogenic	criteria provided, multiple submitters, no conflicts	2	3
PTPN11	VCV000044603	44603	NM_002834.5(PTPN11):c.209A>G (p.Lys70Arg)	simple_allele	allele	RCV000206837	RASopathy	Pathogenic	reviewed by expert panel	3	1
PTPN11	VCV000044603	44603	NM_002834.5(PTPN11):c.209A>G (p.Lys70Arg)	simple_allele	allele	RCV003313932	Noonan syndrome 1	Pathogenic	criteria provided, multiple submitters, no conflicts	2	0
ABCC9	VCV000045395	45395	NM_020297.4(ABCC9):c.1987C>T (p.Arg663Cys)	simple_allele	allele	RCV000988800	Dilated cardiomyopathy 1O	Uncertain significance	criteria provided, multiple submitters, no conflicts	2	3
KCNQ1	VCV000052982	52982	NM_000218.3(KCNQ1):c.136G>A (p.Ala46Thr)	simple_allele	allele	RCV000223932	not provided	Uncertain significance	criteria provided, multiple submitters, no conflicts	2	4
KCNQ1	VCV000053087	53087	NM_000218.3(KCNQ1):c.692G>A (p.Arg231His)	simple_allele	allele	RCV000182101	not provided	Pathogenic	criteria provided, multiple submitters, no conflicts	2	2
PDGFRB	VCV000055848	55848	NM_002609.4(PDGFRB):c.1681C>T (p.Arg561Cys)	simple_allele	allele	RCV000049264	Myofibromatosis, infantile, 1	Pathogenic	criteria provided, multiple submitters, no conflicts	2	2
PDGFRB	VCV000055848	55848	NM_002609.4(PDGFRB):c.1681C>T (p.Arg561Cys)	simple_allele	allele	RCV000390507	not provided	Pathogenic	criteria provided, multiple submitters, no conflicts	2	2
TSC2	VCV000064956	64956	NM_000548.5(TSC2):c.1040A>G (p.Lys347Arg)	simple_allele	allele	RCV000055159	Tuberous sclerosis syndrome	Uncertain significance	criteria provided, multiple submitters, no conflicts	2	3
TSC2	VCV000064956	64956	NM_000548.5(TSC2):c.1040A>G (p.Lys347Arg)	simple_allele	allele	RCV001009773	Hereditary cancer-predisposing syndrome	Likely benign	criteria provided, multiple submitters, no conflicts	2	2
TSC2	VCV000064956	64956	NM_000548.5(TSC2):c.1040A>G (p.Lys347Arg)	simple_allele	allele	RCV001079443	Tuberous sclerosis 2	Benign/Likely benign	criteria provided, multiple submitters, no conflicts	2	2
KCNH2	VCV000067427	67427	NM_000238.4(KCNH2):c.2690A>C (p.Lys897Thr)	simple_allele	allele	RCV000058152	not provided	Benign	criteria provided, multiple submitters, no conflicts	2	4
KCNH2	VCV000067427	67427	NM_000238.4(KCNH2):c.2690A>C (p.Lys897Thr)	simple_allele	allele	RCV000276195	Long QT syndrome	Benign	criteria provided, multiple submitters, no conflicts	2	2
KCNH2	VCV000067427	67427	NM_000238.4(KCNH2):c.2690A>C (p.Lys897Thr)	simple_allele	allele	RCV000223864	not specified	Benign	criteria provided, multiple submitters, no conflicts	2	4
KCNH2	VCV000067427	67427	NM_000238.4(KCNH2):c.2690A>C (p.Lys897Thr)	simple_allele	allele	RCV001095232	Long QT syndrome 2	Benign	criteria provided, multiple submitters, no conflicts	2	3
SCN5A	VCV000067804	67804	NM_000335.5(SCN5A):c.3581G>A (p.Arg1194His)	simple_allele	allele	RCV001842339	Cardiac arrhythmia	Uncertain significance	criteria provided, multiple submitters, no conflicts	2	2
SCN5A	VCV000067795	67795	NM_000335.5(SCN5A):c.3389C>T (p.Thr1130Ile)	simple_allele	allele	RCV000587127	not provided	Uncertain significance	criteria provided, multiple submitters, no conflicts	2	4
SCN5A	VCV000067795	67795	NM_000335.5(SCN5A):c.3389C>T (p.Thr1130Ile)	simple_allele	allele	RCV001842336	Cardiac arrhythmia	Uncertain significance	criteria provided, multiple submitters, no conflicts	2	2
KCNH2	VCV000067184	67184	NM_000238.4(KCNH2):c.1307C>T (p.Thr436Met)	simple_allele	allele	RCV000631634	Long QT syndrome	Uncertain significance	criteria provided, multiple submitters, no conflicts	2	2
SCN5A	VCV000067651	67651	NM_000335.5(SCN5A):c.1231G>A (p.Val411Met)	simple_allele	allele	RCV000157478	Long QT syndrome	Pathogenic	criteria provided, multiple submitters, no conflicts	2	1
SCN5A	VCV000067651	67651	NM_000335.5(SCN5A):c.1231G>A (p.Val411Met)	simple_allele	allele	RCV000234790	Long QT syndrome 3	Pathogenic	criteria provided, multiple submitters, no conflicts	2	4
SCN5A	VCV000067651	67651	NM_000335.5(SCN5A):c.1231G>A (p.Val411Met)	simple_allele	allele	RCV000182964	not provided	Pathogenic	criteria provided, multiple submitters, no conflicts	2	2
SCN5A	VCV000068053	68053	NM_000335.5(SCN5A):c.874G>A (p.Gly292Ser)	simple_allele	allele	RCV001842416	Cardiac arrhythmia	Uncertain significance	criteria provided, multiple submitters, no conflicts	2	2
SCN5A	VCV000068053	68053	NM_000335.5(SCN5A):c.874G>A (p.Gly292Ser)	simple_allele	allele	RCV003656625	not provided	Uncertain significance	criteria provided, multiple submitters, no conflicts	2	2
VWF	VCV000100356	100356	NM_000552.5(VWF):c.4399C>T (p.Pro1467Ser)	simple_allele	allele	RCV004821272	Hereditary von Willebrand disease	Uncertain significance	reviewed by expert panel	3	1
TP53	VCV000127820	127820	NM_000546.6(TP53):c.701A>G (p.Tyr234Cys)	simple_allele	allele	RCV000115732	not provided	Pathogenic/Likely pathogenic	criteria provided, multiple submitters, no conflicts	2	2
TP53	VCV000127820	127820	NM_000546.6(TP53):c.701A>G (p.Tyr234Cys)	simple_allele	allele	RCV000200601	Li-Fraumeni syndrome	Pathogenic/Likely pathogenic	criteria provided, multiple submitters, no conflicts	2	3
TP53	VCV000127820	127820	NM_000546.6(TP53):c.701A>G (p.Tyr234Cys)	simple_allele	allele	RCV000492245	Hereditary cancer-predisposing syndrome	Pathogenic/Likely pathogenic	criteria provided, multiple submitters, no conflicts	2	2
TP53	VCV000127820	127820	NM_000546.6(TP53):c.701A>G (p.Tyr234Cys)	simple_allele	allele	RCV001808343	Li-Fraumeni syndrome 1	Pathogenic/Likely pathogenic	criteria provided, multiple submitters, no conflicts	2	3
TP53	VCV000127814	127814	NM_000546.6(TP53):c.488A>G (p.Tyr163Cys)	simple_allele	allele	RCV000526324	Li-Fraumeni syndrome	Pathogenic	reviewed by expert panel	3	1
PIK3CD	VCV000132807	132807	NM_005026.5(PIK3CD):c.1573G>A (p.Glu525Lys)	simple_allele	allele	RCV000119276	Immunodeficiency 14	Pathogenic	reviewed by expert panel	3	1
PIK3CD	VCV000132806	132806	NM_005026.5(PIK3CD):c.1002C>A (p.Asn334Lys)	simple_allele	allele	RCV000119275	Immunodeficiency 14	Likely pathogenic	reviewed by expert panel	3	1
PIK3CD	VCV000132808	132808	NM_005026.5(PIK3CD):c.1246T>C (p.Cys416Arg)	simple_allele	allele	RCV000119277	Immunodeficiency 14	Likely pathogenic	reviewed by expert panel	3	1
TP53	VCV000141141	141141	NM_000546.6(TP53):c.842A>G (p.Asp281Gly)	simple_allele	allele	RCV000129516	Hereditary cancer-predisposing syndrome	Pathogenic	criteria provided, multiple submitters, no conflicts	2	2
TP53	VCV000141141	141141	NM_000546.6(TP53):c.842A>G (p.Asp281Gly)	simple_allele	allele	RCV000633367	Li-Fraumeni syndrome	Pathogenic	criteria provided, multiple submitters, no conflicts	2	2
TP53	VCV000141141	141141	NM_000546.6(TP53):c.842A>G (p.Asp281Gly)	simple_allele	allele	RCV002288626	Li-Fraumeni syndrome 1	Pathogenic	criteria provided, multiple submitters, no conflicts	2	2
TP53	VCV000142206	142206	NM_000546.6(TP53):c.328C>T (p.Arg110Cys)	simple_allele	allele	RCV000131196	Hereditary cancer-predisposing syndrome	Uncertain significance	criteria provided, multiple submitters, no conflicts	2	0
TP53	VCV000142206	142206	NM_000546.6(TP53):c.328C>T (p.Arg110Cys)	simple_allele	allele	RCV000195648	Li-Fraumeni syndrome	Uncertain significance	reviewed by expert panel	3	1
TP53	VCV000142206	142206	NM_000546.6(TP53):c.328C>T (p.Arg110Cys)	simple_allele	allele	RCV001704056	not provided	Uncertain significance	criteria provided, multiple submitters, no conflicts	2	0
TP53	VCV000142206	142206	NM_000546.6(TP53):c.328C>T (p.Arg110Cys)	simple_allele	allele	RCV002267879	not specified	Uncertain significance	criteria provided, multiple submitters, no conflicts	2	0
PTPN11	VCV000164997	164997	NM_002834.5(PTPN11):c.206A>T (p.Glu69Val)	simple_allele	allele	RCV004562306	Noonan syndrome 1	Pathogenic	criteria provided, multiple submitters, no conflicts	2	2
PTPN11	VCV000181496	181496	NM_002834.5(PTPN11):c.226G>C (p.Glu76Gln)	simple_allele	allele	RCV002288669	Noonan syndrome 1	Pathogenic/Likely pathogenic	criteria provided, multiple submitters, no conflicts	2	2
TP53	VCV000184372	184372	NM_000546.6(TP53):c.216C>T (p.Pro72=)	simple_allele	allele	RCV000163616	Hereditary cancer-predisposing syndrome	Benign/Likely benign	criteria provided, multiple submitters, no conflicts	2	5
TP53	VCV000184372	184372	NM_000546.6(TP53):c.216C>T (p.Pro72=)	simple_allele	allele	RCV000444926	not specified	Benign/Likely benign	criteria provided, multiple submitters, no conflicts	2	2
TP53	VCV000184372	184372	NM_000546.6(TP53):c.216C>T (p.Pro72=)	simple_allele	allele	RCV001081606	Li-Fraumeni syndrome	Likely benign	criteria provided, multiple submitters, no conflicts	2	2
TP53	VCV000184372	184372	NM_000546.6(TP53):c.216C>T (p.Pro72=)	simple_allele	allele	RCV002288721	Li-Fraumeni syndrome 1	Benign/Likely benign	criteria provided, multiple submitters, no conflicts	2	3
TP53	VCV000185814	185814	NM_000546.6(TP53):c.814G>A (p.Val272Met)	simple_allele	allele	RCV000457645	Li-Fraumeni syndrome	Pathogenic/Likely pathogenic	criteria provided, multiple submitters, no conflicts	2	0
TP53	VCV000185814	185814	NM_000546.6(TP53):c.814G>A (p.Val272Met)	simple_allele	allele	RCV001527085	Li-Fraumeni syndrome 1	Pathogenic	reviewed by expert panel	3	1
SCN2A	VCV000196039	196039	NM_001040142.2(SCN2A):c.5645G>A (p.Arg1882Gln)	simple_allele	allele	RCV000189181	not provided	Pathogenic/Likely pathogenic	criteria provided, multiple submitters, no conflicts	2	2
CASR	VCV000198071	198071	NM_000388.4(CASR):c.2968A>G (p.Arg990Gly)	simple_allele	allele	RCV000179296	not specified	Benign	criteria provided, multiple submitters, no conflicts	2	4
CASR	VCV000198071	198071	NM_000388.4(CASR):c.2968A>G (p.Arg990Gly)	simple_allele	allele	RCV000987314	Familial hypocalciuric hypercalcemia 1	Benign	criteria provided, multiple submitters, no conflicts	2	2
CASR	VCV000198071	198071	NM_000388.4(CASR):c.2968A>G (p.Arg990Gly)	simple_allele	allele	RCV004715755	not provided	Benign/Likely benign	criteria provided, multiple submitters, no conflicts	2	2
SCN5A	VCV000201549	201549	NM_000335.5(SCN5A):c.6043G>A (p.Val2015Met)	simple_allele	allele	RCV001781541	not provided	Uncertain significance	criteria provided, multiple submitters, no conflicts	2	2
SCN5A	VCV000201549	201549	NM_000335.5(SCN5A):c.6043G>A (p.Val2015Met)	simple_allele	allele	RCV001842931	Cardiac arrhythmia	Uncertain significance	criteria provided, multiple submitters, no conflicts	2	2
PCSK9	VCV000201128	201128	NM_174936.4(PCSK9):c.1405C>T (p.Arg469Trp)	simple_allele	allele	RCV000776243	Familial hypercholesterolemia	Benign/Likely benign	criteria provided, multiple submitters, no conflicts	2	3
SCN2A	VCV000207017	207017	NM_001040142.2(SCN2A):c.4877G>A (p.Arg1626Gln)	simple_allele	allele	RCV000189169	not provided	Pathogenic	criteria provided, multiple submitters, no conflicts	2	2
SCN2A	VCV000207017	207017	NM_001040142.2(SCN2A):c.4877G>A (p.Arg1626Gln)	simple_allele	allele	RCV000679890	Developmental and epileptic encephalopathy, 11	Pathogenic	criteria provided, multiple submitters, no conflicts	2	3
SCN2A	VCV000207012	207012	NM_001040142.2(SCN2A):c.4633A>G (p.Met1545Val)	simple_allele	allele	RCV000189164	not provided	Pathogenic	criteria provided, multiple submitters, no conflicts	2	2
MAGEL2	VCV000208684	208684	NM_019066.5(MAGEL2):c.1912C>T (p.Gln638Ter)	simple_allele	allele	RCV000238706	not provided	Pathogenic/Likely pathogenic	criteria provided, multiple submitters, no conflicts	2	2
MAGEL2	VCV000208684	208684	NM_019066.5(MAGEL2):c.1912C>T (p.Gln638Ter)	simple_allele	allele	RCV000508676	Schaaf-Yang syndrome	Pathogenic	criteria provided, multiple submitters, no conflicts	2	6
ABCC8	VCV000210071	210071	NM_000352.6(ABCC8):c.1858C>T (p.Arg620Cys)	simple_allele	allele	RCV000193433	not specified	Likely benign	criteria provided, multiple submitters, no conflicts	2	2
ABCC8	VCV000210071	210071	NM_000352.6(ABCC8):c.1858C>T (p.Arg620Cys)	simple_allele	allele	RCV000952127	not provided	Likely benign	criteria provided, multiple submitters, no conflicts	2	3
BRAF	VCV000222077	222077	NM_004333.6(BRAF):c.1574T>C (p.Leu525Pro)	simple_allele	allele	RCV000207510	not provided	Pathogenic/Likely pathogenic	criteria provided, multiple submitters, no conflicts	2	3
TP53	VCV000230253	230253	NM_000546.6(TP53):c.743G>T (p.Arg248Leu)	simple_allele	allele	RCV000219834	Hereditary cancer-predisposing syndrome	Pathogenic/Likely pathogenic	criteria provided, multiple submitters, no conflicts	2	0
TP53	VCV000230253	230253	NM_000546.6(TP53):c.743G>T (p.Arg248Leu)	simple_allele	allele	RCV000991149	Li-Fraumeni syndrome	Pathogenic	reviewed by expert panel	3	1
TP53	VCV000234214	234214	NM_000546.6(TP53):c.668C>T (p.Pro223Leu)	simple_allele	allele	RCV000223388	Hereditary cancer-predisposing syndrome	Uncertain significance	criteria provided, multiple submitters, no conflicts	2	2
PCSK9	VCV000242027	242027	NM_174936.4(PCSK9):c.1658A>G (p.His553Arg)	simple_allele	allele	RCV000234453	Hypercholesterolemia, autosomal dominant, 3	Benign/Likely benign	criteria provided, multiple submitters, no conflicts	2	3
PCSK9	VCV000242027	242027	NM_174936.4(PCSK9):c.1658A>G (p.His553Arg)	simple_allele	allele	RCV000858409	not provided	Benign/Likely benign	criteria provided, multiple submitters, no conflicts	2	4
PCSK9	VCV000242027	242027	NM_174936.4(PCSK9):c.1658A>G (p.His553Arg)	simple_allele	allele	RCV000776244	Familial hypercholesterolemia	Benign/Likely benign	criteria provided, multiple submitters, no conflicts	2	3
PCSK9	VCV000242027	242027	NM_174936.4(PCSK9):c.1658A>G (p.His553Arg)	simple_allele	allele	RCV002265707	not specified	Benign/Likely benign	criteria provided, multiple submitters, no conflicts	2	2
TP53	VCV000246118	246118	NM_000546.6(TP53):c.473G>C (p.Arg158Pro)	simple_allele	allele	RCV000548853	Li-Fraumeni syndrome	Pathogenic	reviewed by expert panel	3	1
TP53	VCV000246118	246118	NM_000546.6(TP53):c.473G>C (p.Arg158Pro)	simple_allele	allele	RCV002288932	Hereditary cancer-predisposing syndrome	Pathogenic/Likely pathogenic	criteria provided, multiple submitters, no conflicts	2	0
TP53	VCV000246118	246118	NM_000546.6(TP53):c.473G>C (p.Arg158Pro)	simple_allele	allele	RCV002288931	Li-Fraumeni syndrome 1	Likely pathogenic	criteria provided, multiple submitters, no conflicts	2	0
TRPC6	VCV000259454	259454	NM_004621.6(TRPC6):c.1211C>T (p.Ala404Val)	simple_allele	allele	RCV000576299	not provided	Benign	criteria provided, multiple submitters, no conflicts	2	4
TRPC6	VCV000259454	259454	NM_004621.6(TRPC6):c.1211C>T (p.Ala404Val)	simple_allele	allele	RCV000244238	not specified	Benign	criteria provided, multiple submitters, no conflicts	2	3
PTPN11	VCV000265307	265307	NM_002834.5(PTPN11):c.1520C>A (p.Thr507Lys)	simple_allele	allele	RCV001330779	Noonan syndrome 1	Pathogenic	criteria provided, multiple submitters, no conflicts	2	2
BRAF	VCV000280033	280033	NM_004333.6(BRAF):c.1796C>G (p.Thr599Arg)	simple_allele	allele	RCV000291177	not provided	Pathogenic	criteria provided, multiple submitters, no conflicts	2	0
BRAF	VCV000280033	280033	NM_004333.6(BRAF):c.1796C>G (p.Thr599Arg)	simple_allele	allele	RCV000856750	Cardiofaciocutaneous syndrome 1	Pathogenic	criteria provided, multiple submitters, no conflicts	2	0
BRAF	VCV000280033	280033	NM_004333.6(BRAF):c.1796C>G (p.Thr599Arg)	simple_allele	allele	RCV001172278	RASopathy	Pathogenic	reviewed by expert panel	3	1
CETP	VCV000319999	319999	NM_000078.3(CETP):c.1403G>A (p.Arg468Gln)	simple_allele	allele	RCV001723907	not provided	Benign	criteria provided, multiple submitters, no conflicts	2	3
CD40	VCV000338576	338576	NM_001250.6(CD40):c.679C>G (p.Pro227Ala)	simple_allele	allele	RCV000434147	not specified	Benign	criteria provided, multiple submitters, no conflicts	2	2
CD40	VCV000338576	338576	NM_001250.6(CD40):c.679C>G (p.Pro227Ala)	simple_allele	allele	RCV001000003	Hyper-IgM syndrome type 3	Benign	criteria provided, multiple submitters, no conflicts	2	2
CD40	VCV000338576	338576	NM_001250.6(CD40):c.679C>G (p.Pro227Ala)	simple_allele	allele	RCV001512285	not provided	Benign	criteria provided, multiple submitters, no conflicts	2	2
PPP2R1A	VCV000376505	376505	NM_014225.6(PPP2R1A):c.547C>T (p.Arg183Trp)	simple_allele	allele	RCV000761600	Houge-Janssens syndrome 2	Pathogenic/Likely pathogenic	criteria provided, multiple submitters, no conflicts	2	3
PPP2R1A	VCV000376505	376505	NM_014225.6(PPP2R1A):c.547C>T (p.Arg183Trp)	simple_allele	allele	RCV003318575	not provided	Pathogenic	criteria provided, multiple submitters, no conflicts	2	2
TP53	VCV000376603	376603	NM_000546.6(TP53):c.734G>T (p.Gly245Val)	simple_allele	allele	RCV001026313	Hereditary cancer-predisposing syndrome	Pathogenic	criteria provided, multiple submitters, no conflicts	2	2
TP53	VCV000376637	376637	NM_000546.6(TP53):c.716A>G (p.Asn239Ser)	simple_allele	allele	RCV000567507	Hereditary cancer-predisposing syndrome	Likely pathogenic	criteria provided, multiple submitters, no conflicts	2	2
TP53	VCV000376637	376637	NM_000546.6(TP53):c.716A>G (p.Asn239Ser)	simple_allele	allele	RCV002289529	Li-Fraumeni syndrome 1	Likely pathogenic	criteria provided, multiple submitters, no conflicts	2	3
TP53	VCV000376655	376655	NM_000546.6(TP53):c.818G>T (p.Arg273Leu)	simple_allele	allele	RCV000822080	Li-Fraumeni syndrome	Pathogenic	criteria provided, multiple submitters, no conflicts	2	2
TP53	VCV000376655	376655	NM_000546.6(TP53):c.818G>T (p.Arg273Leu)	simple_allele	allele	RCV000568814	Hereditary cancer-predisposing syndrome	Pathogenic	criteria provided, multiple submitters, no conflicts	2	2
TP53	VCV000376681	376681	NM_000546.6(TP53):c.614A>G (p.Tyr205Cys)	simple_allele	allele	RCV000704312	Li-Fraumeni syndrome	Pathogenic	criteria provided, multiple submitters, no conflicts	2	2
TP53	VCV000376633	376633	NM_000546.6(TP53):c.581T>G (p.Leu194Arg)	simple_allele	allele	RCV000535418	Li-Fraumeni syndrome	Pathogenic	reviewed by expert panel	3	1
TP53	VCV000376642	376642	NM_000546.6(TP53):c.832C>T (p.Pro278Ser)	simple_allele	allele	RCV000633344	Li-Fraumeni syndrome	Likely pathogenic	criteria provided, multiple submitters, no conflicts	2	2
FOXN1	VCV000392379	392379	NM_001369369.1(FOXN1):c.962A>G (p.His321Arg)	simple_allele	allele	RCV004772907	T-cell immunodeficiency, congenital alopecia, and nail dystrophy	Likely pathogenic	reviewed by expert panel	3	1
ABCC8	VCV000393429	393429	NM_000352.6(ABCC8):c.1067A>G (p.Tyr356Cys)	simple_allele	allele	RCV000710369	not provided	Uncertain significance	criteria provided, multiple submitters, no conflicts	2	2
ABCC8	VCV000393429	393429	NM_000352.6(ABCC8):c.1067A>G (p.Tyr356Cys)	simple_allele	allele	RCV001104823	Hyperinsulinemic hypoglycemia, familial, 1	Uncertain significance	criteria provided, multiple submitters, no conflicts	2	2
PCSK9	VCV000403288	403288	NM_174936.4(PCSK9):c.1070G>A (p.Arg357His)	simple_allele	allele	RCV000455200	not specified	Uncertain significance	criteria provided, multiple submitters, no conflicts	2	2
PCSK9	VCV000403288	403288	NM_174936.4(PCSK9):c.1070G>A (p.Arg357His)	simple_allele	allele	RCV001856799	Hypercholesterolemia, autosomal dominant, 3	Uncertain significance	criteria provided, multiple submitters, no conflicts	2	3
TP53	VCV000406578	406578	NM_000546.6(TP53):c.537T>A (p.His179Gln)	simple_allele	allele	RCV000464573	Li-Fraumeni syndrome	Pathogenic	reviewed by expert panel	3	1
TP53	VCV000406578	406578	NM_000546.6(TP53):c.537T>A (p.His179Gln)	simple_allele	allele	RCV000567952	Hereditary cancer-predisposing syndrome	Pathogenic/Likely pathogenic	criteria provided, multiple submitters, no conflicts	2	0
PCSK9	VCV000438332	438332	NM_174936.4(PCSK9):c.386A>G (p.Asp129Gly)	simple_allele	allele	RCV000706194	Hypercholesterolemia, autosomal dominant, 3	Pathogenic/Likely pathogenic	criteria provided, multiple submitters, no conflicts	2	2
PCSK9	VCV000440718	440718	NM_174936.4(PCSK9):c.658G>A (p.Ala220Thr)	simple_allele	allele	RCV001857286	Hypercholesterolemia, autosomal dominant, 3	Uncertain significance	criteria provided, multiple submitters, no conflicts	2	2
PCSK9	VCV000440718	440718	NM_174936.4(PCSK9):c.658G>A (p.Ala220Thr)	simple_allele	allele	RCV003478085	not provided	Uncertain significance	criteria provided, multiple submitters, no conflicts	2	2
PCSK9	VCV000440718	440718	NM_174936.4(PCSK9):c.658G>A (p.Ala220Thr)	simple_allele	allele	RCV004023450	Cardiovascular phenotype	Uncertain significance	criteria provided, multiple submitters, no conflicts	2	2
TRIO	VCV000449111	449111	NM_007118.4(TRIO):c.3232C>T (p.Arg1078Trp)	simple_allele	allele	RCV000522592	not provided	Pathogenic/Likely pathogenic	criteria provided, multiple submitters, no conflicts	2	3
TRIO	VCV000449111	449111	NM_007118.4(TRIO):c.3232C>T (p.Arg1078Trp)	simple_allele	allele	RCV001030433	Intellectual developmental disorder, autosomal dominant 63, with macrocephaly	Pathogenic	criteria provided, multiple submitters, no conflicts	2	3
TRIO	VCV000449111	449111	NM_007118.4(TRIO):c.3232C>T (p.Arg1078Trp)	simple_allele	allele	RCV000995906	Micrognathia-recurrent infections-behavioral abnormalities-mild intellectual disability syndrome	Pathogenic/Likely pathogenic	criteria provided, multiple submitters, no conflicts	2	5
TEK	VCV000452884	452884	NM_000459.5(TEK):c.2753G>A (p.Arg918His)	simple_allele	allele	RCV000519290	not provided	Uncertain significance	criteria provided, multiple submitters, no conflicts	2	2
KCNA5	VCV000469603	469603	NM_002234.4(KCNA5):c.964G>C (p.Asp322His)	simple_allele	allele	RCV000549134	Atrial fibrillation, familial, 7	Uncertain significance	criteria provided, multiple submitters, no conflicts	2	3
CARD14	VCV000527891	527891	NM_001366385.1(CARD14):c.526G>C (p.Asp176His)	simple_allele	allele	RCV000632915	Pityriasis rubra pilaris|Psoriasis 2	Benign/Likely benign	criteria provided, multiple submitters, no conflicts	2	2
CARD14	VCV000527891	527891	NM_001366385.1(CARD14):c.526G>C (p.Asp176His)	simple_allele	allele	RCV004710167	not provided	Benign/Likely benign	criteria provided, multiple submitters, no conflicts	2	2
PIK3CD	VCV000578525	578525	NM_005026.5(PIK3CD):c.1002C>G (p.Asn334Lys)	simple_allele	allele	RCV000701558	Immunodeficiency 14	Likely pathogenic	reviewed by expert panel	3	1
ABCC9	VCV000582030	582030	NM_020297.4(ABCC9):c.4205C>G (p.Ser1402Cys)	simple_allele	allele	RCV000706003	Dilated cardiomyopathy 1O	Uncertain significance	criteria provided, multiple submitters, no conflicts	2	3
SCN11A	VCV000582088	582088	NM_001349253.2(SCN11A):c.2095G>A (p.Gly699Arg)	simple_allele	allele	RCV001509214	not provided	Uncertain significance	criteria provided, multiple submitters, no conflicts	2	3
PIK3CD	VCV000582515	582515	NM_005026.5(PIK3CD):c.1574A>G (p.Glu525Gly)	simple_allele	allele	RCV000706607	Immunodeficiency 14	Likely pathogenic	reviewed by expert panel	3	1
ACOX1	VCV000584427	584427	NM_004035.7(ACOX1):c.710A>G (p.Asn237Ser)	simple_allele	allele	RCV001731902	ACOX1-related disorder	Pathogenic	criteria provided, multiple submitters, no conflicts	2	2
ACOX1	VCV000584427	584427	NM_004035.7(ACOX1):c.710A>G (p.Asn237Ser)	simple_allele	allele	RCV001250273	Mitchell syndrome	Pathogenic/Likely pathogenic	criteria provided, multiple submitters, no conflicts	2	3
ACOX1	VCV000584427	584427	NM_004035.7(ACOX1):c.710A>G (p.Asn237Ser)	simple_allele	allele	RCV001268145	not provided	Pathogenic/Likely pathogenic	criteria provided, multiple submitters, no conflicts	2	3
ACOX1	VCV000584427	584427	NM_004035.7(ACOX1):c.710A>G (p.Asn237Ser)	simple_allele	allele	RCV002249428	Acyl-CoA oxidase deficiency	Pathogenic	criteria provided, multiple submitters, no conflicts	2	2
TP53	VCV000656751	656751	NM_000546.6(TP53):c.380C>A (p.Ser127Tyr)	simple_allele	allele	RCV000813247	Li-Fraumeni syndrome	Pathogenic	reviewed by expert panel	3	1
TP53	VCV000656751	656751	NM_000546.6(TP53):c.380C>A (p.Ser127Tyr)	simple_allele	allele	RCV001527086	Li-Fraumeni syndrome 1	Likely pathogenic	reviewed by expert panel	3	0
TP53	VCV000804214	804214	NM_000546.6(TP53):c.428T>C (p.Val143Ala)	simple_allele	allele	RCV000991143	Li-Fraumeni syndrome	Pathogenic	reviewed by expert panel	3	1
TP53	VCV000823553	823553	NM_000546.6(TP53):c.991C>A (p.Gln331Lys)	simple_allele	allele	RCV001019890	Hereditary cancer-predisposing syndrome	Uncertain significance	criteria provided, multiple submitters, no conflicts	2	2
SCN5A	VCV000850004	850004	NM_000335.5(SCN5A):c.316A>G (p.Ser106Gly)	simple_allele	allele	RCV001842601	Cardiac arrhythmia	Uncertain significance	criteria provided, multiple submitters, no conflicts	2	2
ANKRD26	VCV000878948	878948	NM_014915.3(ANKRD26):c.3G>A (p.Met1Ile)	simple_allele	allele	RCV001655676	not provided	Uncertain significance	criteria provided, multiple submitters, no conflicts	2	2
GCM2	VCV000905292	905292	NM_004752.4(GCM2):c.1144G>A (p.Val382Met)	simple_allele	allele	RCV002480553	Hyperparathyroidism 4|Hypoparathyroidism, familial isolated, 2	Uncertain significance	criteria provided, multiple submitters, no conflicts	2	2
GCM2	VCV000905292	905292	NM_004752.4(GCM2):c.1144G>A (p.Val382Met)	simple_allele	allele	RCV002558330	not provided	Uncertain significance	criteria provided, multiple submitters, no conflicts	2	2
C2	VCV000906982	906982	NM_000063.6(C2):c.749C>G (p.Ser250Cys)	simple_allele	allele	RCV001528361	not provided	Uncertain significance	criteria provided, multiple submitters, no conflicts	2	2
SCN5A	VCV000928169	928169	NM_000335.5(SCN5A):c.1859G>A (p.Arg620His)	simple_allele	allele	RCV001841157	Cardiac arrhythmia	Uncertain significance	criteria provided, multiple submitters, no conflicts	2	2
CACNA1F	VCV000988790	988790	NM_001256789.3(CACNA1F):c.5446C>T (p.Arg1816Ter)	simple_allele	allele	RCV003558787	not provided	Pathogenic	criteria provided, multiple submitters, no conflicts	2	2
SCNN1G	VCV001185021	1185021	NM_001039.4(SCNN1G):c.1532T>A (p.Leu511Gln)	simple_allele	allele	RCV003542345	not provided	Uncertain significance	criteria provided, multiple submitters, no conflicts	2	2
BRAF	VCV001324583	1324583	NM_004333.6(BRAF):c.823G>A (p.Glu275Lys)	simple_allele	allele	RCV002468641	Noonan syndrome 7	Pathogenic/Likely pathogenic	criteria provided, multiple submitters, no conflicts	2	2
SAMD9	VCV001343336	1343336	NM_017654.4(SAMD9):c.2471G>A (p.Arg824Gln)	simple_allele	allele	RCV001869862	not provided	Pathogenic	criteria provided, multiple submitters, no conflicts	2	2
PIK3CD	VCV001457684	1457684	NM_005026.5(PIK3CD):c.1571A>C (p.Tyr524Ser)	simple_allele	allele	RCV001953888	Immunodeficiency 14	Likely pathogenic	reviewed by expert panel	3	1
SCN2A	VCV001478168	1478168	NM_001040142.2(SCN2A):c.5636T>C (p.Met1879Thr)	simple_allele	allele	RCV002319740	Complex neurodevelopmental disorder	Likely pathogenic	reviewed by expert panel	3	1
TP53	VCV001757269	1757269	NM_000546.6(TP53):c.711G>C (p.Met237Ile)	simple_allele	allele	RCV005055457	Li-Fraumeni syndrome	Pathogenic/Likely pathogenic	criteria provided, multiple submitters, no conflicts	2	2
WAS	VCV000029967	29967	NM_000377.3(WAS):c.881T>C (p.Ile294Thr)	simple_allele	allele	RCV000022859	X-linked severe congenital neutropenia	Pathogenic	criteria provided, multiple submitters, no conflicts	2	5
WAS	VCV000029967	29967	NM_000377.3(WAS):c.881T>C (p.Ile294Thr)	simple_allele	allele	RCV001268500	not provided	Pathogenic/Likely pathogenic	criteria provided, multiple submitters, no conflicts	2	2
SCN2A	VCV000378927	378927	NM_001040142.2(SCN2A):c.781G>A (p.Val261Met)	simple_allele	allele	RCV006636226	SCN2A-related disorder	Pathogenic	criteria provided, multiple submitters, no conflicts	2	2
KCNC1	VCV000426760	426760	NM_001112741.2(KCNC1):c.1273G>A (p.Val425Met)	simple_allele	allele	RCV001851315	Progressive myoclonic epilepsy type 7	Pathogenic/Likely pathogenic	criteria provided, multiple submitters, no conflicts	2	3
CHRNA4	VCV000017500	17500	NM_000744.7(CHRNA4):c.851C>T (p.Ser284Leu)	simple_allele	allele	RCV000019052	Autosomal dominant nocturnal frontal lobe epilepsy 1	Pathogenic	criteria provided, multiple submitters, no conflicts	2	2
FGFR4	VCV000016326	16326	NM_213647.3(FGFR4):c.1162G>A (p.Gly388Arg)	simple_allele	allele	RCV001777142	not specified	Benign	criteria provided, multiple submitters, no conflicts	2	2
KRAS	VCV000031941	31941	NM_033360.4(KRAS):c.439A>G (p.Lys147Glu)	simple_allele	allele	RCV000520244	not provided	Pathogenic/Likely pathogenic	criteria provided, multiple submitters, no conflicts	2	2
CACNA1C	VCV000190641	190641	NM_000719.7(CACNA1C):c.1532G>A (p.Arg511Gln)	simple_allele	allele	RCV005532595	Cardiovascular phenotype	Uncertain significance	criteria provided, multiple submitters, no conflicts	2	2
MAP2K1	VCV000228273	228273	NM_002755.4(MAP2K1):c.364A>G (p.Asn122Asp)	simple_allele	allele	RCV000220187	RASopathy	Pathogenic	reviewed by expert panel	3	1
ACTL6B	VCV000430804	430804	NM_016188.5(ACTL6B):c.1027G>A (p.Gly343Arg)	simple_allele	allele	RCV000785974	Intellectual developmental disorder with severe speech and ambulation defects	Pathogenic/Likely pathogenic	criteria provided, multiple submitters, no conflicts	2	5
ACTL6B	VCV000430804	430804	NM_016188.5(ACTL6B):c.1027G>A (p.Gly343Arg)	simple_allele	allele	RCV001381390	not provided	Pathogenic/Likely pathogenic	criteria provided, multiple submitters, no conflicts	2	3
DNM2	VCV000007279	7279	NM_001005361.3(DNM2):c.1106G>A (p.Arg369Gln)	simple_allele	allele	RCV000145900	Centronuclear myopathy	Pathogenic	reviewed by expert panel	3	1
DNM2	VCV000007279	7279	NM_001005361.3(DNM2):c.1106G>A (p.Arg369Gln)	simple_allele	allele	RCV000701394	Charcot-Marie-Tooth disease dominant intermediate B	Pathogenic	criteria provided, multiple submitters, no conflicts	2	0
DNM2	VCV000007279	7279	NM_001005361.3(DNM2):c.1106G>A (p.Arg369Gln)	simple_allele	allele	RCV001781202	not provided	Pathogenic/Likely pathogenic	criteria provided, multiple submitters, no conflicts	2	0
TP53	VCV000012349	12349	NM_000546.6(TP53):c.733G>T (p.Gly245Cys)	simple_allele	allele	RCV000013142	Li-Fraumeni syndrome 1	Pathogenic	criteria provided, multiple submitters, no conflicts	2	2
TP53	VCV000012349	12349	NM_000546.6(TP53):c.733G>T (p.Gly245Cys)	simple_allele	allele	RCV000492412	Hereditary cancer-predisposing syndrome	Pathogenic	criteria provided, multiple submitters, no conflicts	2	2
TP53	VCV000142766	142766	NM_000546.6(TP53):c.455C>T (p.Pro152Leu)	simple_allele	allele	RCV000132156	Hereditary cancer-predisposing syndrome	Pathogenic	criteria provided, multiple submitters, no conflicts	2	0
TP53	VCV000142766	142766	NM_000546.6(TP53):c.455C>T (p.Pro152Leu)	simple_allele	allele	RCV000168122	Li-Fraumeni syndrome	Pathogenic	reviewed by expert panel	3	1
TP53	VCV000142766	142766	NM_000546.6(TP53):c.455C>T (p.Pro152Leu)	simple_allele	allele	RCV000583667	not provided	Pathogenic	criteria provided, multiple submitters, no conflicts	2	0
TP53	VCV000142766	142766	NM_000546.6(TP53):c.455C>T (p.Pro152Leu)	simple_allele	allele	RCV000677669	Li-Fraumeni syndrome 1	Pathogenic/Likely pathogenic	criteria provided, multiple submitters, no conflicts	2	0
PYGM	VCV000555716	555716	NM_005609.4(PYGM):c.415C>T (p.Arg139Trp)	simple_allele	allele	RCV000671584	Glycogen storage disease, type V	Pathogenic/Likely pathogenic	criteria provided, multiple submitters, no conflicts	2	6
SMARCA4	VCV000967403	967403	NM_003072.5(SMARCA4):c.2935C>T (p.Arg979Ter)	simple_allele	allele	RCV001269593	not provided	Pathogenic/Likely pathogenic	criteria provided, multiple submitters, no conflicts	2	2
SNTA1	VCV000191548	191548	NM_003098.3(SNTA1):c.770C>G (p.Ala257Gly)	simple_allele	allele	RCV000171774	Long QT syndrome	Benign/Likely benign	criteria provided, multiple submitters, no conflicts	2	3
SNTA1	VCV000191548	191548	NM_003098.3(SNTA1):c.770C>G (p.Ala257Gly)	simple_allele	allele	RCV001256962	not specified	Benign/Likely benign	criteria provided, multiple submitters, no conflicts	2	2
SCN2B	VCV000518839	518839	NM_004588.5(SCN2B):c.205T>C (p.Tyr69His)	simple_allele	allele	RCV001860373	Atrial fibrillation, familial, 14	Uncertain significance	criteria provided, multiple submitters, no conflicts	2	2
SCN1B	VCV000009252	9252	NM_001037.5(SCN1B):c.363C>G (p.Cys121Trp)	simple_allele	allele	RCV000009834	Generalized epilepsy with febrile seizures plus, type 1	Pathogenic/Likely pathogenic	criteria provided, multiple submitters, no conflicts	2	7
SCN1B	VCV000009252	9252	NM_001037.5(SCN1B):c.363C>G (p.Cys121Trp)	simple_allele	allele	RCV000171041	not provided	Pathogenic/Likely pathogenic	criteria provided, multiple submitters, no conflicts	2	5
SCN1B	VCV000009252	9252	NM_001037.5(SCN1B):c.363C>G (p.Cys121Trp)	simple_allele	allele	RCV000763042	Atrial fibrillation, familial, 13|Brugada syndrome 5|Developmental and epileptic encephalopathy, 52|Generalized epilepsy with febrile seizures plus, type 1	Pathogenic	criteria provided, multiple submitters, no conflicts	2	9
SCN1B	VCV000009252	9252	NM_001037.5(SCN1B):c.363C>G (p.Cys121Trp)	simple_allele	allele	RCV004532319	SCN1B-related disorder	Pathogenic/Likely pathogenic	criteria provided, multiple submitters, no conflicts	2	3
TP53	VCV000012364	12364	NM_000546.6(TP53):c.844C>T (p.Arg282Trp)	simple_allele	allele	RCV000144670	Li-Fraumeni syndrome 1	Pathogenic/Likely pathogenic	criteria provided, multiple submitters, no conflicts	2	9
TP53	VCV000012364	12364	NM_000546.6(TP53):c.844C>T (p.Arg282Trp)	simple_allele	allele	RCV000148905	Li-Fraumeni syndrome	Pathogenic	criteria provided, multiple submitters, no conflicts	2	9
TP53	VCV000012364	12364	NM_000546.6(TP53):c.844C>T (p.Arg282Trp)	simple_allele	allele	RCV000236400	not provided	Pathogenic	criteria provided, multiple submitters, no conflicts	2	3
TP53	VCV000012364	12364	NM_000546.6(TP53):c.844C>T (p.Arg282Trp)	simple_allele	allele	RCV000210145	Hereditary cancer-predisposing syndrome	Pathogenic/Likely pathogenic	criteria provided, multiple submitters, no conflicts	2	7
IDH2	VCV000014716	14716	NM_002168.4(IDH2):c.419G>A (p.Arg140Gln)	simple_allele	allele	RCV000015831	D-2-hydroxyglutaric aciduria 2	Pathogenic/Likely pathogenic	criteria provided, multiple submitters, no conflicts	2	6
IDH2	VCV000014716	14716	NM_002168.4(IDH2):c.419G>A (p.Arg140Gln)	simple_allele	allele	RCV000292094	not provided	Pathogenic/Likely pathogenic	criteria provided, multiple submitters, no conflicts	2	2
TRPC6	VCV000829823	829823	NM_004621.6(TRPC6):c.524G>A (p.Arg175Gln)	simple_allele	allele	RCV001029759	Focal segmental glomerulosclerosis 2	Likely pathogenic	criteria provided, multiple submitters, no conflicts	2	2
CACNA1A	VCV000008504	8504	NM_001127222.2(CACNA1A):c.653C>T (p.Ser218Leu)	simple_allele	allele	RCV000502832	Episodic ataxia type 2	Pathogenic	criteria provided, multiple submitters, no conflicts	2	3
CACNA1A	VCV000008504	8504	NM_001127222.2(CACNA1A):c.653C>T (p.Ser218Leu)	simple_allele	allele	RCV002272012	not provided	Pathogenic	criteria provided, multiple submitters, no conflicts	2	2
CACNA1A	VCV000008504	8504	NM_001127222.2(CACNA1A):c.653C>T (p.Ser218Leu)	simple_allele	allele	RCV003150928	Developmental and epileptic encephalopathy, 42	Pathogenic/Likely pathogenic	criteria provided, multiple submitters, no conflicts	2	3
CXCR4	VCV000014023	14023	NM_003467.3(CXCR4):c.1013C>G (p.Ser338Ter)	simple_allele	allele	RCV001801240	WHIM syndrome 1	Pathogenic	criteria provided, multiple submitters, no conflicts	2	3
CXCR4	VCV000014023	14023	NM_003467.3(CXCR4):c.1013C>G (p.Ser338Ter)	simple_allele	allele	RCV001568992	not provided	Pathogenic	criteria provided, multiple submitters, no conflicts	2	2
AKT1	VCV000013983	13983	NM_001382430.1(AKT1):c.49G>A (p.Glu17Lys)	simple_allele	allele	RCV000031926	Proteus syndrome	Pathogenic	criteria provided, multiple submitters, no conflicts	2	2
TP53	VCV000376652	376652	NM_000546.6(TP53):c.742C>G (p.Arg248Gly)	simple_allele	allele	RCV004022238	Li-Fraumeni syndrome 1	Pathogenic/Likely pathogenic	criteria provided, multiple submitters, no conflicts	2	2
NRAS	VCV000013900	13900	NM_002524.5(NRAS):c.182A>G (p.Gln61Arg)	simple_allele	allele	RCV000413804	not provided	Pathogenic	criteria provided, multiple submitters, no conflicts	2	3
PTPN11	VCV000013332	13332	NM_002834.5(PTPN11):c.1504T>A (p.Ser502Thr)	simple_allele	allele	RCV000014260	Noonan syndrome 1	Pathogenic	criteria provided, multiple submitters, no conflicts	2	5
PTPN11	VCV000013332	13332	NM_002834.5(PTPN11):c.1504T>A (p.Ser502Thr)	simple_allele	allele	RCV000212897	not provided	Pathogenic	criteria provided, multiple submitters, no conflicts	2	3
TP53	VCV000012359	12359	NM_000546.6(TP53):c.722C>T (p.Ser241Phe)	simple_allele	allele	RCV000130168	Hereditary cancer-predisposing syndrome	Pathogenic/Likely pathogenic	criteria provided, multiple submitters, no conflicts	2	2
TP53	VCV000012359	12359	NM_000546.6(TP53):c.722C>T (p.Ser241Phe)	simple_allele	allele	RCV002288485	Li-Fraumeni syndrome 1	Likely pathogenic	criteria provided, multiple submitters, no conflicts	2	3
TP53	VCV000012359	12359	NM_000546.6(TP53):c.722C>T (p.Ser241Phe)	simple_allele	allele	RCV003114189	not provided	Pathogenic	criteria provided, multiple submitters, no conflicts	2	2
PTPN11	VCV000013340	13340	NM_002834.5(PTPN11):c.236A>G (p.Gln79Arg)	simple_allele	allele	RCV000014268	Noonan syndrome 1	Pathogenic	criteria provided, multiple submitters, no conflicts	2	12
PTPN11	VCV000013340	13340	NM_002834.5(PTPN11):c.236A>G (p.Gln79Arg)	simple_allele	allele	RCV000157680	not provided	Pathogenic	criteria provided, multiple submitters, no conflicts	2	7
PTPN11	VCV000013340	13340	NM_002834.5(PTPN11):c.236A>G (p.Gln79Arg)	simple_allele	allele	RCV000515381	Juvenile myelomonocytic leukemia|LEOPARD syndrome 1|Metachondromatosis|Noonan syndrome 1	Pathogenic	criteria provided, multiple submitters, no conflicts	2	12
RET	VCV000013915	13915	NM_020975.6(RET):c.1858T>C (p.Cys620Arg)	simple_allele	allele	RCV000014935	Multiple endocrine neoplasia type 2A	Pathogenic	criteria provided, multiple submitters, no conflicts	2	2
RET	VCV000013915	13915	NM_020975.6(RET):c.1858T>C (p.Cys620Arg)	simple_allele	allele	RCV000182580	not provided	Pathogenic	criteria provided, multiple submitters, no conflicts	2	5
RET	VCV000013915	13915	NM_020975.6(RET):c.1858T>C (p.Cys620Arg)	simple_allele	allele	RCV000232285	Multiple endocrine neoplasia, type 2	Pathogenic	criteria provided, multiple submitters, no conflicts	2	4
RET	VCV000013915	13915	NM_020975.6(RET):c.1858T>C (p.Cys620Arg)	simple_allele	allele	RCV003324711	Hirschsprung disease, susceptibility to, 1	Pathogenic	criteria provided, multiple submitters, no conflicts	2	2
NRAS	VCV000039648	39648	NM_002524.5(NRAS):c.35G>A (p.Gly12Asp)	simple_allele	allele	RCV000158980	not provided	Pathogenic	criteria provided, multiple submitters, no conflicts	2	3
NRAS	VCV000039648	39648	NM_002524.5(NRAS):c.35G>A (p.Gly12Asp)	simple_allele	allele	RCV001781333	Noonan syndrome 6	Pathogenic	criteria provided, multiple submitters, no conflicts	2	2
NRAS	VCV000039648	39648	NM_002524.5(NRAS):c.35G>A (p.Gly12Asp)	simple_allele	allele	RCV003221788	Autoimmune lymphoproliferative syndrome type 4	Pathogenic	criteria provided, multiple submitters, no conflicts	2	2
NRAS	VCV000039648	39648	NM_002524.5(NRAS):c.35G>A (p.Gly12Asp)	simple_allele	allele	RCV003415756	NRAS-related disorder	Pathogenic/Likely pathogenic	criteria provided, multiple submitters, no conflicts	2	2
RET	VCV000038605	38605	NM_020975.6(RET):c.1900T>A (p.Cys634Ser)	simple_allele	allele	RCV000021820	Multiple endocrine neoplasia, type 2	Pathogenic	criteria provided, multiple submitters, no conflicts	2	2
SLC40A1	VCV000056158	56158	NM_014585.6(SLC40A1):c.610G>A (p.Gly204Ser)	simple_allele	allele	RCV000641707	Hemochromatosis type 4	Pathogenic/Likely pathogenic	criteria provided, multiple submitters, no conflicts	2	5
RYR1	VCV000065986	65986	NM_000540.3(RYR1):c.14581C>T (p.Arg4861Cys)	simple_allele	allele	RCV000056233	Central core myopathy	Pathogenic/Likely pathogenic	criteria provided, multiple submitters, no conflicts	2	0
RYR1	VCV000065986	65986	NM_000540.3(RYR1):c.14581C>T (p.Arg4861Cys)	simple_allele	allele	RCV000119532	not provided	Pathogenic	criteria provided, multiple submitters, no conflicts	2	0
RYR1	VCV000065986	65986	NM_000540.3(RYR1):c.14581C>T (p.Arg4861Cys)	simple_allele	allele	RCV001802228	Malignant hyperthermia of anesthesia	Uncertain significance	reviewed by expert panel	3	1
KCNH2	VCV000067426	67426	NM_000238.4(KCNH2):c.2684C>T (p.Thr895Met)	simple_allele	allele	RCV000699702	Long QT syndrome	Uncertain significance	criteria provided, multiple submitters, no conflicts	2	2
KCNH2	VCV000067426	67426	NM_000238.4(KCNH2):c.2684C>T (p.Thr895Met)	simple_allele	allele	RCV000988000	Long QT syndrome 2	Uncertain significance	criteria provided, multiple submitters, no conflicts	2	4
RYR2	VCV000201194	201194	NM_001035.3(RYR2):c.527G>A (p.Arg176Gln)	simple_allele	allele	RCV000182659	not provided	Pathogenic	criteria provided, multiple submitters, no conflicts	2	2
RYR2	VCV000201194	201194	NM_001035.3(RYR2):c.527G>A (p.Arg176Gln)	simple_allele	allele	RCV000208033	Catecholaminergic polymorphic ventricular tachycardia 1	Pathogenic	criteria provided, multiple submitters, no conflicts	2	3
TP53	VCV000231060	231060	NM_000546.6(TP53):c.818G>C (p.Arg273Pro)	simple_allele	allele	RCV000222860	Hereditary cancer-predisposing syndrome	Pathogenic	criteria provided, multiple submitters, no conflicts	2	2
TP53	VCV000231060	231060	NM_000546.6(TP53):c.818G>C (p.Arg273Pro)	simple_allele	allele	RCV002288863	Li-Fraumeni syndrome 1	Pathogenic/Likely pathogenic	criteria provided, multiple submitters, no conflicts	2	2
LRP5	VCV000225406	225406	NM_002335.4(LRP5):c.593A>G (p.Asn198Ser)	simple_allele	allele	RCV001853389	not provided	Pathogenic	criteria provided, multiple submitters, no conflicts	2	2
PCSK9	VCV000297692	297692	NM_174936.4(PCSK9):c.94G>A (p.Glu32Lys)	simple_allele	allele	RCV000778097	Hypercholesterolemia, autosomal dominant, 3	Pathogenic/Likely pathogenic	criteria provided, multiple submitters, no conflicts	2	8
PCSK9	VCV000297692	297692	NM_174936.4(PCSK9):c.94G>A (p.Glu32Lys)	simple_allele	allele	RCV000775016	Familial hypercholesterolemia	Pathogenic/Likely pathogenic	criteria provided, multiple submitters, no conflicts	2	3
PCSK9	VCV000297692	297692	NM_174936.4(PCSK9):c.94G>A (p.Glu32Lys)	simple_allele	allele	RCV003223634	not provided	Pathogenic	criteria provided, multiple submitters, no conflicts	2	2
FGF12	VCV000266034	266034	NM_004113.6(FGF12):c.155G>A (p.Arg52His)	simple_allele	allele	RCV000258032	Developmental and epileptic encephalopathy, 47	Pathogenic	criteria provided, multiple submitters, no conflicts	2	7
FGF12	VCV000266034	266034	NM_004113.6(FGF12):c.155G>A (p.Arg52His)	simple_allele	allele	RCV000522341	not provided	Pathogenic	criteria provided, multiple submitters, no conflicts	2	7
TP53	VCV000634768	634768	NM_000546.6(TP53):c.467G>C (p.Arg156Pro)	simple_allele	allele	RCV004777866	not provided	Likely pathogenic	criteria provided, multiple submitters, no conflicts	2	2
SLC40A1	VCV000801843	801843	NM_014585.6(SLC40A1):c.430A>G (p.Asn144Asp)	simple_allele	allele	RCV001858656	Hemochromatosis type 4	Pathogenic	criteria provided, multiple submitters, no conflicts	2	2
HBA1	VCV002428673	2428673	NM_000558.5(HBA1):c.1A>G (p.Met1Val)	simple_allele	allele	RCV006641286	alpha Thalassemia	Pathogenic	criteria provided, multiple submitters, no conflicts	2	3
SLC40A1	VCV002580954	2580954	NM_014585.6(SLC40A1):c.977G>A (p.Cys326Tyr)	simple_allele	allele	RCV003330188	Hemochromatosis type 4	Pathogenic	criteria provided, multiple submitters, no conflicts	2	2
TP53	VCV000186451	186451	NM_000546.6(TP53):c.527G>A (p.Cys176Tyr)	simple_allele	allele	RCV000166045	Hereditary cancer-predisposing syndrome	Pathogenic	criteria provided, multiple submitters, no conflicts	2	2
TP53	VCV000186451	186451	NM_000546.6(TP53):c.527G>A (p.Cys176Tyr)	simple_allele	allele	RCV000461158	Li-Fraumeni syndrome	Pathogenic/Likely pathogenic	criteria provided, multiple submitters, no conflicts	2	3
VWF	VCV000000314	314	NM_000552.5(VWF):c.3797C>T (p.Pro1266Leu)	simple_allele	allele	RCV000314989	Hereditary von Willebrand disease	Likely benign	reviewed by expert panel	3	1
VWF	VCV000000314	314	NM_000552.5(VWF):c.3797C>T (p.Pro1266Leu)	simple_allele	allele	RCV000853236	von Willebrand disease type 2	Pathogenic/Likely pathogenic	criteria provided, multiple submitters, no conflicts	2	0
VWF	VCV000000314	314	NM_000552.5(VWF):c.3797C>T (p.Pro1266Leu)	simple_allele	allele	RCV002247228	von Willebrand disease type 1	Pathogenic	criteria provided, multiple submitters, no conflicts	2	0
F12	VCV000001169	1169	NM_000505.4(F12):c.983C>A (p.Thr328Lys)	simple_allele	allele	RCV000255869	not provided	Pathogenic	criteria provided, multiple submitters, no conflicts	2	6
LRRK2	VCV000001936	1936	NM_198578.4(LRRK2):c.4321C>G (p.Arg1441Gly)	simple_allele	allele	RCV000002013	Autosomal dominant Parkinson disease 8	Pathogenic	criteria provided, multiple submitters, no conflicts	2	4
LRRK2	VCV000001936	1936	NM_198578.4(LRRK2):c.4321C>G (p.Arg1441Gly)	simple_allele	allele	RCV001659678	not provided	Pathogenic	criteria provided, multiple submitters, no conflicts	2	2
LRRK2	VCV000001938	1938	NM_198578.4(LRRK2):c.4321C>T (p.Arg1441Cys)	simple_allele	allele	RCV000002015	Autosomal dominant Parkinson disease 8	Pathogenic	criteria provided, multiple submitters, no conflicts	2	4
LRRK2	VCV000001938	1938	NM_198578.4(LRRK2):c.4321C>T (p.Arg1441Cys)	simple_allele	allele	RCV002472921	not provided	Pathogenic	criteria provided, multiple submitters, no conflicts	2	5
NOD2	VCV000004694	4694	NM_001370466.1(NOD2):c.920G>A (p.Arg307Gln)	simple_allele	allele	RCV000482720	not provided	Pathogenic	criteria provided, multiple submitters, no conflicts	2	2
NOD2	VCV000004696	4696	NM_001370466.1(NOD2):c.919C>T (p.Arg307Trp)	simple_allele	allele	RCV000004960	Blau syndrome	Pathogenic	criteria provided, multiple submitters, no conflicts	2	4
NOD2	VCV000004696	4696	NM_001370466.1(NOD2):c.919C>T (p.Arg307Trp)	simple_allele	allele	RCV001509512	not provided	Pathogenic	criteria provided, multiple submitters, no conflicts	2	3
VWF	VCV000000290	290	NM_000552.5(VWF):c.3946G>A (p.Val1316Met)	simple_allele	allele	RCV000000314	Von Willebrand disease type 2B	Pathogenic	reviewed by expert panel	3	1
VWF	VCV000000290	290	NM_000552.5(VWF):c.3946G>A (p.Val1316Met)	simple_allele	allele	RCV000086715	not provided	Pathogenic	criteria provided, multiple submitters, no conflicts	2	0
VWF	VCV000000290	290	NM_000552.5(VWF):c.3946G>A (p.Val1316Met)	simple_allele	allele	RCV000851771	von Willebrand disease type 2	Pathogenic	criteria provided, multiple submitters, no conflicts	2	0
SCN9A	VCV000006350	6350	NM_001365536.1(SCN9A):c.2576T>C (p.Ile859Thr)	simple_allele	allele	RCV001781194	not provided	Pathogenic	criteria provided, multiple submitters, no conflicts	2	4
NOTCH3	VCV000009219	9219	NM_000435.3(NOTCH3):c.505C>T (p.Arg169Cys)	simple_allele	allele	RCV000009800	Cerebral arteriopathy, autosomal dominant, with subcortical infarcts and leukoencephalopathy, type 1	Pathogenic/Likely pathogenic	criteria provided, multiple submitters, no conflicts	2	8
NOTCH3	VCV000009219	9219	NM_000435.3(NOTCH3):c.505C>T (p.Arg169Cys)	simple_allele	allele	RCV000518159	not provided	Pathogenic	criteria provided, multiple submitters, no conflicts	2	7
TRPC6	VCV000006155	6155	NM_004621.6(TRPC6):c.2683C>T (p.Arg895Cys)	simple_allele	allele	RCV000006530	Focal segmental glomerulosclerosis 2	Pathogenic	criteria provided, multiple submitters, no conflicts	2	3
TRPC6	VCV000006155	6155	NM_004621.6(TRPC6):c.2683C>T (p.Arg895Cys)	simple_allele	allele	RCV000681872	not provided	Pathogenic	criteria provided, multiple submitters, no conflicts	2	2
EPAS1	VCV000006469	6469	NM_001430.5(EPAS1):c.1609G>A (p.Gly537Arg)	simple_allele	allele	RCV001532400	not provided	Pathogenic	criteria provided, multiple submitters, no conflicts	2	2
TUBA1A	VCV000007071	7071	NM_006009.4(TUBA1A):c.1205G>A (p.Arg402His)	simple_allele	allele	RCV001091238	not provided	Pathogenic	criteria provided, multiple submitters, no conflicts	2	3
GJB1	VCV000010431	10431	NM_000166.6(GJB1):c.424C>T (p.Arg142Trp)	simple_allele	allele	RCV000011176	Charcot-Marie-Tooth disease X-linked dominant 1	Pathogenic	criteria provided, multiple submitters, no conflicts	2	4
GJB1	VCV000010431	10431	NM_000166.6(GJB1):c.424C>T (p.Arg142Trp)	simple_allele	allele	RCV000236641	not provided	Pathogenic	criteria provided, multiple submitters, no conflicts	2	2
PTPN11	VCV000013334	13334	NM_002834.5(PTPN11):c.218C>T (p.Thr73Ile)	simple_allele	allele	RCV000014262	Noonan syndrome 1	Pathogenic	criteria provided, multiple submitters, no conflicts	2	7
PTPN11	VCV000013334	13334	NM_002834.5(PTPN11):c.218C>T (p.Thr73Ile)	simple_allele	allele	RCV000156985	Noonan syndrome	Pathogenic	criteria provided, multiple submitters, no conflicts	2	2
PTPN11	VCV000013334	13334	NM_002834.5(PTPN11):c.218C>T (p.Thr73Ile)	simple_allele	allele	RCV000212891	not provided	Pathogenic	criteria provided, multiple submitters, no conflicts	2	4
PTPN11	VCV000013336	13336	NM_002834.5(PTPN11):c.226G>A (p.Glu76Lys)	simple_allele	allele	RCV000212892	not provided	Pathogenic	criteria provided, multiple submitters, no conflicts	2	3
FUS	VCV000016224	16224	NM_004960.4(FUS):c.1561C>T (p.Arg521Cys)	simple_allele	allele	RCV001701569	not provided	Pathogenic	criteria provided, multiple submitters, no conflicts	2	3
TP53	VCV000012355	12355	NM_000546.6(TP53):c.734G>A (p.Gly245Asp)	simple_allele	allele	RCV000013149	Li-Fraumeni syndrome 1	Likely pathogenic	criteria provided, multiple submitters, no conflicts	2	2
TP53	VCV000012355	12355	NM_000546.6(TP53):c.734G>A (p.Gly245Asp)	simple_allele	allele	RCV000164465	Hereditary cancer-predisposing syndrome	Pathogenic/Likely pathogenic	criteria provided, multiple submitters, no conflicts	2	3
TP53	VCV000012355	12355	NM_000546.6(TP53):c.734G>A (p.Gly245Asp)	simple_allele	allele	RCV000986053	not provided	Pathogenic/Likely pathogenic	criteria provided, multiple submitters, no conflicts	2	3
CBL	VCV000013811	13811	NM_005188.4(CBL):c.1111T>C (p.Tyr371His)	simple_allele	allele	RCV000441724	not provided	Pathogenic	criteria provided, multiple submitters, no conflicts	2	6
CBL	VCV000013811	13811	NM_005188.4(CBL):c.1111T>C (p.Tyr371His)	simple_allele	allele	RCV003315401	Juvenile myelomonocytic leukemia	Pathogenic	criteria provided, multiple submitters, no conflicts	2	3
CBL	VCV000013811	13811	NM_005188.4(CBL):c.1111T>C (p.Tyr371His)	simple_allele	allele	RCV003387502	CBL-related disorder	Pathogenic/Likely pathogenic	criteria provided, multiple submitters, no conflicts	2	5
SOS1	VCV000012871	12871	NM_005633.4(SOS1):c.1654A>G (p.Arg552Gly)	simple_allele	allele	RCV000013731	Noonan syndrome 4	Pathogenic	criteria provided, multiple submitters, no conflicts	2	0
SOS1	VCV000012871	12871	NM_005633.4(SOS1):c.1654A>G (p.Arg552Gly)	simple_allele	allele	RCV000156980	Noonan syndrome	Pathogenic	reviewed by expert panel	3	1
SOS1	VCV000012871	12871	NM_005633.4(SOS1):c.1654A>G (p.Arg552Gly)	simple_allele	allele	RCV000157693	not provided	Pathogenic	criteria provided, multiple submitters, no conflicts	2	0
SOS1	VCV000012871	12871	NM_005633.4(SOS1):c.1654A>G (p.Arg552Gly)	simple_allele	allele	RCV000159174	RASopathy	Pathogenic	criteria provided, multiple submitters, no conflicts	2	0
SOS1	VCV000012871	12871	NM_005633.4(SOS1):c.1654A>G (p.Arg552Gly)	simple_allele	allele	RCV000515160	Fibromatosis, gingival, 1|Noonan syndrome 4	Pathogenic	criteria provided, multiple submitters, no conflicts	2	0
SOS1	VCV000012870	12870	NM_005633.4(SOS1):c.806T>G (p.Met269Arg)	simple_allele	allele	RCV000013730	Noonan syndrome 4	Pathogenic	criteria provided, multiple submitters, no conflicts	2	4
SOS1	VCV000012870	12870	NM_005633.4(SOS1):c.806T>G (p.Met269Arg)	simple_allele	allele	RCV000157691	not provided	Pathogenic	criteria provided, multiple submitters, no conflicts	2	5
SOS1	VCV000012870	12870	NM_005633.4(SOS1):c.806T>G (p.Met269Arg)	simple_allele	allele	RCV000554031	RASopathy	Pathogenic	criteria provided, multiple submitters, no conflicts	2	2
PTPN11	VCV000013324	13324	NM_002834.5(PTPN11):c.214G>T (p.Ala72Ser)	simple_allele	allele	RCV000014252	Noonan syndrome 1	Pathogenic	criteria provided, multiple submitters, no conflicts	2	4
PTPN11	VCV000013324	13324	NM_002834.5(PTPN11):c.214G>T (p.Ala72Ser)	simple_allele	allele	RCV000033471	RASopathy	Pathogenic	criteria provided, multiple submitters, no conflicts	2	2
PTPN11	VCV000013324	13324	NM_002834.5(PTPN11):c.214G>T (p.Ala72Ser)	simple_allele	allele	RCV000212890	not provided	Pathogenic	criteria provided, multiple submitters, no conflicts	2	6
RET	VCV000013931	13931	NM_020975.6(RET):c.2304G>C (p.Glu768Asp)	simple_allele	allele	RCV000021842	Multiple endocrine neoplasia, type 2	Pathogenic	criteria provided, multiple submitters, no conflicts	2	3
RET	VCV000013931	13931	NM_020975.6(RET):c.2304G>C (p.Glu768Asp)	simple_allele	allele	RCV001811141	not provided	Pathogenic	criteria provided, multiple submitters, no conflicts	2	3
STAT1	VCV000030083	30083	NM_007315.4(STAT1):c.820C>T (p.Arg274Trp)	simple_allele	allele	RCV000022986	Autoimmune enteropathy and endocrinopathy - susceptibility to chronic infections syndrome	Pathogenic	criteria provided, multiple submitters, no conflicts	2	3
STAT1	VCV000030083	30083	NM_007315.4(STAT1):c.820C>T (p.Arg274Trp)	simple_allele	allele	RCV001090650	not provided	Pathogenic	criteria provided, multiple submitters, no conflicts	2	3
SCN2A	VCV000029888	29888	NM_001040142.2(SCN2A):c.788C>T (p.Ala263Val)	simple_allele	allele	RCV000118251	Seizures, benign familial infantile, 3	Pathogenic	criteria provided, multiple submitters, no conflicts	2	4
SCN2A	VCV000029888	29888	NM_001040142.2(SCN2A):c.788C>T (p.Ala263Val)	simple_allele	allele	RCV000189193	not provided	Pathogenic	criteria provided, multiple submitters, no conflicts	2	7
SCN2A	VCV000029888	29888	NM_001040142.2(SCN2A):c.788C>T (p.Ala263Val)	simple_allele	allele	RCV001200935	Developmental and epileptic encephalopathy, 11	Pathogenic	criteria provided, multiple submitters, no conflicts	2	3
SCN2A	VCV000029888	29888	NM_001040142.2(SCN2A):c.788C>T (p.Ala263Val)	simple_allele	allele	RCV003985263	SCN2A-related disorder	Pathogenic	criteria provided, multiple submitters, no conflicts	2	3
TRPM4	VCV000035487	35487	NM_017636.4(TRPM4):c.1294G>A (p.Ala432Thr)	simple_allele	allele	RCV001093252	not provided	Likely benign	criteria provided, multiple submitters, no conflicts	2	2
MITF	VCV000029792	29792	NM_001354604.2(MITF):c.1273G>A (p.Glu425Lys)	simple_allele	allele	RCV000022661	Melanoma, cutaneous malignant, susceptibility to, 8	Pathogenic/Likely pathogenic	criteria provided, multiple submitters, no conflicts	2	15
MITF	VCV000029792	29792	NM_001354604.2(MITF):c.1273G>A (p.Glu425Lys)	simple_allele	allele	RCV000129682	Hereditary cancer-predisposing syndrome	Pathogenic/Likely pathogenic	criteria provided, multiple submitters, no conflicts	2	4
MITF	VCV000029792	29792	NM_001354604.2(MITF):c.1273G>A (p.Glu425Lys)	simple_allele	allele	RCV000484916	not provided	Pathogenic/Likely pathogenic	criteria provided, multiple submitters, no conflicts	2	9
MITF	VCV000029792	29792	NM_001354604.2(MITF):c.1273G>A (p.Glu425Lys)	simple_allele	allele	RCV005364885	Familial melanoma	Pathogenic	criteria provided, multiple submitters, no conflicts	2	2
PFN1	VCV000037037	37037	NM_005022.4(PFN1):c.350A>G (p.Glu117Gly)	simple_allele	allele	RCV002247400	not specified	Uncertain significance	criteria provided, multiple submitters, no conflicts	2	2
RET	VCV000037102	37102	NM_020975.6(RET):c.2410G>A (p.Val804Met)	simple_allele	allele	RCV000148773	Multiple endocrine neoplasia, type 2	Pathogenic	criteria provided, multiple submitters, no conflicts	2	6
RET	VCV000037102	37102	NM_020975.6(RET):c.2410G>A (p.Val804Met)	simple_allele	allele	RCV000182584	not provided	Pathogenic	criteria provided, multiple submitters, no conflicts	2	13
RET	VCV000037102	37102	NM_020975.6(RET):c.2410G>A (p.Val804Met)	simple_allele	allele	RCV000210181	Hereditary cancer-predisposing syndrome	Pathogenic/Likely pathogenic	criteria provided, multiple submitters, no conflicts	2	6
RET	VCV000037102	37102	NM_020975.6(RET):c.2410G>A (p.Val804Met)	simple_allele	allele	RCV000499191	Multiple endocrine neoplasia type 2A	Pathogenic/Likely pathogenic	criteria provided, multiple submitters, no conflicts	2	9
RET	VCV000037102	37102	NM_020975.6(RET):c.2410G>A (p.Val804Met)	simple_allele	allele	RCV001804750	Familial medullary thyroid carcinoma	Pathogenic	criteria provided, multiple submitters, no conflicts	2	9
RET	VCV000037102	37102	NM_020975.6(RET):c.2410G>A (p.Val804Met)	simple_allele	allele	RCV004528141	RET-related disorder	Pathogenic/Likely pathogenic	criteria provided, multiple submitters, no conflicts	2	2
RET	VCV000037102	37102	NM_020975.6(RET):c.2410G>A (p.Val804Met)	simple_allele	allele	RCV004795938	Familial medullary thyroid carcinoma|Hirschsprung disease, susceptibility to, 1|Multiple endocrine neoplasia type 2A|Multiple endocrine neoplasia type 2B|Pheochromocytoma	Pathogenic	criteria provided, multiple submitters, no conflicts	2	16
RNF213	VCV000039700	39700	NM_001256071.3(RNF213):c.14429G>A (p.Arg4810Lys)	simple_allele	allele	RCV001531872	not provided	Pathogenic	criteria provided, multiple submitters, no conflicts	2	4
RET	VCV000038613	38613	NM_020975.6(RET):c.2410G>C (p.Val804Leu)	simple_allele	allele	RCV000021853	Multiple endocrine neoplasia, type 2	Pathogenic/Likely pathogenic	criteria provided, multiple submitters, no conflicts	2	4
RET	VCV000038613	38613	NM_020975.6(RET):c.2410G>C (p.Val804Leu)	simple_allele	allele	RCV000479688	not provided	Pathogenic	criteria provided, multiple submitters, no conflicts	2	3
RET	VCV000038613	38613	NM_020975.6(RET):c.2410G>C (p.Val804Leu)	simple_allele	allele	RCV002453279	Hereditary cancer-predisposing syndrome	Pathogenic	criteria provided, multiple submitters, no conflicts	2	2
LRRK2	VCV000039179	39179	NM_198578.4(LRRK2):c.4229C>T (p.Thr1410Met)	simple_allele	allele	RCV000032453	Autosomal dominant Parkinson disease 8	Benign/Likely benign	criteria provided, multiple submitters, no conflicts	2	2
LRRK2	VCV000039179	39179	NM_198578.4(LRRK2):c.4229C>T (p.Thr1410Met)	simple_allele	allele	RCV001564529	not provided	Benign/Likely benign	criteria provided, multiple submitters, no conflicts	2	3
LRRK2	VCV000039198	39198	NM_198578.4(LRRK2):c.4883G>C (p.Arg1628Pro)	simple_allele	allele	RCV001705623	not provided	Benign/Likely benign	criteria provided, multiple submitters, no conflicts	2	3
SOS1	VCV000040706	40706	NM_005633.4(SOS1):c.2536G>A (p.Glu846Lys)	simple_allele	allele	RCV000038535	Noonan syndrome	Pathogenic	reviewed by expert panel	3	1
SOS1	VCV000040706	40706	NM_005633.4(SOS1):c.2536G>A (p.Glu846Lys)	simple_allele	allele	RCV000207492	not provided	Pathogenic	criteria provided, multiple submitters, no conflicts	2	0
SOS1	VCV000040706	40706	NM_005633.4(SOS1):c.2536G>A (p.Glu846Lys)	simple_allele	allele	RCV000471633	RASopathy	Pathogenic	criteria provided, multiple submitters, no conflicts	2	0
SOS1	VCV000040706	40706	NM_005633.4(SOS1):c.2536G>A (p.Glu846Lys)	simple_allele	allele	RCV004786289	Noonan syndrome 4	Pathogenic	criteria provided, multiple submitters, no conflicts	2	0
LRRK2	VCV000039176	39176	NM_198578.4(LRRK2):c.4111A>G (p.Ile1371Val)	simple_allele	allele	RCV003389750	not provided	Likely benign	criteria provided, multiple submitters, no conflicts	2	2
TP53	VCV000043594	43594	NM_000546.6(TP53):c.817C>T (p.Arg273Cys)	simple_allele	allele	RCV000131966	Hereditary cancer-predisposing syndrome	Pathogenic/Likely pathogenic	criteria provided, multiple submitters, no conflicts	2	3
TP53	VCV000043594	43594	NM_000546.6(TP53):c.817C>T (p.Arg273Cys)	simple_allele	allele	RCV000144665	Li-Fraumeni syndrome 1	Pathogenic/Likely pathogenic	criteria provided, multiple submitters, no conflicts	2	6
TP53	VCV000043594	43594	NM_000546.6(TP53):c.817C>T (p.Arg273Cys)	simple_allele	allele	RCV000205625	Li-Fraumeni syndrome	Pathogenic/Likely pathogenic	criteria provided, multiple submitters, no conflicts	2	5
TP53	VCV000043594	43594	NM_000546.6(TP53):c.817C>T (p.Arg273Cys)	simple_allele	allele	RCV000254692	not provided	Pathogenic	criteria provided, multiple submitters, no conflicts	2	5
TP53	VCV000043594	43594	NM_000546.6(TP53):c.817C>T (p.Arg273Cys)	simple_allele	allele	RCV003466889	Adrenocortical carcinoma, hereditary	Pathogenic	criteria provided, multiple submitters, no conflicts	2	2
SCN5A	VCV000048298	48298	NM_000335.5(SCN5A):c.3266C>T (p.Pro1089Leu)	simple_allele	allele	RCV000041614	not specified	Benign/Likely benign	criteria provided, multiple submitters, no conflicts	2	5
SCN5A	VCV000048298	48298	NM_000335.5(SCN5A):c.3266C>T (p.Pro1089Leu)	simple_allele	allele	RCV000058559	not provided	Benign/Likely benign	criteria provided, multiple submitters, no conflicts	2	3
SCN5A	VCV000048298	48298	NM_000335.5(SCN5A):c.3266C>T (p.Pro1089Leu)	simple_allele	allele	RCV001084763	Brugada syndrome	Benign	criteria provided, multiple submitters, no conflicts	2	1
KCNQ1	VCV000053086	53086	NM_000218.3(KCNQ1):c.691C>T (p.Arg231Cys)	simple_allele	allele	RCV000182100	not provided	Pathogenic	criteria provided, multiple submitters, no conflicts	2	2
KCNQ1	VCV000053086	53086	NM_000218.3(KCNQ1):c.691C>T (p.Arg231Cys)	simple_allele	allele	RCV000240642	Long QT syndrome 1	Pathogenic/Likely pathogenic	criteria provided, multiple submitters, no conflicts	2	5
KCNQ1	VCV000053086	53086	NM_000218.3(KCNQ1):c.691C>T (p.Arg231Cys)	simple_allele	allele	RCV001385527	Long QT syndrome	Pathogenic	criteria provided, multiple submitters, no conflicts	2	2
KCNQ1	VCV000053086	53086	NM_000218.3(KCNQ1):c.691C>T (p.Arg231Cys)	simple_allele	allele	RCV002362679	Cardiovascular phenotype	Pathogenic	criteria provided, multiple submitters, no conflicts	2	2
PIK3CD	VCV000088675	88675	NM_005026.5(PIK3CD):c.3061G>A (p.Glu1021Lys)	simple_allele	allele	RCV000076908	Immunodeficiency 14	Pathogenic	reviewed by expert panel	3	1
PIK3CD	VCV000088675	88675	NM_005026.5(PIK3CD):c.3061G>A (p.Glu1021Lys)	simple_allele	allele	RCV000224521	not provided	Pathogenic	criteria provided, multiple submitters, no conflicts	2	0
ANK2	VCV000067599	67599	NM_001148.6(ANK2):c.10901T>A (p.Val3634Asp)	simple_allele	allele	RCV000589585	not provided	Benign/Likely benign	criteria provided, multiple submitters, no conflicts	2	3
ANK2	VCV000067599	67599	NM_001148.6(ANK2):c.10901T>A (p.Val3634Asp)	simple_allele	allele	RCV005400699	not specified	Benign/Likely benign	criteria provided, multiple submitters, no conflicts	2	2
RIT1	VCV000060506	60506	NM_006912.6(RIT1):c.170C>G (p.Ala57Gly)	simple_allele	allele	RCV000054404	Noonan syndrome 8	Pathogenic/Likely pathogenic	criteria provided, multiple submitters, no conflicts	2	12
RIT1	VCV000060506	60506	NM_006912.6(RIT1):c.170C>G (p.Ala57Gly)	simple_allele	allele	RCV000159100	not provided	Pathogenic	criteria provided, multiple submitters, no conflicts	2	3
SCN1A	VCV000068578	68578	NM_001165963.4(SCN1A):c.677C>T (p.Thr226Met)	simple_allele	allele	RCV000059454	Severe myoclonic epilepsy in infancy	Pathogenic	criteria provided, multiple submitters, no conflicts	2	4
SCN1A	VCV000068578	68578	NM_001165963.4(SCN1A):c.677C>T (p.Thr226Met)	simple_allele	allele	RCV000188843	not provided	Pathogenic	criteria provided, multiple submitters, no conflicts	2	2
CASR	VCV000060667	60667	NM_000388.4(CASR):c.662C>T (p.Pro221Leu)	simple_allele	allele	RCV000518374	not provided	Pathogenic	criteria provided, multiple submitters, no conflicts	2	4
CASR	VCV000060667	60667	NM_000388.4(CASR):c.662C>T (p.Pro221Leu)	simple_allele	allele	RCV001797617	Autosomal dominant hypocalcemia	Pathogenic	criteria provided, multiple submitters, no conflicts	2	2
SCN1A	VCV000068557	68557	NM_001165963.4(SCN1A):c.4907G>A (p.Arg1636Gln)	simple_allele	allele	RCV000176634	not provided	Pathogenic/Likely pathogenic	criteria provided, multiple submitters, no conflicts	2	2
RIT1	VCV000060509	60509	NM_006912.6(RIT1):c.284G>C (p.Gly95Ala)	simple_allele	allele	RCV000054407	Noonan syndrome 8	Pathogenic	criteria provided, multiple submitters, no conflicts	2	8
RIT1	VCV000060509	60509	NM_006912.6(RIT1):c.284G>C (p.Gly95Ala)	simple_allele	allele	RCV000298790	not provided	Pathogenic	criteria provided, multiple submitters, no conflicts	2	4
KCNQ1	VCV000067109	67109	NM_000218.3(KCNQ1):c.820A>G (p.Ile274Val)	simple_allele	allele	RCV000182121	not provided	Uncertain significance	criteria provided, multiple submitters, no conflicts	2	2
NLRP3	VCV000097918	97918	NM_001243133.2(NLRP3):c.1231C>T (p.Leu411=)	simple_allele	allele	RCV000252898	not specified	Benign	criteria provided, multiple submitters, no conflicts	2	4
NLRP3	VCV000097918	97918	NM_001243133.2(NLRP3):c.1231C>T (p.Leu411=)	simple_allele	allele	RCV000755588	not provided	Benign/Likely benign	criteria provided, multiple submitters, no conflicts	2	5
EEF1A2	VCV000100782	100782	NM_001958.5(EEF1A2):c.208G>A (p.Gly70Ser)	simple_allele	allele	RCV000087144	Developmental and epileptic encephalopathy, 33	Pathogenic	criteria provided, multiple submitters, no conflicts	2	3
EEF1A2	VCV000100782	100782	NM_001958.5(EEF1A2):c.208G>A (p.Gly70Ser)	simple_allele	allele	RCV000327695	not provided	Pathogenic	criteria provided, multiple submitters, no conflicts	2	3
TP53	VCV000127827	127827	NM_000546.6(TP53):c.91G>A (p.Val31Ile)	simple_allele	allele	RCV000115742	Hereditary cancer-predisposing syndrome	Likely benign	criteria provided, multiple submitters, no conflicts	2	4
TP53	VCV000127827	127827	NM_000546.6(TP53):c.91G>A (p.Val31Ile)	simple_allele	allele	RCV000122173	not specified	Benign/Likely benign	criteria provided, multiple submitters, no conflicts	2	2
TP53	VCV000127827	127827	NM_000546.6(TP53):c.91G>A (p.Val31Ile)	simple_allele	allele	RCV000586196	not provided	Benign/Likely benign	criteria provided, multiple submitters, no conflicts	2	3
KCNA5	VCV000127136	127136	NM_002234.4(KCNA5):c.913G>A (p.Ala305Thr)	simple_allele	allele	RCV000114990	Atrial fibrillation, familial, 7	Uncertain significance	criteria provided, multiple submitters, no conflicts	2	2
KCNA5	VCV000127136	127136	NM_002234.4(KCNA5):c.913G>A (p.Ala305Thr)	simple_allele	allele	RCV000171655	not provided	Uncertain significance	criteria provided, multiple submitters, no conflicts	2	2
SCN9A	VCV000130265	130265	NM_001365536.1(SCN9A):c.3767A>G (p.Asn1256Ser)	simple_allele	allele	RCV000176065	not specified	Benign/Likely benign	criteria provided, multiple submitters, no conflicts	2	5
SCN9A	VCV000130265	130265	NM_001365536.1(SCN9A):c.3767A>G (p.Asn1256Ser)	simple_allele	allele	RCV000422016	not provided	Benign/Likely benign	criteria provided, multiple submitters, no conflicts	2	4
IFIH1	VCV000137622	137622	NM_022168.4(IFIH1):c.2336G>A (p.Arg779His)	simple_allele	allele	RCV000125471	Aicardi-Goutieres syndrome 7	Pathogenic	criteria provided, multiple submitters, no conflicts	2	5
IFIH1	VCV000137622	137622	NM_022168.4(IFIH1):c.2336G>A (p.Arg779His)	simple_allele	allele	RCV000412770	not provided	Pathogenic	criteria provided, multiple submitters, no conflicts	2	4
IFIH1	VCV000137622	137622	NM_022168.4(IFIH1):c.2336G>A (p.Arg779His)	simple_allele	allele	RCV000763454	Aicardi-Goutieres syndrome 7|Singleton-Merten syndrome 1	Pathogenic	criteria provided, multiple submitters, no conflicts	2	6
IFIH1	VCV000137622	137622	NM_022168.4(IFIH1):c.2336G>A (p.Arg779His)	simple_allele	allele	RCV003989322	Immunodeficiency 95	Pathogenic	criteria provided, multiple submitters, no conflicts	2	2
IDH1	VCV000156444	156444	NM_005896.4(IDH1):c.395G>A (p.Arg132His)	simple_allele	allele	RCV001269510	not provided	Pathogenic	criteria provided, multiple submitters, no conflicts	2	3
IDH1	VCV000156444	156444	NM_005896.4(IDH1):c.395G>A (p.Arg132His)	simple_allele	allele	RCV002227447	Enchondromatosis	Pathogenic/Likely pathogenic	criteria provided, multiple submitters, no conflicts	2	2
SCN9A	VCV000157596	157596	NM_001365536.1(SCN9A):c.554G>A (p.Arg185His)	simple_allele	allele	RCV000178871	not specified	Benign/Likely benign	criteria provided, multiple submitters, no conflicts	2	3
SCN9A	VCV000157596	157596	NM_001365536.1(SCN9A):c.554G>A (p.Arg185His)	simple_allele	allele	RCV000421273	not provided	Benign/Likely benign	criteria provided, multiple submitters, no conflicts	2	5
CNGB3	VCV000143154	143154	NM_019098.5(CNGB3):c.1208G>A (p.Arg403Gln)	simple_allele	allele	RCV000132679	not provided	Benign	criteria provided, multiple submitters, no conflicts	2	3
CNGB3	VCV000143154	143154	NM_019098.5(CNGB3):c.1208G>A (p.Arg403Gln)	simple_allele	allele	RCV000435881	not specified	Likely benign	criteria provided, multiple submitters, no conflicts	2	2
CNGB3	VCV000143154	143154	NM_019098.5(CNGB3):c.1208G>A (p.Arg403Gln)	simple_allele	allele	RCV001164460	Severe early-childhood-onset retinal dystrophy	Likely benign	criteria provided, multiple submitters, no conflicts	2	2
MECP2	VCV000143393	143393	NM_001110792.2(MECP2):c.1198C>T (p.Pro400Ser)	simple_allele	allele	RCV000169943	Rett syndrome	Benign	reviewed by expert panel	3	1
STING1	VCV000143862	143862	NM_198282.4(STING1):c.463G>A (p.Val155Met)	simple_allele	allele	RCV000133401	STING-associated vasculopathy with onset in infancy	Pathogenic	criteria provided, multiple submitters, no conflicts	2	4
STING1	VCV000143862	143862	NM_198282.4(STING1):c.463G>A (p.Val155Met)	simple_allele	allele	RCV000481634	not provided	Pathogenic	criteria provided, multiple submitters, no conflicts	2	3
KCNJ8	VCV000157543	157543	NM_004982.4(KCNJ8):c.1265C>T (p.Ser422Leu)	simple_allele	allele	RCV000144888	not provided	Likely benign	criteria provided, multiple submitters, no conflicts	2	4
NALCN	VCV000188046	188046	NM_052867.4(NALCN):c.3542G>A (p.Arg1181Gln)	simple_allele	allele	RCV000224736	Congenital contractures of the limbs and face, hypotonia, and developmental delay	Pathogenic/Likely pathogenic	criteria provided, multiple submitters, no conflicts	2	4
NALCN	VCV000188046	188046	NM_052867.4(NALCN):c.3542G>A (p.Arg1181Gln)	simple_allele	allele	RCV001390781	not provided	Pathogenic	criteria provided, multiple submitters, no conflicts	2	4
KCNA2	VCV000190328	190328	NM_004974.4(KCNA2):c.890G>A (p.Arg297Gln)	simple_allele	allele	RCV000170514	Developmental and epileptic encephalopathy, 32	Pathogenic	criteria provided, multiple submitters, no conflicts	2	4
KCNA2	VCV000190328	190328	NM_004974.4(KCNA2):c.890G>A (p.Arg297Gln)	simple_allele	allele	RCV000264400	not provided	Pathogenic	criteria provided, multiple submitters, no conflicts	2	2
IFIH1	VCV000189338	189338	NM_022168.4(IFIH1):c.2465G>A (p.Arg822Gln)	simple_allele	allele	RCV000169754	Singleton-Merten syndrome 1	Pathogenic/Likely pathogenic	criteria provided, multiple submitters, no conflicts	2	4
IFIH1	VCV000189338	189338	NM_022168.4(IFIH1):c.2465G>A (p.Arg822Gln)	simple_allele	allele	RCV000436896	not provided	Pathogenic/Likely pathogenic	criteria provided, multiple submitters, no conflicts	2	6
IFIH1	VCV000189338	189338	NM_022168.4(IFIH1):c.2465G>A (p.Arg822Gln)	simple_allele	allele	RCV000822311	Aicardi-Goutieres syndrome 7|Singleton-Merten syndrome 1	Pathogenic/Likely pathogenic	criteria provided, multiple submitters, no conflicts	2	5
SCN9A	VCV000198153	198153	NM_001365536.1(SCN9A):c.684C>G (p.Ile228Met)	simple_allele	allele	RCV000179414	not provided	Uncertain significance	criteria provided, multiple submitters, no conflicts	2	7
SCN9A	VCV000198153	198153	NM_001365536.1(SCN9A):c.684C>G (p.Ile228Met)	simple_allele	allele	RCV000192901	not specified	Uncertain significance	criteria provided, multiple submitters, no conflicts	2	2
KCNQ3	VCV000205963	205963	NM_004519.4(KCNQ3):c.688C>T (p.Arg230Cys)	simple_allele	allele	RCV000187968	not provided	Pathogenic	criteria provided, multiple submitters, no conflicts	2	3
KCNQ3	VCV000205963	205963	NM_004519.4(KCNQ3):c.688C>T (p.Arg230Cys)	simple_allele	allele	RCV000210407	Seizures, benign familial neonatal, 2	Pathogenic/Likely pathogenic	criteria provided, multiple submitters, no conflicts	2	9
LZTR1	VCV000209088	209088	NM_006767.4(LZTR1):c.742G>A (p.Gly248Arg)	simple_allele	allele	RCV000191027	Noonan syndrome 10	Pathogenic	criteria provided, multiple submitters, no conflicts	2	0
LZTR1	VCV000209088	209088	NM_006767.4(LZTR1):c.742G>A (p.Gly248Arg)	simple_allele	allele	RCV000413889	not provided	Pathogenic	criteria provided, multiple submitters, no conflicts	2	0
LZTR1	VCV000209088	209088	NM_006767.4(LZTR1):c.742G>A (p.Gly248Arg)	simple_allele	allele	RCV004576927	RASopathy	Likely pathogenic	reviewed by expert panel	3	1
KCNJ10	VCV000205823	205823	NM_002241.5(KCNJ10):c.1043G>A (p.Arg348His)	simple_allele	allele	RCV000726871	not provided	Uncertain significance	criteria provided, multiple submitters, no conflicts	2	5
KCNJ10	VCV000205823	205823	NM_002241.5(KCNJ10):c.1043G>A (p.Arg348His)	simple_allele	allele	RCV000764989	Autosomal recessive nonsyndromic hearing loss 4|EAST syndrome|Pendred syndrome	Uncertain significance	criteria provided, multiple submitters, no conflicts	2	7
KCNJ10	VCV000205823	205823	NM_002241.5(KCNJ10):c.1043G>A (p.Arg348His)	simple_allele	allele	RCV003224208	Autosomal recessive nonsyndromic hearing loss 4|EAST syndrome	Uncertain significance	criteria provided, multiple submitters, no conflicts	2	7
TP53	VCV000215997	215997	NM_000546.6(TP53):c.824G>A (p.Cys275Tyr)	simple_allele	allele	RCV000197359	Li-Fraumeni syndrome	Pathogenic	criteria provided, multiple submitters, no conflicts	2	3
TP53	VCV000215997	215997	NM_000546.6(TP53):c.824G>A (p.Cys275Tyr)	simple_allele	allele	RCV000235315	not provided	Pathogenic	criteria provided, multiple submitters, no conflicts	2	2
TP53	VCV000215997	215997	NM_000546.6(TP53):c.824G>A (p.Cys275Tyr)	simple_allele	allele	RCV000568594	Hereditary cancer-predisposing syndrome	Pathogenic/Likely pathogenic	criteria provided, multiple submitters, no conflicts	2	3
TP53	VCV000215997	215997	NM_000546.6(TP53):c.824G>A (p.Cys275Tyr)	simple_allele	allele	RCV002288809	Li-Fraumeni syndrome 1	Pathogenic/Likely pathogenic	criteria provided, multiple submitters, no conflicts	2	2
MC4R	VCV000218329	218329	NM_005912.3(MC4R):c.751A>C (p.Ile251Leu)	simple_allele	allele	RCV000419291	not provided	Benign/Likely benign	criteria provided, multiple submitters, no conflicts	2	5
SCN9A	VCV000234412	234412	NM_001365536.1(SCN9A):c.4645T>C (p.Trp1549Arg)	simple_allele	allele	RCV000219331	not specified	Benign/Likely benign	criteria provided, multiple submitters, no conflicts	2	3
SCN9A	VCV000234412	234412	NM_001365536.1(SCN9A):c.4645T>C (p.Trp1549Arg)	simple_allele	allele	RCV000415823	not provided	Likely benign	criteria provided, multiple submitters, no conflicts	2	2
RIT1	VCV000228289	228289	NM_006912.6(RIT1):c.229G>C (p.Ala77Pro)	simple_allele	allele	RCV000467706	Noonan syndrome 8	Pathogenic/Likely pathogenic	criteria provided, multiple submitters, no conflicts	2	4
RIT1	VCV000228289	228289	NM_006912.6(RIT1):c.229G>C (p.Ala77Pro)	simple_allele	allele	RCV002517525	not provided	Pathogenic/Likely pathogenic	criteria provided, multiple submitters, no conflicts	2	2
DIAPH1	VCV000228577	228577	NM_005219.5(DIAPH1):c.3637C>T (p.Arg1213Ter)	simple_allele	allele	RCV000488049	Autosomal dominant nonsyndromic hearing loss 1	Pathogenic	criteria provided, multiple submitters, no conflicts	2	3
DIAPH1	VCV000228577	228577	NM_005219.5(DIAPH1):c.3637C>T (p.Arg1213Ter)	simple_allele	allele	RCV000733671	not provided	Pathogenic	criteria provided, multiple submitters, no conflicts	2	3
PIEZO2	VCV000235839	235839	NM_001378183.1(PIEZO2):c.8514AGA[2] (p.Glu2840del)	simple_allele	allele	RCV000224433	Arthrogryposis- oculomotor limitation-electroretinal anomalies syndrome	Pathogenic	criteria provided, multiple submitters, no conflicts	2	2
PIEZO2	VCV000235839	235839	NM_001378183.1(PIEZO2):c.8514AGA[2] (p.Glu2840del)	simple_allele	allele	RCV000487334	not provided	Pathogenic	criteria provided, multiple submitters, no conflicts	2	3
KCNN4	VCV000252601	252601	NM_002250.3(KCNN4):c.1055G>A (p.Arg352His)	simple_allele	allele	RCV000239166	not provided	Pathogenic	criteria provided, multiple submitters, no conflicts	2	6
KCNN4	VCV000252601	252601	NM_002250.3(KCNN4):c.1055G>A (p.Arg352His)	simple_allele	allele	RCV000412510	Dehydrated hereditary stomatocytosis 2	Pathogenic	criteria provided, multiple submitters, no conflicts	2	4
SAMD9	VCV000253153	253153	NM_017654.4(SAMD9):c.3877C>T (p.Arg1293Trp)	simple_allele	allele	RCV002508782	not provided	Pathogenic	criteria provided, multiple submitters, no conflicts	2	3
VWF	VCV000256698	256698	NM_000552.5(VWF):c.7682T>A (p.Phe2561Tyr)	simple_allele	allele	RCV000994793	not provided	Benign/Likely benign	criteria provided, multiple submitters, no conflicts	2	4
KCNMA1	VCV000265313	265313	NM_001161352.2(KCNMA1):c.3158A>G (p.Asn1053Ser)	simple_allele	allele	RCV000255423	not provided	Pathogenic	criteria provided, multiple submitters, no conflicts	2	2
KCNMA1	VCV000265313	265313	NM_001161352.2(KCNMA1):c.3158A>G (p.Asn1053Ser)	simple_allele	allele	RCV000504575	Generalized epilepsy-paroxysmal dyskinesia syndrome	Pathogenic	criteria provided, multiple submitters, no conflicts	2	2
PCSK9	VCV000297699	297699	NM_174936.4(PCSK9):c.1274A>G (p.Asn425Ser)	simple_allele	allele	RCV000417326	Hypercholesterolemia, autosomal dominant, 3	Benign/Likely benign	criteria provided, multiple submitters, no conflicts	2	4
PCSK9	VCV000297699	297699	NM_174936.4(PCSK9):c.1274A>G (p.Asn425Ser)	simple_allele	allele	RCV000454567	not specified	Benign	criteria provided, multiple submitters, no conflicts	2	2
PCSK9	VCV000297699	297699	NM_174936.4(PCSK9):c.1274A>G (p.Asn425Ser)	simple_allele	allele	RCV000776105	Familial hypercholesterolemia	Benign	criteria provided, multiple submitters, no conflicts	2	2
PCSK9	VCV000297699	297699	NM_174936.4(PCSK9):c.1274A>G (p.Asn425Ser)	simple_allele	allele	RCV001718599	not provided	Benign/Likely benign	criteria provided, multiple submitters, no conflicts	2	4
HK1	VCV000372693	372693	NM_000188.3(HK1):c.1370C>T (p.Thr457Met)	simple_allele	allele	RCV000413860	not provided	Pathogenic/Likely pathogenic	criteria provided, multiple submitters, no conflicts	2	2
HK1	VCV000372693	372693	NM_000188.3(HK1):c.1370C>T (p.Thr457Met)	simple_allele	allele	RCV000850129	Neurodevelopmental disorder with visual defects and brain anomalies	Pathogenic/Likely pathogenic	criteria provided, multiple submitters, no conflicts	2	6
PTPN11	VCV000372483	372483	NM_002834.5(PTPN11):c.173A>G (p.Asn58Ser)	simple_allele	allele	RCV000780655	not specified	Uncertain significance	criteria provided, multiple submitters, no conflicts	2	2
CASR	VCV000379931	379931	NM_000388.4(CASR):c.2405A>G (p.Asn802Ser)	simple_allele	allele	RCV000433842	not provided	Pathogenic	criteria provided, multiple submitters, no conflicts	2	2
NEDD4L	VCV000417001	417001	NM_001144967.3(NEDD4L):c.698C>T (p.Ser233Leu)	simple_allele	allele	RCV000460253	not provided	Benign/Likely benign	criteria provided, multiple submitters, no conflicts	2	4
SCN10A	VCV000414633	414633	NM_006514.4(SCN10A):c.4984G>A (p.Gly1662Ser)	simple_allele	allele	RCV000613459	not specified	Benign/Likely benign	criteria provided, multiple submitters, no conflicts	2	2
KCNQ3	VCV000424397	424397	NM_004519.4(KCNQ3):c.689G>A (p.Arg230His)	simple_allele	allele	RCV000484158	not provided	Pathogenic	criteria provided, multiple submitters, no conflicts	2	3
KCNQ3	VCV000424397	424397	NM_004519.4(KCNQ3):c.689G>A (p.Arg230His)	simple_allele	allele	RCV001004714	Seizures, benign familial neonatal, 2	Pathogenic/Likely pathogenic	criteria provided, multiple submitters, no conflicts	2	3
SCN9A	VCV000433099	433099	NM_001365536.1(SCN9A):c.1846G>A (p.Gly616Arg)	simple_allele	allele	RCV001557778	not provided	Uncertain significance	criteria provided, multiple submitters, no conflicts	2	3
FGFR2	VCV000449398	449398	NM_000141.5(FGFR2):c.1019A>G (p.Tyr340Cys)	simple_allele	allele	RCV000523700	not provided	Pathogenic	criteria provided, multiple submitters, no conflicts	2	3
RAC2	VCV000464885	464885	NM_002872.5(RAC2):c.184G>A (p.Glu62Lys)	simple_allele	allele	RCV001092009	not provided	Pathogenic/Likely pathogenic	criteria provided, multiple submitters, no conflicts	2	2
TP53	VCV000528248	528248	NM_000546.6(TP53):c.473G>T (p.Arg158Leu)	simple_allele	allele	RCV000633348	Li-Fraumeni syndrome	Pathogenic	reviewed by expert panel	3	1
TP53	VCV000528248	528248	NM_000546.6(TP53):c.473G>T (p.Arg158Leu)	simple_allele	allele	RCV001091169	not provided	Pathogenic/Likely pathogenic	criteria provided, multiple submitters, no conflicts	2	0
TP53	VCV000528248	528248	NM_000546.6(TP53):c.473G>T (p.Arg158Leu)	simple_allele	allele	RCV002289923	Hereditary cancer-predisposing syndrome	Pathogenic	criteria provided, multiple submitters, no conflicts	2	0
TP53	VCV000528248	528248	NM_000546.6(TP53):c.473G>T (p.Arg158Leu)	simple_allele	allele	RCV002289922	Li-Fraumeni syndrome 1	Pathogenic/Likely pathogenic	criteria provided, multiple submitters, no conflicts	2	0
PCSK9	VCV000575758	575758	NM_174936.4(PCSK9):c.1069C>T (p.Arg357Cys)	simple_allele	allele	RCV002249415	not specified	Uncertain significance	criteria provided, multiple submitters, no conflicts	2	2
ALPK1	VCV000619031	619031	NM_025144.4(ALPK1):c.710C>T (p.Thr237Met)	simple_allele	allele	RCV001263103	Retinal dystrophy, optic nerve edema, splenomegaly, anhidrosis, and migraine headache syndrome	Pathogenic	criteria provided, multiple submitters, no conflicts	2	2
ALPK1	VCV000619031	619031	NM_025144.4(ALPK1):c.710C>T (p.Thr237Met)	simple_allele	allele	RCV001389989	not provided	Pathogenic	criteria provided, multiple submitters, no conflicts	2	3
GUCA1A	VCV000802212	802212	NM_001384910.1(GUCA1A):c.359G>T (p.Arg120Leu)	simple_allele	allele	RCV001093082	not provided	Pathogenic/Likely pathogenic	criteria provided, multiple submitters, no conflicts	2	2
PIK3CD	VCV000871047	871047	NM_005026.5(PIK3CD):c.1213C>T (p.Arg405Cys)	simple_allele	allele	RCV006446019	Immunodeficiency 14	Uncertain significance	reviewed by expert panel	3	1
CACNA1A	VCV000971813	971813	NM_001127222.2(CACNA1A):c.4052G>A (p.Arg1351Gln)	simple_allele	allele	RCV002272428	Developmental and epileptic encephalopathy, 42	Pathogenic	criteria provided, multiple submitters, no conflicts	2	4
CACNA1A	VCV000971813	971813	NM_001127222.2(CACNA1A):c.4052G>A (p.Arg1351Gln)	simple_allele	allele	RCV003322872	not provided	Pathogenic	criteria provided, multiple submitters, no conflicts	2	2
KCNQ3	VCV000975970	975970	NM_004519.4(KCNQ3):c.680G>A (p.Arg227Gln)	simple_allele	allele	RCV003148958	not provided	Pathogenic	criteria provided, multiple submitters, no conflicts	2	2
LMBRD2	VCV001334128	1334128	NM_001007527.2(LMBRD2):c.1448G>A (p.Arg483His)	simple_allele	allele	RCV001810513	Developmental delay with variable neurologic and brain abnormalities	Pathogenic/Likely pathogenic	criteria provided, multiple submitters, no conflicts	2	7
PIK3CD	VCV001406866	1406866	NM_005026.5(PIK3CD):c.1570T>A (p.Tyr524Asn)	simple_allele	allele	RCV001916035	Immunodeficiency 14	Likely pathogenic	reviewed by expert panel	3	1
PRKD1	VCV001934696	1934696	NM_002742.3(PRKD1):c.1808G>A (p.Arg603His)	simple_allele	allele	RCV002632140	not provided	Pathogenic	criteria provided, multiple submitters, no conflicts	2	2
DNM2	VCV000007282	7282	NM_001005361.3(DNM2):c.1102G>A (p.Glu368Lys)	simple_allele	allele	RCV000007705	Autosomal dominant centronuclear myopathy	Pathogenic	criteria provided, multiple submitters, no conflicts	2	0
DNM2	VCV000007282	7282	NM_001005361.3(DNM2):c.1102G>A (p.Glu368Lys)	simple_allele	allele	RCV000145898	Centronuclear myopathy	Pathogenic	reviewed by expert panel	3	1
DNM2	VCV000007282	7282	NM_001005361.3(DNM2):c.1102G>A (p.Glu368Lys)	simple_allele	allele	RCV000725988	not provided	Pathogenic	criteria provided, multiple submitters, no conflicts	2	0
CASR	VCV000008323	8323	NM_000388.4(CASR):c.452C>T (p.Thr151Met)	simple_allele	allele	RCV000008824	Autosomal dominant hypocalcemia 1	Pathogenic	criteria provided, multiple submitters, no conflicts	2	3
CASR	VCV000008323	8323	NM_000388.4(CASR):c.452C>T (p.Thr151Met)	simple_allele	allele	RCV001818147	not provided	Pathogenic	criteria provided, multiple submitters, no conflicts	2	2
JAK2	VCV000014662	14662	NM_004972.4(JAK2):c.1849G>T (p.Val617Phe)	simple_allele	allele	RCV000015769	Acquired polycythemia vera	Pathogenic/Likely pathogenic	criteria provided, multiple submitters, no conflicts	2	5
JAK2	VCV000014662	14662	NM_004972.4(JAK2):c.1849G>T (p.Val617Phe)	simple_allele	allele	RCV000015770	Primary myelofibrosis	Pathogenic	criteria provided, multiple submitters, no conflicts	2	4
JAK2	VCV000014662	14662	NM_004972.4(JAK2):c.1849G>T (p.Val617Phe)	simple_allele	allele	RCV000763621	Acquired polycythemia vera|Acute myeloid leukemia|Budd-Chiari syndrome|Primary familial polycythemia due to EPO receptor mutation|Primary myelofibrosis|Thrombocythemia 3	Pathogenic	criteria provided, multiple submitters, no conflicts	2	9
JAK2	VCV000014662	14662	NM_004972.4(JAK2):c.1849G>T (p.Val617Phe)	simple_allele	allele	RCV001092995	not provided	Pathogenic/Likely pathogenic	criteria provided, multiple submitters, no conflicts	2	7
SFTPC	VCV000013208	13208	NM_001317778.2(SFTPC):c.218T>C (p.Ile73Thr)	simple_allele	allele	RCV000014095	Surfactant metabolism dysfunction, pulmonary, 2	Pathogenic/Likely pathogenic	criteria provided, multiple submitters, no conflicts	2	9
SFTPC	VCV000013208	13208	NM_001317778.2(SFTPC):c.218T>C (p.Ile73Thr)	simple_allele	allele	RCV000731190	not provided	Pathogenic	criteria provided, multiple submitters, no conflicts	2	3
KCNJ11	VCV000008666	8666	NM_000525.4(KCNJ11):c.602G>A (p.Arg201His)	simple_allele	allele	RCV000712160	not provided	Pathogenic	criteria provided, multiple submitters, no conflicts	2	5
SCN5A	VCV000009377	9377	NM_000335.5(SCN5A):c.5347G>A (p.Glu1783Lys)	simple_allele	allele	RCV000009972	Long QT syndrome 3	Pathogenic/Likely pathogenic	criteria provided, multiple submitters, no conflicts	2	5
SCN5A	VCV000009377	9377	NM_000335.5(SCN5A):c.5347G>A (p.Glu1783Lys)	simple_allele	allele	RCV000183117	not provided	Pathogenic	criteria provided, multiple submitters, no conflicts	2	5
SCN5A	VCV000009377	9377	NM_000335.5(SCN5A):c.5347G>A (p.Glu1783Lys)	simple_allele	allele	RCV000208193	Brugada syndrome	Pathogenic	criteria provided, multiple submitters, no conflicts	2	3
SCN5A	VCV000009377	9377	NM_000335.5(SCN5A):c.5347G>A (p.Glu1783Lys)	simple_allele	allele	RCV000245905	Cardiovascular phenotype	Pathogenic	criteria provided, multiple submitters, no conflicts	2	2
RAF1	VCV000013957	13957	NM_002880.4(RAF1):c.770C>T (p.Ser257Leu)	simple_allele	allele	RCV000014985	Noonan syndrome 5	Pathogenic/Likely pathogenic	criteria provided, multiple submitters, no conflicts	2	0
RAF1	VCV000013957	13957	NM_002880.4(RAF1):c.770C>T (p.Ser257Leu)	simple_allele	allele	RCV000149826	RASopathy	Pathogenic	criteria provided, multiple submitters, no conflicts	2	0
RAF1	VCV000013957	13957	NM_002880.4(RAF1):c.770C>T (p.Ser257Leu)	simple_allele	allele	RCV000157426	Noonan syndrome	Pathogenic	reviewed by expert panel	3	1
RAF1	VCV000013957	13957	NM_002880.4(RAF1):c.770C>T (p.Ser257Leu)	simple_allele	allele	RCV000157685	not provided	Pathogenic	criteria provided, multiple submitters, no conflicts	2	0
RAF1	VCV000013957	13957	NM_002880.4(RAF1):c.770C>T (p.Ser257Leu)	simple_allele	allele	RCV000515222	Dilated cardiomyopathy 1NN|LEOPARD syndrome 2|Noonan syndrome 5	Pathogenic	criteria provided, multiple submitters, no conflicts	2	0
RAF1	VCV000013957	13957	NM_002880.4(RAF1):c.770C>T (p.Ser257Leu)	simple_allele	allele	RCV000856803	Noonan syndrome 1	Pathogenic/Likely pathogenic	criteria provided, multiple submitters, no conflicts	2	0
KCNJ11	VCV000008667	8667	NM_000525.4(KCNJ11):c.175G>A (p.Val59Met)	simple_allele	allele	RCV000724752	not provided	Pathogenic	criteria provided, multiple submitters, no conflicts	2	3
ACVR1	VCV000018309	18309	NM_001111067.4(ACVR1):c.617G>A (p.Arg206His)	simple_allele	allele	RCV000019971	Progressive myositis ossificans	Pathogenic	criteria provided, multiple submitters, no conflicts	2	12
ACVR1	VCV000018309	18309	NM_001111067.4(ACVR1):c.617G>A (p.Arg206His)	simple_allele	allele	RCV000422441	not provided	Pathogenic	criteria provided, multiple submitters, no conflicts	2	4
CXCR4	VCV000014020	14020	NM_003467.3(CXCR4):c.1000C>T (p.Arg334Ter)	simple_allele	allele	RCV000015063	Warts, hypogammaglobulinemia, infections, and myelokathexis	Pathogenic	criteria provided, multiple submitters, no conflicts	2	1
CXCR4	VCV000014020	14020	NM_003467.3(CXCR4):c.1000C>T (p.Arg334Ter)	simple_allele	allele	RCV001509163	not provided	Pathogenic	criteria provided, multiple submitters, no conflicts	2	3
CXCR4	VCV000014020	14020	NM_003467.3(CXCR4):c.1000C>T (p.Arg334Ter)	simple_allele	allele	RCV001801237	WHIM syndrome 1	Pathogenic	criteria provided, multiple submitters, no conflicts	2	4
ABCC9	VCV000031946	31946	NM_020297.4(ABCC9):c.3460C>T (p.Arg1154Trp)	simple_allele	allele	RCV000024624	Hypertrichotic osteochondrodysplasia Cantu type	Pathogenic/Likely pathogenic	criteria provided, multiple submitters, no conflicts	2	6
ABCC9	VCV000031946	31946	NM_020297.4(ABCC9):c.3460C>T (p.Arg1154Trp)	simple_allele	allele	RCV001570693	not provided	Pathogenic/Likely pathogenic	criteria provided, multiple submitters, no conflicts	2	4
BRAF	VCV000040388	40388	NM_004333.6(BRAF):c.1796C>T (p.Thr599Ile)	simple_allele	allele	RCV001172273	RASopathy	Pathogenic	reviewed by expert panel	3	1
SCN5A	VCV000039444	39444	NM_000335.5(SCN5A):c.665G>A (p.Arg222Gln)	simple_allele	allele	RCV000032639	Dilated cardiomyopathy 1E	Pathogenic/Likely pathogenic	criteria provided, multiple submitters, no conflicts	2	4
SCN5A	VCV000039444	39444	NM_000335.5(SCN5A):c.665G>A (p.Arg222Gln)	simple_allele	allele	RCV000182941	not provided	Pathogenic	criteria provided, multiple submitters, no conflicts	2	6
RAF1	VCV000040605	40605	NM_002880.4(RAF1):c.781C>G (p.Pro261Ala)	simple_allele	allele	RCV000354359	not provided	Pathogenic	criteria provided, multiple submitters, no conflicts	2	2
RAF1	VCV000040605	40605	NM_002880.4(RAF1):c.781C>G (p.Pro261Ala)	simple_allele	allele	RCV004786288	Noonan syndrome 5	Pathogenic	criteria provided, multiple submitters, no conflicts	2	3
KRAS	VCV000045123	45123	NM_004985.5(KRAS):c.37G>T (p.Gly13Cys)	simple_allele	allele	RCV000144972	Autoimmune lymphoproliferative syndrome type 4	Pathogenic/Likely pathogenic	criteria provided, multiple submitters, no conflicts	2	2
KRAS	VCV000045123	45123	NM_004985.5(KRAS):c.37G>T (p.Gly13Cys)	simple_allele	allele	RCV000681039	not provided	Pathogenic	criteria provided, multiple submitters, no conflicts	2	2
KCNQ1	VCV000067072	67072	NM_000218.3(KCNQ1):c.421G>A (p.Val141Met)	simple_allele	allele	RCV005250009	KCNQ1-related disorder	Pathogenic/Likely pathogenic	criteria provided, multiple submitters, no conflicts	2	2
PSTPIP1	VCV000097810	97810	NM_003978.5(PSTPIP1):c.748G>A (p.Glu250Lys)	simple_allele	allele	RCV000084063	Pyogenic arthritis-pyoderma gangrenosum-acne syndrome	Pathogenic	criteria provided, multiple submitters, no conflicts	2	6
PSTPIP1	VCV000097810	97810	NM_003978.5(PSTPIP1):c.748G>A (p.Glu250Lys)	simple_allele	allele	RCV000215780	not provided	Pathogenic	criteria provided, multiple submitters, no conflicts	2	2
IFIH1	VCV000137624	137624	NM_022168.4(IFIH1):c.2335C>T (p.Arg779Cys)	simple_allele	allele	RCV000125473	Aicardi-Goutieres syndrome 7	Pathogenic	criteria provided, multiple submitters, no conflicts	2	3
IFIH1	VCV000137624	137624	NM_022168.4(IFIH1):c.2335C>T (p.Arg779Cys)	simple_allele	allele	RCV000255113	not provided	Pathogenic	criteria provided, multiple submitters, no conflicts	2	3
STAT1	VCV000144006	144006	NM_007315.4(STAT1):c.1154C>T (p.Thr385Met)	simple_allele	allele	RCV001090648	not provided	Pathogenic	criteria provided, multiple submitters, no conflicts	2	6
EEF1A2	VCV000192252	192252	NM_001958.5(EEF1A2):c.364G>A (p.Glu122Lys)	simple_allele	allele	RCV000172840	Intellectual disability, autosomal dominant 38	Pathogenic	criteria provided, multiple submitters, no conflicts	2	2
EEF1A2	VCV000192252	192252	NM_001958.5(EEF1A2):c.364G>A (p.Glu122Lys)	simple_allele	allele	RCV000193799	Developmental and epileptic encephalopathy, 33	Pathogenic/Likely pathogenic	criteria provided, multiple submitters, no conflicts	2	5
EEF1A2	VCV000192252	192252	NM_001958.5(EEF1A2):c.364G>A (p.Glu122Lys)	simple_allele	allele	RCV001267946	not provided	Pathogenic	criteria provided, multiple submitters, no conflicts	2	4
SCN2A	VCV000207028	207028	NM_001040142.2(SCN2A):c.5644C>G (p.Arg1882Gly)	simple_allele	allele	RCV000189180	not provided	Pathogenic	criteria provided, multiple submitters, no conflicts	2	2
SCN2A	VCV000207028	207028	NM_001040142.2(SCN2A):c.5644C>G (p.Arg1882Gly)	simple_allele	allele	RCV001281369	Developmental and epileptic encephalopathy, 11	Pathogenic	criteria provided, multiple submitters, no conflicts	2	4
PTPN11	VCV000228392	228392	NM_002834.5(PTPN11):c.181G>T (p.Asp61Tyr)	simple_allele	allele	RCV001090939	not provided	Pathogenic	criteria provided, multiple submitters, no conflicts	2	2
PTPN11	VCV000228392	228392	NM_002834.5(PTPN11):c.181G>T (p.Asp61Tyr)	simple_allele	allele	RCV003992237	Noonan syndrome 1	Pathogenic	criteria provided, multiple submitters, no conflicts	2	2
CACNA1E	VCV000265066	265066	NM_001205293.3(CACNA1E):c.1054G>A (p.Gly352Arg)	simple_allele	allele	RCV000255319	not provided	Pathogenic	criteria provided, multiple submitters, no conflicts	2	3
CACNA1E	VCV000265066	265066	NM_001205293.3(CACNA1E):c.1054G>A (p.Gly352Arg)	simple_allele	allele	RCV000754086	Developmental and epileptic encephalopathy, 69	Pathogenic/Likely pathogenic	criteria provided, multiple submitters, no conflicts	2	5
MPL	VCV000265248	265248	NM_005373.3(MPL):c.317C>T (p.Pro106Leu)	simple_allele	allele	RCV000255329	not provided	Pathogenic/Likely pathogenic	criteria provided, multiple submitters, no conflicts	2	4
MPL	VCV000265248	265248	NM_005373.3(MPL):c.317C>T (p.Pro106Leu)	simple_allele	allele	RCV001731468	Thrombocythemia 2	Pathogenic/Likely pathogenic	criteria provided, multiple submitters, no conflicts	2	4
MPL	VCV000265248	265248	NM_005373.3(MPL):c.317C>T (p.Pro106Leu)	simple_allele	allele	RCV002250607	Congenital amegakaryocytic thrombocytopenia	Pathogenic	criteria provided, multiple submitters, no conflicts	2	2
MPL	VCV000265248	265248	NM_005373.3(MPL):c.317C>T (p.Pro106Leu)	simple_allele	allele	RCV003992253	Congenital amegakaryocytic thrombocytopenia 1	Likely pathogenic	criteria provided, multiple submitters, no conflicts	2	3
CACNA1G	VCV000280269	280269	NM_018896.5(CACNA1G):c.2881G>A (p.Ala961Thr)	simple_allele	allele	RCV000677308	Spinocerebellar ataxia 42, early-onset, severe, with neurodevelopmental deficits	Pathogenic	criteria provided, multiple submitters, no conflicts	2	2
SCN2A	VCV000410984	410984	NM_001040142.2(SCN2A):c.4976C>T (p.Ala1659Val)	simple_allele	allele	RCV003313957	Developmental and epileptic encephalopathy, 11	Pathogenic/Likely pathogenic	criteria provided, multiple submitters, no conflicts	2	4
PCSK9	VCV000375849	375849	NM_174936.4(PCSK9):c.323T>G (p.Leu108Arg)	simple_allele	allele	RCV000417273	Hypercholesterolemia, autosomal dominant, 3	Pathogenic/Likely pathogenic	criteria provided, multiple submitters, no conflicts	2	3
CACNA1A	VCV000380972	380972	NM_001127222.2(CACNA1A):c.4043G>A (p.Arg1348Gln)	simple_allele	allele	RCV000435974	not provided	Pathogenic	criteria provided, multiple submitters, no conflicts	2	5
CACNA1A	VCV000380972	380972	NM_001127222.2(CACNA1A):c.4043G>A (p.Arg1348Gln)	simple_allele	allele	RCV001078138	Developmental and epileptic encephalopathy, 42|Episodic ataxia type 2	Pathogenic	criteria provided, multiple submitters, no conflicts	2	11
CACNA1A	VCV000380972	380972	NM_001127222.2(CACNA1A):c.4043G>A (p.Arg1348Gln)	simple_allele	allele	RCV000787277	Developmental and epileptic encephalopathy, 42	Pathogenic/Likely pathogenic	criteria provided, multiple submitters, no conflicts	2	9
SCN3A	VCV000373960	373960	NM_006922.4(SCN3A):c.2624T>C (p.Ile875Thr)	simple_allele	allele	RCV000494116	not provided	Pathogenic/Likely pathogenic	criteria provided, multiple submitters, no conflicts	2	0
SCN3A	VCV000373960	373960	NM_006922.4(SCN3A):c.2624T>C (p.Ile875Thr)	simple_allele	allele	RCV000625712	Developmental and epileptic encephalopathy, 62	Pathogenic/Likely pathogenic	criteria provided, multiple submitters, no conflicts	2	0
SCN3A	VCV000373960	373960	NM_006922.4(SCN3A):c.2624T>C (p.Ile875Thr)	simple_allele	allele	RCV001199328	Epilepsy, familial focal, with variable foci 4	Pathogenic/Likely pathogenic	criteria provided, multiple submitters, no conflicts	2	0
SCN3A	VCV000373960	373960	NM_006922.4(SCN3A):c.2624T>C (p.Ile875Thr)	simple_allele	allele	RCV003243119	Developmental and epileptic encephalopathy	Pathogenic	reviewed by expert panel	3	1
PCSK9	VCV000375844	375844	NM_174936.4(PCSK9):c.385G>A (p.Asp129Asn)	simple_allele	allele	RCV002222502	not provided	Uncertain significance	criteria provided, multiple submitters, no conflicts	2	3
TP53	VCV000376615	376615	NM_000546.6(TP53):c.641A>G (p.His214Arg)	simple_allele	allele	RCV000477234	Li-Fraumeni syndrome	Pathogenic	reviewed by expert panel	3	1
TP53	VCV000376615	376615	NM_000546.6(TP53):c.641A>G (p.His214Arg)	simple_allele	allele	RCV000492372	Hereditary cancer-predisposing syndrome	Pathogenic/Likely pathogenic	criteria provided, multiple submitters, no conflicts	2	0
TP53	VCV000376615	376615	NM_000546.6(TP53):c.641A>G (p.His214Arg)	simple_allele	allele	RCV001584113	not provided	Pathogenic	criteria provided, multiple submitters, no conflicts	2	0
TP53	VCV000376615	376615	NM_000546.6(TP53):c.641A>G (p.His214Arg)	simple_allele	allele	RCV004022220	Li-Fraumeni syndrome 1	Pathogenic/Likely pathogenic	criteria provided, multiple submitters, no conflicts	2	0
UBTF	VCV000437909	437909	NM_014233.4(UBTF):c.628G>A (p.Glu210Lys)	simple_allele	allele	RCV000505522	Childhood-onset motor and cognitive regression syndrome with extrapyramidal movement disorder	Pathogenic/Likely pathogenic	criteria provided, multiple submitters, no conflicts	2	12
GRIK2	VCV000985841	985841	NM_021956.5(GRIK2):c.1969G>A (p.Ala657Thr)	simple_allele	allele	RCV001574045	not provided	Pathogenic	criteria provided, multiple submitters, no conflicts	2	2
GRIK2	VCV000985841	985841	NM_021956.5(GRIK2):c.1969G>A (p.Ala657Thr)	simple_allele	allele	RCV001751535	Neurodevelopmental disorder with impaired language and ataxia and with or without seizures	Pathogenic	criteria provided, multiple submitters, no conflicts	2	2
ITPR1	VCV001350168	1350168	NM_001378452.1(ITPR1):c.106C>T (p.Arg36Cys)	simple_allele	allele	RCV002051254	not provided	Pathogenic	criteria provided, multiple submitters, no conflicts	2	2
YARS1	VCV000006189	6189	NM_003680.4(YARS1):c.586G>A (p.Glu196Lys)	simple_allele	allele	RCV000006566	Charcot-Marie-Tooth disease dominant intermediate C	Pathogenic/Likely pathogenic	criteria provided, multiple submitters, no conflicts	2	2
SHOC2	VCV000006821	6821	NM_007373.4(SHOC2):c.4A>G (p.Ser2Gly)	simple_allele	allele	RCV000007223	Noonan syndrome-like disorder with loose anagen hair 1	Pathogenic	reviewed by expert panel	3	1
SHOC2	VCV000006821	6821	NM_007373.4(SHOC2):c.4A>G (p.Ser2Gly)	simple_allele	allele	RCV000213000	not provided	Pathogenic	criteria provided, multiple submitters, no conflicts	2	0
SHOC2	VCV000006821	6821	NM_007373.4(SHOC2):c.4A>G (p.Ser2Gly)	simple_allele	allele	RCV000149834	RASopathy	Pathogenic	criteria provided, multiple submitters, no conflicts	2	0
SHOC2	VCV000006821	6821	NM_007373.4(SHOC2):c.4A>G (p.Ser2Gly)	simple_allele	allele	RCV000208379	Noonan syndrome	Pathogenic	criteria provided, multiple submitters, no conflicts	2	0
FLNA	VCV000011761	11761	NM_001110556.2(FLNA):c.3557C>T (p.Ser1186Leu)	simple_allele	allele	RCV000012527	Frontometaphyseal dysplasia 1	Pathogenic/Likely pathogenic	criteria provided, multiple submitters, no conflicts	2	1
PTEN	VCV000007812	7812	NM_000314.8(PTEN):c.386G>A (p.Gly129Glu)	simple_allele	allele	RCV000490577	PTEN hamartoma tumor syndrome	Pathogenic	criteria provided, multiple submitters, no conflicts	2	2
PTH1R	VCV000013742	13742	NM_000316.3(PTH1R):c.668A>G (p.His223Arg)	simple_allele	allele	RCV003317036	not provided	Pathogenic	criteria provided, multiple submitters, no conflicts	2	3
TEK	VCV000009293	9293	NM_000459.5(TEK):c.2545C>T (p.Arg849Trp)	simple_allele	allele	RCV000009876	Multiple cutaneous and mucosal venous malformations	Pathogenic	criteria provided, multiple submitters, no conflicts	2	2
TEK	VCV000009293	9293	NM_000459.5(TEK):c.2545C>T (p.Arg849Trp)	simple_allele	allele	RCV001810841	not provided	Pathogenic	criteria provided, multiple submitters, no conflicts	2	3
HRAS	VCV000012610	12610	NM_005343.4(HRAS):c.173C>T (p.Thr58Ile)	simple_allele	allele	RCV000013444	Costello syndrome	Pathogenic	criteria provided, multiple submitters, no conflicts	2	0
HRAS	VCV000012610	12610	NM_005343.4(HRAS):c.173C>T (p.Thr58Ile)	simple_allele	allele	RCV005252034	RASopathy	Pathogenic	reviewed by expert panel	3	1
STAT3	VCV000018304	18304	NM_139276.3(STAT3):c.1144C>T (p.Arg382Trp)	simple_allele	allele	RCV000019966	Hyper-IgE recurrent infection syndrome 1, autosomal dominant	Pathogenic	criteria provided, multiple submitters, no conflicts	2	7
STAT3	VCV000018304	18304	NM_139276.3(STAT3):c.1144C>T (p.Arg382Trp)	simple_allele	allele	RCV000259784	not provided	Pathogenic	criteria provided, multiple submitters, no conflicts	2	3
STAT3	VCV000018305	18305	NM_139276.3(STAT3):c.1145G>A (p.Arg382Gln)	simple_allele	allele	RCV000019967	Hyper-IgE recurrent infection syndrome 1, autosomal dominant	Pathogenic	criteria provided, multiple submitters, no conflicts	2	5
STAT3	VCV000018305	18305	NM_139276.3(STAT3):c.1145G>A (p.Arg382Gln)	simple_allele	allele	RCV001311887	not provided	Pathogenic	criteria provided, multiple submitters, no conflicts	2	2
PIK3CA	VCV000031944	31944	NM_006218.4(PIK3CA):c.1624G>A (p.Glu542Lys)	simple_allele	allele	RCV000416776	not provided	Pathogenic	criteria provided, multiple submitters, no conflicts	2	0
PIK3CA	VCV000031944	31944	NM_006218.4(PIK3CA):c.1624G>A (p.Glu542Lys)	simple_allele	allele	RCV001836714	Overgrowth syndrome and/or cerebral malformations due to abnormalities in MTOR pathway genes	Pathogenic	reviewed by expert panel	3	1
PIK3CA	VCV000031945	31945	NM_006218.4(PIK3CA):c.1258T>C (p.Cys420Arg)	simple_allele	allele	RCV002054475	not provided	Pathogenic	criteria provided, multiple submitters, no conflicts	2	2
HRAS	VCV000035554	35554	NM_005343.4(HRAS):c.37G>C (p.Gly13Arg)	simple_allele	allele	RCV001781319	Costello syndrome	Pathogenic/Likely pathogenic	criteria provided, multiple submitters, no conflicts	2	3
EGFR	VCV000016613	16613	NM_005228.5(EGFR):c.2369C>T (p.Thr790Met)	simple_allele	allele	RCV000211319	erlotinib response - Efficacy	drug response	reviewed by expert panel	3	1
EGFR	VCV000016613	16613	NM_005228.5(EGFR):c.2369C>T (p.Thr790Met)	simple_allele	allele	RCV001787805	gefitinib response - Efficacy	drug response	reviewed by expert panel	3	1
EGFR	VCV000016613	16613	NM_005228.5(EGFR):c.2369C>T (p.Thr790Met)	simple_allele	allele	RCV001588815	not provided	Likely pathogenic	criteria provided, multiple submitters, no conflicts	2	0
KCNT1	VCV000039594	39594	NM_020822.3(KCNT1):c.2800G>A (p.Ala934Thr)	simple_allele	allele	RCV000032794	Developmental and epileptic encephalopathy, 14	Pathogenic	criteria provided, multiple submitters, no conflicts	2	4
KCNT1	VCV000039594	39594	NM_020822.3(KCNT1):c.2800G>A (p.Ala934Thr)	simple_allele	allele	RCV000494477	not provided	Pathogenic	criteria provided, multiple submitters, no conflicts	2	3
PIK3CA	VCV000039705	39705	NM_006218.4(PIK3CA):c.3139C>T (p.His1047Tyr)	simple_allele	allele	RCV000032909	Megalencephaly-capillary malformation-polymicrogyria syndrome	Pathogenic	criteria provided, multiple submitters, no conflicts	2	3
PIK3CA	VCV000039705	39705	NM_006218.4(PIK3CA):c.3139C>T (p.His1047Tyr)	simple_allele	allele	RCV001092441	not provided	Pathogenic	criteria provided, multiple submitters, no conflicts	2	2
PIK3CA	VCV000039705	39705	NM_006218.4(PIK3CA):c.3139C>T (p.His1047Tyr)	simple_allele	allele	RCV003233079	PIK3CA related overgrowth syndrome	Pathogenic	criteria provided, multiple submitters, no conflicts	2	2
PACS1	VCV000039581	39581	NM_018026.4(PACS1):c.607C>T (p.Arg203Trp)	simple_allele	allele	RCV000032781	Schuurs-Hoeijmakers syndrome	Pathogenic	criteria provided, multiple submitters, no conflicts	2	31
PACS1	VCV000039581	39581	NM_018026.4(PACS1):c.607C>T (p.Arg203Trp)	simple_allele	allele	RCV000429725	not provided	Pathogenic/Likely pathogenic	criteria provided, multiple submitters, no conflicts	2	8
PACS1	VCV000039581	39581	NM_018026.4(PACS1):c.607C>T (p.Arg203Trp)	simple_allele	allele	RCV001310258	Intellectual disability	Pathogenic	criteria provided, multiple submitters, no conflicts	2	3
GRIA1	VCV000039966	39966	NM_000827.4(GRIA1):c.1906G>A (p.Ala636Thr)	simple_allele	allele	RCV001269688	not provided	Pathogenic/Likely pathogenic	criteria provided, multiple submitters, no conflicts	2	2
GRIA1	VCV000039966	39966	NM_000827.4(GRIA1):c.1906G>A (p.Ala636Thr)	simple_allele	allele	RCV002260601	Intellectual developmental disorder, autosomal dominant 67	Pathogenic/Likely pathogenic	criteria provided, multiple submitters, no conflicts	2	7
KCNT1	VCV000039593	39593	NM_020822.3(KCNT1):c.1283G>A (p.Arg428Gln)	simple_allele	allele	RCV000032793	Developmental and epileptic encephalopathy, 14	Pathogenic	criteria provided, multiple submitters, no conflicts	2	7
KCNT1	VCV000039593	39593	NM_020822.3(KCNT1):c.1283G>A (p.Arg428Gln)	simple_allele	allele	RCV000413614	not provided	Pathogenic	criteria provided, multiple submitters, no conflicts	2	5
KCNT1	VCV000039595	39595	NM_020822.3(KCNT1):c.1421G>A (p.Arg474His)	simple_allele	allele	RCV000032795	Developmental and epileptic encephalopathy, 14	Pathogenic/Likely pathogenic	criteria provided, multiple submitters, no conflicts	2	9
KCNT1	VCV000039595	39595	NM_020822.3(KCNT1):c.1421G>A (p.Arg474His)	simple_allele	allele	RCV000546032	Autosomal dominant nocturnal frontal lobe epilepsy 5|Developmental and epileptic encephalopathy, 14	Pathogenic	criteria provided, multiple submitters, no conflicts	2	10
KCNT1	VCV000039595	39595	NM_020822.3(KCNT1):c.1421G>A (p.Arg474His)	simple_allele	allele	RCV000414268	not provided	Pathogenic	criteria provided, multiple submitters, no conflicts	2	3
KCNT1	VCV000126421	126421	NM_020822.3(KCNT1):c.862G>A (p.Gly288Ser)	simple_allele	allele	RCV000114361	Developmental and epileptic encephalopathy, 14	Pathogenic	criteria provided, multiple submitters, no conflicts	2	8
KCNT1	VCV000126421	126421	NM_020822.3(KCNT1):c.862G>A (p.Gly288Ser)	simple_allele	allele	RCV000255411	not provided	Pathogenic	criteria provided, multiple submitters, no conflicts	2	4
KCNT1	VCV000126421	126421	NM_020822.3(KCNT1):c.862G>A (p.Gly288Ser)	simple_allele	allele	RCV000627792	Autosomal dominant nocturnal frontal lobe epilepsy 5|Developmental and epileptic encephalopathy, 14	Pathogenic	criteria provided, multiple submitters, no conflicts	2	9
GRIN2A	VCV000129196	129196	NM_001134407.3(GRIN2A):c.3228C>A (p.Asn1076Lys)	simple_allele	allele	RCV000117185	not specified	Benign	criteria provided, multiple submitters, no conflicts	2	5
GRIN2A	VCV000129196	129196	NM_001134407.3(GRIN2A):c.3228C>A (p.Asn1076Lys)	simple_allele	allele	RCV000230705	Landau-Kleffner syndrome	Benign/Likely benign	criteria provided, multiple submitters, no conflicts	2	4
GRIN2A	VCV000129196	129196	NM_001134407.3(GRIN2A):c.3228C>A (p.Asn1076Lys)	simple_allele	allele	RCV000419597	not provided	Benign/Likely benign	criteria provided, multiple submitters, no conflicts	2	3
KCNQ2	VCV000205867	205867	NM_172107.4(KCNQ2):c.593G>A (p.Arg198Gln)	simple_allele	allele	RCV000187856	not provided	Pathogenic	criteria provided, multiple submitters, no conflicts	2	2
KCNQ2	VCV000205867	205867	NM_172107.4(KCNQ2):c.593G>A (p.Arg198Gln)	simple_allele	allele	RCV002290964	Developmental and epileptic encephalopathy, 7	Pathogenic	criteria provided, multiple submitters, no conflicts	2	4
KCNQ2	VCV000205864	205864	NM_172107.4(KCNQ2):c.431G>A (p.Arg144Gln)	simple_allele	allele	RCV000187853	not provided	Pathogenic/Likely pathogenic	criteria provided, multiple submitters, no conflicts	2	4
KCNQ2	VCV000205864	205864	NM_172107.4(KCNQ2):c.431G>A (p.Arg144Gln)	simple_allele	allele	RCV000408747	Developmental and epileptic encephalopathy, 7	Pathogenic	criteria provided, multiple submitters, no conflicts	2	2
KCNQ2	VCV000205869	205869	NM_172107.4(KCNQ2):c.601C>T (p.Arg201Cys)	simple_allele	allele	RCV000187858	not provided	Pathogenic	criteria provided, multiple submitters, no conflicts	2	2
KCNQ2	VCV000205869	205869	NM_172107.4(KCNQ2):c.601C>T (p.Arg201Cys)	simple_allele	allele	RCV000203591	Developmental and epileptic encephalopathy, 7	Pathogenic	criteria provided, multiple submitters, no conflicts	2	7
MTOR	VCV000217823	217823	NM_004958.4(MTOR):c.5395G>A (p.Glu1799Lys)	simple_allele	allele	RCV000201885	Macrocephaly-intellectual disability-neurodevelopmental disorder-small thorax syndrome	Pathogenic	criteria provided, multiple submitters, no conflicts	2	7
MTOR	VCV000217823	217823	NM_004958.4(MTOR):c.5395G>A (p.Glu1799Lys)	simple_allele	allele	RCV000255268	not provided	Pathogenic	criteria provided, multiple submitters, no conflicts	2	5
MTOR	VCV000217823	217823	NM_004958.4(MTOR):c.5395G>A (p.Glu1799Lys)	simple_allele	allele	RCV001544505	Intellectual disability	Pathogenic	criteria provided, multiple submitters, no conflicts	2	2
TRPV4	VCV000216734	216734	NM_021625.5(TRPV4):c.281C>T (p.Ser94Leu)	simple_allele	allele	RCV000413068	not provided	Uncertain significance	criteria provided, multiple submitters, no conflicts	2	2
STAT3	VCV000224844	224844	NM_139276.3(STAT3):c.1261G>A (p.Gly421Arg)	simple_allele	allele	RCV000210420	STAT3-related early-onset multisystem autoimmune disease	Pathogenic	criteria provided, multiple submitters, no conflicts	2	2
GNB1	VCV000224714	224714	NM_002074.5(GNB1):c.233A>G (p.Lys78Arg)	simple_allele	allele	RCV000225134	Intellectual disability, autosomal dominant 42	Pathogenic	criteria provided, multiple submitters, no conflicts	2	7
GNB1	VCV000224714	224714	NM_002074.5(GNB1):c.233A>G (p.Lys78Arg)	simple_allele	allele	RCV000523590	not provided	Pathogenic	criteria provided, multiple submitters, no conflicts	2	3
STAT3	VCV000224846	224846	NM_139276.3(STAT3):c.454C>T (p.Arg152Trp)	simple_allele	allele	RCV000210417	STAT3-related early-onset multisystem autoimmune disease	Pathogenic	criteria provided, multiple submitters, no conflicts	2	2
STAT3	VCV000224848	224848	NM_139276.3(STAT3):c.2147C>T (p.Thr716Met)	simple_allele	allele	RCV000224259	not provided	Pathogenic	criteria provided, multiple submitters, no conflicts	2	3
GRIN2D	VCV000267211	267211	NM_000836.4(GRIN2D):c.1999G>A (p.Val667Ile)	simple_allele	allele	RCV000257970	Developmental and epileptic encephalopathy, 46	Pathogenic/Likely pathogenic	criteria provided, multiple submitters, no conflicts	2	4
KCNT1	VCV000265210	265210	NM_020822.3(KCNT1):c.1420C>T (p.Arg474Cys)	simple_allele	allele	RCV001808720	Developmental and epileptic encephalopathy, 14	Pathogenic	criteria provided, multiple submitters, no conflicts	2	3
KCNT1	VCV000280499	280499	NM_020822.3(KCNT1):c.1546A>G (p.Met516Val)	simple_allele	allele	RCV001253472	Developmental and epileptic encephalopathy, 14	Pathogenic/Likely pathogenic	criteria provided, multiple submitters, no conflicts	2	5
PIK3CA	VCV000280875	280875	NM_006218.4(PIK3CA):c.323G>A (p.Arg108His)	simple_allele	allele	RCV001353357	Megalencephaly-capillary malformation-polymicrogyria syndrome	Pathogenic/Likely pathogenic	criteria provided, multiple submitters, no conflicts	2	2
KCNT1	VCV000286710	286710	NM_020822.3(KCNT1):c.2849G>A (p.Arg950Gln)	simple_allele	allele	RCV001004680	Developmental and epileptic encephalopathy, 14	Pathogenic/Likely pathogenic	criteria provided, multiple submitters, no conflicts	2	4
SLC25A24	VCV000370032	370032	NM_013386.5(SLC25A24):c.650G>A (p.Arg217His)	simple_allele	allele	RCV000508607	Fontaine progeroid syndrome	Pathogenic/Likely pathogenic	criteria provided, multiple submitters, no conflicts	2	4
SLC25A24	VCV000370032	370032	NM_013386.5(SLC25A24):c.650G>A (p.Arg217His)	simple_allele	allele	RCV001249454	not provided	Pathogenic	criteria provided, multiple submitters, no conflicts	2	2
PIK3CA	VCV000376478	376478	NM_006218.4(PIK3CA):c.241G>A (p.Glu81Lys)	simple_allele	allele	RCV001837893	not provided	Pathogenic	criteria provided, multiple submitters, no conflicts	2	2
PIK3CA	VCV000376498	376498	NM_006218.4(PIK3CA):c.1030G>A (p.Val344Met)	simple_allele	allele	RCV000485942	not provided	Pathogenic	criteria provided, multiple submitters, no conflicts	2	2
PIK3CA	VCV000376498	376498	NM_006218.4(PIK3CA):c.1030G>A (p.Val344Met)	simple_allele	allele	RCV000767535	Cowden syndrome 5	Pathogenic	criteria provided, multiple submitters, no conflicts	2	3
CLCN7	VCV000372326	372326	NM_001287.6(CLCN7):c.2144A>G (p.Tyr715Cys)	simple_allele	allele	RCV000412760	not provided	Pathogenic	criteria provided, multiple submitters, no conflicts	2	2
PIK3CA	VCV000376470	376470	NM_006218.4(PIK3CA):c.1357G>A (p.Glu453Lys)	simple_allele	allele	RCV000991209	Megalencephaly-capillary malformation-polymicrogyria syndrome	Pathogenic	criteria provided, multiple submitters, no conflicts	2	3
PIK3CA	VCV000376470	376470	NM_006218.4(PIK3CA):c.1357G>A (p.Glu453Lys)	simple_allele	allele	RCV001526693	CLOVES syndrome	Pathogenic	criteria provided, multiple submitters, no conflicts	2	2
PIK3CA	VCV000376470	376470	NM_006218.4(PIK3CA):c.1357G>A (p.Glu453Lys)	simple_allele	allele	RCV002472374	PIK3CA related overgrowth syndrome	Pathogenic	criteria provided, multiple submitters, no conflicts	2	3
PIK3CA	VCV000376470	376470	NM_006218.4(PIK3CA):c.1357G>A (p.Glu453Lys)	simple_allele	allele	RCV001775789	not provided	Pathogenic	criteria provided, multiple submitters, no conflicts	2	2
STAT3	VCV000421171	421171	NM_139276.3(STAT3):c.2144C>T (p.Pro715Leu)	simple_allele	allele	RCV000482055	not provided	Pathogenic	criteria provided, multiple submitters, no conflicts	2	2
STAT3	VCV000421171	421171	NM_139276.3(STAT3):c.2144C>T (p.Pro715Leu)	simple_allele	allele	RCV003105918	STAT3-related early-onset multisystem autoimmune disease	Pathogenic/Likely pathogenic	criteria provided, multiple submitters, no conflicts	2	3
KCNQ2	VCV000452487	452487	NM_172107.4(KCNQ2):c.430C>T (p.Arg144Trp)	simple_allele	allele	RCV000521018	not provided	Pathogenic/Likely pathogenic	criteria provided, multiple submitters, no conflicts	2	2
KCNQ2	VCV000452487	452487	NM_172107.4(KCNQ2):c.430C>T (p.Arg144Trp)	simple_allele	allele	RCV000760201	Developmental and epileptic encephalopathy, 7|Seizures, benign familial neonatal, 1	Likely pathogenic	criteria provided, multiple submitters, no conflicts	2	2
KCNQ2	VCV000520399	520399	NM_172107.4(KCNQ2):c.430C>G (p.Arg144Gly)	simple_allele	allele	RCV001249752	KCNQ2-Related Disorders	Pathogenic/Likely pathogenic	criteria provided, multiple submitters, no conflicts	2	2
TEK	VCV000981230	981230	NM_000459.5(TEK):c.3295C>T (p.Arg1099Ter)	simple_allele	allele	RCV003449820	Multiple cutaneous and mucosal venous malformations	Pathogenic	criteria provided, multiple submitters, no conflicts	2	3
KCNQ2	VCV001717297	1717297	NM_172107.4(KCNQ2):c.715G>A (p.Gly239Ser)	simple_allele	allele	RCV003318716	not provided	Pathogenic	criteria provided, multiple submitters, no conflicts	2	2
LRRK2	VCV000001940	1940	NM_198578.4(LRRK2):c.6055G>A (p.Gly2019Ser)	simple_allele	allele	RCV000002017	Autosomal dominant Parkinson disease 8	Pathogenic/Likely pathogenic	criteria provided, multiple submitters, no conflicts	2	16
LRRK2	VCV000001940	1940	NM_198578.4(LRRK2):c.6055G>A (p.Gly2019Ser)	simple_allele	allele	RCV000325492	not provided	Pathogenic	criteria provided, multiple submitters, no conflicts	2	5
TMC1	VCV000004102	4102	NM_138691.3(TMC1):c.1714G>A (p.Asp572Asn)	simple_allele	allele	RCV000004318	Autosomal dominant nonsyndromic hearing loss 36	Pathogenic/Likely pathogenic	criteria provided, multiple submitters, no conflicts	2	2
TMC1	VCV000004102	4102	NM_138691.3(TMC1):c.1714G>A (p.Asp572Asn)	simple_allele	allele	RCV001810830	not provided	Pathogenic	criteria provided, multiple submitters, no conflicts	2	2
PTEN	VCV000007813	7813	NM_000314.8(PTEN):c.697C>T (p.Arg233Ter)	simple_allele	allele	RCV000008256	Cowden syndrome 1	Pathogenic/Likely pathogenic	criteria provided, multiple submitters, no conflicts	2	7
PTEN	VCV000007813	7813	NM_000314.8(PTEN):c.697C>T (p.Arg233Ter)	simple_allele	allele	RCV000128455	PTEN hamartoma tumor syndrome	Pathogenic	criteria provided, multiple submitters, no conflicts	2	6
PTEN	VCV000007813	7813	NM_000314.8(PTEN):c.697C>T (p.Arg233Ter)	simple_allele	allele	RCV000162649	Hereditary cancer-predisposing syndrome	Pathogenic	criteria provided, multiple submitters, no conflicts	2	3
PTEN	VCV000007813	7813	NM_000314.8(PTEN):c.697C>T (p.Arg233Ter)	simple_allele	allele	RCV000212882	not provided	Pathogenic	criteria provided, multiple submitters, no conflicts	2	5
PTEN	VCV000007813	7813	NM_000314.8(PTEN):c.697C>T (p.Arg233Ter)	simple_allele	allele	RCV000477737	Macrocephaly-autism syndrome	Pathogenic	criteria provided, multiple submitters, no conflicts	2	2
NR2E3	VCV000005533	5533	NM_014249.4(NR2E3):c.166G>A (p.Gly56Arg)	simple_allele	allele	RCV000005871	Retinitis pigmentosa 37	Pathogenic/Likely pathogenic	criteria provided, multiple submitters, no conflicts	2	3
NR2E3	VCV000005533	5533	NM_014249.4(NR2E3):c.166G>A (p.Gly56Arg)	simple_allele	allele	RCV000286602	not provided	Pathogenic	criteria provided, multiple submitters, no conflicts	2	5
NR2E3	VCV000005533	5533	NM_014249.4(NR2E3):c.166G>A (p.Gly56Arg)	simple_allele	allele	RCV001075751	Retinal dystrophy	Pathogenic	criteria provided, multiple submitters, no conflicts	2	3
BRAF	VCV000013965	13965	NM_004333.6(BRAF):c.736G>C (p.Ala246Pro)	simple_allele	allele	RCV000208416	Cardio-facio-cutaneous syndrome	Pathogenic	reviewed by expert panel	3	1
BRAF	VCV000013965	13965	NM_004333.6(BRAF):c.736G>C (p.Ala246Pro)	simple_allele	allele	RCV000235118	not provided	Pathogenic	criteria provided, multiple submitters, no conflicts	2	0
BRAF	VCV000013974	13974	NM_004333.6(BRAF):c.1406G>A (p.Gly469Glu)	simple_allele	allele	RCV000015008	Cardiofaciocutaneous syndrome 1	Pathogenic	criteria provided, multiple submitters, no conflicts	2	0
BRAF	VCV000013974	13974	NM_004333.6(BRAF):c.1406G>A (p.Gly469Glu)	simple_allele	allele	RCV000033307	RASopathy	Pathogenic	reviewed by expert panel	3	1
BRAF	VCV000013974	13974	NM_004333.6(BRAF):c.1406G>A (p.Gly469Glu)	simple_allele	allele	RCV000212152	not provided	Pathogenic	criteria provided, multiple submitters, no conflicts	2	0
BRAF	VCV000013974	13974	NM_004333.6(BRAF):c.1406G>A (p.Gly469Glu)	simple_allele	allele	RCV000211748	Cardio-facio-cutaneous syndrome	Pathogenic	criteria provided, multiple submitters, no conflicts	2	0
FGFR2	VCV000013263	13263	NM_000141.5(FGFR2):c.1025G>A (p.Cys342Tyr)	simple_allele	allele	RCV000014173	Crouzon syndrome	Pathogenic	criteria provided, multiple submitters, no conflicts	2	6
FGFR2	VCV000013263	13263	NM_000141.5(FGFR2):c.1025G>A (p.Cys342Tyr)	simple_allele	allele	RCV000547490	FGFR2-related craniosynostosis	Pathogenic	criteria provided, multiple submitters, no conflicts	2	2
FGFR2	VCV000013263	13263	NM_000141.5(FGFR2):c.1025G>A (p.Cys342Tyr)	simple_allele	allele	RCV001090933	not provided	Pathogenic	criteria provided, multiple submitters, no conflicts	2	3
TP53	VCV000012356	12356	NM_000546.6(TP53):c.743G>A (p.Arg248Gln)	simple_allele	allele	RCV000013150	Li-Fraumeni syndrome 1	Pathogenic	criteria provided, multiple submitters, no conflicts	2	0
TP53	VCV000012356	12356	NM_000546.6(TP53):c.743G>A (p.Arg248Gln)	simple_allele	allele	RCV000115736	Hereditary cancer-predisposing syndrome	Pathogenic/Likely pathogenic	criteria provided, multiple submitters, no conflicts	2	0
TP53	VCV000012356	12356	NM_000546.6(TP53):c.743G>A (p.Arg248Gln)	simple_allele	allele	RCV000197114	Li-Fraumeni syndrome	Pathogenic	reviewed by expert panel	3	1
TP53	VCV000012356	12356	NM_000546.6(TP53):c.743G>A (p.Arg248Gln)	simple_allele	allele	RCV000235221	not provided	Pathogenic/Likely pathogenic	criteria provided, multiple submitters, no conflicts	2	0
TP53	VCV000012356	12356	NM_000546.6(TP53):c.743G>A (p.Arg248Gln)	simple_allele	allele	RCV003466852	Adrenocortical carcinoma, hereditary	Pathogenic	criteria provided, multiple submitters, no conflicts	2	0
FGFR2	VCV000013277	13277	NM_000141.5(FGFR2):c.1124A>G (p.Tyr375Cys)	simple_allele	allele	RCV000014198	Beare-Stevenson cutis gyrata syndrome	Pathogenic/Likely pathogenic	criteria provided, multiple submitters, no conflicts	2	7
FGFR2	VCV000013277	13277	NM_000141.5(FGFR2):c.1124A>G (p.Tyr375Cys)	simple_allele	allele	RCV000224124	not provided	Pathogenic	criteria provided, multiple submitters, no conflicts	2	3
BRAF	VCV000013977	13977	NM_004333.6(BRAF):c.1501G>A (p.Glu501Lys)	simple_allele	allele	RCV000015011	Cardiofaciocutaneous syndrome 1	Pathogenic	criteria provided, multiple submitters, no conflicts	2	2
BRAF	VCV000013977	13977	NM_004333.6(BRAF):c.1501G>A (p.Glu501Lys)	simple_allele	allele	RCV000207513	not provided	Pathogenic/Likely pathogenic	criteria provided, multiple submitters, no conflicts	2	2
KRAS	VCV000012580	12580	NM_004985.5(KRAS):c.38G>A (p.Gly13Asp)	simple_allele	allele	RCV001092389	not provided	Pathogenic	criteria provided, multiple submitters, no conflicts	2	2
KIT	VCV000013866	13866	NM_000222.3(KIT):c.1924A>G (p.Lys642Glu)	simple_allele	allele	RCV000418637	Gastrointestinal stromal tumor	Pathogenic	criteria provided, multiple submitters, no conflicts	2	2
TP53	VCV000012347	12347	NM_000546.6(TP53):c.742C>T (p.Arg248Trp)	simple_allele	allele	RCV000013140	Li-Fraumeni syndrome 1	Pathogenic	criteria provided, multiple submitters, no conflicts	2	0
TP53	VCV000012347	12347	NM_000546.6(TP53):c.742C>T (p.Arg248Trp)	simple_allele	allele	RCV000115735	Hereditary cancer-predisposing syndrome	Pathogenic	criteria provided, multiple submitters, no conflicts	2	0
TP53	VCV000012347	12347	NM_000546.6(TP53):c.742C>T (p.Arg248Trp)	simple_allele	allele	RCV000168242	Li-Fraumeni syndrome	Pathogenic	reviewed by expert panel	3	1
TP53	VCV000012347	12347	NM_000546.6(TP53):c.742C>T (p.Arg248Trp)	simple_allele	allele	RCV000213057	not provided	Pathogenic	criteria provided, multiple submitters, no conflicts	2	0
TP53	VCV000012366	12366	NM_000546.6(TP53):c.818G>A (p.Arg273His)	simple_allele	allele	RCV000013163	Li-Fraumeni syndrome 1	Pathogenic	criteria provided, multiple submitters, no conflicts	2	0
TP53	VCV000012366	12366	NM_000546.6(TP53):c.818G>A (p.Arg273His)	simple_allele	allele	RCV000115738	Hereditary cancer-predisposing syndrome	Pathogenic/Likely pathogenic	criteria provided, multiple submitters, no conflicts	2	0
TP53	VCV000012366	12366	NM_000546.6(TP53):c.818G>A (p.Arg273His)	simple_allele	allele	RCV000254693	not provided	Pathogenic	criteria provided, multiple submitters, no conflicts	2	0
TP53	VCV000012366	12366	NM_000546.6(TP53):c.818G>A (p.Arg273His)	simple_allele	allele	RCV000463420	Li-Fraumeni syndrome	Pathogenic	reviewed by expert panel	3	1
KRAS	VCV000012582	12582	NM_004985.5(KRAS):c.35G>A (p.Gly12Asp)	simple_allele	allele	RCV000029215	Linear nevus sebaceous syndrome	Pathogenic/Likely pathogenic	criteria provided, multiple submitters, no conflicts	2	5
KRAS	VCV000012582	12582	NM_004985.5(KRAS):c.35G>A (p.Gly12Asp)	simple_allele	allele	RCV000272938	not provided	Pathogenic	criteria provided, multiple submitters, no conflicts	2	4
KRAS	VCV000012582	12582	NM_004985.5(KRAS):c.35G>A (p.Gly12Asp)	simple_allele	allele	RCV000548006	RASopathy	Pathogenic	criteria provided, multiple submitters, no conflicts	2	2
KRAS	VCV000012583	12583	NM_004985.5(KRAS):c.35G>T (p.Gly12Val)	simple_allele	allele	RCV000157944	not provided	Pathogenic	criteria provided, multiple submitters, no conflicts	2	2
PIK3CA	VCV000013652	13652	NM_006218.4(PIK3CA):c.3140A>G (p.His1047Arg)	simple_allele	allele	RCV000024621	CLOVES syndrome	Pathogenic	criteria provided, multiple submitters, no conflicts	2	0
PIK3CA	VCV000013652	13652	NM_006218.4(PIK3CA):c.3140A>G (p.His1047Arg)	simple_allele	allele	RCV001092442	not provided	Pathogenic/Likely pathogenic	criteria provided, multiple submitters, no conflicts	2	0
PIK3CA	VCV000013652	13652	NM_006218.4(PIK3CA):c.3140A>G (p.His1047Arg)	simple_allele	allele	RCV001729349	CLAPO syndrome	Pathogenic	criteria provided, multiple submitters, no conflicts	2	0
PIK3CA	VCV000013652	13652	NM_006218.4(PIK3CA):c.3140A>G (p.His1047Arg)	simple_allele	allele	RCV001836707	Overgrowth syndrome and/or cerebral malformations due to abnormalities in MTOR pathway genes	Pathogenic	reviewed by expert panel	3	1
KIT	VCV000013852	13852	NM_000222.3(KIT):c.2447A>T (p.Asp816Val)	simple_allele	allele	RCV000431704	Gastrointestinal stromal tumor	Uncertain significance	criteria provided, multiple submitters, no conflicts	2	2
NRAS	VCV000013901	13901	NM_002524.5(NRAS):c.38G>A (p.Gly13Asp)	simple_allele	allele	RCV000022690	Noonan syndrome 6	Pathogenic	criteria provided, multiple submitters, no conflicts	2	2
NRAS	VCV000013901	13901	NM_002524.5(NRAS):c.38G>A (p.Gly13Asp)	simple_allele	allele	RCV005867758	NRAS-related disorder	Pathogenic/Likely pathogenic	criteria provided, multiple submitters, no conflicts	2	2
BRAF	VCV000013969	13969	NM_004333.6(BRAF):c.1789C>G (p.Leu597Val)	simple_allele	allele	RCV000505705	not provided	Pathogenic	criteria provided, multiple submitters, no conflicts	2	3
BRAF	VCV000013969	13969	NM_004333.6(BRAF):c.1789C>G (p.Leu597Val)	simple_allele	allele	RCV002271369	Cardio-facio-cutaneous syndrome	Pathogenic	criteria provided, multiple submitters, no conflicts	2	3
AGT	VCV000018068	18068	NC_000001.11:g.230710048A>G	simple_allele	allele	RCV000242838	not specified	Benign	criteria provided, multiple submitters, no conflicts	2	2
AGT	VCV000018068	18068	NC_000001.11:g.230710048A>G	simple_allele	allele	RCV000405686	Renal tubular dysgenesis	Benign	criteria provided, multiple submitters, no conflicts	2	0
AGT	VCV000018068	18068	NC_000001.11:g.230710048A>G	simple_allele	allele	RCV000835695	not provided	Benign	criteria provided, multiple submitters, no conflicts	2	3
BRAF	VCV000029807	29807	NM_004333.6(BRAF):c.721A>C (p.Thr241Pro)	simple_allele	allele	RCV000211752	Cardio-facio-cutaneous syndrome	Pathogenic	criteria provided, multiple submitters, no conflicts	2	2
BRAF	VCV000029807	29807	NM_004333.6(BRAF):c.721A>C (p.Thr241Pro)	simple_allele	allele	RCV000207516	not provided	Pathogenic/Likely pathogenic	criteria provided, multiple submitters, no conflicts	2	2
BRAF	VCV000029805	29805	NM_004333.6(BRAF):c.722C>T (p.Thr241Met)	simple_allele	allele	RCV000022678	Noonan syndrome 7	Pathogenic/Likely pathogenic	criteria provided, multiple submitters, no conflicts	2	5
BRAF	VCV000029805	29805	NM_004333.6(BRAF):c.722C>T (p.Thr241Met)	simple_allele	allele	RCV000033281	not provided	Pathogenic	criteria provided, multiple submitters, no conflicts	2	4
RET	VCV000024931	24931	NM_020975.6(RET):c.1996A>G (p.Lys666Glu)	simple_allele	allele	RCV000021838	Multiple endocrine neoplasia, type 2	Pathogenic/Likely pathogenic	criteria provided, multiple submitters, no conflicts	2	4
RET	VCV000024931	24931	NM_020975.6(RET):c.1996A>G (p.Lys666Glu)	simple_allele	allele	RCV000567780	Hereditary cancer-predisposing syndrome	Pathogenic	criteria provided, multiple submitters, no conflicts	2	2
RET	VCV000024931	24931	NM_020975.6(RET):c.1996A>G (p.Lys666Glu)	simple_allele	allele	RCV001582493	not provided	Pathogenic/Likely pathogenic	criteria provided, multiple submitters, no conflicts	2	3
RET	VCV000024931	24931	NM_020975.6(RET):c.1996A>G (p.Lys666Glu)	simple_allele	allele	RCV002466411	Hirschsprung disease, susceptibility to, 1	Pathogenic/Likely pathogenic	criteria provided, multiple submitters, no conflicts	2	4
BRAF	VCV000040348	40348	NM_004333.6(BRAF):c.735A>T (p.Leu245Phe)	simple_allele	allele	RCV000788012	Noonan syndrome and Noonan-related syndrome	Pathogenic	reviewed by expert panel	3	1
BRAF	VCV000040371	40371	NM_004333.6(BRAF):c.1497A>C (p.Lys499Asn)	simple_allele	allele	RCV000207509	not provided	Pathogenic/Likely pathogenic	criteria provided, multiple submitters, no conflicts	2	2
BRAF	VCV000040366	40366	NM_004333.6(BRAF):c.1403T>C (p.Phe468Ser)	simple_allele	allele	RCV000033305	not provided	Pathogenic/Likely pathogenic	criteria provided, multiple submitters, no conflicts	2	2
MAP2K2	VCV000040813	40813	NM_030662.4(MAP2K2):c.619G>A (p.Glu207Lys)	simple_allele	allele	RCV000254662	not provided	Pathogenic/Likely pathogenic	criteria provided, multiple submitters, no conflicts	2	0
MAP2K2	VCV000040813	40813	NM_030662.4(MAP2K2):c.619G>A (p.Glu207Lys)	simple_allele	allele	RCV000524055	Cardio-facio-cutaneous syndrome	Likely pathogenic	reviewed by expert panel	3	1
MAP2K1	VCV000040744	40744	NM_002755.4(MAP2K1):c.371C>T (p.Pro124Leu)	simple_allele	allele	RCV000037595	Cardio-facio-cutaneous syndrome	Pathogenic/Likely pathogenic	criteria provided, multiple submitters, no conflicts	2	2
MAP2K1	VCV000040744	40744	NM_002755.4(MAP2K1):c.371C>T (p.Pro124Leu)	simple_allele	allele	RCV000680623	not provided	Pathogenic	criteria provided, multiple submitters, no conflicts	2	2
MAP2K1	VCV000040744	40744	NM_002755.4(MAP2K1):c.371C>T (p.Pro124Leu)	simple_allele	allele	RCV001542689	Cardiofaciocutaneous syndrome 3	Pathogenic/Likely pathogenic	criteria provided, multiple submitters, no conflicts	2	3
TP53	VCV000127819	127819	NM_000546.6(TP53):c.659A>G (p.Tyr220Cys)	simple_allele	allele	RCV000115731	Hereditary cancer-predisposing syndrome	Pathogenic	criteria provided, multiple submitters, no conflicts	2	0
TP53	VCV000127819	127819	NM_000546.6(TP53):c.659A>G (p.Tyr220Cys)	simple_allele	allele	RCV000213055	not provided	Pathogenic	criteria provided, multiple submitters, no conflicts	2	0
TP53	VCV000127819	127819	NM_000546.6(TP53):c.659A>G (p.Tyr220Cys)	simple_allele	allele	RCV000232050	Li-Fraumeni syndrome	Pathogenic	reviewed by expert panel	3	1
TP53	VCV000127819	127819	NM_000546.6(TP53):c.659A>G (p.Tyr220Cys)	simple_allele	allele	RCV001310212	Li-Fraumeni syndrome 1	Pathogenic	criteria provided, multiple submitters, no conflicts	2	0
KRAS	VCV000163768	163768	NM_004985.5(KRAS):c.108A>G (p.Ile36Met)	simple_allele	allele	RCV000150891	RASopathy	Pathogenic/Likely pathogenic	criteria provided, multiple submitters, no conflicts	2	2
KRAS	VCV000163768	163768	NM_004985.5(KRAS):c.108A>G (p.Ile36Met)	simple_allele	allele	RCV000260877	not provided	Likely pathogenic	criteria provided, multiple submitters, no conflicts	2	2
BRAF	VCV000162797	162797	NM_004333.6(BRAF):c.1914T>G (p.Asp638Glu)	simple_allele	allele	RCV000150199	Cardio-facio-cutaneous syndrome	Pathogenic	criteria provided, multiple submitters, no conflicts	2	2
BRAF	VCV000162797	162797	NM_004333.6(BRAF):c.1914T>G (p.Asp638Glu)	simple_allele	allele	RCV000157831	not provided	Pathogenic	criteria provided, multiple submitters, no conflicts	2	2
BRAF	VCV000162797	162797	NM_004333.6(BRAF):c.1914T>G (p.Asp638Glu)	simple_allele	allele	RCV000767527	Cardiofaciocutaneous syndrome 1	Pathogenic	criteria provided, multiple submitters, no conflicts	2	1
BRAF	VCV000177672	177672	NM_004333.6(BRAF):c.1785T>G (p.Phe595Leu)	simple_allele	allele	RCV000154266	Cardio-facio-cutaneous syndrome	Pathogenic/Likely pathogenic	criteria provided, multiple submitters, no conflicts	2	0
BRAF	VCV000177672	177672	NM_004333.6(BRAF):c.1785T>G (p.Phe595Leu)	simple_allele	allele	RCV000157825	not provided	Pathogenic	criteria provided, multiple submitters, no conflicts	2	0
BRAF	VCV000177672	177672	NM_004333.6(BRAF):c.1785T>G (p.Phe595Leu)	simple_allele	allele	RCV000522002	RASopathy	Pathogenic	reviewed by expert panel	3	0
ABCC8	VCV000210076	210076	NM_000352.6(ABCC8):c.3544C>T (p.Arg1182Trp)	simple_allele	allele	RCV002517038	not provided	Pathogenic/Likely pathogenic	criteria provided, multiple submitters, no conflicts	2	2
ABCC8	VCV000210067	210067	NM_000352.6(ABCC8):c.1252T>C (p.Cys418Arg)	simple_allele	allele	RCV000710372	not provided	Uncertain significance	criteria provided, multiple submitters, no conflicts	2	4
ABCC8	VCV000210067	210067	NM_000352.6(ABCC8):c.1252T>C (p.Cys418Arg)	simple_allele	allele	RCV001336810	Type 2 diabetes mellitus	Uncertain significance	criteria provided, multiple submitters, no conflicts	2	4
EGLN1	VCV000225682	225682	NM_022051.3(EGLN1):c.12C>G (p.Asp4Glu)	simple_allele	allele	RCV000473621	Erythrocytosis, familial, 3	Benign/Likely benign	criteria provided, multiple submitters, no conflicts	2	2
EGLN1	VCV000242640	242640	NM_022051.3(EGLN1):c.380G>C (p.Cys127Ser)	simple_allele	allele	RCV000348869	Erythrocytosis, familial, 3	Benign	criteria provided, multiple submitters, no conflicts	2	2
EGLN1	VCV000242640	242640	NM_022051.3(EGLN1):c.380G>C (p.Cys127Ser)	simple_allele	allele	RCV001707566	not provided	Benign	criteria provided, multiple submitters, no conflicts	2	3
EGLN1	VCV000242640	242640	NM_022051.3(EGLN1):c.380G>C (p.Cys127Ser)	simple_allele	allele	RCV004020913	not specified	Benign	criteria provided, multiple submitters, no conflicts	2	2
NLRP3	VCV000259561	259561	NM_001243133.2(NLRP3):c.2107C>A (p.Gln703Lys)	simple_allele	allele	RCV000246002	not specified	Benign/Likely benign	criteria provided, multiple submitters, no conflicts	2	4
NLRP3	VCV000259561	259561	NM_001243133.2(NLRP3):c.2107C>A (p.Gln703Lys)	simple_allele	allele	RCV000282807	Familial cold autoinflammatory syndrome 1	Benign/Likely benign	criteria provided, multiple submitters, no conflicts	2	2
NF1	VCV000280055	280055	NM_001042492.3(NF1):c.2446C>T (p.Arg816Ter)	simple_allele	allele	RCV000376782	not provided	Pathogenic	criteria provided, multiple submitters, no conflicts	2	5
NF1	VCV000280055	280055	NM_001042492.3(NF1):c.2446C>T (p.Arg816Ter)	simple_allele	allele	RCV000497042	Neurofibromatosis, type 1	Pathogenic	criteria provided, multiple submitters, no conflicts	2	14
IDH1	VCV000375891	375891	NM_005896.4(IDH1):c.394C>T (p.Arg132Cys)	simple_allele	allele	RCV000997650	not provided	Pathogenic/Likely pathogenic	criteria provided, multiple submitters, no conflicts	2	4
IDH1	VCV000375891	375891	NM_005896.4(IDH1):c.394C>T (p.Arg132Cys)	simple_allele	allele	RCV003323531	Glioma susceptibility 1	Pathogenic	criteria provided, multiple submitters, no conflicts	2	2
KIT	VCV000375932	375932	NM_000222.3(KIT):c.2466T>G (p.Asn822Lys)	simple_allele	allele	RCV001269906	not provided	Pathogenic/Likely pathogenic	criteria provided, multiple submitters, no conflicts	2	2
TP53	VCV000376606	376606	NM_000546.6(TP53):c.536A>G (p.His179Arg)	simple_allele	allele	RCV000529132	Li-Fraumeni syndrome	Pathogenic/Likely pathogenic	criteria provided, multiple submitters, no conflicts	2	2
TP53	VCV000376606	376606	NM_000546.6(TP53):c.536A>G (p.His179Arg)	simple_allele	allele	RCV001023983	Hereditary cancer-predisposing syndrome	Pathogenic/Likely pathogenic	criteria provided, multiple submitters, no conflicts	2	2
TP53	VCV000376606	376606	NM_000546.6(TP53):c.536A>G (p.His179Arg)	simple_allele	allele	RCV001591055	not provided	Pathogenic	criteria provided, multiple submitters, no conflicts	2	2
KIT	VCV000375928	375928	NM_000222.3(KIT):c.2458G>T (p.Asp820Tyr)	simple_allele	allele	RCV003525898	Gastrointestinal stromal tumor	Pathogenic	criteria provided, multiple submitters, no conflicts	2	2
SCN4A	VCV000383923	383923	NM_000334.4(SCN4A):c.2386C>G (p.Leu796Val)	simple_allele	allele	RCV000435175	not provided	Likely pathogenic	criteria provided, multiple submitters, no conflicts	2	2
TP53	VCV000481003	481003	NM_000546.6(TP53):c.376-1G>A	simple_allele	allele	RCV000570638	Hereditary cancer-predisposing syndrome	Pathogenic	criteria provided, multiple submitters, no conflicts	2	3
TP53	VCV000481003	481003	NM_000546.6(TP53):c.376-1G>A	simple_allele	allele	RCV000786836	not provided	Pathogenic	criteria provided, multiple submitters, no conflicts	2	3
TP53	VCV000481003	481003	NM_000546.6(TP53):c.376-1G>A	simple_allele	allele	RCV002289803	Li-Fraumeni syndrome 1	Pathogenic/Likely pathogenic	criteria provided, multiple submitters, no conflicts	2	2
RPE65	VCV000750796	750796	NM_000329.3(RPE65):c.1430A>G (p.Asp477Gly)	simple_allele	allele	RCV001376263	Retinitis pigmentosa 20	Pathogenic	criteria provided, multiple submitters, no conflicts	2	3
SCN11A	VCV000872004	872004	NM_001349253.2(SCN11A):c.665G>A (p.Arg222His)	simple_allele	allele	RCV001092244	not provided	Pathogenic	criteria provided, multiple submitters, no conflicts	2	2
SCN11A	VCV000872004	872004	NM_001349253.2(SCN11A):c.665G>A (p.Arg222His)	simple_allele	allele	RCV004796365	Familial episodic pain syndrome with predominantly lower limb involvement	Pathogenic	criteria provided, multiple submitters, no conflicts	2	3
ABCC8	VCV001338472	1338472	NM_000352.6(ABCC8):c.2473C>T (p.Arg825Trp)	simple_allele	allele	RCV001817843	not provided	Pathogenic	criteria provided, multiple submitters, no conflicts	2	3
ABCC8	VCV001338342	1338342	NM_000352.6(ABCC8):c.970G>A (p.Val324Met)	simple_allele	allele	RCV001817713	not provided	Pathogenic	criteria provided, multiple submitters, no conflicts	2	2
GLA	VCV001507485	1507485	NM_000169.3(GLA):c.1079G>A (p.Gly360Asp)	simple_allele	allele	RCV002048087	Fabry disease	Pathogenic/Likely pathogenic	criteria provided, multiple submitters, no conflicts	2	2
TARDBP	VCV000005236	5236	NM_007375.4(TARDBP):c.943G>A (p.Ala315Thr)	simple_allele	allele	RCV000005547	Amyotrophic lateral sclerosis type 10	Pathogenic	criteria provided, multiple submitters, no conflicts	2	3
TP53	VCV000012374	12374	NM_000546.6(TP53):c.524G>A (p.Arg175His)	simple_allele	allele	RCV000013173	Li-Fraumeni syndrome 1	Pathogenic	criteria provided, multiple submitters, no conflicts	2	0
TP53	VCV000012374	12374	NM_000546.6(TP53):c.524G>A (p.Arg175His)	simple_allele	allele	RCV000131301	Hereditary cancer-predisposing syndrome	Pathogenic	criteria provided, multiple submitters, no conflicts	2	0
TP53	VCV000012374	12374	NM_000546.6(TP53):c.524G>A (p.Arg175His)	simple_allele	allele	RCV000213054	not provided	Pathogenic	criteria provided, multiple submitters, no conflicts	2	0
TP53	VCV000012374	12374	NM_000546.6(TP53):c.524G>A (p.Arg175His)	simple_allele	allele	RCV000204931	Li-Fraumeni syndrome	Pathogenic	reviewed by expert panel	3	1
FGFR2	VCV000013293	13293	NM_000141.5(FGFR2):c.870G>T (p.Trp290Cys)	simple_allele	allele	RCV000014217	Pfeiffer syndrome	Pathogenic	criteria provided, multiple submitters, no conflicts	2	5
FGFR2	VCV000013293	13293	NM_000141.5(FGFR2):c.870G>T (p.Trp290Cys)	simple_allele	allele	RCV000655418	FGFR2-related craniosynostosis	Pathogenic	criteria provided, multiple submitters, no conflicts	2	2
FGFR2	VCV000013293	13293	NM_000141.5(FGFR2):c.870G>T (p.Trp290Cys)	simple_allele	allele	RCV001268882	not provided	Pathogenic	criteria provided, multiple submitters, no conflicts	2	2
F2	VCV000013310	13310	NM_000506.5(F2):c.*97G>A	simple_allele	allele	RCV000205022	Congenital prothrombin deficiency	Pathogenic/Pathogenic, low penetrance	criteria provided, multiple submitters, no conflicts	2	3
F2	VCV000013310	13310	NM_000506.5(F2):c.*97G>A	simple_allele	allele	RCV001091960	not provided	Pathogenic/Likely pathogenic	criteria provided, multiple submitters, no conflicts	2	8
F2	VCV000013310	13310	NM_000506.5(F2):c.*97G>A	simple_allele	allele	RCV005419865	Thrombophilia due to thrombin defect	Pathogenic	criteria provided, multiple submitters, no conflicts	2	12
PTPN11	VCV000013326	13326	NM_002834.5(PTPN11):c.922A>G (p.Asn308Asp)	simple_allele	allele	RCV000014254	Noonan syndrome 1	Pathogenic	criteria provided, multiple submitters, no conflicts	2	0
PTPN11	VCV000013326	13326	NM_002834.5(PTPN11):c.922A>G (p.Asn308Asp)	simple_allele	allele	RCV000033516	RASopathy	Pathogenic	criteria provided, multiple submitters, no conflicts	2	0
PTPN11	VCV000013326	13326	NM_002834.5(PTPN11):c.922A>G (p.Asn308Asp)	simple_allele	allele	RCV000077863	not provided	Pathogenic	criteria provided, multiple submitters, no conflicts	2	0
PTPN11	VCV000013326	13326	NM_002834.5(PTPN11):c.922A>G (p.Asn308Asp)	simple_allele	allele	RCV000156977	Noonan syndrome	Pathogenic	reviewed by expert panel	3	1
PTPN11	VCV000013326	13326	NM_002834.5(PTPN11):c.922A>G (p.Asn308Asp)	simple_allele	allele	RCV000515324	Juvenile myelomonocytic leukemia|LEOPARD syndrome 1|Metachondromatosis|Noonan syndrome 1	Pathogenic	criteria provided, multiple submitters, no conflicts	2	0
PTPN11	VCV000013326	13326	NM_002834.5(PTPN11):c.922A>G (p.Asn308Asp)	simple_allele	allele	RCV000621227	Cardiovascular phenotype	Pathogenic	criteria provided, multiple submitters, no conflicts	2	0
PTPN11	VCV000013326	13326	NM_002834.5(PTPN11):c.922A>G (p.Asn308Asp)	simple_allele	allele	RCV000850589	LEOPARD syndrome 1|Metachondromatosis|Noonan syndrome 1	Pathogenic	criteria provided, multiple submitters, no conflicts	2	0
PTPN11	VCV000013326	13326	NM_002834.5(PTPN11):c.922A>G (p.Asn308Asp)	simple_allele	allele	RCV001253546	LEOPARD syndrome 1	Pathogenic	criteria provided, multiple submitters, no conflicts	2	0
PAH	VCV000000582	582	NM_000277.3(PAH):c.782G>A (p.Arg261Gln)	simple_allele	allele	RCV000000612	Phenylketonuria	Pathogenic	reviewed by expert panel	3	1
PAH	VCV000000582	582	NM_000277.3(PAH):c.782G>A (p.Arg261Gln)	simple_allele	allele	RCV000078530	not provided	Pathogenic	criteria provided, multiple submitters, no conflicts	2	0
KIF21A	VCV000002436	2436	NM_001173464.2(KIF21A):c.2860C>T (p.Arg954Trp)	simple_allele	allele	RCV000002538	Congenital fibrosis of extraocular muscles type 1	Pathogenic	criteria provided, multiple submitters, no conflicts	2	9
KIF21A	VCV000002436	2436	NM_001173464.2(KIF21A):c.2860C>T (p.Arg954Trp)	simple_allele	allele	RCV000267056	not provided	Pathogenic	criteria provided, multiple submitters, no conflicts	2	3
GUCY2D	VCV000009355	9355	NM_000180.4(GUCY2D):c.2512C>T (p.Arg838Cys)	simple_allele	allele	RCV000009949	Cone-rod dystrophy 6	Pathogenic	criteria provided, multiple submitters, no conflicts	2	6
GUCY2D	VCV000009355	9355	NM_000180.4(GUCY2D):c.2512C>T (p.Arg838Cys)	simple_allele	allele	RCV000084862	not provided	Pathogenic	criteria provided, multiple submitters, no conflicts	2	3
GUCY2D	VCV000009355	9355	NM_000180.4(GUCY2D):c.2512C>T (p.Arg838Cys)	simple_allele	allele	RCV001074299	Retinal dystrophy	Pathogenic	criteria provided, multiple submitters, no conflicts	2	2
TP53	VCV000012365	12365	NM_000546.6(TP53):c.733G>A (p.Gly245Ser)	simple_allele	allele	RCV000144669	Li-Fraumeni syndrome 1	Pathogenic	criteria provided, multiple submitters, no conflicts	2	0
TP53	VCV000012365	12365	NM_000546.6(TP53):c.733G>A (p.Gly245Ser)	simple_allele	allele	RCV000154014	not provided	Pathogenic/Likely pathogenic	criteria provided, multiple submitters, no conflicts	2	0
TP53	VCV000012365	12365	NM_000546.6(TP53):c.733G>A (p.Gly245Ser)	simple_allele	allele	RCV000130147	Hereditary cancer-predisposing syndrome	Pathogenic	criteria provided, multiple submitters, no conflicts	2	0
TP53	VCV000012365	12365	NM_000546.6(TP53):c.733G>A (p.Gly245Ser)	simple_allele	allele	RCV000226657	Li-Fraumeni syndrome	Pathogenic	reviewed by expert panel	3	1
HFE	VCV000000009	9	NM_000410.4(HFE):c.845G>A (p.Cys282Tyr)	simple_allele	allele	RCV000000019	Hemochromatosis type 1	Pathogenic	criteria provided, multiple submitters, no conflicts	2	30
HFE	VCV000000009	9	NM_000410.4(HFE):c.845G>A (p.Cys282Tyr)	simple_allele	allele	RCV000178096	not provided	Pathogenic	criteria provided, multiple submitters, no conflicts	2	7
HFE	VCV000000009	9	NM_000410.4(HFE):c.845G>A (p.Cys282Tyr)	simple_allele	allele	RCV000308358	Hereditary hemochromatosis	Pathogenic/Pathogenic, low penetrance	criteria provided, multiple submitters, no conflicts	2	3
SPTLC1	VCV000004800	4800	NM_006415.4(SPTLC1):c.398G>A (p.Cys133Tyr)	simple_allele	allele	RCV004998075	not provided	Pathogenic	criteria provided, multiple submitters, no conflicts	2	2
TARDBP	VCV000005234	5234	NM_007375.4(TARDBP):c.1042G>T (p.Gly348Cys)	simple_allele	allele	RCV000005545	Amyotrophic lateral sclerosis type 10	Pathogenic/Likely pathogenic	criteria provided, multiple submitters, no conflicts	2	3
TARDBP	VCV000005234	5234	NM_007375.4(TARDBP):c.1042G>T (p.Gly348Cys)	simple_allele	allele	RCV000516886	not provided	Pathogenic	criteria provided, multiple submitters, no conflicts	2	2
RRM2B	VCV000005391	5391	NM_015713.5(RRM2B):c.979C>T (p.Arg327Ter)	simple_allele	allele	RCV000005722	Progressive external ophthalmoplegia with mitochondrial DNA deletions, autosomal dominant 5	Pathogenic	criteria provided, multiple submitters, no conflicts	2	2
RRM2B	VCV000005391	5391	NM_015713.5(RRM2B):c.979C>T (p.Arg327Ter)	simple_allele	allele	RCV000197531	not provided	Pathogenic	criteria provided, multiple submitters, no conflicts	2	3
TP53	VCV000012370	12370	NM_000546.6(TP53):c.451C>T (p.Pro151Ser)	simple_allele	allele	RCV000219702	Hereditary cancer-predisposing syndrome	Pathogenic/Likely pathogenic	criteria provided, multiple submitters, no conflicts	2	3
TP53	VCV000012370	12370	NM_000546.6(TP53):c.451C>T (p.Pro151Ser)	simple_allele	allele	RCV000633355	Li-Fraumeni syndrome	Pathogenic	criteria provided, multiple submitters, no conflicts	2	4
TP53	VCV000012370	12370	NM_000546.6(TP53):c.451C>T (p.Pro151Ser)	simple_allele	allele	RCV002288487	Li-Fraumeni syndrome 1	Pathogenic/Likely pathogenic	criteria provided, multiple submitters, no conflicts	2	3
HRAS	VCV000012602	12602	NM_005343.4(HRAS):c.34G>A (p.Gly12Ser)	simple_allele	allele	RCV000013435	Costello syndrome	Pathogenic	reviewed by expert panel	3	1
HRAS	VCV000012602	12602	NM_005343.4(HRAS):c.34G>A (p.Gly12Ser)	simple_allele	allele	RCV000081295	not provided	Pathogenic	criteria provided, multiple submitters, no conflicts	2	0
FGFR2	VCV000013272	13272	NM_000141.5(FGFR2):c.755C>G (p.Ser252Trp)	simple_allele	allele	RCV000014191	Acrocephalosyndactyly type I	Pathogenic	criteria provided, multiple submitters, no conflicts	2	19
FGFR2	VCV000013272	13272	NM_000141.5(FGFR2):c.755C>G (p.Ser252Trp)	simple_allele	allele	RCV000263144	not provided	Pathogenic	criteria provided, multiple submitters, no conflicts	2	6
FGFR2	VCV000013272	13272	NM_000141.5(FGFR2):c.755C>G (p.Ser252Trp)	simple_allele	allele	RCV000552015	FGFR2-related craniosynostosis	Pathogenic	criteria provided, multiple submitters, no conflicts	2	3
FGFR2	VCV000013272	13272	NM_000141.5(FGFR2):c.755C>G (p.Ser252Trp)	simple_allele	allele	RCV004532334	FGFR2-related disorder	Pathogenic	criteria provided, multiple submitters, no conflicts	2	2
TP53	VCV000012351	12351	NM_000546.6(TP53):c.215C>G (p.Pro72Arg)	simple_allele	allele	RCV000034639	not provided	Benign	criteria provided, multiple submitters, no conflicts	2	0
TP53	VCV000012351	12351	NM_000546.6(TP53):c.215C>G (p.Pro72Arg)	simple_allele	allele	RCV000079202	not specified	Benign	criteria provided, multiple submitters, no conflicts	2	0
TP53	VCV000012351	12351	NM_000546.6(TP53):c.215C>G (p.Pro72Arg)	simple_allele	allele	RCV000132165	Hereditary cancer-predisposing syndrome	Benign	criteria provided, multiple submitters, no conflicts	2	0
TP53	VCV000012351	12351	NM_000546.6(TP53):c.215C>G (p.Pro72Arg)	simple_allele	allele	RCV000144668	Li-Fraumeni syndrome 1	Benign	criteria provided, multiple submitters, no conflicts	2	0
TP53	VCV000012351	12351	NM_000546.6(TP53):c.215C>G (p.Pro72Arg)	simple_allele	allele	RCV000300782	Li-Fraumeni syndrome	Benign	reviewed by expert panel	3	1
TP53	VCV000012351	12351	NM_000546.6(TP53):c.215C>G (p.Pro72Arg)	simple_allele	allele	RCV002225263	Hereditary breast ovarian cancer syndrome	Benign	criteria provided, multiple submitters, no conflicts	2	0
PCSK9	VCV000002875	2875	NM_174936.4(PCSK9):c.1120G>T (p.Asp374Tyr)	simple_allele	allele	RCV000003009	Hypercholesterolemia, autosomal dominant, 3	Pathogenic	criteria provided, multiple submitters, no conflicts	2	3
PCSK9	VCV000002875	2875	NM_174936.4(PCSK9):c.1120G>T (p.Asp374Tyr)	simple_allele	allele	RCV000505195	Hypercholesterolemia, familial, 1	Pathogenic/Likely pathogenic	criteria provided, multiple submitters, no conflicts	2	1
GLA	VCV000010715	10715	NM_000169.3(GLA):c.902G>A (p.Arg301Gln)	simple_allele	allele	RCV000011462	Fabry disease	Pathogenic	criteria provided, multiple submitters, no conflicts	2	8
GLA	VCV000010715	10715	NM_000169.3(GLA):c.902G>A (p.Arg301Gln)	simple_allele	allele	RCV000723405	not provided	Pathogenic	criteria provided, multiple submitters, no conflicts	2	3
PRSS1	VCV000011876	11876	NM_002769.5(PRSS1):c.365G>A (p.Arg122His)	simple_allele	allele	RCV000012651	Hereditary pancreatitis	Pathogenic/Likely pathogenic	criteria provided, multiple submitters, no conflicts	2	14
PRSS1	VCV000011876	11876	NM_002769.5(PRSS1):c.365G>A (p.Arg122His)	simple_allele	allele	RCV000487005	not provided	Pathogenic	criteria provided, multiple submitters, no conflicts	2	7
FGFR2	VCV000013273	13273	NM_000141.5(FGFR2):c.758C>G (p.Pro253Arg)	simple_allele	allele	RCV000014193	Acrocephalosyndactyly type I	Pathogenic	criteria provided, multiple submitters, no conflicts	2	9
FGFR2	VCV000013273	13273	NM_000141.5(FGFR2):c.758C>G (p.Pro253Arg)	simple_allele	allele	RCV000489611	not provided	Pathogenic/Likely pathogenic	criteria provided, multiple submitters, no conflicts	2	4
BRAF	VCV000013961	13961	NM_004333.6(BRAF):c.1799T>A (p.Val600Glu)	simple_allele	allele	RCV000080903	not provided	Pathogenic	criteria provided, multiple submitters, no conflicts	2	2
GNAS	VCV000015933	15933	NM_000516.7(GNAS):c.601C>T (p.Arg201Cys)	simple_allele	allele	RCV000017287	McCune-Albright syndrome	Pathogenic	criteria provided, multiple submitters, no conflicts	2	2
GNAS	VCV000015933	15933	NM_000516.7(GNAS):c.601C>T (p.Arg201Cys)	simple_allele	allele	RCV002513071	not provided	Pathogenic	criteria provided, multiple submitters, no conflicts	2	2
GNAS	VCV000015934	15934	NM_000516.7(GNAS):c.602G>A (p.Arg201His)	simple_allele	allele	RCV000017290	McCune-Albright syndrome	Pathogenic/Likely pathogenic	criteria provided, multiple submitters, no conflicts	2	4
GNAS	VCV000015934	15934	NM_000516.7(GNAS):c.602G>A (p.Arg201His)	simple_allele	allele	RCV001804738	not provided	Pathogenic	criteria provided, multiple submitters, no conflicts	2	3
GFAP	VCV000016168	16168	NM_002055.5(GFAP):c.716G>A (p.Arg239His)	simple_allele	allele	RCV000017551	Alexander disease	Pathogenic	criteria provided, multiple submitters, no conflicts	2	3
GFAP	VCV000016168	16168	NM_002055.5(GFAP):c.716G>A (p.Arg239His)	simple_allele	allele	RCV000056899	not provided	Pathogenic	criteria provided, multiple submitters, no conflicts	2	3
TRPV4	VCV000030472	30472	NM_021625.5(TRPV4):c.694C>T (p.Arg232Cys)	simple_allele	allele	RCV000023429	Charcot-Marie-Tooth disease axonal type 2C	Pathogenic	criteria provided, multiple submitters, no conflicts	2	4
TRPV4	VCV000030472	30472	NM_021625.5(TRPV4):c.694C>T (p.Arg232Cys)	simple_allele	allele	RCV000236017	not provided	Pathogenic	criteria provided, multiple submitters, no conflicts	2	4
SCN1B	VCV000036756	36756	NM_199037.3(SCN1B):c.749G>C (p.Arg250Thr)	simple_allele	allele	RCV000127908	not specified	Benign	criteria provided, multiple submitters, no conflicts	2	3
KCNT1	VCV000039599	39599	NM_020822.3(KCNT1):c.1193G>A (p.Arg398Gln)	simple_allele	allele	RCV000032799	Autosomal dominant nocturnal frontal lobe epilepsy 5	Likely pathogenic	criteria provided, multiple submitters, no conflicts	2	5
KCNT1	VCV000039599	39599	NM_020822.3(KCNT1):c.1193G>A (p.Arg398Gln)	simple_allele	allele	RCV000412976	not provided	Pathogenic	criteria provided, multiple submitters, no conflicts	2	2
KCNT1	VCV000039599	39599	NM_020822.3(KCNT1):c.1193G>A (p.Arg398Gln)	simple_allele	allele	RCV000553512	Autosomal dominant nocturnal frontal lobe epilepsy 5|Developmental and epileptic encephalopathy, 14	Pathogenic	criteria provided, multiple submitters, no conflicts	2	10
KCNT1	VCV000039599	39599	NM_020822.3(KCNT1):c.1193G>A (p.Arg398Gln)	simple_allele	allele	RCV000787272	Developmental and epileptic encephalopathy, 14	Pathogenic	criteria provided, multiple submitters, no conflicts	2	8
PTPN11	VCV000013333	13333	NM_002834.5(PTPN11):c.188A>G (p.Tyr63Cys)	simple_allele	allele	RCV000014261	Noonan syndrome 1	Pathogenic	criteria provided, multiple submitters, no conflicts	2	0
PTPN11	VCV000013333	13333	NM_002834.5(PTPN11):c.188A>G (p.Tyr63Cys)	simple_allele	allele	RCV000033468	RASopathy	Pathogenic	criteria provided, multiple submitters, no conflicts	2	0
PTPN11	VCV000013333	13333	NM_002834.5(PTPN11):c.188A>G (p.Tyr63Cys)	simple_allele	allele	RCV000077857	not provided	Pathogenic	criteria provided, multiple submitters, no conflicts	2	0
PTPN11	VCV000013333	13333	NM_002834.5(PTPN11):c.188A>G (p.Tyr63Cys)	simple_allele	allele	RCV000157000	Noonan syndrome	Pathogenic	reviewed by expert panel	3	1
PTPN11	VCV000013333	13333	NM_002834.5(PTPN11):c.188A>G (p.Tyr63Cys)	simple_allele	allele	RCV000515408	Juvenile myelomonocytic leukemia|LEOPARD syndrome 1|Metachondromatosis|Noonan syndrome 1	Pathogenic	criteria provided, multiple submitters, no conflicts	2	0
PTPN11	VCV000013333	13333	NM_002834.5(PTPN11):c.188A>G (p.Tyr63Cys)	simple_allele	allele	RCV003137518	LEOPARD syndrome 1	Pathogenic	criteria provided, multiple submitters, no conflicts	2	0
PTPN11	VCV000013335	13335	NM_002834.5(PTPN11):c.854T>C (p.Phe285Ser)	simple_allele	allele	RCV000014263	Noonan syndrome 1	Pathogenic	criteria provided, multiple submitters, no conflicts	2	7
PTPN11	VCV000013335	13335	NM_002834.5(PTPN11):c.854T>C (p.Phe285Ser)	simple_allele	allele	RCV000037663	Noonan syndrome	Pathogenic	criteria provided, multiple submitters, no conflicts	2	2
PTPN11	VCV000013335	13335	NM_002834.5(PTPN11):c.854T>C (p.Phe285Ser)	simple_allele	allele	RCV000077862	not provided	Pathogenic	criteria provided, multiple submitters, no conflicts	2	7
PTPN11	VCV000013335	13335	NM_002834.5(PTPN11):c.854T>C (p.Phe285Ser)	simple_allele	allele	RCV000458650	RASopathy	Pathogenic	criteria provided, multiple submitters, no conflicts	2	3
PTPN11	VCV000013335	13335	NM_002834.5(PTPN11):c.854T>C (p.Phe285Ser)	simple_allele	allele	RCV004532343	PTPN11-related disorder	Pathogenic	criteria provided, multiple submitters, no conflicts	2	2
RET	VCV000013919	13919	NM_020975.6(RET):c.2753T>C (p.Met918Thr)	simple_allele	allele	RCV000014941	Multiple endocrine neoplasia type 2B	Pathogenic	criteria provided, multiple submitters, no conflicts	2	8
RET	VCV000013919	13919	NM_020975.6(RET):c.2753T>C (p.Met918Thr)	simple_allele	allele	RCV000082054	not provided	Pathogenic	criteria provided, multiple submitters, no conflicts	2	11
RET	VCV000013919	13919	NM_020975.6(RET):c.2753T>C (p.Met918Thr)	simple_allele	allele	RCV000161926	Multiple endocrine neoplasia, type 2	Pathogenic	criteria provided, multiple submitters, no conflicts	2	2
RET	VCV000013919	13919	NM_020975.6(RET):c.2753T>C (p.Met918Thr)	simple_allele	allele	RCV000175096	Multiple endocrine neoplasia type 2A	Pathogenic	criteria provided, multiple submitters, no conflicts	2	3
RET	VCV000013919	13919	NM_020975.6(RET):c.2753T>C (p.Met918Thr)	simple_allele	allele	RCV001292662	Familial medullary thyroid carcinoma	Pathogenic	criteria provided, multiple submitters, no conflicts	2	3
RET	VCV000013919	13919	NM_020975.6(RET):c.2753T>C (p.Met918Thr)	simple_allele	allele	RCV001542764	Hirschsprung disease, susceptibility to, 1	Pathogenic/Likely pathogenic	criteria provided, multiple submitters, no conflicts	2	3
RET	VCV000013919	13919	NM_020975.6(RET):c.2753T>C (p.Met918Thr)	simple_allele	allele	RCV002255998	Hereditary cancer-predisposing syndrome	Pathogenic	criteria provided, multiple submitters, no conflicts	2	4
FGFR3	VCV000016327	16327	NM_000142.5(FGFR3):c.1138G>A (p.Gly380Arg)	simple_allele	allele	RCV000017724	Achondroplasia	Pathogenic	criteria provided, multiple submitters, no conflicts	2	32
FGFR3	VCV000016327	16327	NM_000142.5(FGFR3):c.1138G>A (p.Gly380Arg)	simple_allele	allele	RCV000255750	not provided	Pathogenic	criteria provided, multiple submitters, no conflicts	2	10
FGFR3	VCV000016327	16327	NM_000142.5(FGFR3):c.1138G>A (p.Gly380Arg)	simple_allele	allele	RCV004545731	FGFR3-related disorder	Pathogenic	criteria provided, multiple submitters, no conflicts	2	2
FGFR3	VCV000016341	16341	NM_000142.5(FGFR3):c.1949A>T (p.Lys650Met)	simple_allele	allele	RCV001574416	not provided	Pathogenic	criteria provided, multiple submitters, no conflicts	2	4
FGFR3	VCV000016342	16342	NM_000142.5(FGFR3):c.1118A>G (p.Tyr373Cys)	simple_allele	allele	RCV000017751	Thanatophoric dysplasia type 1	Pathogenic	criteria provided, multiple submitters, no conflicts	2	7
FGFR3	VCV000016342	16342	NM_000142.5(FGFR3):c.1118A>G (p.Tyr373Cys)	simple_allele	allele	RCV000255235	not provided	Pathogenic	criteria provided, multiple submitters, no conflicts	2	8
FGFR3	VCV000016342	16342	NM_000142.5(FGFR3):c.1118A>G (p.Tyr373Cys)	simple_allele	allele	RCV005859467	Achondroplasia	Pathogenic	criteria provided, multiple submitters, no conflicts	2	3
DSG2	VCV000016812	16812	NM_001943.5(DSG2):c.137G>A (p.Arg46Gln)	simple_allele	allele	RCV000018305	Arrhythmogenic right ventricular dysplasia 10	Pathogenic	criteria provided, multiple submitters, no conflicts	2	7
DSG2	VCV000016812	16812	NM_001943.5(DSG2):c.137G>A (p.Arg46Gln)	simple_allele	allele	RCV000211714	Arrhythmogenic right ventricular cardiomyopathy	Pathogenic	criteria provided, multiple submitters, no conflicts	2	2
DSG2	VCV000016812	16812	NM_001943.5(DSG2):c.137G>A (p.Arg46Gln)	simple_allele	allele	RCV001798008	Cardiomyopathy	Pathogenic/Likely pathogenic	criteria provided, multiple submitters, no conflicts	2	2
TARDBP	VCV000021474	21474	NM_007375.4(TARDBP):c.1144G>A (p.Ala382Thr)	simple_allele	allele	RCV000020663	Amyotrophic lateral sclerosis type 10	Pathogenic/Likely pathogenic	criteria provided, multiple submitters, no conflicts	2	3
TARDBP	VCV000021474	21474	NM_007375.4(TARDBP):c.1144G>A (p.Ala382Thr)	simple_allele	allele	RCV000413910	not provided	Pathogenic/Likely pathogenic	criteria provided, multiple submitters, no conflicts	2	2
RET	VCV000024934	24934	NM_020975.6(RET):c.2071G>A (p.Gly691Ser)	simple_allele	allele	RCV000034769	not provided	Benign	criteria provided, multiple submitters, no conflicts	2	2
RET	VCV000024934	24934	NM_020975.6(RET):c.2071G>A (p.Gly691Ser)	simple_allele	allele	RCV000039052	not specified	Benign	criteria provided, multiple submitters, no conflicts	2	6
RET	VCV000024934	24934	NM_020975.6(RET):c.2071G>A (p.Gly691Ser)	simple_allele	allele	RCV000162947	Hereditary cancer-predisposing syndrome	Benign	criteria provided, multiple submitters, no conflicts	2	3
RET	VCV000024934	24934	NM_020975.6(RET):c.2071G>A (p.Gly691Ser)	simple_allele	allele	RCV000376859	Pheochromocytoma	Benign/Likely benign	criteria provided, multiple submitters, no conflicts	2	2
RET	VCV000024934	24934	NM_020975.6(RET):c.2071G>A (p.Gly691Ser)	simple_allele	allele	RCV001083339	Multiple endocrine neoplasia, type 2	Benign	criteria provided, multiple submitters, no conflicts	2	3
SMAD4	VCV000030149	30149	NM_005359.6(SMAD4):c.1499T>C (p.Ile500Thr)	simple_allele	allele	RCV000023060	Myhre syndrome	Pathogenic	criteria provided, multiple submitters, no conflicts	2	4
VPS35	VCV000030196	30196	NM_018206.6(VPS35):c.1858G>A (p.Asp620Asn)	simple_allele	allele	RCV000023115	Parkinson disease 17	Pathogenic	criteria provided, multiple submitters, no conflicts	2	3
RET	VCV000013917	13917	NM_020975.6(RET):c.1900T>C (p.Cys634Arg)	simple_allele	allele	RCV000014937	Multiple endocrine neoplasia type 2A	Pathogenic	criteria provided, multiple submitters, no conflicts	2	5
RET	VCV000013917	13917	NM_020975.6(RET):c.1900T>C (p.Cys634Arg)	simple_allele	allele	RCV000082051	not provided	Pathogenic	criteria provided, multiple submitters, no conflicts	2	7
RET	VCV000013917	13917	NM_020975.6(RET):c.1900T>C (p.Cys634Arg)	simple_allele	allele	RCV000552504	Multiple endocrine neoplasia, type 2	Pathogenic	criteria provided, multiple submitters, no conflicts	2	4
RET	VCV000013917	13917	NM_020975.6(RET):c.1900T>C (p.Cys634Arg)	simple_allele	allele	RCV003460479	Hirschsprung disease, susceptibility to, 1	Pathogenic/Likely pathogenic	criteria provided, multiple submitters, no conflicts	2	2
GFAP	VCV000016171	16171	NM_002055.5(GFAP):c.235C>T (p.Arg79Cys)	simple_allele	allele	RCV000017554	Alexander disease	Pathogenic	criteria provided, multiple submitters, no conflicts	2	2
GFAP	VCV000016171	16171	NM_002055.5(GFAP):c.235C>T (p.Arg79Cys)	simple_allele	allele	RCV000056868	not provided	Pathogenic	criteria provided, multiple submitters, no conflicts	2	2
FGFR3	VCV000016339	16339	NM_000142.5(FGFR3):c.746C>G (p.Ser249Cys)	simple_allele	allele	RCV000017742	Thanatophoric dysplasia type 1	Pathogenic	criteria provided, multiple submitters, no conflicts	2	6
FGFR3	VCV000016339	16339	NM_000142.5(FGFR3):c.746C>G (p.Ser249Cys)	simple_allele	allele	RCV000297175	not provided	Pathogenic	criteria provided, multiple submitters, no conflicts	2	7
PTPN11	VCV000013330	13330	NM_002834.5(PTPN11):c.182A>G (p.Asp61Gly)	simple_allele	allele	RCV000014258	Noonan syndrome 1	Pathogenic	criteria provided, multiple submitters, no conflicts	2	6
PTPN11	VCV000013330	13330	NM_002834.5(PTPN11):c.182A>G (p.Asp61Gly)	simple_allele	allele	RCV000033464	RASopathy	Pathogenic	criteria provided, multiple submitters, no conflicts	2	3
PTPN11	VCV000013330	13330	NM_002834.5(PTPN11):c.182A>G (p.Asp61Gly)	simple_allele	allele	RCV000077856	not provided	Pathogenic	criteria provided, multiple submitters, no conflicts	2	7
PTPN11	VCV000013330	13330	NM_002834.5(PTPN11):c.182A>G (p.Asp61Gly)	simple_allele	allele	RCV001270166	LEOPARD syndrome 1	Pathogenic	criteria provided, multiple submitters, no conflicts	2	3
PIK3CA	VCV000013655	13655	NM_006218.4(PIK3CA):c.1633G>A (p.Glu545Lys)	simple_allele	allele	RCV001092440	not provided	Pathogenic	criteria provided, multiple submitters, no conflicts	2	2
PIK3CA	VCV000013655	13655	NM_006218.4(PIK3CA):c.1633G>A (p.Glu545Lys)	simple_allele	allele	RCV001262721	CLOVES syndrome	Pathogenic/Likely pathogenic	criteria provided, multiple submitters, no conflicts	2	2
PIK3CA	VCV000013655	13655	NM_006218.4(PIK3CA):c.1633G>A (p.Glu545Lys)	simple_allele	allele	RCV001290591	PIK3CA related overgrowth syndrome	Pathogenic	criteria provided, multiple submitters, no conflicts	2	2
BRAF	VCV000013973	13973	NM_004333.6(BRAF):c.770A>G (p.Gln257Arg)	simple_allele	allele	RCV000015007	Cardiofaciocutaneous syndrome 1	Pathogenic	criteria provided, multiple submitters, no conflicts	2	0
BRAF	VCV000013973	13973	NM_004333.6(BRAF):c.770A>G (p.Gln257Arg)	simple_allele	allele	RCV000033289	RASopathy	Pathogenic	criteria provided, multiple submitters, no conflicts	2	0
BRAF	VCV000013973	13973	NM_004333.6(BRAF):c.770A>G (p.Gln257Arg)	simple_allele	allele	RCV000080904	not provided	Pathogenic	criteria provided, multiple submitters, no conflicts	2	0
BRAF	VCV000013973	13973	NM_004333.6(BRAF):c.770A>G (p.Gln257Arg)	simple_allele	allele	RCV000208766	Cardio-facio-cutaneous syndrome	Pathogenic	reviewed by expert panel	3	1
BRAF	VCV000013973	13973	NM_004333.6(BRAF):c.770A>G (p.Gln257Arg)	simple_allele	allele	RCV001261967	Noonan syndrome 7	Pathogenic	criteria provided, multiple submitters, no conflicts	2	0
BRAF	VCV000013975	13975	NM_004333.6(BRAF):c.1455G>C (p.Leu485Phe)	simple_allele	allele	RCV000680805	not provided	Pathogenic	criteria provided, multiple submitters, no conflicts	2	0
BRAF	VCV000013975	13975	NM_004333.6(BRAF):c.1455G>C (p.Leu485Phe)	simple_allele	allele	RCV001172276	RASopathy	Pathogenic	reviewed by expert panel	3	1
FGFR3	VCV000016329	16329	NM_000142.5(FGFR3):c.1172C>A (p.Ala391Glu)	simple_allele	allele	RCV000017726	Crouzon syndrome-acanthosis nigricans syndrome	Pathogenic	criteria provided, multiple submitters, no conflicts	2	8
FGFR3	VCV000016329	16329	NM_000142.5(FGFR3):c.1172C>A (p.Ala391Glu)	simple_allele	allele	RCV000414319	not provided	Pathogenic	criteria provided, multiple submitters, no conflicts	2	4
FGFR3	VCV000016331	16331	NM_000142.5(FGFR3):c.1948A>G (p.Lys650Glu)	simple_allele	allele	RCV000017728	Thanatophoric dysplasia, type 2	Pathogenic	criteria provided, multiple submitters, no conflicts	2	7
FGFR3	VCV000016331	16331	NM_000142.5(FGFR3):c.1948A>G (p.Lys650Glu)	simple_allele	allele	RCV000255799	not provided	Pathogenic	criteria provided, multiple submitters, no conflicts	2	5
FGFR3	VCV000016331	16331	NM_000142.5(FGFR3):c.1948A>G (p.Lys650Glu)	simple_allele	allele	RCV003317039	Thanatophoric dysplasia	Pathogenic	criteria provided, multiple submitters, no conflicts	2	3
FGFR3	VCV000016338	16338	NM_000142.5(FGFR3):c.1620C>G (p.Asn540Lys)	simple_allele	allele	RCV000017741	Hypochondroplasia	Pathogenic/Likely pathogenic	criteria provided, multiple submitters, no conflicts	2	7
FGFR3	VCV000016338	16338	NM_000142.5(FGFR3):c.1620C>G (p.Asn540Lys)	simple_allele	allele	RCV000255372	not provided	Pathogenic	criteria provided, multiple submitters, no conflicts	2	8
FGFR3	VCV000016338	16338	NM_000142.5(FGFR3):c.1620C>G (p.Asn540Lys)	simple_allele	allele	RCV001332222	Achondroplasia	Pathogenic	criteria provided, multiple submitters, no conflicts	2	6
SCN5A	VCV000048289	48289	NM_000335.5(SCN5A):c.1673A>G (p.His558Arg)	simple_allele	allele	RCV000041604	not specified	Benign	criteria provided, multiple submitters, no conflicts	2	6
SCN5A	VCV000048289	48289	NM_000335.5(SCN5A):c.1673A>G (p.His558Arg)	simple_allele	allele	RCV000058440	not provided	Benign/Likely benign	criteria provided, multiple submitters, no conflicts	2	6
SCN5A	VCV000048289	48289	NM_000335.5(SCN5A):c.1673A>G (p.His558Arg)	simple_allele	allele	RCV000987225	Brugada syndrome 1	Benign/Likely benign	criteria provided, multiple submitters, no conflicts	2	5
SCN5A	VCV000048289	48289	NM_000335.5(SCN5A):c.1673A>G (p.His558Arg)	simple_allele	allele	RCV002496658	Atrial fibrillation, familial, 10|Brugada syndrome 1|Dilated cardiomyopathy 1E|Long QT syndrome 3|Progressive familial heart block, type 1A|SUDDEN INFANT DEATH SYNDROME|Sick sinus syndrome 1|Ventricular fibrillation, paroxysmal familial, type 1	Benign	criteria provided, multiple submitters, no conflicts	2	10
PTPN11	VCV000040559	40559	NM_002834.5(PTPN11):c.1507G>A (p.Gly503Arg)	simple_allele	allele	RCV000077852	not provided	Pathogenic	criteria provided, multiple submitters, no conflicts	2	5
PTPN11	VCV000040559	40559	NM_002834.5(PTPN11):c.1507G>A (p.Gly503Arg)	simple_allele	allele	RCV000660241	Noonan syndrome 1	Pathogenic	criteria provided, multiple submitters, no conflicts	2	10
PTPN11	VCV000040561	40561	NM_002834.5(PTPN11):c.1508G>A (p.Gly503Glu)	simple_allele	allele	RCV000033548	not provided	Pathogenic/Likely pathogenic	criteria provided, multiple submitters, no conflicts	2	3
PTPN11	VCV000040561	40561	NM_002834.5(PTPN11):c.1508G>A (p.Gly503Glu)	simple_allele	allele	RCV000677651	LEOPARD syndrome 1	Pathogenic	criteria provided, multiple submitters, no conflicts	2	3
PTPN11	VCV000040561	40561	NM_002834.5(PTPN11):c.1508G>A (p.Gly503Glu)	simple_allele	allele	RCV001330778	Noonan syndrome 1	Pathogenic	criteria provided, multiple submitters, no conflicts	2	6
BRAF	VCV000041446	41446	NM_004333.6(BRAF):c.1801A>C (p.Lys601Gln)	simple_allele	allele	RCV000034332	not provided	Pathogenic	criteria provided, multiple submitters, no conflicts	2	2
PRKG1	VCV000065477	65477	NM_006258.4(PRKG1):c.575G>A (p.Arg192Gln)	simple_allele	allele	RCV000055667	Aortic aneurysm, familial thoracic 8	Pathogenic	criteria provided, multiple submitters, no conflicts	2	2
PRKG1	VCV000065477	65477	NM_006258.4(PRKG1):c.575G>A (p.Arg192Gln)	simple_allele	allele	RCV000494178	not provided	Pathogenic	criteria provided, multiple submitters, no conflicts	2	2
PRKG1	VCV000065477	65477	NM_006258.4(PRKG1):c.575G>A (p.Arg192Gln)	simple_allele	allele	RCV002311000	Familial thoracic aortic aneurysm and aortic dissection	Pathogenic	criteria provided, multiple submitters, no conflicts	2	2
PTPN11	VCV000040498	40498	NM_002834.5(PTPN11):c.205G>C (p.Glu69Gln)	simple_allele	allele	RCV000033469	RASopathy	Pathogenic	reviewed by expert panel	3	1
PTPN11	VCV000040498	40498	NM_002834.5(PTPN11):c.205G>C (p.Glu69Gln)	simple_allele	allele	RCV000212889	not provided	Pathogenic	criteria provided, multiple submitters, no conflicts	2	0
PTPN11	VCV000040498	40498	NM_002834.5(PTPN11):c.205G>C (p.Glu69Gln)	simple_allele	allele	RCV004795946	Noonan syndrome 1	Pathogenic	criteria provided, multiple submitters, no conflicts	2	0
PTPN11	VCV000040562	40562	NM_002834.5(PTPN11):c.1510A>G (p.Met504Val)	simple_allele	allele	RCV000033549	RASopathy	Pathogenic	criteria provided, multiple submitters, no conflicts	2	0
PTPN11	VCV000040562	40562	NM_002834.5(PTPN11):c.1510A>G (p.Met504Val)	simple_allele	allele	RCV000077853	not provided	Pathogenic	criteria provided, multiple submitters, no conflicts	2	0
PTPN11	VCV000040562	40562	NM_002834.5(PTPN11):c.1510A>G (p.Met504Val)	simple_allele	allele	RCV000156983	Noonan syndrome	Pathogenic	reviewed by expert panel	3	1
PTPN11	VCV000040562	40562	NM_002834.5(PTPN11):c.1510A>G (p.Met504Val)	simple_allele	allele	RCV000677652	Noonan syndrome 1	Pathogenic/Likely pathogenic	criteria provided, multiple submitters, no conflicts	2	0
PTPN11	VCV000040562	40562	NM_002834.5(PTPN11):c.1510A>G (p.Met504Val)	simple_allele	allele	RCV000762887	Juvenile myelomonocytic leukemia|LEOPARD syndrome 1|Metachondromatosis|Noonan syndrome 1	Pathogenic	criteria provided, multiple submitters, no conflicts	2	0
PTPN11	VCV000040522	40522	NM_002834.5(PTPN11):c.794G>A (p.Arg265Gln)	simple_allele	allele	RCV000037658	Noonan syndrome	Pathogenic	reviewed by expert panel	3	0
PTPN11	VCV000040522	40522	NM_002834.5(PTPN11):c.794G>A (p.Arg265Gln)	simple_allele	allele	RCV000153788	not provided	Pathogenic	criteria provided, multiple submitters, no conflicts	2	0
PTPN11	VCV000040522	40522	NM_002834.5(PTPN11):c.794G>A (p.Arg265Gln)	simple_allele	allele	RCV000234910	Noonan syndrome 1	Pathogenic/Likely pathogenic	criteria provided, multiple submitters, no conflicts	2	0
PTPN11	VCV000040522	40522	NM_002834.5(PTPN11):c.794G>A (p.Arg265Gln)	simple_allele	allele	RCV000477501	RASopathy	Pathogenic	reviewed by expert panel	3	1
PTPN11	VCV000040522	40522	NM_002834.5(PTPN11):c.794G>A (p.Arg265Gln)	simple_allele	allele	RCV000988915	Metachondromatosis	Pathogenic	criteria provided, multiple submitters, no conflicts	2	0
PTPN11	VCV000040522	40522	NM_002834.5(PTPN11):c.794G>A (p.Arg265Gln)	simple_allele	allele	RCV001253554	LEOPARD syndrome 1	Pathogenic	criteria provided, multiple submitters, no conflicts	2	0
PTPN11	VCV000040522	40522	NM_002834.5(PTPN11):c.794G>A (p.Arg265Gln)	simple_allele	allele	RCV001536068	Juvenile myelomonocytic leukemia|LEOPARD syndrome 1|Metachondromatosis|Noonan syndrome 1	Pathogenic	criteria provided, multiple submitters, no conflicts	2	0
MAP2K1	VCV000040781	40781	NM_002755.4(MAP2K1):c.199G>A (p.Asp67Asn)	simple_allele	allele	RCV000192193	Cardiofaciocutaneous syndrome 3	Pathogenic	criteria provided, multiple submitters, no conflicts	2	0
MAP2K1	VCV000040781	40781	NM_002755.4(MAP2K1):c.199G>A (p.Asp67Asn)	simple_allele	allele	RCV000212506	not provided	Pathogenic	criteria provided, multiple submitters, no conflicts	2	0
MAP2K1	VCV000040781	40781	NM_002755.4(MAP2K1):c.199G>A (p.Asp67Asn)	simple_allele	allele	RCV000208771	Cardio-facio-cutaneous syndrome	Pathogenic	reviewed by expert panel	3	1
MAP2K1	VCV000040781	40781	NM_002755.4(MAP2K1):c.199G>A (p.Asp67Asn)	simple_allele	allele	RCV004760352	Cardiofaciocutaneous syndrome 1	Pathogenic	criteria provided, multiple submitters, no conflicts	2	0
PKP2	VCV000045084	45084	NM_001005242.3(PKP2):c.76G>A (p.Asp26Asn)	simple_allele	allele	RCV000038225	not specified	Benign/Likely benign	criteria provided, multiple submitters, no conflicts	2	6
PKP2	VCV000045084	45084	NM_001005242.3(PKP2):c.76G>A (p.Asp26Asn)	simple_allele	allele	RCV000428217	not provided	Benign/Likely benign	criteria provided, multiple submitters, no conflicts	2	4
PKP2	VCV000045084	45084	NM_001005242.3(PKP2):c.76G>A (p.Asp26Asn)	simple_allele	allele	RCV000472012	Arrhythmogenic right ventricular dysplasia 9	Benign/Likely benign	criteria provided, multiple submitters, no conflicts	2	6
SMAD4	VCV000088673	88673	NM_005359.6(SMAD4):c.1486C>T (p.Arg496Cys)	simple_allele	allele	RCV000074360	Myhre syndrome	Pathogenic	criteria provided, multiple submitters, no conflicts	2	10
SMAD4	VCV000088673	88673	NM_005359.6(SMAD4):c.1486C>T (p.Arg496Cys)	simple_allele	allele	RCV000160962	not provided	Pathogenic/Likely pathogenic	criteria provided, multiple submitters, no conflicts	2	7
SCN5A	VCV000067898	67898	NM_000335.5(SCN5A):c.4475A>G (p.Lys1492Arg)	simple_allele	allele	RCV001542741	Long QT syndrome 3	Uncertain significance	criteria provided, multiple submitters, no conflicts	2	3
SCN5A	VCV000067898	67898	NM_000335.5(SCN5A):c.4475A>G (p.Lys1492Arg)	simple_allele	allele	RCV001842365	Cardiac arrhythmia	Uncertain significance	criteria provided, multiple submitters, no conflicts	2	3
RELN	VCV000095219	95219	NM_005045.4(RELN):c.3839G>A (p.Gly1280Glu)	simple_allele	allele	RCV000081231	not specified	Benign	criteria provided, multiple submitters, no conflicts	2	5
RELN	VCV000095219	95219	NM_005045.4(RELN):c.3839G>A (p.Gly1280Glu)	simple_allele	allele	RCV000710199	not provided	Benign/Likely benign	criteria provided, multiple submitters, no conflicts	2	2
SCN9A	VCV000094089	94089	NM_001365536.1(SCN9A):c.2827A>C (p.Met943Leu)	simple_allele	allele	RCV000080038	not specified	Benign/Likely benign	criteria provided, multiple submitters, no conflicts	2	4
SCN9A	VCV000094089	94089	NM_001365536.1(SCN9A):c.2827A>C (p.Met943Leu)	simple_allele	allele	RCV000399125	Channelopathy-associated congenital insensitivity to pain, autosomal recessive	Benign/Likely benign	criteria provided, multiple submitters, no conflicts	2	2
SCN9A	VCV000094089	94089	NM_001365536.1(SCN9A):c.2827A>C (p.Met943Leu)	simple_allele	allele	RCV000992914	not provided	Benign/Likely benign	criteria provided, multiple submitters, no conflicts	2	4
CAV3	VCV000096239	96239	NM_033337.3(CAV3):c.109G>C (p.Val37Leu)	simple_allele	allele	RCV000723742	not provided	Uncertain significance	criteria provided, multiple submitters, no conflicts	2	3
SCN8A	VCV000135651	135651	NM_001330260.2(SCN8A):c.2549G>A (p.Arg850Gln)	simple_allele	allele	RCV000122729	Developmental and epileptic encephalopathy, 13	Pathogenic/Likely pathogenic	criteria provided, multiple submitters, no conflicts	2	9
SCN8A	VCV000135651	135651	NM_001330260.2(SCN8A):c.2549G>A (p.Arg850Gln)	simple_allele	allele	RCV000189267	not provided	Pathogenic	criteria provided, multiple submitters, no conflicts	2	2
CHCHD10	VCV000140745	140745	NM_213720.3(CHCHD10):c.176C>T (p.Ser59Leu)	simple_allele	allele	RCV000128857	Frontotemporal dementia and/or amyotrophic lateral sclerosis 2	Pathogenic/Likely pathogenic	criteria provided, multiple submitters, no conflicts	2	2
CHCHD10	VCV000140745	140745	NM_213720.3(CHCHD10):c.176C>T (p.Ser59Leu)	simple_allele	allele	RCV001268565	not provided	Pathogenic	criteria provided, multiple submitters, no conflicts	2	2
KCNJ10	VCV000129316	129316	NM_002241.5(KCNJ10):c.53G>A (p.Arg18Gln)	simple_allele	allele	RCV000117319	not specified	Benign	criteria provided, multiple submitters, no conflicts	2	3
KCNJ10	VCV000129316	129316	NM_002241.5(KCNJ10):c.53G>A (p.Arg18Gln)	simple_allele	allele	RCV000710154	not provided	Benign/Likely benign	criteria provided, multiple submitters, no conflicts	2	3
SCN9A	VCV000157597	157597	NM_001365536.1(SCN9A):c.2248A>G (p.Ile750Val)	simple_allele	allele	RCV000218739	not specified	Benign/Likely benign	criteria provided, multiple submitters, no conflicts	2	4
ADCY5	VCV000162091	162091	NM_183357.3(ADCY5):c.2176G>A (p.Ala726Thr)	simple_allele	allele	RCV000484892	not provided	Pathogenic	criteria provided, multiple submitters, no conflicts	2	4
SCN8A	VCV000156106	156106	NM_001330260.2(SCN8A):c.4850G>A (p.Arg1617Gln)	simple_allele	allele	RCV000144154	Developmental and epileptic encephalopathy, 13	Pathogenic	criteria provided, multiple submitters, no conflicts	2	2
ADCY5	VCV000162090	162090	NM_183357.3(ADCY5):c.1252C>T (p.Arg418Trp)	simple_allele	allele	RCV000202545	Dyskinesia with orofacial involvement, autosomal dominant	Pathogenic	criteria provided, multiple submitters, no conflicts	2	6
ADCY5	VCV000162090	162090	NM_183357.3(ADCY5):c.1252C>T (p.Arg418Trp)	simple_allele	allele	RCV000255111	not provided	Pathogenic	criteria provided, multiple submitters, no conflicts	2	4
RIT1	VCV000183408	183408	NM_006912.6(RIT1):c.244T>G (p.Phe82Val)	simple_allele	allele	RCV000170492	Noonan syndrome 8	Pathogenic	criteria provided, multiple submitters, no conflicts	2	10
RIT1	VCV000183408	183408	NM_006912.6(RIT1):c.244T>G (p.Phe82Val)	simple_allele	allele	RCV000263369	not provided	Pathogenic	criteria provided, multiple submitters, no conflicts	2	2
PCSK9	VCV000201129	201129	NM_174936.4(PCSK9):c.1486C>T (p.Arg496Trp)	simple_allele	allele	RCV000766559	not provided	Uncertain significance	criteria provided, multiple submitters, no conflicts	2	3
PCSK9	VCV000201129	201129	NM_174936.4(PCSK9):c.1486C>T (p.Arg496Trp)	simple_allele	allele	RCV002390461	Cardiovascular phenotype	Uncertain significance	criteria provided, multiple submitters, no conflicts	2	2
HNRNPH2	VCV000225760	225760	NM_019597.5(HNRNPH2):c.616C>T (p.Arg206Trp)	simple_allele	allele	RCV000256179	Intellectual disability, X-linked, syndromic, Bain type	Pathogenic/Likely pathogenic	criteria provided, multiple submitters, no conflicts	2	18
HNRNPH2	VCV000225760	225760	NM_019597.5(HNRNPH2):c.616C>T (p.Arg206Trp)	simple_allele	allele	RCV000509011	not provided	Pathogenic	criteria provided, multiple submitters, no conflicts	2	4
SCN8A	VCV000207131	207131	NM_001330260.2(SCN8A):c.5614C>T (p.Arg1872Trp)	simple_allele	allele	RCV000239726	Developmental and epileptic encephalopathy, 13	Pathogenic	criteria provided, multiple submitters, no conflicts	2	2
APOL1	VCV000277678	277678	NM_003661.4(APOL1):c.1024A>G (p.Ser342Gly)	simple_allele	allele	RCV001374176	not provided	Pathogenic/Pathogenic, low penetrance; risk factor	criteria provided, multiple submitters, no conflicts	2	3
APOL1	VCV000277678	277678	NM_003661.4(APOL1):c.1024A>G (p.Ser342Gly)	simple_allele	allele	RCV005355580	Focal segmental glomerulosclerosis 4, susceptibility to	Pathogenic/Likely pathogenic	criteria provided, multiple submitters, no conflicts	2	2
SCN8A	VCV000253297	253297	NM_001330260.2(SCN8A):c.5615G>A (p.Arg1872Gln)	simple_allele	allele	RCV000239745	Developmental and epileptic encephalopathy, 13	Pathogenic	criteria provided, multiple submitters, no conflicts	2	0
SCN8A	VCV000253297	253297	NM_001330260.2(SCN8A):c.5615G>A (p.Arg1872Gln)	simple_allele	allele	RCV000523884	not provided	Pathogenic	criteria provided, multiple submitters, no conflicts	2	0
SCN8A	VCV000253297	253297	NM_001330260.2(SCN8A):c.5615G>A (p.Arg1872Gln)	simple_allele	allele	RCV003992248	Complex neurodevelopmental disorder	Pathogenic	reviewed by expert panel	3	1
EPOR	VCV000268130	268130	NM_000121.4(EPOR):c.1462C>T (p.Pro488Ser)	simple_allele	allele	RCV000258855	Primary familial polycythemia due to EPO receptor mutation	Likely benign	criteria provided, multiple submitters, no conflicts	2	2
EPOR	VCV000268130	268130	NM_000121.4(EPOR):c.1462C>T (p.Pro488Ser)	simple_allele	allele	RCV000953082	not provided	Benign/Likely benign	criteria provided, multiple submitters, no conflicts	2	4
SAMD9L	VCV000446530	446530	NM_152703.5(SAMD9L):c.2956C>T (p.Arg986Cys)	simple_allele	allele	RCV000515805	Ataxia-pancytopenia syndrome	Pathogenic/Likely pathogenic	criteria provided, multiple submitters, no conflicts	2	2
SAMD9L	VCV000446530	446530	NM_152703.5(SAMD9L):c.2956C>T (p.Arg986Cys)	simple_allele	allele	RCV001557094	not provided	Pathogenic/Likely pathogenic	criteria provided, multiple submitters, no conflicts	2	4
