gene_symbol	historical_mechanisms	exact_condition_hpo_route	exact_route_with_inheritance	exact_route_with_penetrance	exact_route_with_both	exact_condition_count	exact_sources	exact_mechanisms	included_hpo_condition_with_inheritance_and_penetrance	unlinked_same_condition_hpo_candidate	unlinked_cross_condition_gene_wide_candidate	hpo_conditions_with_both
AAAS	LOF	1	1	0	0	1	G2P_DDG2P	LOF	0	0	0	
AAGAB	LOF	1	0	0	0	1	Orphadata	LOF	0	0	0	
AARS1	LOF	1	1	0	0	2	G2P_DDG2P;Orphadata	LOF	0	0	0	
AARS2	LOF	0	0	0	0	0			0	0	0	
AASS	LOF	1	1	0	0	1	G2P_DDG2P	LOF	0	0	0	
ABAT	LOF	1	1	0	0	1	G2P_DDG2P	LOF	0	0	0	
ABCA1	LOF	1	1	0	0	1	G2P_DDG2P	LOF	0	0	0	
ABCA12	LOF	1	1	0	0	1	G2P_DDG2P	LOF	0	0	0	
ABCA2	LOF	1	1	0	0	1	G2P_DDG2P	LOF	0	0	0	
ABCA3	LOF	0	0	0	0	0			0	0	0	
ABCA4	LOF	1	1	0	0	1	G2P_DDG2P	LOF	0	0	0	
ABCA5	LOF	1	0	0	0	1	Orphadata	LOF	0	0	0	
ABCB11	LOF	1	1	0	0	1	G2P_DDG2P	LOF	0	0	0	
ABCB4	LOF	1	0	0	0	1	Orphadata	LOF	0	0	0	
ABCB6	GOF	1	0	0	0	1	Orphadata	GOF	0	0	0	
ABCB7	LOF	1	0	0	0	1	Orphadata	LOF	0	0	0	
ABCC6	LOF	1	1	0	0	3	G2P_DDG2P;Orphadata	LOF	0	0	0	
ABCC8	GOF	1	1	0	0	4	GoFCards_exact+ClinVar_VCV	GOF	0	0	0	
ABCC9	GOF;LOF	1	1	0	0	4	G2P_DDG2P;GoFCards_exact+ClinVar_VCV	GOF;LOF	0	0	0	
ABCD1	LOF	1	1	0	0	1	G2P_DDG2P	LOF	0	0	0	
ABCD4	LOF	1	1	0	0	1	G2P_DDG2P	LOF	0	0	0	
ABCG5	LOF	1	1	0	0	1	G2P_DDG2P	LOF	0	0	0	
ABCG8	LOF	1	1	0	0	1	G2P_DDG2P	LOF	0	0	0	
ABHD12	LOF	1	1	0	0	1	G2P_DDG2P	LOF	0	0	0	
ABHD16A	LOF	1	1	0	0	1	G2P_DDG2P	LOF	0	0	0	
ABHD5	LOF	1	1	0	0	1	G2P_DDG2P	LOF	0	0	0	
ABL1	GOF	1	1	0	0	1	G2P_DDG2P;GoFCards_exact+ClinVar_VCV	GOF	0	0	0	
ACAD8	LOF	1	0	0	0	1	Orphadata	LOF	0	0	0	
ACAD9	LOF	1	1	0	0	1	G2P_DDG2P	LOF	0	0	0	
ACADM	LOF	1	1	0	0	1	G2P_DDG2P	LOF	0	0	0	
ACADSB	LOF	1	0	0	0	1	Orphadata	LOF	0	0	0	
ACADVL	LOF	1	1	0	0	1	G2P_DDG2P	LOF	0	0	0	
ACAN	LOF	1	1	0	0	2	G2P_DDG2P;Orphadata	LOF	0	0	0	
ACAT1	LOF	1	1	0	0	1	G2P_DDG2P	LOF	0	0	0	
ACBD5	LOF	1	1	0	0	1	G2P_DDG2P	LOF	0	0	0	
ACBD6	LOF	1	1	0	0	1	G2P_DDG2P	LOF	0	0	0	
ACD	LOF	1	1	0	0	1	G2P_DDG2P	LOF	0	0	0	
ACO2	LOF	1	1	0	0	1	G2P_DDG2P	LOF	0	0	0	
ACOX1	GOF;LOF	1	1	0	0	2	G2P_DDG2P;GoFCards_exact+ClinVar_VCV	GOF;LOF	0	0	0	
ACP4	LOF	0	0	0	0	0			0	0	0	
ACP5	LOF	1	1	0	0	1	G2P_DDG2P	LOF	0	0	0	
ACSL4	LOF	1	1	0	0	1	G2P_DDG2P	LOF	0	0	0	
ACTB	GOF;LOF	1	1	0	0	2	G2P_DDG2P;Orphadata	GOF	0	0	0	
ACTC1	LOF	0	0	0	0	0			0	0	0	
ACTG1	GOF	1	1	0	0	2	G2P_DDG2P;Orphadata	GOF	0	0	0	
ACTL6A	LOF	0	0	0	0	0			0	0	0	
ACTL6B	GOF;LOF	1	1	0	0	2	G2P_DDG2P;GoFCards_exact+ClinVar_VCV	GOF;LOF	0	0	0	
ACTN4		0	0	0	0	0			1	0	0	OMIM:603278
ACTR2	GOF	0	0	0	0	0			0	0	0	
ACVR1	GOF	1	1	0	0	2	G2P_DDG2P;GoFCards_exact+ClinVar_VCV;Orphadata	GOF	0	0	0	
ACVRL1	LOF	1	1	0	0	1	G2P_DDG2P	LOF	0	0	0	
ACY1	LOF	1	1	0	0	2	G2P_DDG2P;Orphadata	LOF	0	0	0	
ADA	LOF	1	1	0	0	1	G2P_DDG2P	LOF	0	0	0	
ADA2	LOF	1	0	0	0	1	Orphadata	LOF	0	0	0	
ADAM10	LOF	0	0	0	0	0			0	0	0	
ADAM12	GOF	0	0	0	0	0			0	0	0	
ADAM17	LOF	1	0	0	0	1	Orphadata	LOF	0	0	0	
ADAM9	LOF	1	1	0	0	1	G2P_DDG2P	LOF	0	0	0	
ADAMTS10	LOF	1	1	0	0	1	G2P_DDG2P	LOF	0	0	0	
ADAMTS13	GOF;LOF	0	0	0	0	0			0	0	0	
ADAMTS17	LOF	1	1	0	0	2	G2P_DDG2P;Orphadata	LOF	0	0	0	
ADAMTS18	LOF	1	1	0	0	1	G2P_DDG2P	LOF	0	0	0	
ADAMTS19	LOF	1	1	0	0	1	G2P_DDG2P	LOF	0	0	0	
ADAMTS2	LOF	1	1	0	0	1	G2P_DDG2P	LOF	0	0	0	
ADAMTS3	LOF	1	0	0	0	1	Orphadata	LOF	0	0	0	
ADAMTSL1	DOMINANT_NEGATIVE	0	0	0	0	0			0	0	0	
ADAMTSL2	LOF	1	1	0	0	1	G2P_DDG2P	LOF	0	0	0	
ADAMTSL4	LOF	1	1	0	0	1	G2P_DDG2P	LOF	0	0	0	
ADAR	LOF	1	1	0	0	3	G2P_DDG2P;Orphadata	LOF	0	0	0	
ADCY1	LOF	0	0	0	0	0			0	0	0	
ADCY5	GOF	1	1	0	0	1	GoFCards_exact+ClinVar_VCV	GOF	0	0	0	
ADD1	GOF	0	0	0	0	0			0	0	0	
ADD3	LOF	0	0	0	0	0			0	0	0	
ADGRE2	GOF	0	0	0	0	0			0	0	0	
ADGRG1	LOF	1	1	0	0	1	G2P_DDG2P	LOF	0	0	0	
ADGRG6	LOF	1	1	0	0	1	G2P_DDG2P	LOF	0	0	0	
ADGRV1	LOF	1	1	0	0	1	G2P_DDG2P	LOF	0	0	0	
ADIPOR1	LOF	0	0	0	0	0			0	0	0	
ADK	LOF	1	1	0	0	1	G2P_DDG2P	LOF	0	0	0	
ADNP	LOF	1	1	0	0	1	G2P_DDG2P	LOF	0	0	0	
ADPRS	LOF	1	1	0	0	1	G2P_DDG2P	LOF	0	0	0	
ADRA2B	GOF	1	0	0	0	1	Orphadata	GOF	0	0	0	
ADRB1	GOF	0	0	0	0	0			0	0	0	
AEBP1	LOF	1	0	0	0	1	Orphadata	LOF	0	0	0	
AFF4	GOF	1	1	0	0	2	G2P_DDG2P;Orphadata	GOF	0	0	0	
AFG2A	LOF	1	1	0	0	1	G2P_DDG2P	LOF	0	0	0	
AFG2B	LOF	1	1	0	0	1	G2P_DDG2P	LOF	0	0	0	
AFG3L2	LOF	1	1	0	0	1	G2P_DDG2P	LOF	0	0	0	
AGA	LOF	1	1	0	0	1	G2P_DDG2P	LOF	0	0	0	
AGBL5	LOF	1	1	0	0	1	G2P_DDG2P	LOF	0	0	0	
AGER	GOF	0	0	0	0	0			0	0	0	
AGK	LOF	1	1	0	0	2	G2P_DDG2P;Orphadata	LOF	0	0	0	
AGL	LOF	1	1	0	0	1	G2P_DDG2P	LOF	0	0	0	
AGO2	LOF	0	0	0	0	0			0	0	0	
AGPAT2	LOF	1	1	0	0	1	G2P_DDG2P	LOF	0	0	0	
AGPAT3	LOF	0	0	0	0	0			0	0	0	
AGPS	LOF	1	1	0	0	1	G2P_DDG2P	LOF	0	0	0	
AGR2	LOF	0	0	0	0	0			0	0	0	
AGT	GOF	0	0	0	0	0			0	0	0	
AGTPBP1	LOF	1	1	0	0	1	G2P_DDG2P	LOF	0	0	0	
AGTR1	GOF	0	0	0	0	0			0	0	0	
AGXT	LOF	1	1	0	0	1	G2P_DDG2P	LOF	0	0	0	
AHDC1	LOF	1	1	0	0	1	G2P_DDG2P	LOF	0	0	0	
AHI1	LOF	1	1	0	0	1	G2P_DDG2P	LOF	0	0	0	
AHR	GOF;LOF	1	1	0	0	1	G2P_DDG2P	LOF	0	0	0	
AIMP1	LOF	1	1	0	0	1	G2P_DDG2P	LOF	0	0	0	
AIP	LOF	1	1	0	0	2	G2P_DDG2P;Orphadata	LOF	0	0	0	
AIPL1	LOF	1	1	0	0	1	G2P_DDG2P	LOF	0	0	0	
AIRE	LOF	1	1	0	0	2	G2P_DDG2P;Orphadata	LOF	0	0	0	
AK2	LOF	1	1	0	0	2	G2P_DDG2P;Orphadata	LOF	0	0	0	
AKAP3	LOF	0	0	0	0	0			0	0	0	
AKAP4	LOF	0	0	0	0	0			0	0	0	
AKR1C2	LOF	0	0	0	0	0			0	0	0	
AKR1D1	LOF	1	1	0	0	1	G2P_DDG2P	LOF	0	0	0	
AKT1	GOF	1	1	0	0	1	G2P_DDG2P;GoFCards_exact+ClinVar_VCV	GOF	0	0	0	
AKT2	GOF	1	0	0	0	1	Orphadata	GOF	0	0	0	
AKT3	GOF	0	0	0	0	0			0	0	0	
ALAS2	GOF	0	0	0	0	0			0	0	0	
ALDH18A1	DOMINANT_NEGATIVE;GOF;LOF	1	1	0	0	6	G2P_DDG2P;Orphadata	DOMINANT_NEGATIVE;GOF;LOF	0	0	0	
ALDH1A3	LOF	0	0	0	0	0			0	0	0	
ALDH3A2	LOF	1	1	0	0	1	G2P_DDG2P	LOF	0	0	0	
ALDH4A1	LOF	1	1	0	0	1	G2P_DDG2P	LOF	0	0	0	
ALDH5A1	LOF	1	1	0	0	1	G2P_DDG2P	LOF	0	0	0	
ALDH7A1	LOF	1	1	0	0	1	G2P_DDG2P	LOF	0	0	0	
ALG1	LOF	1	1	0	0	2	G2P_DDG2P;Orphadata	LOF	0	0	0	
ALG11	LOF	1	1	0	0	1	G2P_DDG2P	LOF	0	0	0	
ALG12	LOF	1	1	0	0	2	G2P_DDG2P;Orphadata	LOF	0	0	0	
ALG2	LOF	1	1	0	0	2	G2P_DDG2P;Orphadata	LOF	0	0	0	
ALG3	LOF	1	1	0	0	2	G2P_DDG2P;Orphadata	LOF	0	0	0	
ALG6	LOF	1	1	0	0	2	G2P_DDG2P;Orphadata	LOF	0	0	0	
ALG8	LOF	1	1	0	0	2	G2P_DDG2P;Orphadata	LOF	0	0	0	
ALG9	LOF	1	1	0	0	3	G2P_DDG2P;Orphadata	LOF	0	0	0	
ALK	GOF	0	0	0	0	0			0	0	0	
ALKBH8	LOF	0	0	0	0	0			0	0	0	
ALMS1	LOF	1	1	0	0	1	G2P_DDG2P	LOF	0	0	0	
ALOX12B	LOF	1	1	0	0	1	G2P_DDG2P	LOF	0	0	0	
ALOXE3	LOF	1	1	0	0	1	G2P_DDG2P	LOF	0	0	0	
ALPI	LOF	0	0	0	0	0			0	0	0	
ALPK1	GOF;LOF	1	1	0	0	1	GoFCards_exact+ClinVar_VCV	GOF	0	0	0	
ALPK2	GOF	0	0	0	0	0			0	0	0	
ALPK3	LOF	1	1	0	0	1	G2P_DDG2P	LOF	0	0	0	
ALPL	LOF	0	0	0	0	0			0	0	0	
ALS2	LOF	0	0	0	0	0			0	0	0	
ALX1	LOF	1	1	0	0	2	G2P_DDG2P;Orphadata	LOF	0	0	0	
ALX3	LOF	1	1	0	0	2	G2P_DDG2P;Orphadata	LOF	0	0	0	
ALX4	LOF	1	1	0	0	3	G2P_DDG2P;Orphadata	LOF	0	0	0	
AMACR	LOF	1	1	0	0	1	G2P_DDG2P	LOF	0	0	0	
AMER1	LOF	1	1	0	0	1	G2P_DDG2P	LOF	0	0	0	
AMFR	LOF	1	1	0	0	1	G2P_DDG2P	LOF	0	0	0	
AMPD2	LOF	1	1	0	0	1	G2P_DDG2P	LOF	0	0	0	
AMT	LOF	1	1	0	0	1	G2P_DDG2P	LOF	0	0	0	
ANAPC1	LOF	1	1	0	0	1	G2P_DDG2P	LOF	0	0	0	
ANGPT2	LOF	0	0	0	0	0			0	0	0	
ANGPTL6	LOF	1	0	0	0	1	Orphadata	LOF	0	0	0	
ANK2	GOF;LOF	0	0	0	0	0			0	0	0	
ANKH	GOF;LOF	1	1	0	0	2	G2P_DDG2P;Orphadata	GOF;LOF	0	0	0	
ANKRD1	GOF	0	0	0	0	0			0	0	0	
ANKRD17	LOF	1	1	0	0	1	G2P_DDG2P	LOF	0	0	0	
ANKRD26	GOF	0	0	0	0	0			0	0	0	
ANKZF1	LOF	0	0	0	0	0			0	0	0	
ANO1	GOF;LOF	1	1	0	0	1	G2P_DDG2P	LOF	0	0	0	
ANO3		0	0	0	0	0			1	0	0	OMIM:615034
ANO5	GOF	1	1	0	0	1	G2P_DDG2P	GOF	0	0	0	
ANOS1	LOF	1	0	0	0	1	Orphadata	LOF	0	0	0	
ANTXR1	LOF	1	1	0	0	2	G2P_DDG2P;Orphadata	LOF	0	0	0	
ANTXR2	LOF	1	1	0	0	1	G2P_DDG2P	LOF	0	0	0	
AP1B1	LOF	1	0	0	0	1	Orphadata	LOF	0	0	0	
AP1G1	LOF	1	1	0	0	1	G2P_DDG2P	LOF	0	0	0	
AP1S1	LOF	1	0	0	0	1	Orphadata	LOF	0	0	0	
AP1S2	LOF	1	1	0	0	1	G2P_DDG2P	LOF	0	0	0	
AP3B1	LOF	1	1	0	0	1	G2P_DDG2P	LOF	0	0	0	
AP3B2	LOF	1	1	0	0	1	G2P_DDG2P	LOF	0	0	0	
AP4B1	LOF	1	1	0	0	1	G2P_DDG2P	LOF	0	0	0	
AP4E1	LOF	1	1	0	0	1	G2P_DDG2P	LOF	0	0	0	
AP4M1	LOF	1	1	0	0	1	G2P_DDG2P	LOF	0	0	0	
AP4S1	LOF	1	1	0	0	1	G2P_DDG2P	LOF	0	0	0	
AP5Z1	LOF	1	0	0	0	1	Orphadata	LOF	0	0	0	
APC	LOF	0	0	0	0	0			0	0	0	
APC2	LOF	1	1	0	0	2	G2P_DDG2P;Orphadata	LOF	0	0	0	
APOA1	GOF;LOF	0	0	0	0	0			0	0	0	
APOB	DOMINANT_NEGATIVE	1	1	0	0	1	G2P_DDG2P	DOMINANT_NEGATIVE	0	0	0	
APOBEC3C	GOF	0	0	0	0	0			0	0	0	
APOC2	LOF	1	1	0	0	1	G2P_DDG2P	LOF	0	0	0	
APOC3	LOF	0	0	0	0	0			0	0	0	
APOL1	GOF	0	0	0	0	0			0	0	0	
APPL1	LOF	1	0	0	0	1	Orphadata	LOF	0	0	0	
APRT	LOF	1	0	0	0	1	Orphadata	LOF	0	0	0	
APTX	LOF	1	1	0	0	1	G2P_DDG2P	LOF	0	0	0	
AQP2	GOF	0	0	0	0	0			0	0	0	
AQP4	GOF	0	0	0	0	0			0	0	0	
AQP5	GOF	1	1	0	0	2	G2P_DDG2P;Orphadata	GOF	0	0	0	
AR	DOMINANT_NEGATIVE;GOF;LOF	1	1	0	0	2	G2P_DDG2P	DOMINANT_NEGATIVE;LOF	0	0	0	
ARAF	GOF	0	0	0	0	0			0	0	0	
ARCN1	LOF	1	1	0	0	1	G2P_DDG2P	LOF	0	0	0	
ARF3	DOMINANT_NEGATIVE;GOF	0	0	0	0	0			0	0	0	
ARFGEF1	LOF	1	1	0	0	1	G2P_DDG2P	LOF	0	0	0	
ARFGEF2	LOF	1	1	0	0	1	G2P_DDG2P	LOF	0	0	0	
ARG1	LOF	1	1	0	0	1	G2P_DDG2P	LOF	0	0	0	
ARHGAP24	LOF	1	0	0	0	1	Orphadata	LOF	0	0	0	
ARHGAP31	GOF;LOF	1	1	0	0	2	G2P_DDG2P;Orphadata	GOF;LOF	0	0	0	
ARHGAP35	LOF	0	0	0	0	0			0	0	0	
ARHGDIA	LOF	1	0	0	0	1	Orphadata	LOF	0	0	0	
ARHGEF18	LOF	1	1	0	0	1	G2P_DDG2P	LOF	0	0	0	
ARHGEF26	GOF	0	0	0	0	0			0	0	0	
ARHGEF6	LOF	0	0	0	0	0			0	0	0	
ARHGEF9	LOF	1	1	0	0	2	G2P_DDG2P;Orphadata	LOF	0	0	0	
ARID1A	LOF	1	1	0	0	1	G2P_DDG2P	LOF	0	0	0	
ARID1B	LOF	1	1	0	0	1	G2P_DDG2P	LOF	0	0	0	
ARID2	LOF	1	1	0	0	2	G2P_DDG2P;Orphadata	LOF	0	0	0	
ARL2BP	LOF	1	1	0	0	1	G2P_DDG2P	LOF	0	0	0	
ARL6	LOF	1	1	0	0	1	G2P_DDG2P	LOF	0	0	0	
ARMC12	LOF	0	0	0	0	0			0	0	0	
ARMC9	LOF	1	1	0	0	1	G2P_DDG2P	LOF	0	0	0	
ARNT2	LOF	1	1	0	0	2	G2P_DDG2P;Orphadata	LOF	0	0	0	
ARPC1B	LOF	0	0	0	0	0			0	0	0	
ARSA	LOF	1	1	0	0	4	G2P_DDG2P;Orphadata	LOF	0	0	0	
ARSB	LOF	1	1	0	0	1	G2P_DDG2P	LOF	0	0	0	
ARSL	LOF	1	1	0	0	1	G2P_DDG2P	LOF	0	0	0	
ARX	LOF	1	1	0	0	2	G2P_DDG2P;Orphadata	LOF	0	0	0	
ASAH1	LOF	1	1	0	0	2	G2P_DDG2P	LOF	0	0	0	
ASCC1	LOF	1	1	0	0	1	G2P_DDG2P	LOF	0	0	0	
ASIC2	GOF	0	0	0	0	0			0	0	0	
ASL	LOF	1	1	0	0	2	G2P_DDG2P;Orphadata	LOF	0	0	0	
ASNS	LOF	1	1	0	0	1	G2P_DDG2P	LOF	0	0	0	
ASPA	LOF	1	1	0	0	3	G2P_DDG2P;Orphadata	LOF	0	0	0	
ASPH	LOF	1	1	0	0	1	G2P_DDG2P	LOF	0	0	0	
ASPM	LOF	1	1	0	0	1	G2P_DDG2P	LOF	0	0	0	
ASRGL1	LOF	0	0	0	0	0			0	0	0	
ASS1	LOF	1	1	0	0	1	G2P_DDG2P	LOF	0	0	0	
ASXL1	LOF	1	1	0	0	1	G2P_DDG2P	LOF	0	0	0	
ASXL2	LOF	1	1	0	0	1	G2P_DDG2P	LOF	0	0	0	
ASXL3	LOF	1	1	0	0	2	G2P_DDG2P;Orphadata	LOF	0	0	0	
ATAD3A	DOMINANT_NEGATIVE;LOF	1	1	0	0	1	G2P_DDG2P	DOMINANT_NEGATIVE;LOF	0	0	0	
ATF6	LOF	1	1	0	0	2	G2P_DDG2P;Orphadata	LOF	0	0	0	
ATG12	LOF	0	0	0	0	0			0	0	0	
ATG7	LOF	1	1	0	0	1	G2P_DDG2P	LOF	0	0	0	
ATIC	LOF	1	1	0	0	1	G2P_DDG2P	LOF	0	0	0	
ATL1	GOF	0	0	0	0	0			1	1	1	OMIM:182600
ATM	LOF	1	1	0	0	1	G2P_DDG2P	LOF	0	0	0	
ATN1	GOF	0	0	0	0	0			0	0	0	
ATOH7	LOF	1	1	0	0	1	G2P_DDG2P	LOF	0	0	0	
ATP13A2	GOF;LOF	1	1	0	0	2	G2P_DDG2P;Orphadata	LOF	0	0	0	
ATP1A2	GOF;LOF	1	1	1	1	2	G2P_DDG2P	GOF;LOF	1	0	0	OMIM:602481
ATP1A3	GOF	1	0	0	0	1	Orphadata	GOF	1	0	0	OMIM:128235
ATP2A1	LOF	0	0	0	0	0			0	0	0	
ATP2A2	GOF;LOF	1	1	0	0	2	G2P_DDG2P;Orphadata	LOF	0	0	0	
ATP2B2	GOF	0	0	0	0	0			0	0	0	
ATP2C1	LOF	1	1	0	0	1	G2P_DDG2P	LOF	0	0	0	
ATP6V0A2	LOF	1	1	0	0	3	G2P_DDG2P;Orphadata	LOF	0	0	0	
ATP6V0C	LOF	1	1	0	0	1	G2P_DDG2P	LOF	0	0	0	
ATP6V1B1	LOF	1	1	0	0	1	G2P_DDG2P	LOF	0	0	0	
ATP6V1B2	DOMINANT_NEGATIVE	1	1	0	0	1	G2P_DDG2P	DOMINANT_NEGATIVE	0	0	0	
ATP7A	LOF	1	1	0	0	3	G2P_DDG2P;Orphadata	LOF	0	0	0	
ATP7B	LOF	1	0	0	0	1	Orphadata	LOF	0	0	0	
ATP8A2	LOF	1	1	0	0	1	G2P_DDG2P	LOF	0	0	0	
ATP8B1	LOF	1	1	0	0	1	G2P_DDG2P	LOF	0	0	0	
ATR	LOF	1	1	0	0	1	G2P_DDG2P	LOF	0	0	0	
ATRX	LOF	1	1	0	0	1	G2P_DDG2P	LOF	0	0	0	
ATXN10		0	0	0	0	0			1	0	0	OMIM:603516
ATXN7	DOMINANT_NEGATIVE	1	1	0	0	1	G2P_DDG2P	DOMINANT_NEGATIVE	0	0	0	
ATXN7L3	LOF	0	0	0	0	0			0	0	0	
AUH	LOF	1	1	0	0	2	G2P_DDG2P;Orphadata	LOF	0	0	0	
AURKB	GOF	0	0	0	0	0			0	0	0	
AURKC	LOF	0	0	0	0	0			0	0	0	
AUTS2	LOF	1	1	0	0	1	G2P_DDG2P	LOF	0	0	0	
AVP	LOF	1	0	0	0	1	Orphadata	LOF	0	0	0	
AVPR2	GOF	1	1	0	0	1	GoFCards_exact+ClinVar_VCV	GOF	0	0	0	
B2M	LOF	0	0	0	0	0			0	0	0	
B3GALNT2	LOF	1	1	0	0	3	G2P_DDG2P;Orphadata	LOF	0	0	0	
B3GALT6	LOF	1	1	0	0	2	G2P_DDG2P;Orphadata	LOF	0	0	0	
B3GAT3	LOF	1	1	0	0	1	G2P_DDG2P	LOF	0	0	0	
B3GLCT	LOF	1	1	0	0	1	G2P_DDG2P	LOF	0	0	0	
B4GALT1	LOF	1	1	0	0	1	G2P_DDG2P	LOF	0	0	0	
B4GALT7	LOF	1	1	0	0	1	G2P_DDG2P	LOF	0	0	0	
B4GAT1	LOF	1	0	0	0	1	Orphadata	LOF	0	0	0	
B9D1	LOF	1	1	0	0	1	G2P_DDG2P	LOF	0	0	0	
BAG5	LOF	1	0	0	0	1	Orphadata	LOF	0	0	0	
BANF1	LOF	1	1	0	0	1	G2P_DDG2P	LOF	0	0	0	
BAP1	LOF	1	1	0	0	1	G2P_DDG2P	LOF	0	0	0	
BARD1	LOF	0	0	0	0	0			0	0	0	
BBIP1	LOF	1	1	0	0	1	G2P_DDG2P	LOF	0	0	0	
BBS1	LOF	0	0	0	0	0			0	0	0	
BBS10	LOF	1	1	0	0	1	G2P_DDG2P	LOF	0	0	0	
BBS12	LOF	1	1	0	0	1	G2P_DDG2P	LOF	0	0	0	
BBS2	LOF	1	1	0	0	1	G2P_DDG2P	LOF	0	0	0	
BBS4	LOF	1	1	0	0	1	G2P_DDG2P	LOF	0	0	0	
BBS5	LOF	1	1	0	0	1	G2P_DDG2P	LOF	0	0	0	
BBS7	LOF	1	1	0	0	1	G2P_DDG2P	LOF	0	0	0	
BBS9	LOF	1	1	0	0	1	G2P_DDG2P	LOF	0	0	0	
BCAP31	LOF	1	1	0	0	2	G2P_DDG2P;Orphadata	LOF	0	0	0	
BCAS3	LOF	1	1	0	0	1	G2P_DDG2P	LOF	0	0	0	
BCAT1	GOF	0	0	0	0	0			0	0	0	
BCKDHA	LOF	1	1	0	0	1	G2P_DDG2P	LOF	0	0	0	
BCKDHB	LOF	1	1	0	0	1	G2P_DDG2P	LOF	0	0	0	
BCKDK	GOF;LOF	0	0	0	0	0			0	0	0	
BCL11A	LOF	1	1	0	0	1	G2P_DDG2P	LOF	0	0	0	
BCL11B	LOF	1	1	0	0	1	G2P_DDG2P	LOF	0	0	0	
BCL2	GOF	0	0	0	0	0			0	0	0	
BCO1	LOF	0	0	0	0	0			0	0	0	
BCOR	LOF	1	1	0	0	1	G2P_DDG2P	LOF	0	0	0	
BCORL1	GOF	0	0	0	0	0			0	0	0	
BCS1L	LOF	1	1	0	0	1	G2P_DDG2P	LOF	0	0	0	
BEST1	GOF;LOF	1	1	0	0	2	G2P_DDG2P	LOF	0	0	0	
BFSP1	LOF	1	1	0	0	1	G2P_DDG2P	LOF	0	0	0	
BGN	LOF	1	1	0	0	1	G2P_DDG2P	LOF	0	0	0	
BHLHA9	DOMINANT_NEGATIVE	1	1	0	0	1	G2P_DDG2P	DOMINANT_NEGATIVE	0	0	0	
BICRA	LOF	1	1	0	0	1	G2P_DDG2P	LOF	0	0	0	
BIN1	LOF	1	1	0	0	3	G2P_DDG2P;Orphadata	LOF	0	0	0	
BLM	LOF	1	1	0	0	1	G2P_DDG2P	LOF	0	0	0	
BLOC1S3	LOF	1	1	0	0	1	G2P_DDG2P	LOF	0	0	0	
BLOC1S6	LOF	1	1	0	0	1	G2P_DDG2P	LOF	0	0	0	
BLTP1	LOF	0	0	0	0	0			0	0	0	
BMP2	LOF	1	1	0	0	1	G2P_DDG2P	LOF	0	0	0	
BMP4	LOF	1	1	0	0	1	G2P_DDG2P	LOF	0	0	0	
BMPER	LOF	1	1	0	0	2	G2P_DDG2P;Orphadata	LOF	0	0	0	
BMPR1A	LOF	1	1	0	0	2	G2P_DDG2P;Orphadata	LOF	0	0	0	
BMPR1B	LOF	1	1	0	0	3	G2P_DDG2P;Orphadata	LOF	0	0	0	
BMPR2	LOF	0	0	0	0	0			1	1	1	OMIM:178600
BNC2	LOF	1	1	0	0	1	G2P_DDG2P	LOF	0	0	0	
BOLA3	LOF	1	1	0	0	1	G2P_DDG2P	LOF	0	0	0	
BORCS8	LOF	1	1	0	0	1	G2P_DDG2P	LOF	0	0	0	
BPGM	LOF	0	0	0	0	0			0	0	0	
BPNT2	LOF	1	1	0	0	1	G2P_DDG2P	LOF	0	0	0	
BPTF	LOF	1	1	0	0	1	G2P_DDG2P	LOF	0	0	0	
BRAF	GOF	1	1	0	0	6	G2P_DDG2P;GoFCards_exact+ClinVar_VCV;Orphadata	GOF	0	0	0	
BRAP	GOF	0	0	0	0	0			0	0	0	
BRAT1	LOF	1	1	0	0	1	G2P_DDG2P	LOF	0	0	0	
BRCA1	LOF	1	1	0	0	3	G2P_DDG2P;Orphadata	LOF	0	0	0	
BRCA2	LOF	1	1	0	0	2	G2P_DDG2P;Orphadata	LOF	1	0	0	OMIM:155255
BRD4	LOF	1	1	0	0	1	G2P_DDG2P	LOF	0	0	0	
BRF1	LOF	1	1	0	0	2	G2P_DDG2P;Orphadata	LOF	0	0	0	
BRIP1	LOF	1	1	0	0	1	G2P_DDG2P	LOF	0	0	0	
BRPF1	LOF	0	0	0	0	0			0	0	0	
BRSK2	LOF	0	0	0	0	0			0	0	0	
BRWD3	LOF	1	1	0	0	1	G2P_DDG2P	LOF	0	0	0	
BSCL2	LOF	1	1	0	0	1	G2P_DDG2P	LOF	0	0	0	
BSND	LOF	1	1	0	0	1	G2P_DDG2P	LOF	0	0	0	
BTD	LOF	1	1	0	0	1	G2P_DDG2P	LOF	0	0	0	
BTK	GOF	0	0	0	0	0			0	0	0	
BUB1B	LOF	1	1	0	0	1	G2P_DDG2P	LOF	0	0	0	
C19orf12	LOF	1	1	0	0	1	G2P_DDG2P	LOF	0	0	0	
C1R	GOF;LOF	1	0	0	0	1	Orphadata	GOF	0	0	0	
C1S	GOF	1	0	0	0	1	Orphadata	GOF	0	0	0	
C2	GOF	0	0	0	0	0			0	0	0	
C2CD3	LOF	1	1	0	0	1	G2P_DDG2P	LOF	0	0	0	
C3	GOF;LOF	0	0	0	0	0			0	0	0	
CA2	LOF	1	1	0	0	1	G2P_DDG2P	LOF	0	0	0	
CA4	GOF	0	0	0	0	0			0	0	0	
CA5A	LOF	1	1	0	0	1	G2P_DDG2P	LOF	0	0	0	
CA8	LOF	1	1	0	0	1	G2P_DDG2P	LOF	0	0	0	
CABP2	LOF	1	1	0	0	1	G2P_DDG2P	LOF	0	0	0	
CABP4	LOF	1	1	0	0	1	G2P_DDG2P	LOF	0	0	0	
CACNA1A	GOF;LOF	1	1	1	1	6	GoFCards_exact+ClinVar_VCV;Orphadata	GOF;LOF	1	0	0	OMIM:108500
CACNA1B	GOF;LOF	1	1	0	0	2	G2P_DDG2P;Orphadata	LOF	0	0	0	
CACNA1C	GOF	1	1	0	0	1	G2P_DDG2P	GOF	0	0	0	
CACNA1D	GOF;LOF	1	1	0	0	3	G2P_DDG2P;Orphadata	GOF;LOF	0	0	0	
CACNA1E	GOF	1	1	0	0	1	G2P_DDG2P;GoFCards_exact+ClinVar_VCV	GOF	0	0	0	
CACNA1F	GOF;LOF	1	1	0	0	1	G2P_DDG2P	LOF	0	0	0	
CACNA1G	GOF;LOF	1	1	0	0	1	G2P_DDG2P;GoFCards_exact+ClinVar_VCV	GOF;LOF	0	0	0	
CACNA1H	GOF	0	0	0	0	0			0	0	0	
CACNA1I	GOF	0	0	0	0	0			0	0	0	
CACNA1S		0	0	0	0	0			1	0	0	OMIM:170400
CACNA2D4	LOF	1	1	0	0	1	G2P_DDG2P	LOF	0	0	0	
CACNB4	LOF	0	0	0	0	0			1	1	1	OMIM:613855
CAD	LOF	1	1	0	0	1	G2P_DDG2P	LOF	0	0	0	
CADM1	GOF	0	0	0	0	0			0	0	0	
CAMK2A	LOF	1	1	0	0	1	G2P_DDG2P	LOF	0	0	0	
CAMK2B	GOF;LOF	1	1	0	0	1	G2P_DDG2P	LOF	0	0	0	
CAMK2D	GOF	0	0	0	0	0			0	0	0	
CAMK2G	GOF	0	0	0	0	0			0	0	0	
CAMK4	GOF	0	0	0	0	0			0	0	0	
CAMTA1	LOF	1	1	0	0	2	G2P_DDG2P;Orphadata	LOF	0	0	0	
CANT1	LOF	1	1	0	0	2	G2P_DDG2P;Orphadata	LOF	0	0	0	
CAPN1	LOF	1	0	0	0	1	Orphadata	LOF	0	0	0	
CAPN10	LOF	0	0	0	0	0			0	0	0	
CAPN15	LOF	1	1	0	0	1	G2P_DDG2P	LOF	0	0	0	
CAPN5	GOF	0	0	0	0	0			0	0	0	
CAPRIN1	GOF;LOF	1	1	0	0	1	G2P_DDG2P	LOF	0	0	0	
CARD11	GOF;LOF	0	0	0	0	0			0	0	0	
CARD14	GOF	1	1	0	0	2	G2P_DDG2P;GoFCards_exact+ClinVar_VCV	GOF	0	0	0	
CARD8	LOF	0	0	0	0	0			0	0	0	
CARS1	LOF	1	1	0	0	1	G2P_DDG2P	LOF	0	0	0	
CARS2	LOF	1	1	0	0	1	G2P_DDG2P	LOF	0	0	0	
CASK	LOF	1	1	0	0	2	G2P_DDG2P;Orphadata	LOF	0	0	0	
CASP10	DOMINANT_NEGATIVE	1	1	0	0	1	G2P_DDG2P	DOMINANT_NEGATIVE	0	0	0	
CASP2	LOF	1	1	0	0	1	G2P_DDG2P	LOF	0	0	0	
CASP8	GOF	0	0	0	0	0			0	0	0	
CASQ2	LOF	1	1	0	0	1	G2P_DDG2P	LOF	0	0	0	
CASR	GOF;LOF	1	1	0	0	4	GoFCards_exact+ClinVar_VCV;Orphadata	GOF;LOF	0	0	0	
CAST	LOF	0	0	0	0	0			0	0	0	
CAV1	LOF	1	1	0	0	1	G2P_DDG2P	LOF	1	0	0	OMIM:615343
CAV3	GOF	0	0	0	0	0			0	0	0	
CBL	GOF	1	1	0	0	2	G2P_DDG2P;GoFCards_exact+ClinVar_VCV	GOF	0	0	0	
CBS	LOF	1	1	0	0	1	G2P_DDG2P	LOF	0	0	0	
CBX1	DOMINANT_NEGATIVE	0	0	0	0	0			0	0	0	
CBX2	LOF	1	0	0	0	1	Orphadata	LOF	0	0	0	
CBY1	LOF	1	0	0	0	1	Orphadata	LOF	0	0	0	
CC2D1A	LOF	1	1	0	0	1	G2P_DDG2P	LOF	0	0	0	
CC2D2A	LOF	1	1	0	0	1	G2P_DDG2P	LOF	0	0	0	
CCBE1	LOF	1	1	0	0	1	G2P_DDG2P	LOF	0	0	0	
CCDC22	LOF	1	0	0	0	1	Orphadata	LOF	0	0	0	
CCDC32	LOF	1	1	0	0	1	G2P_DDG2P	LOF	0	0	0	
CCDC39	LOF	1	1	0	0	1	G2P_DDG2P	LOF	0	0	0	
CCDC40	LOF	1	1	0	0	1	G2P_DDG2P	LOF	0	0	0	
CCDC47	LOF	1	1	0	0	1	G2P_DDG2P	LOF	0	0	0	
CCDC65	LOF	1	1	0	0	1	G2P_DDG2P	LOF	0	0	0	
CCDC78	LOF	1	1	0	0	1	G2P_DDG2P	LOF	0	0	0	
CCDC8	LOF	1	1	0	0	1	G2P_DDG2P	LOF	0	0	0	
CCDC88A	LOF	1	1	0	0	1	G2P_DDG2P	LOF	0	0	0	
CCDC88C	GOF;LOF	1	1	0	0	2	G2P_DDG2P;Orphadata	GOF;LOF	0	0	0	
CCL5	GOF	0	0	0	0	0			0	0	0	
CCM2	LOF	1	1	0	0	2	G2P_DDG2P;Orphadata	LOF	1	0	0	OMIM:116860
CCNA2	LOF	0	0	0	0	0			0	0	0	
CCND2	GOF	1	1	0	0	2	G2P_DDG2P;Orphadata	GOF	0	0	0	
CCND3	GOF	0	0	0	0	0			0	0	0	
CCNK	LOF	1	1	0	0	1	G2P_DDG2P	LOF	0	0	0	
CCNO	LOF	1	1	0	0	2	G2P_DDG2P;Orphadata	LOF	0	0	0	
CCNQ	LOF	1	1	0	0	1	G2P_DDG2P	LOF	0	0	0	
CCT3	LOF	1	1	0	0	1	G2P_DDG2P	LOF	0	0	0	
CCT4	LOF	0	0	0	0	0			0	0	0	
CCT5	LOF	0	0	0	0	0			0	0	0	
CCT6A	LOF	0	0	0	0	0			0	0	0	
CD151	LOF	1	1	0	0	1	G2P_DDG2P	LOF	0	0	0	
CD28	GOF	0	0	0	0	0			0	0	0	
CD40	GOF	1	1	0	0	1	GoFCards_exact+ClinVar_VCV	GOF	0	0	0	
CD96	LOF	1	1	0	0	1	G2P_DDG2P	LOF	0	0	0	
CDC14A	LOF	0	0	0	0	0			0	0	0	
CDC42BPB	LOF	1	1	0	0	1	G2P_DDG2P	LOF	0	0	0	
CDC45	LOF	1	1	0	0	2	G2P_DDG2P;Orphadata	LOF	0	0	0	
CDC6	LOF	1	1	0	0	2	G2P_DDG2P;Orphadata	LOF	0	0	0	
CDC73	GOF;LOF	1	1	0	0	2	G2P_DDG2P;Orphadata	GOF;LOF	0	0	0	
CDH1	LOF	1	1	0	0	2	G2P_DDG2P;Orphadata	LOF	0	0	0	
CDH11	LOF	1	1	0	0	2	G2P_DDG2P;Orphadata	LOF	0	0	0	
CDH15	LOF	1	1	0	0	1	G2P_DDG2P	LOF	0	0	0	
CDH23	LOF	1	1	0	0	2	G2P_DDG2P;Orphadata	LOF	1	0	0	OMIM:617540
CDH3	LOF	1	1	0	0	1	G2P_DDG2P	LOF	0	0	0	
CDHR1	LOF	1	1	0	0	1	G2P_DDG2P	LOF	0	0	0	
CDK10	LOF	1	1	0	0	1	G2P_DDG2P	LOF	0	0	0	
CDK16	LOF	0	0	0	0	0			0	0	0	
CDK4	GOF;LOF	0	0	0	0	0			0	0	0	
CDK5RAP2	LOF	1	1	0	0	1	G2P_DDG2P	LOF	0	0	0	
CDKL2	LOF	0	0	0	0	0			0	0	0	
CDKL5	LOF	1	1	0	0	1	G2P_DDG2P	LOF	0	0	0	
CDKN1B	LOF	1	0	0	0	1	Orphadata	LOF	0	0	0	
CDKN1C	GOF;LOF	1	1	0	0	3	G2P_DDG2P;Orphadata	GOF;LOF	0	0	0	
CDKN2A	LOF	0	0	0	0	0			0	0	0	
CDSN	LOF	1	1	0	0	1	G2P_DDG2P	LOF	0	0	0	
CDT1	LOF	1	1	0	0	2	G2P_DDG2P;Orphadata	LOF	0	0	0	
CEBPA	LOF	1	1	0	0	1	G2P_DDG2P	LOF	0	0	0	
CEBPE	GOF;LOF	0	0	0	0	0			0	0	0	
CELA3B	GOF	0	0	0	0	0			0	0	0	
CELF2	LOF	1	1	0	0	1	G2P_DDG2P	LOF	0	0	0	
CELF4	LOF	0	0	0	0	0			0	0	0	
CELSR1	GOF;LOF	0	0	0	0	0			0	0	0	
CELSR3	LOF	0	0	0	0	0			0	0	0	
CENPF	LOF	1	1	0	0	1	G2P_DDG2P	LOF	0	0	0	
CENPJ	LOF	1	1	0	0	1	G2P_DDG2P	LOF	0	0	0	
CEP104	LOF	1	1	0	0	1	G2P_DDG2P	LOF	0	0	0	
CEP120	LOF	0	0	0	0	0			0	0	0	
CEP135	LOF	1	1	0	0	1	G2P_DDG2P	LOF	0	0	0	
CEP152	LOF	1	1	0	0	1	G2P_DDG2P	LOF	0	0	0	
CEP164	LOF	1	1	0	0	1	G2P_DDG2P	LOF	0	0	0	
CEP19	LOF	1	0	0	0	1	Orphadata	LOF	0	0	0	
CEP290	LOF	1	1	0	0	1	G2P_DDG2P	LOF	0	0	0	
CEP41	LOF	1	1	0	0	3	G2P_DDG2P;Orphadata	LOF	0	0	0	
CEP55	LOF	0	0	0	0	0			0	0	0	
CEP57	LOF	1	1	0	0	1	G2P_DDG2P	LOF	0	0	0	
CEP63	LOF	1	1	0	0	1	G2P_DDG2P	LOF	0	0	0	
CEP78	LOF	0	0	0	0	0			0	0	0	
CEP83	LOF	1	1	0	0	1	G2P_DDG2P	LOF	0	0	0	
CEP85L	LOF	1	1	0	0	1	G2P_DDG2P	LOF	0	0	0	
CERKL	LOF	1	1	0	0	1	G2P_DDG2P	LOF	0	0	0	
CERT1	GOF	1	1	0	0	1	G2P_DDG2P	GOF	0	0	0	
CETP	GOF;LOF	0	0	0	0	0			0	0	0	
CFAP298	LOF	1	1	0	0	1	G2P_DDG2P	LOF	0	0	0	
CFAP300	LOF	1	1	0	0	2	G2P_DDG2P;Orphadata	LOF	0	0	0	
CFAP410	LOF	1	1	0	0	1	G2P_DDG2P	LOF	0	0	0	
CFAP418	LOF	1	1	0	0	2	G2P_DDG2P;Orphadata	LOF	0	0	0	
CFAP43	LOF	0	0	0	0	0			0	0	0	
CFAP44	LOF	0	0	0	0	0			0	0	0	
CFB	GOF	0	0	0	0	0			0	0	0	
CFC1	LOF	0	0	0	0	0			1	1	1	OMIM:605376
CFTR	GOF;LOF	1	0	0	0	1	Orphadata	LOF	0	0	0	
CHAMP1	LOF	1	1	0	0	1	G2P_DDG2P	LOF	0	0	0	
CHAT	LOF	0	0	0	0	0			0	0	0	
CHCHD10	GOF	1	1	0	0	1	GoFCards_exact+ClinVar_VCV	GOF	0	0	0	
CHD1	LOF	1	1	0	0	1	G2P_DDG2P	LOF	0	0	0	
CHD2	LOF	1	1	0	0	1	G2P_DDG2P	LOF	0	0	0	
CHD4	LOF	1	1	0	0	1	G2P_DDG2P	LOF	0	0	0	
CHD5	LOF	1	1	0	0	1	G2P_DDG2P	LOF	0	0	0	
CHD6	LOF	1	0	0	0	1	Orphadata	LOF	0	0	0	
CHD7	LOF	1	1	0	0	1	G2P_DDG2P	LOF	0	0	0	
CHD8	LOF	0	0	0	0	0			0	0	0	
CHEK2	LOF	1	1	0	0	1	G2P_DDG2P	LOF	0	0	0	
CHM	LOF	1	1	0	0	1	G2P_DDG2P	LOF	0	0	0	
CHMP1A	LOF	1	1	0	0	1	G2P_DDG2P	LOF	0	0	0	
CHMP4B	GOF	0	0	0	0	0			0	0	0	
CHN1	GOF	1	1	0	0	1	G2P_DDG2P	GOF	0	0	0	
CHRDL1	LOF	1	1	0	0	1	G2P_DDG2P	LOF	0	0	0	
CHRM3	LOF	1	0	0	0	1	Orphadata	LOF	0	0	0	
CHRNA1	GOF;LOF	1	1	0	0	1	G2P_DDG2P	LOF	0	0	0	
CHRNA2	GOF	0	0	0	0	0			1	1	1	OMIM:610353
CHRNA3	LOF	1	1	0	0	1	G2P_DDG2P	LOF	0	0	0	
CHRNA4	GOF	1	1	1	1	1	G2P_DDG2P;GoFCards_exact+ClinVar_VCV	GOF	1	0	0	OMIM:600513
CHRNA7	GOF	0	0	0	0	0			1	1	1	OMIM:612001
CHRNB1	GOF;LOF	1	1	0	0	1	G2P_DDG2P	GOF;LOF	0	0	0	
CHRNB2	GOF	1	1	0	0	1	G2P_DDG2P	GOF	0	0	0	
CHRNB4	GOF	0	0	0	0	0			0	0	0	
CHRND	GOF;LOF	0	0	0	0	0			0	0	0	
CHRNE	GOF;LOF	0	0	0	0	0			0	0	0	
CHRNG	LOF	1	1	0	0	1	G2P_DDG2P	LOF	0	0	0	
CHST14	LOF	1	1	0	0	2	G2P_DDG2P;Orphadata	LOF	0	0	0	
CHST3	LOF	1	1	0	0	1	G2P_DDG2P	LOF	0	0	0	
CHST6	LOF	1	0	0	0	1	Orphadata	LOF	0	0	0	
CHST8	LOF	0	0	0	0	0			0	0	0	
CHSY1	LOF	1	1	0	0	2	G2P_DDG2P;Orphadata	LOF	0	0	0	
CHUK	LOF	1	1	0	0	1	G2P_DDG2P	LOF	0	0	0	
CIAO1	LOF	0	0	0	0	0			0	0	0	
CIB2	LOF	0	0	0	0	0			0	0	0	
CIC	LOF	1	1	0	0	1	G2P_DDG2P	LOF	0	0	0	
CIDEC	LOF	1	0	0	0	1	Orphadata	LOF	0	0	0	
CISD2	LOF	1	1	0	0	1	G2P_DDG2P	LOF	0	0	0	
CITED2	GOF	0	0	0	0	0			0	0	0	
CKAP2L	LOF	1	1	0	0	2	G2P_DDG2P;Orphadata	LOF	0	0	0	
CLCN1	LOF	1	0	0	0	1	Orphadata	LOF	0	0	0	
CLCN2	GOF;LOF	1	1	0	0	1	G2P_DDG2P	LOF	1	0	0	OMIM:605635
CLCN3	GOF;LOF	1	1	0	0	1	G2P_DDG2P	LOF	0	0	0	
CLCN5	LOF	0	0	0	0	0			0	0	0	
CLCN6	GOF	0	0	0	0	0			0	0	0	
CLCN7	GOF;LOF	1	1	0	0	1	G2P_DDG2P	LOF	0	0	0	
CLCNKA	LOF	1	0	0	0	1	Orphadata	LOF	0	0	0	
CLCNKB	GOF;LOF	1	0	0	0	2	Orphadata	LOF	0	0	0	
CLDN1	LOF	1	1	0	0	2	G2P_DDG2P;Orphadata	LOF	0	0	0	
CLDN14	LOF	1	1	0	0	1	G2P_DDG2P	LOF	0	0	0	
CLDN16	LOF	0	0	0	0	0			0	0	0	
CLDN2	GOF	0	0	0	0	0			0	0	0	
CLIP1	LOF	0	0	0	0	0			0	0	0	
CLMP	LOF	1	1	0	0	2	G2P_DDG2P;Orphadata	LOF	0	0	0	
CLN3	LOF	1	1	0	0	1	G2P_DDG2P	LOF	0	0	0	
CLN5	LOF	1	1	0	0	1	G2P_DDG2P	LOF	0	0	0	
CLN6	LOF	1	1	0	0	1	G2P_DDG2P	LOF	0	0	0	
CLN8	LOF	1	1	0	0	1	G2P_DDG2P	LOF	0	0	0	
CLP1	LOF	1	0	0	0	1	Orphadata	LOF	0	0	0	
CLPB	LOF	1	1	0	0	3	G2P_DDG2P;Orphadata	LOF	0	0	0	
CLRN1	LOF	1	1	0	0	1	G2P_DDG2P	LOF	0	0	0	
CLTC	LOF	1	1	0	0	1	G2P_DDG2P	LOF	0	0	0	
CLUAP1	LOF	0	0	0	0	0			0	0	0	
CMPK2	LOF	1	0	0	0	1	Orphadata	LOF	0	0	0	
CNBP	DOMINANT_NEGATIVE	1	1	0	0	1	G2P_DDG2P	DOMINANT_NEGATIVE	0	0	0	
CNGA1	LOF	1	1	0	0	1	G2P_DDG2P	LOF	0	0	0	
CNGA3	GOF	1	1	0	0	1	G2P_DDG2P	GOF	0	0	0	
CNGB1	LOF	1	1	0	0	1	G2P_DDG2P	LOF	0	0	0	
CNGB3	GOF;LOF	1	1	0	0	1	G2P_DDG2P	GOF;LOF	0	0	0	
CNKSR1	LOF	0	0	0	0	0			0	0	0	
CNKSR2	LOF	1	1	0	0	1	G2P_DDG2P	LOF	0	0	0	
CNNM2	LOF	1	1	0	0	1	G2P_DDG2P	LOF	0	0	0	
CNNM4	LOF	1	1	0	0	2	G2P_DDG2P;Orphadata	LOF	0	0	0	
CNOT2	LOF	1	1	0	0	1	G2P_DDG2P	LOF	0	0	0	
CNOT3	LOF	1	1	0	0	1	G2P_DDG2P	LOF	0	0	0	
CNOT9	LOF	0	0	0	0	0			0	0	0	
CNPY3	LOF	0	0	0	0	0			0	0	0	
CNTNAP1	LOF	1	1	0	0	1	G2P_DDG2P	LOF	0	0	0	
CNTNAP2	LOF	1	1	0	0	1	G2P_DDG2P	LOF	0	0	0	
COA5	LOF	1	1	0	0	1	G2P_DDG2P	LOF	0	0	0	
COA8	LOF	1	1	0	0	1	G2P_DDG2P	LOF	0	0	0	
COASY	LOF	1	1	0	0	1	G2P_DDG2P	LOF	0	0	0	
COG1	LOF	1	1	0	0	1	G2P_DDG2P	LOF	0	0	0	
COG2	LOF	1	0	0	0	1	Orphadata	LOF	0	0	0	
COG4	GOF;LOF	1	1	0	0	2	G2P_DDG2P	GOF;LOF	0	0	0	
COG5	LOF	1	1	0	0	1	G2P_DDG2P	LOF	0	0	0	
COG7	LOF	1	1	0	0	1	G2P_DDG2P	LOF	0	0	0	
COG8	LOF	1	1	0	0	1	G2P_DDG2P	LOF	0	0	0	
COL10A1	DOMINANT_NEGATIVE;GOF	1	1	0	0	1	G2P_DDG2P	DOMINANT_NEGATIVE	0	0	0	
COL11A1	DOMINANT_NEGATIVE;LOF	1	1	0	0	3	G2P_DDG2P;Orphadata	DOMINANT_NEGATIVE;LOF	0	0	0	
COL11A2	DOMINANT_NEGATIVE;LOF	1	1	0	0	3	G2P_DDG2P;Orphadata	DOMINANT_NEGATIVE;LOF	0	0	0	
COL12A1	GOF;LOF	1	0	0	0	2	Orphadata	GOF;LOF	0	0	0	
COL13A1	LOF	1	1	0	0	1	G2P_DDG2P	LOF	0	0	0	
COL17A1	GOF;LOF	1	1	0	0	2	G2P_DDG2P;Orphadata	GOF;LOF	0	0	0	
COL18A1	LOF	1	1	0	0	1	G2P_DDG2P	LOF	0	0	0	
COL1A1	DOMINANT_NEGATIVE	1	1	0	0	3	G2P_DDG2P	DOMINANT_NEGATIVE	0	0	0	
COL1A2	DOMINANT_NEGATIVE;LOF	1	1	0	0	2	G2P_DDG2P	DOMINANT_NEGATIVE;LOF	0	0	0	
COL25A1	LOF	1	1	0	0	1	G2P_DDG2P	LOF	0	0	0	
COL27A1	LOF	1	1	0	0	1	G2P_DDG2P	LOF	0	0	0	
COL2A1	DOMINANT_NEGATIVE;LOF	1	1	0	0	4	G2P_DDG2P	DOMINANT_NEGATIVE;LOF	0	0	0	
COL3A1	DOMINANT_NEGATIVE	1	1	0	0	1	G2P_DDG2P	DOMINANT_NEGATIVE	0	0	0	
COL4A1	DOMINANT_NEGATIVE	1	1	1	1	1	G2P_DDG2P	DOMINANT_NEGATIVE	1	0	0	OMIM:175780
COL4A2	DOMINANT_NEGATIVE;GOF	1	1	1	1	1	G2P_DDG2P	DOMINANT_NEGATIVE	1	0	0	OMIM:614483
COL4A3	LOF	1	1	0	0	1	G2P_DDG2P	LOF	0	0	0	
COL4A4	LOF	1	1	0	0	1	G2P_DDG2P	LOF	0	0	0	
COL4A5	LOF	0	0	0	0	0			0	0	0	
COL5A1	LOF	0	0	0	0	0			0	0	0	
COL5A2	DOMINANT_NEGATIVE	0	0	0	0	0			0	0	0	
COL6A2	DOMINANT_NEGATIVE;LOF	1	1	0	0	1	G2P_DDG2P	DOMINANT_NEGATIVE;LOF	0	0	0	
COL6A3	LOF	1	1	0	0	1	G2P_DDG2P	LOF	0	0	0	
COL7A1	DOMINANT_NEGATIVE;LOF	1	1	0	0	11	G2P_DDG2P;Orphadata	DOMINANT_NEGATIVE;LOF	0	0	0	
COL9A1	DOMINANT_NEGATIVE;LOF	1	1	0	0	2	G2P_DDG2P	DOMINANT_NEGATIVE;LOF	0	0	0	
COL9A2	DOMINANT_NEGATIVE;LOF	1	1	0	0	2	G2P_DDG2P	DOMINANT_NEGATIVE;LOF	0	0	0	
COL9A3	DOMINANT_NEGATIVE;LOF	1	1	0	0	2	G2P_DDG2P	DOMINANT_NEGATIVE;LOF	0	0	0	
COLEC10	LOF	1	1	0	0	1	G2P_DDG2P	LOF	0	0	0	
COLEC11	LOF	1	1	0	0	2	G2P_DDG2P;Orphadata	LOF	0	0	0	
COMP	DOMINANT_NEGATIVE	1	1	0	0	1	G2P_DDG2P	DOMINANT_NEGATIVE	0	0	0	
COPB2	LOF	1	1	0	0	1	G2P_DDG2P	LOF	0	0	0	
COQ2	LOF	1	1	0	0	1	G2P_DDG2P	LOF	0	0	0	
COQ4	LOF	1	1	0	0	1	G2P_DDG2P	LOF	0	0	0	
COQ7	LOF	0	0	0	0	0			0	0	0	
COQ8A	LOF	1	1	0	0	1	G2P_DDG2P	LOF	0	0	0	
COQ8B	LOF	1	0	0	0	1	Orphadata	LOF	0	0	0	
COQ9	LOF	1	1	0	0	1	G2P_DDG2P	LOF	0	0	0	
COX14	LOF	1	1	0	0	1	G2P_DDG2P	LOF	0	0	0	
COX15	LOF	1	1	0	0	1	G2P_DDG2P	LOF	0	0	0	
COX16	LOF	1	1	0	0	1	G2P_DDG2P	LOF	0	0	0	
COX18	LOF	0	0	0	0	0			0	0	0	
COX5A	LOF	0	0	0	0	0			0	0	0	
COX6A1	LOF	0	0	0	0	0			0	0	0	
COX6B1	LOF	1	1	0	0	1	G2P_DDG2P	LOF	0	0	0	
COX7B	LOF	1	1	0	0	1	G2P_DDG2P	LOF	0	0	0	
COX8A	LOF	0	0	0	0	0			0	0	0	
CP	LOF	1	0	0	0	1	Orphadata	LOF	0	0	0	
CPA6	GOF;LOF	1	0	0	0	1	Orphadata	LOF	0	0	0	
CPAMD8	LOF	1	1	0	0	1	G2P_DDG2P	LOF	0	0	0	
CPLANE1	LOF	1	1	0	0	1	G2P_DDG2P	LOF	0	0	0	
CPN1	LOF	1	1	0	0	1	G2P_DDG2P	LOF	0	0	0	
CPOX		0	0	0	0	0			1	0	0	OMIM:121300
CPS1	LOF	1	1	0	0	2	G2P_DDG2P;Orphadata	LOF	0	0	0	
CPT1A	LOF	1	0	0	0	1	Orphadata	LOF	0	0	0	
CRADD	LOF	1	1	0	0	1	G2P_DDG2P	LOF	0	0	0	
CRB1	LOF	1	1	0	0	2	G2P_DDG2P	LOF	0	0	0	
CRB2	LOF	1	1	0	0	2	G2P_DDG2P;Orphadata	LOF	0	0	0	
CRBN	LOF	1	1	0	0	1	G2P_DDG2P	LOF	0	0	0	
CREB1	GOF	0	0	0	0	0			0	0	0	
CREBBP	LOF	1	1	0	0	1	G2P_DDG2P	LOF	0	0	0	
CRELD1	GOF;LOF	0	0	0	0	0			0	0	0	
CRIM1	LOF	0	0	0	0	0			0	0	0	
CRLF1	LOF	1	1	0	0	1	G2P_DDG2P	LOF	0	0	0	
CRLF2	GOF	0	0	0	0	0			0	0	0	
CRPPA	LOF	1	1	0	0	4	G2P_DDG2P;Orphadata	LOF	0	0	0	
CRX	LOF	1	1	0	0	1	G2P_DDG2P	LOF	0	0	0	
CRY1	GOF	0	0	0	0	0			0	0	0	
CRYAA	GOF;LOF	1	1	0	0	1	G2P_DDG2P;GoFCards_exact+ClinVar_VCV	GOF;LOF	0	0	0	
CRYAB	DOMINANT_NEGATIVE;GOF;LOF	1	1	0	0	1	G2P_DDG2P	DOMINANT_NEGATIVE;LOF	0	0	0	
CRYBA1	LOF	1	1	0	0	1	G2P_DDG2P	LOF	0	0	0	
CRYBA4	LOF	1	1	0	0	1	G2P_DDG2P	LOF	0	0	0	
CRYBB1	LOF	1	1	0	0	1	G2P_DDG2P	LOF	0	0	0	
CRYBB2	LOF	1	1	0	0	1	G2P_DDG2P	LOF	0	0	0	
CRYGC	LOF	1	1	0	0	1	G2P_DDG2P	LOF	0	0	0	
CRYGD	LOF	1	1	0	0	1	G2P_DDG2P	LOF	0	0	0	
CRYGS	LOF	1	1	0	0	1	G2P_DDG2P	LOF	0	0	0	
CSDE1	LOF	0	0	0	0	0			0	0	0	
CSF1R	GOF;LOF	1	1	0	0	1	G2P_DDG2P	LOF	0	0	0	
CSF2	GOF	0	0	0	0	0			0	0	0	
CSF3R	GOF;LOF	0	0	0	0	0			0	0	0	
CSNK2A1	GOF	1	1	0	0	1	G2P_DDG2P	GOF	0	0	0	
CSNK2B	LOF	1	1	0	0	1	G2P_DDG2P	LOF	0	0	0	
CSPP1	LOF	1	1	0	0	3	G2P_DDG2P;Orphadata	LOF	0	0	0	
CSRP3	LOF	1	1	0	0	1	G2P_DDG2P	LOF	0	0	0	
CSTA	LOF	1	1	0	0	1	G2P_DDG2P	LOF	0	0	0	
CSTB	LOF	1	1	0	0	1	G2P_DDG2P	LOF	0	0	0	
CTBP1	LOF	1	1	0	0	1	G2P_DDG2P	LOF	0	0	0	
CTC1	LOF	1	1	0	0	2	G2P_DDG2P	LOF	0	0	0	
CTCF	GOF;LOF	1	1	0	0	1	G2P_DDG2P	LOF	0	0	0	
CTDP1	LOF	1	1	0	0	2	G2P_DDG2P;Orphadata	LOF	0	0	0	
CTH	LOF	1	0	0	0	1	Orphadata	LOF	0	0	0	
CTLA4		0	0	0	0	0			1	0	0	OMIM:616100
CTNNA2	LOF	1	1	0	0	1	G2P_DDG2P	LOF	0	0	0	
CTNNB1	GOF;LOF	1	1	0	0	4	G2P_DDG2P;Orphadata	GOF;LOF	1	0	0	OMIM:155255
CTNND1	LOF	1	1	0	0	2	G2P_DDG2P;Orphadata	LOF	0	0	0	
CTNND2	LOF	0	0	0	0	0			0	0	0	
CTNS	LOF	1	1	0	0	1	G2P_DDG2P	LOF	0	0	0	
CTPS1	LOF	0	0	0	0	0			0	0	0	
CTR9	DOMINANT_NEGATIVE;LOF	0	0	0	0	0			0	0	0	
CTSA	LOF	1	1	0	0	1	G2P_DDG2P	LOF	0	0	0	
CTSC	LOF	1	1	0	0	2	G2P_DDG2P;Orphadata	LOF	0	0	0	
CTSD	LOF	1	1	0	0	1	G2P_DDG2P	LOF	0	0	0	
CTSK	LOF	1	1	0	0	2	G2P_DDG2P;Orphadata	LOF	0	0	0	
CTU2	LOF	1	1	0	0	1	G2P_DDG2P	LOF	0	0	0	
CUL3	LOF	1	1	0	0	1	G2P_DDG2P	LOF	0	0	0	
CUL4B	LOF	1	1	0	0	1	G2P_DDG2P	LOF	0	0	0	
CUL7	LOF	1	1	0	0	1	G2P_DDG2P	LOF	0	0	0	
CUX1	LOF	1	1	0	0	1	G2P_DDG2P	LOF	0	0	0	
CWC27	LOF	1	1	0	0	1	G2P_DDG2P	LOF	0	0	0	
CXCR4	DOMINANT_NEGATIVE;GOF	1	1	0	0	2	G2P_DDG2P;GoFCards_exact+ClinVar_VCV;Orphadata	DOMINANT_NEGATIVE;GOF	0	0	0	
CYB5R3	LOF	1	1	0	0	1	G2P_DDG2P	LOF	0	0	0	
CYBA	LOF	1	1	0	0	1	G2P_DDG2P	LOF	0	0	0	
CYBB	LOF	1	1	0	0	1	G2P_DDG2P	LOF	0	0	0	
CYBC1	LOF	1	0	0	0	1	Orphadata	LOF	0	0	0	
CYCS	GOF	0	0	0	0	0			0	0	0	
CYFIP2	GOF	1	1	0	0	1	GoFCards_exact+ClinVar_VCV	GOF	0	0	0	
CYLD	LOF	1	1	0	0	1	G2P_DDG2P	LOF	0	0	0	
CYP11A1	LOF	1	0	0	0	2	Orphadata	LOF	0	0	0	
CYP19A1	GOF;LOF	1	0	0	0	2	Orphadata	GOF;LOF	0	0	0	
CYP24A1	LOF	1	1	0	0	1	G2P_DDG2P	LOF	0	0	0	
CYP26B1	LOF	0	0	0	0	0			0	0	0	
CYP26C1	LOF	1	0	0	0	1	Orphadata	LOF	0	0	0	
CYP27A1	LOF	1	1	0	0	1	G2P_DDG2P	LOF	0	0	0	
CYP2C19	GOF	0	0	0	0	0			0	0	0	
CYP2U1	LOF	1	1	0	0	1	G2P_DDG2P	LOF	0	0	0	
CYP3A4	GOF	0	0	0	0	0			0	0	0	
CYP4V2	LOF	1	1	0	0	1	G2P_DDG2P	LOF	0	0	0	
D2HGDH	LOF	1	1	0	0	1	G2P_DDG2P	LOF	0	0	0	
DACT1	LOF	1	1	0	0	2	G2P_DDG2P;Orphadata	LOF	0	0	0	
DAG1	LOF	1	1	0	0	2	G2P_DDG2P;Orphadata	LOF	0	0	0	
DALRD3	LOF	1	0	0	0	1	Orphadata	LOF	0	0	0	
DARS2	LOF	1	1	0	0	1	G2P_DDG2P	LOF	0	0	0	
DBT	LOF	1	1	0	0	1	G2P_DDG2P	LOF	0	0	0	
DCAF17	LOF	1	1	0	0	1	G2P_DDG2P	LOF	0	0	0	
DCC	LOF	1	1	0	0	2	G2P_DDG2P;Orphadata	LOF	1	0	0	OMIM:157600
DCDC2	LOF	1	1	0	0	1	G2P_DDG2P	LOF	0	0	0	
DCHS1	LOF	1	1	0	0	1	G2P_DDG2P	LOF	0	0	0	
DCLRE1C	LOF	1	1	0	0	1	G2P_DDG2P	LOF	0	0	0	
DCN	DOMINANT_NEGATIVE	1	1	0	0	1	G2P_DDG2P	DOMINANT_NEGATIVE	0	0	0	
DCX	LOF	1	1	1	1	1	G2P_DDG2P	LOF	1	0	0	OMIM:300067
DDB2	LOF	1	1	0	0	1	G2P_DDG2P	LOF	0	0	0	
DDC	LOF	1	1	0	0	1	G2P_DDG2P	LOF	0	0	0	
DDHD1	LOF	1	1	0	0	1	G2P_DDG2P	LOF	0	0	0	
DDHD2	LOF	1	1	0	0	1	G2P_DDG2P	LOF	0	0	0	
DDOST	LOF	1	1	0	0	1	G2P_DDG2P	LOF	0	0	0	
DDR2	GOF	0	0	0	0	0			0	0	0	
DDRGK1	LOF	1	0	0	0	1	Orphadata	LOF	0	0	0	
DDX11	LOF	1	1	0	0	1	G2P_DDG2P	LOF	0	0	0	
DDX17	LOF	0	0	0	0	0			0	0	0	
DDX3X	LOF	1	1	0	0	3	G2P_DDG2P;Orphadata	LOF	0	0	0	
DDX41	LOF	0	0	0	0	0			0	0	0	
DEAF1	DOMINANT_NEGATIVE;LOF	1	1	0	0	2	G2P_DDG2P	DOMINANT_NEGATIVE;LOF	0	0	0	
DEGS1	LOF	1	1	0	0	1	G2P_DDG2P	LOF	0	0	0	
DENND5A	LOF	1	1	0	0	1	G2P_DDG2P	LOF	0	0	0	
DENND5B	LOF	0	0	0	0	0			0	0	0	
DEPDC5	LOF	1	1	1	1	3	G2P_DDG2P;Orphadata	LOF	1	0	0	OMIM:604364
DGAT1	LOF	1	1	0	0	1	G2P_DDG2P	LOF	0	0	0	
DGKE	LOF	0	0	0	0	0			0	0	0	
DHCR24	LOF	1	1	0	0	1	G2P_DDG2P	LOF	0	0	0	
DHCR7	LOF	1	1	0	0	2	G2P_DDG2P;Orphadata	LOF	0	0	0	
DHODH	LOF	1	1	0	0	2	G2P_DDG2P;Orphadata	LOF	0	0	0	
DHTKD1	LOF	1	1	0	0	1	G2P_DDG2P	LOF	0	0	0	
DHX32	LOF	0	0	0	0	0			0	0	0	
DHX58	GOF	0	0	0	0	0			0	0	0	
DHX9	LOF	1	1	0	0	1	G2P_DDG2P	LOF	0	0	0	
DIAPH1	GOF;LOF	1	1	0	0	3	GoFCards_exact+ClinVar_VCV;Orphadata	GOF;LOF	0	0	0	
DICER1	LOF	0	0	0	0	0			0	0	0	
DIP2C	LOF	0	0	0	0	0			0	0	0	
DIS3L2	LOF	1	1	0	0	1	G2P_DDG2P	LOF	0	0	0	
DISP1	LOF	0	0	0	0	0			0	0	0	
DKC1	LOF	1	1	0	0	1	G2P_DDG2P	LOF	0	0	0	
DLAT	LOF	1	1	0	0	2	G2P_DDG2P;Orphadata	LOF	0	0	0	
DLD	LOF	1	1	0	0	2	G2P_DDG2P;Orphadata	LOF	0	0	0	
DLG1	GOF	0	0	0	0	0			0	0	0	
DLG3	LOF	1	1	0	0	1	G2P_DDG2P	LOF	0	0	0	
DLG4	LOF	1	1	0	0	1	G2P_DDG2P	LOF	0	0	0	
DLG5	LOF	1	1	0	0	1	G2P_DDG2P	LOF	0	0	0	
DLL1	LOF	1	1	0	0	1	G2P_DDG2P	LOF	0	0	0	
DLL3	LOF	1	1	0	0	1	G2P_DDG2P	LOF	0	0	0	
DLL4	LOF	1	1	0	0	3	G2P_DDG2P;Orphadata	LOF	0	0	0	
DLST		0	0	0	0	0			1	0	0	OMIM:618475
DLX3	LOF	1	0	0	0	1	Orphadata	LOF	0	0	0	
DLX5		0	0	0	0	0			1	0	0	OMIM:183600
DMD	LOF	1	1	0	0	1	G2P_DDG2P	LOF	0	0	0	
DMP1	LOF	1	1	0	0	1	G2P_DDG2P	LOF	0	0	0	
DMPK	DOMINANT_NEGATIVE	1	1	0	0	1	G2P_DDG2P	DOMINANT_NEGATIVE	0	0	0	
DMRT1	GOF	0	0	0	0	0			0	0	0	
DNAAF11	LOF	1	1	0	0	2	G2P_DDG2P;Orphadata	LOF	0	0	0	
DNAAF19	LOF	1	1	0	0	1	G2P_DDG2P	LOF	0	0	0	
DNAAF3	LOF	1	1	0	0	1	G2P_DDG2P	LOF	0	0	0	
DNAAF4	LOF	1	1	0	0	2	G2P_DDG2P;Orphadata	LOF	0	0	0	
DNAAF6	LOF	1	1	0	0	2	G2P_DDG2P;Orphadata	LOF	0	0	0	
DNAH5	LOF	1	1	0	0	1	G2P_DDG2P	LOF	0	0	0	
DNAH9	LOF	1	1	0	0	2	G2P_DDG2P;Orphadata	LOF	0	0	0	
DNAJB11	LOF	1	0	0	0	1	Orphadata	LOF	0	0	0	
DNAJB13	LOF	1	1	0	0	2	G2P_DDG2P;Orphadata	LOF	0	0	0	
DNAJB2	LOF	0	0	0	0	0			0	0	0	
DNAJC12	LOF	1	1	0	0	1	G2P_DDG2P	LOF	0	0	0	
DNAJC13	GOF	1	0	0	0	1	Orphadata	GOF	0	0	0	
DNAJC3	LOF	1	0	0	0	1	Orphadata	LOF	0	0	0	
DNAJC30	LOF	1	0	0	0	1	Orphadata	LOF	0	0	0	
DNAJC6	LOF	1	0	0	0	1	Orphadata	LOF	0	0	0	
DNASE1L3	LOF	1	0	0	0	1	Orphadata	LOF	0	0	0	
DNM1	DOMINANT_NEGATIVE;LOF	1	1	0	0	1	G2P_DDG2P	DOMINANT_NEGATIVE;LOF	0	0	0	
DNM1L	DOMINANT_NEGATIVE;GOF	1	1	0	0	2	G2P_DDG2P;Orphadata	DOMINANT_NEGATIVE;GOF	0	0	0	
DNM2	GOF	0	0	0	0	0			0	0	0	
DNMBP	LOF	0	0	0	0	0			0	0	0	
DNMT3A	GOF;LOF	1	1	0	0	3	G2P_DDG2P;Orphadata	GOF;LOF	0	0	0	
DNMT3B	LOF	1	1	0	0	1	G2P_DDG2P	LOF	0	0	0	
DOCK11	LOF	0	0	0	0	0			0	0	0	
DOCK2	LOF	1	1	0	0	1	G2P_DDG2P	LOF	0	0	0	
DOCK3	LOF	1	1	0	0	1	G2P_DDG2P	LOF	0	0	0	
DOCK4	LOF	0	0	0	0	0			0	0	0	
DOCK6	LOF	1	1	0	0	2	G2P_DDG2P;Orphadata	LOF	0	0	0	
DOCK7	LOF	1	1	0	0	2	G2P_DDG2P;Orphadata	LOF	0	0	0	
DOCK8	LOF	1	1	0	0	1	G2P_DDG2P	LOF	0	0	0	
DOK7	LOF	1	0	0	0	1	Orphadata	LOF	0	0	0	
DOLK	LOF	1	1	0	0	2	G2P_DDG2P;Orphadata	LOF	0	0	0	
DONSON	LOF	0	0	0	0	0			0	0	0	
DOT1L	GOF	0	0	0	0	0			0	0	0	
DPAGT1	LOF	1	1	0	0	2	G2P_DDG2P;Orphadata	LOF	0	0	0	
DPF2	DOMINANT_NEGATIVE	1	1	0	0	1	G2P_DDG2P	DOMINANT_NEGATIVE	0	0	0	
DPM1	LOF	1	1	0	0	1	G2P_DDG2P	LOF	0	0	0	
DPM3	LOF	1	1	0	0	1	G2P_DDG2P	LOF	0	0	0	
DPP6	GOF;LOF	1	0	0	0	1	Orphadata	LOF	0	0	0	
DPYD	LOF	1	1	0	0	1	G2P_DDG2P	LOF	0	0	0	
DPYS	LOF	1	0	0	0	1	Orphadata	LOF	0	0	0	
DPYSL5	LOF	0	0	0	0	0			0	0	0	
DRAM2	LOF	1	1	0	0	2	G2P_DDG2P;Orphadata	LOF	0	0	0	
DRC1	LOF	1	1	0	0	2	G2P_DDG2P;Orphadata	LOF	0	0	0	
DRD2	GOF	0	0	0	0	0			0	0	0	
DRG1	LOF	1	1	0	0	1	G2P_DDG2P	LOF	0	0	0	
DSE	LOF	1	1	0	0	2	G2P_DDG2P;Orphadata	LOF	0	0	0	
DSG1	LOF	1	1	0	0	2	G2P_DDG2P	LOF	0	0	0	
DSG2	GOF	1	1	0	0	2	GoFCards_exact+ClinVar_VCV	GOF	0	0	0	
DSG4	LOF	1	1	0	0	1	G2P_DDG2P	LOF	0	0	0	
DSP	LOF	1	1	0	0	2	G2P_DDG2P	LOF	0	0	0	
DSPP	LOF	1	1	0	0	1	G2P_DDG2P	LOF	0	0	0	
DSTYK	LOF	1	1	0	0	1	G2P_DDG2P	LOF	0	0	0	
DTHD1	LOF	0	0	0	0	0			0	0	0	
DTNBP1	LOF	1	1	0	0	1	G2P_DDG2P	LOF	0	0	0	
DUOX2	LOF	1	0	0	0	1	Orphadata	LOF	0	0	0	
DVL1	GOF	1	1	0	0	1	G2P_DDG2P	GOF	0	0	0	
DVL3	DOMINANT_NEGATIVE	1	1	0	0	1	G2P_DDG2P	DOMINANT_NEGATIVE	0	0	0	
DYM	LOF	1	1	0	0	2	G2P_DDG2P;Orphadata	LOF	0	0	0	
DYNC1I2	LOF	1	1	0	0	1	G2P_DDG2P	LOF	0	0	0	
DYNC2H1	LOF	1	1	0	0	1	G2P_DDG2P	LOF	0	0	0	
DYNC2I1	LOF	1	1	0	0	1	G2P_DDG2P	LOF	0	0	0	
DYRK1A	LOF	1	1	0	0	2	G2P_DDG2P;Orphadata	LOF	0	0	0	
DYRK1B	GOF	0	0	0	0	0			0	0	0	
DZIP1L	LOF	1	0	0	0	1	Orphadata	LOF	0	0	0	
EBF3	LOF	1	1	0	0	1	G2P_DDG2P	LOF	0	0	0	
EBP	LOF	1	1	0	0	2	G2P_DDG2P;Orphadata	LOF	0	0	0	
ECEL1	LOF	1	1	0	0	1	G2P_DDG2P	LOF	0	0	0	
ECHS1	LOF	1	1	0	0	1	G2P_DDG2P	LOF	0	0	0	
ECM1	LOF	1	1	0	0	2	G2P_DDG2P;Orphadata	LOF	0	0	0	
EDA	LOF	1	1	0	0	1	G2P_DDG2P	LOF	0	0	0	
EDAR	LOF	1	1	0	0	1	G2P_DDG2P	LOF	0	0	0	
EDEM3	LOF	1	1	0	0	1	G2P_DDG2P	LOF	0	0	0	
EDN1	LOF	1	1	0	0	1	G2P_DDG2P	LOF	0	0	0	
EDN3	LOF	1	1	0	0	1	G2P_DDG2P	LOF	0	0	0	
EDNRA	GOF	1	1	0	0	1	G2P_DDG2P	GOF	0	0	0	
EDNRB	LOF	1	1	0	0	2	G2P_DDG2P;Orphadata	LOF	0	0	0	
EEF1A2	GOF	1	1	0	0	2	G2P_DDG2P;GoFCards_exact+ClinVar_VCV	GOF	0	0	0	
EEF1B2	LOF	0	0	0	0	0			0	0	0	
EEF2	LOF	0	0	0	0	0			0	0	0	
EFEMP2	LOF	1	1	0	0	1	G2P_DDG2P	LOF	0	0	0	
EFL1	LOF	1	1	0	0	1	G2P_DDG2P	LOF	0	0	0	
EFNB1	LOF	1	1	0	0	1	G2P_DDG2P	LOF	0	0	0	
EFTUD2	LOF	1	1	0	0	1	G2P_DDG2P	LOF	0	0	0	
EGFR	GOF	1	1	0	0	1	G2P_DDG2P	GOF	0	0	0	
EGLN1	GOF;LOF	1	1	0	0	1	GoFCards_exact+ClinVar_VCV	GOF	0	0	0	
EGR2	LOF	1	1	0	0	1	G2P_DDG2P	LOF	0	0	0	
EHMT1	LOF	1	1	0	0	2	G2P_DDG2P;Orphadata	LOF	0	0	0	
EIF2AK3	LOF	1	1	0	0	1	G2P_DDG2P	LOF	0	0	0	
EIF2AK4	LOF	1	0	0	0	1	Orphadata	LOF	0	0	0	
EIF2B4	LOF	1	1	0	0	1	G2P_DDG2P	LOF	0	0	0	
EIF2B5	LOF	1	1	0	0	1	G2P_DDG2P	LOF	0	0	0	
EIF2S3	LOF	1	1	0	0	1	G2P_DDG2P	LOF	0	0	0	
EIF3A	LOF	0	0	0	0	0			0	0	0	
EIF3B	LOF	0	0	0	0	0			0	0	0	
EIF3F	LOF	1	1	0	0	1	G2P_DDG2P	LOF	0	0	0	
EIF3K	LOF	0	0	0	0	0			0	0	0	
EIF4A2	GOF;LOF	0	0	0	0	0			0	0	0	
EIF4A3	LOF	1	0	0	0	1	Orphadata	LOF	0	0	0	
EIF5A	LOF	1	1	0	0	1	G2P_DDG2P	LOF	0	0	0	
ELAC2	LOF	1	1	0	0	1	G2P_DDG2P	LOF	0	0	0	
ELANE	LOF	0	0	0	0	0			0	0	0	
ELF4	LOF	0	0	0	0	0			0	0	0	
ELFN1	LOF	0	0	0	0	0			0	0	0	
ELMO2	LOF	1	1	0	0	1	G2P_DDG2P	LOF	0	0	0	
ELN	LOF	1	1	0	0	2	G2P_DDG2P;Orphadata	LOF	0	0	0	
ELOVL4	LOF	1	1	0	0	2	G2P_DDG2P	LOF	1	0	0	OMIM:133190
ELP1	LOF	1	1	0	0	1	G2P_DDG2P	LOF	1	0	0	OMIM:155255
ELP2	LOF	1	1	0	0	1	G2P_DDG2P	LOF	0	0	0	
ELP4	LOF	1	1	0	0	1	G2P_DDG2P	LOF	0	0	0	
EMC1	DOMINANT_NEGATIVE;LOF	1	1	0	0	1	G2P_DDG2P	DOMINANT_NEGATIVE;LOF	0	0	0	
EMC10	LOF	0	0	0	0	0			0	0	0	
EMP2	LOF	1	0	0	0	1	Orphadata	LOF	0	0	0	
ENG	LOF	1	1	0	0	1	G2P_DDG2P	LOF	0	0	0	
ENPP1	LOF	1	1	0	0	2	G2P_DDG2P;Orphadata	LOF	0	0	0	
ENTPD1	GOF;LOF	0	0	0	0	0			0	0	0	
EOGT	LOF	1	1	0	0	1	G2P_DDG2P	LOF	0	0	0	
EOMES	LOF	1	1	0	0	1	G2P_DDG2P	LOF	0	0	0	
EP300	LOF	1	1	0	0	2	G2P_DDG2P;Orphadata	LOF	0	0	0	
EPAS1	GOF	0	0	0	0	0			0	0	0	
EPB41L3	LOF	0	0	0	0	0			0	0	0	
EPCAM	LOF	1	1	0	0	2	G2P_DDG2P	LOF	0	0	0	
EPG5	LOF	1	1	0	0	2	G2P_DDG2P;Orphadata	LOF	0	0	0	
EPHA2	LOF	1	1	0	0	1	G2P_DDG2P	LOF	0	0	0	
EPHA4	GOF	0	0	0	0	0			0	0	0	
EPHB2	GOF	0	0	0	0	0			0	0	0	
EPHB4	LOF	1	1	1	1	2	G2P_DDG2P;Orphadata	LOF	1	0	0	OMIM:618196
EPM2A	LOF	1	0	0	0	1	Orphadata	LOF	0	0	0	
EPO	GOF	0	0	0	0	0			0	0	0	
EPOR	GOF	1	1	0	0	1	GoFCards_exact+ClinVar_VCV	GOF	0	0	0	
EPRS1	LOF	1	1	0	0	1	G2P_DDG2P	LOF	0	0	0	
EPS15L1	LOF	1	0	0	0	1	Orphadata	LOF	0	0	0	
EPS8	LOF	0	0	0	0	0			0	0	0	
ERBB2	GOF	0	0	0	0	0			0	0	0	
ERBB3	GOF;LOF	0	0	0	0	0			0	0	0	
ERBB4	GOF	0	0	0	0	0			0	0	0	
ERBIN	LOF	0	0	0	0	0			0	0	0	
ERCC1	LOF	1	1	0	0	1	G2P_DDG2P	LOF	0	0	0	
ERCC2	LOF	1	1	0	0	3	G2P_DDG2P	LOF	0	0	0	
ERCC3	LOF	1	1	0	0	2	G2P_DDG2P	LOF	0	0	0	
ERCC4	LOF	1	1	0	0	2	G2P_DDG2P	LOF	0	0	0	
ERCC5	LOF	1	1	0	0	1	G2P_DDG2P	LOF	0	0	0	
ERCC6	LOF	1	1	0	0	4	G2P_DDG2P;Orphadata	LOF	0	0	0	
ERCC6L2	LOF	1	1	0	0	1	G2P_DDG2P	LOF	0	0	0	
ERCC8	LOF	1	1	0	0	1	G2P_DDG2P	LOF	0	0	0	
ERF	GOF;LOF	1	1	0	0	2	G2P_DDG2P	GOF;LOF	0	0	0	
ERI1	LOF	1	1	0	0	2	G2P_DDG2P	LOF	0	0	0	
ERLIN2	LOF	1	1	0	0	2	G2P_DDG2P;Orphadata	LOF	0	0	0	
ERMARD	LOF	1	1	0	0	1	G2P_DDG2P	LOF	0	0	0	
ESAM	LOF	1	1	0	0	1	G2P_DDG2P	LOF	0	0	0	
ESCO2	LOF	1	1	0	0	1	G2P_DDG2P	LOF	0	0	0	
ESPN	LOF	1	1	0	0	1	G2P_DDG2P	LOF	0	0	0	
ESR1	GOF;LOF	1	0	0	0	1	Orphadata	LOF	0	0	0	
ESR2	LOF	0	0	0	0	0			0	0	0	
ESRRB	LOF	1	1	0	0	1	G2P_DDG2P	LOF	0	0	0	
ETFA	LOF	1	1	0	0	1	G2P_DDG2P	LOF	0	0	0	
ETFB	LOF	1	1	0	0	1	G2P_DDG2P	LOF	0	0	0	
ETFDH	LOF	1	1	0	0	1	G2P_DDG2P	LOF	0	0	0	
ETHE1	LOF	1	1	0	0	1	G2P_DDG2P	LOF	0	0	0	
EVC	LOF	1	1	0	0	1	G2P_DDG2P	LOF	0	0	0	
EVC2	LOF	1	1	0	0	1	G2P_DDG2P	LOF	0	0	0	
EXOSC8	LOF	1	1	0	0	1	G2P_DDG2P	LOF	0	0	0	
EXOSC9	LOF	1	1	0	0	1	G2P_DDG2P	LOF	0	0	0	
EXPH5	LOF	1	1	0	0	1	G2P_DDG2P	LOF	0	0	0	
EXT1	LOF	1	1	0	0	1	G2P_DDG2P	LOF	0	0	0	
EXT2	LOF	1	1	0	0	3	G2P_DDG2P;Orphadata	LOF	0	0	0	
EYA1	LOF	1	1	1	1	1	G2P_DDG2P	LOF	1	0	0	OMIM:113650;OMIM:602588
EYA2	GOF	0	0	0	0	0			0	0	0	
EYA4	LOF	1	1	0	0	1	G2P_DDG2P	LOF	0	0	0	
EYS	LOF	1	1	0	0	1	G2P_DDG2P	LOF	0	0	0	
EZH1	GOF;LOF	0	0	0	0	0			0	0	0	
EZH2	GOF	0	0	0	0	0			0	0	0	
EZR	LOF	0	0	0	0	0			0	0	0	
F12	GOF	1	1	0	0	1	G2P_DDG2P	GOF	0	0	0	
F2	GOF	1	1	0	0	1	GoFCards_exact+ClinVar_VCV	GOF	0	0	0	
F5	GOF	0	0	0	0	0			0	0	0	
F7	GOF	0	0	0	0	0			0	0	0	
F9	GOF	0	0	0	0	0			0	0	0	
FA2H	LOF	1	1	0	0	1	G2P_DDG2P	LOF	0	0	0	
FAAH	GOF	0	0	0	0	0			0	0	0	
FAAP100	LOF	1	0	0	0	1	Orphadata	LOF	0	0	0	
FAH	LOF	1	1	0	0	1	G2P_DDG2P	LOF	0	0	0	
FAM111A	GOF	1	1	0	0	1	G2P_DDG2P	GOF	0	0	0	
FAM149B1	LOF	1	1	0	0	1	G2P_DDG2P	LOF	0	0	0	
FAM161A	LOF	1	1	0	0	1	G2P_DDG2P	LOF	0	0	0	
FAM177A1	LOF	0	0	0	0	0			0	0	0	
FAM20A	LOF	1	1	0	0	1	G2P_DDG2P	LOF	0	0	0	
FAM20C	LOF	1	1	0	0	2	G2P_DDG2P;Orphadata	LOF	0	0	0	
FANCA	LOF	1	1	0	0	1	G2P_DDG2P	LOF	0	0	0	
FANCB	LOF	1	1	0	0	2	G2P_DDG2P;Orphadata	LOF	0	0	0	
FANCC	LOF	1	1	0	0	1	G2P_DDG2P	LOF	0	0	0	
FANCD2	LOF	1	1	0	0	1	G2P_DDG2P	LOF	0	0	0	
FANCE	LOF	1	1	0	0	1	G2P_DDG2P	LOF	0	0	0	
FANCF	LOF	1	1	0	0	1	G2P_DDG2P	LOF	0	0	0	
FANCG	LOF	1	1	0	0	1	G2P_DDG2P	LOF	0	0	0	
FANCI	LOF	1	1	0	0	1	G2P_DDG2P	LOF	0	0	0	
FANCL	LOF	1	1	0	0	1	G2P_DDG2P	LOF	0	0	0	
FANCM	LOF	1	1	0	0	1	G2P_DDG2P	LOF	0	0	0	
FAR1	LOF	1	1	0	0	1	G2P_DDG2P	LOF	0	0	0	
FARS2	LOF	1	0	0	0	1	Orphadata	LOF	0	0	0	
FAS	DOMINANT_NEGATIVE	1	1	0	0	1	G2P_DDG2P	DOMINANT_NEGATIVE	0	0	0	
FASTKD2	LOF	0	0	0	0	0			0	0	0	
FASTKD5	LOF	0	0	0	0	0			0	0	0	
FAT4	LOF	1	1	0	0	1	G2P_DDG2P	LOF	0	0	0	
FBLN5	DOMINANT_NEGATIVE;LOF	1	1	0	0	2	G2P_DDG2P	DOMINANT_NEGATIVE;LOF	0	0	0	
FBN1	LOF	1	1	0	0	1	G2P_DDG2P	LOF	0	0	0	
FBN2	DOMINANT_NEGATIVE	1	1	0	0	1	G2P_DDG2P	DOMINANT_NEGATIVE	0	0	0	
FBP1	LOF	1	1	0	0	1	G2P_DDG2P	LOF	0	0	0	
FBXL4	LOF	1	1	0	0	1	G2P_DDG2P	LOF	0	0	0	
FBXO11	LOF	1	1	0	0	1	G2P_DDG2P	LOF	0	0	0	
FBXO31	LOF	0	0	0	0	0			0	0	0	
FCGR2A	GOF	0	0	0	0	0			0	0	0	
FDFT1	LOF	1	1	0	0	1	G2P_DDG2P	LOF	0	0	0	
FDXR	LOF	1	1	0	0	1	G2P_DDG2P	LOF	0	0	0	
FECH	LOF	1	0	0	0	1	Orphadata	LOF	0	0	0	
FEM1B	GOF	0	0	0	0	0			0	0	0	
FEM1C	DOMINANT_NEGATIVE	0	0	0	0	0			0	0	0	
FERMT1	LOF	1	1	0	0	2	G2P_DDG2P;Orphadata	LOF	0	0	0	
FERMT3	LOF	0	0	0	0	0			0	0	0	
FEZF1	LOF	1	1	0	0	2	G2P_DDG2P;Orphadata	LOF	0	0	0	
FEZF2	LOF	0	0	0	0	0			0	0	0	
FGD1	LOF	1	1	0	0	1	G2P_DDG2P	LOF	0	0	0	
FGD4	LOF	0	0	0	0	0			0	0	0	
FGF10	LOF	1	1	0	0	1	G2P_DDG2P	LOF	0	0	0	
FGF12	GOF	1	1	0	0	2	G2P_DDG2P;GoFCards_exact+ClinVar_VCV;Orphadata	GOF	0	0	0	
FGF13	GOF	1	1	0	0	1	G2P_DDG2P	GOF	0	0	0	
FGF14	LOF	0	0	0	0	0			0	0	0	
FGF20	LOF	1	0	0	0	1	Orphadata	LOF	0	0	0	
FGF23	GOF;LOF	1	0	0	0	1	Orphadata	GOF	1	0	0	OMIM:193100
FGF3	LOF	1	1	0	0	1	G2P_DDG2P	LOF	0	0	0	
FGF8	LOF	1	0	0	0	2	Orphadata	LOF	0	0	0	
FGF9	LOF	1	1	0	0	1	G2P_DDG2P	LOF	0	0	0	
FGFR1	DOMINANT_NEGATIVE;GOF;LOF	1	1	1	1	9	G2P_DDG2P;Orphadata	DOMINANT_NEGATIVE;GOF;LOF	1	0	0	OMIM:147950
FGFR2	GOF	1	1	0	0	15	G2P_DDG2P;GoFCards_exact+ClinVar_VCV;Orphadata	GOF	0	0	0	
FGFR3	GOF;LOF	1	1	0	0	16	G2P_DDG2P;GoFCards_exact+ClinVar_VCV;Orphadata	GOF;LOF	0	0	0	
FGFR4	GOF	0	0	0	0	0			0	0	0	
FGR	GOF	0	0	0	0	0			0	0	0	
FH	LOF	1	1	1	1	4	G2P_DDG2P;Orphadata	LOF	1	0	0	OMIM:150800
FHL1	LOF	1	1	0	0	1	G2P_DDG2P	LOF	0	0	0	
FIBP	LOF	1	1	0	0	2	G2P_DDG2P;Orphadata	LOF	0	0	0	
FICD	LOF	0	0	0	0	0			0	0	0	
FIG4	LOF	1	1	0	0	3	G2P_DDG2P;Orphadata	LOF	0	0	0	
FILIP1	LOF	1	1	0	0	1	G2P_DDG2P	LOF	0	0	0	
FKBP10	LOF	1	0	0	0	1	Orphadata	LOF	0	0	0	
FKBP14	LOF	1	1	0	0	1	G2P_DDG2P	LOF	0	0	0	
FKBP15	LOF	0	0	0	0	0			0	0	0	
FKRP	LOF	1	1	0	0	2	G2P_DDG2P;Orphadata	LOF	0	0	0	
FKTN	LOF	1	1	0	0	3	G2P_DDG2P;Orphadata	LOF	0	0	0	
FLAD1	LOF	1	1	0	0	1	G2P_DDG2P	LOF	0	0	0	
FLCN	LOF	1	1	0	0	1	G2P_DDG2P	LOF	1	0	0	OMIM:173600
FLG	LOF	1	1	0	0	1	G2P_DDG2P	LOF	0	0	0	
FLG2	LOF	0	0	0	0	0			0	0	0	
FLNA	GOF;LOF	1	1	0	0	9	G2P_DDG2P;GoFCards_exact+ClinVar_VCV;Orphadata	GOF;LOF	0	0	0	
FLNB	GOF;LOF	1	1	0	0	5	G2P_DDG2P;Orphadata	GOF;LOF	0	0	0	
FLNC	LOF	0	0	0	0	0			0	0	0	
FLT3	GOF	0	0	0	0	0			0	0	0	
FLT4	LOF	1	1	0	0	2	G2P_DDG2P;Orphadata	LOF	0	0	0	
FLVCR1	LOF	1	1	0	0	1	G2P_DDG2P	LOF	0	0	0	
FLVCR2	LOF	1	1	0	0	1	G2P_DDG2P	LOF	0	0	0	
FMN2	LOF	1	1	0	0	1	G2P_DDG2P	LOF	0	0	0	
FMNL2	GOF	0	0	0	0	0			0	0	0	
FMO3	LOF	1	0	0	0	1	Orphadata	LOF	0	0	0	
FMR1	GOF;LOF	1	1	1	1	4	G2P_DDG2P;Orphadata	GOF;LOF	1	0	0	OMIM:300624
FN1	GOF	0	0	0	0	0			0	0	0	
FNIP1	LOF	0	0	0	0	0			0	0	0	
FOLR1	LOF	1	1	0	0	1	G2P_DDG2P	LOF	0	0	0	
FOXC1	GOF;LOF	1	1	0	0	1	G2P_DDG2P	LOF	0	0	0	
FOXC2	GOF;LOF	1	1	0	0	1	G2P_DDG2P	LOF	0	0	0	
FOXE1	GOF;LOF	1	1	0	0	2	G2P_DDG2P;Orphadata	LOF	0	0	0	
FOXE3	LOF	1	1	0	0	1	G2P_DDG2P	LOF	0	0	0	
FOXF1	LOF	1	1	0	0	1	G2P_DDG2P	LOF	0	0	0	
FOXG1	LOF	1	1	0	0	1	G2P_DDG2P	LOF	0	0	0	
FOXJ1	LOF	1	1	0	0	2	G2P_DDG2P;Orphadata	LOF	0	0	0	
FOXL2	GOF;LOF	1	1	0	0	1	G2P_DDG2P	LOF	0	0	0	
FOXN1	GOF;LOF	1	1	0	0	2	G2P_DDG2P;GoFCards_exact+ClinVar_VCV	GOF;LOF	0	0	0	
FOXP1	LOF	1	1	0	0	1	G2P_DDG2P	LOF	0	0	0	
FOXP2	LOF	1	1	0	0	1	G2P_DDG2P	LOF	0	0	0	
FOXP3	LOF	1	1	0	0	1	G2P_DDG2P	LOF	0	0	0	
FOXRED1	LOF	1	1	0	0	1	G2P_DDG2P	LOF	0	0	0	
FRAS1	LOF	1	1	0	0	1	G2P_DDG2P	LOF	0	0	0	
FREM1	LOF	1	1	0	0	3	G2P_DDG2P;Orphadata	LOF	0	0	0	
FREM2	LOF	1	1	0	0	1	G2P_DDG2P	LOF	0	0	0	
FRMD7	LOF	1	1	0	0	1	G2P_DDG2P	LOF	0	0	0	
FRMPD4	LOF	1	1	0	0	1	G2P_DDG2P	LOF	0	0	0	
FRRS1L	LOF	1	1	0	0	1	G2P_DDG2P	LOF	0	0	0	
FRY	LOF	0	0	0	0	0			0	0	0	
FRYL	LOF	1	1	0	0	1	G2P_DDG2P	LOF	0	0	0	
FSCN2	LOF	1	1	0	0	1	G2P_DDG2P	LOF	0	0	0	
FSD1L	LOF	0	0	0	0	0			0	0	0	
FSHB	LOF	1	0	0	0	1	Orphadata	LOF	0	0	0	
FSHR	LOF	1	0	0	0	1	Orphadata	LOF	0	0	0	
FTCD	LOF	1	1	0	0	1	G2P_DDG2P	LOF	0	0	0	
FTL	GOF;LOF	1	1	0	0	2	G2P_DDG2P;Orphadata	GOF;LOF	0	0	0	
FTO	LOF	0	0	0	0	0			0	0	0	
FTSJ1	LOF	1	1	0	0	1	G2P_DDG2P	LOF	0	0	0	
FUCA1	LOF	1	1	0	0	1	G2P_DDG2P	LOF	0	0	0	
FUS	GOF	0	0	0	0	0			0	0	0	
FUT8	LOF	1	1	0	0	1	G2P_DDG2P	LOF	0	0	0	
FXN	LOF	1	1	0	0	2	G2P_DDG2P;Orphadata	LOF	0	0	0	
FYCO1	LOF	1	1	0	0	1	G2P_DDG2P	LOF	0	0	0	
FZD4	LOF	1	1	0	0	1	G2P_DDG2P	LOF	0	0	0	
FZD5	DOMINANT_NEGATIVE;GOF	1	1	0	0	1	G2P_DDG2P	DOMINANT_NEGATIVE	0	0	0	
FZD6	LOF	1	1	0	0	1	G2P_DDG2P	LOF	0	0	0	
G6PC1	LOF	1	1	0	0	1	G2P_DDG2P	LOF	0	0	0	
GAA	LOF	1	1	0	0	1	G2P_DDG2P	LOF	0	0	0	
GABRA1	GOF;LOF	0	0	0	0	0			0	0	0	
GABRA4	LOF	0	0	0	0	0			0	0	0	
GABRB3	GOF	0	0	0	0	0			0	0	0	
GABRD	GOF	0	0	0	0	0			0	0	0	
GABRG2	LOF	0	0	0	0	0			0	0	0	
GALC	LOF	1	1	0	0	1	G2P_DDG2P	LOF	0	0	0	
GALE	LOF	1	1	0	0	1	G2P_DDG2P	LOF	0	0	0	
GALK1	LOF	1	1	0	0	2	G2P_DDG2P;Orphadata	LOF	0	0	0	
GALNS	LOF	1	1	0	0	1	G2P_DDG2P	LOF	0	0	0	
GALNT3	LOF	1	1	0	0	1	G2P_DDG2P	LOF	0	0	0	
GALT	LOF	1	1	0	0	1	G2P_DDG2P	LOF	0	0	0	
GAMT	LOF	1	1	0	0	1	G2P_DDG2P	LOF	0	0	0	
GAN	LOF	1	1	0	0	1	G2P_DDG2P	LOF	0	0	0	
GAS2L2	LOF	1	1	0	0	1	G2P_DDG2P	LOF	0	0	0	
GAS8	LOF	1	1	0	0	2	G2P_DDG2P;Orphadata	LOF	0	0	0	
GATA1	LOF	1	0	0	0	1	Orphadata	LOF	0	0	0	
GATA2	LOF	1	1	0	0	1	G2P_DDG2P	LOF	0	0	0	
GATA3	LOF	1	1	0	0	2	G2P_DDG2P;Orphadata	LOF	0	0	0	
GATA4	LOF	1	1	0	0	4	G2P_DDG2P;Orphadata	LOF	0	0	0	
GATA5	LOF	1	0	0	0	3	Orphadata	LOF	1	0	0	OMIM:617912
GATA6	LOF	1	1	0	0	3	G2P_DDG2P;Orphadata	LOF	0	0	0	
GATAD2B	LOF	1	1	0	0	2	G2P_DDG2P;Orphadata	LOF	0	0	0	
GATM	LOF	1	1	0	0	1	G2P_DDG2P	LOF	0	0	0	
GBA1	LOF	1	1	0	0	1	G2P_DDG2P	LOF	0	0	0	
GBA2	LOF	1	1	0	0	3	G2P_DDG2P;Orphadata	LOF	0	0	0	
GBE1	LOF	1	1	0	0	1	G2P_DDG2P	LOF	0	0	0	
GCDH	LOF	1	1	0	0	2	G2P_DDG2P;Orphadata	LOF	0	0	0	
GCM2	GOF;LOF	1	1	0	0	3	GoFCards_exact+ClinVar_VCV;Orphadata	GOF;LOF	0	0	0	
GCNT2	LOF	1	1	0	0	1	G2P_DDG2P	LOF	0	0	0	
GCSH	LOF	1	1	0	0	1	G2P_DDG2P	LOF	0	0	0	
GDF1	LOF	1	1	0	0	1	G2P_DDG2P	LOF	0	0	0	
GDF5	GOF;LOF	1	1	0	0	10	G2P_DDG2P;Orphadata	GOF;LOF	0	0	0	
GDF6	GOF	0	0	0	0	0			0	0	0	
GDI1	LOF	1	1	0	0	1	G2P_DDG2P	LOF	0	0	0	
GEMIN5	LOF	1	1	0	0	1	G2P_DDG2P	LOF	0	0	0	
GET3	LOF	1	0	0	0	1	Orphadata	LOF	0	0	0	
GFAP	DOMINANT_NEGATIVE;GOF	1	1	0	0	3	G2P_DDG2P;GoFCards_exact+ClinVar_VCV;Orphadata	DOMINANT_NEGATIVE;GOF	0	0	0	
GFER	LOF	1	1	0	0	1	G2P_DDG2P	LOF	0	0	0	
GFM1	LOF	1	1	0	0	1	G2P_DDG2P	LOF	0	0	0	
GGCX	LOF	1	1	0	0	1	G2P_DDG2P	LOF	0	0	0	
GHR	LOF	1	1	0	0	1	G2P_DDG2P	LOF	0	0	0	
GIGYF1	LOF	0	0	0	0	0			0	0	0	
GINS1	LOF	0	0	0	0	0			0	0	0	
GJA1	DOMINANT_NEGATIVE;GOF;LOF	1	1	0	0	2	G2P_DDG2P;Orphadata	DOMINANT_NEGATIVE;GOF;LOF	0	0	0	
GJA4	GOF	0	0	0	0	0			0	0	0	
GJA5		0	0	0	0	0			1	0	0	OMIM:612474
GJA8	GOF;LOF	0	0	0	0	0			1	1	1	OMIM:612474
GJB1	GOF	1	1	1	1	1	GoFCards_exact+ClinVar_VCV	GOF	1	0	0	OMIM:302800
GJB2	GOF;LOF	1	1	0	0	6	GoFCards_exact+ClinVar_VCV	GOF	0	0	0	
GJB3	LOF	0	0	0	0	0			0	0	0	
GJB6	LOF	1	1	0	0	1	G2P_DDG2P	LOF	0	0	0	
GJC2		0	0	0	0	0			1	0	0	OMIM:613480
GK	LOF	1	1	0	0	1	G2P_DDG2P	LOF	0	0	0	
GLA	GOF;LOF	1	1	0	0	2	G2P_DDG2P;GoFCards_exact+ClinVar_VCV	GOF;LOF	0	0	0	
GLB1	LOF	1	1	0	0	1	G2P_DDG2P	LOF	0	0	0	
GLDC	LOF	1	1	0	0	1	G2P_DDG2P	LOF	0	0	0	
GLDN	LOF	1	1	0	0	1	G2P_DDG2P	LOF	0	0	0	
GLI1	GOF;LOF	1	0	0	0	1	Orphadata	LOF	0	0	0	
GLI2	LOF	1	1	1	1	1	G2P_DDG2P	LOF	1	0	0	OMIM:610829;OMIM:615849
GLI3	DOMINANT_NEGATIVE;LOF	1	1	0	0	4	G2P_DDG2P;Orphadata	DOMINANT_NEGATIVE;LOF	0	0	0	
GLIS2	LOF	1	1	0	0	1	G2P_DDG2P	LOF	0	0	0	
GLIS3	LOF	1	1	0	0	1	G2P_DDG2P	LOF	0	0	0	
GLMN	LOF	1	1	0	0	1	G2P_DDG2P	LOF	0	0	0	
GLRA1	LOF	1	1	0	0	1	G2P_DDG2P	LOF	0	0	0	
GLRB	LOF	1	1	0	0	1	G2P_DDG2P	LOF	0	0	0	
GLS	GOF;LOF	0	0	0	0	0			0	0	0	
GLUD1	GOF	1	1	0	0	1	G2P_DDG2P	GOF	0	0	0	
GLUD2	GOF	0	0	0	0	0			0	0	0	
GLUL	LOF	0	0	0	0	0			0	0	0	
GM2A	LOF	1	1	0	0	1	G2P_DDG2P	LOF	0	0	0	
GMNN	GOF	1	1	0	0	2	G2P_DDG2P;Orphadata	GOF	0	0	0	
GMPPA	LOF	1	1	0	0	2	G2P_DDG2P;Orphadata	LOF	0	0	0	
GNA11	GOF;LOF	1	0	0	0	1	Orphadata	GOF	0	0	0	
GNA14	GOF	0	0	0	0	0			0	0	0	
GNAO1	GOF;LOF	1	1	0	0	1	G2P_DDG2P	LOF	0	0	0	
GNAQ	GOF	1	1	0	0	1	G2P_DDG2P	GOF	0	0	0	
GNAS	GOF;LOF	1	1	0	0	11	G2P_DDG2P;GoFCards_exact+ClinVar_VCV;Orphadata	GOF;LOF	0	0	0	
GNAT1	LOF	0	0	0	0	0			0	0	0	
GNAT2	LOF	1	1	0	0	1	G2P_DDG2P	LOF	0	0	0	
GNB1	GOF	1	1	0	0	1	G2P_DDG2P;GoFCards_exact+ClinVar_VCV	GOF	0	0	0	
GNB3	LOF	1	1	0	0	1	G2P_DDG2P	LOF	0	0	0	
GNB5	LOF	1	1	0	0	1	G2P_DDG2P	LOF	0	0	0	
GNMT	LOF	0	0	0	0	0			0	0	0	
GNPAT	LOF	1	1	0	0	1	G2P_DDG2P	LOF	0	0	0	
GNPTAB	LOF	1	1	0	0	3	G2P_DDG2P;Orphadata	LOF	0	0	0	
GNPTG	LOF	1	1	0	0	1	G2P_DDG2P	LOF	0	0	0	
GNRHR	LOF	1	0	0	0	1	Orphadata	LOF	0	0	0	
GNS	LOF	1	1	0	0	1	G2P_DDG2P	LOF	0	0	0	
GON4L	LOF	0	0	0	0	0			0	0	0	
GORAB	LOF	1	1	0	0	1	G2P_DDG2P	LOF	0	0	0	
GOSR2	LOF	0	0	0	0	0			0	0	0	
GP1BA	GOF	1	1	0	0	1	GoFCards_exact+ClinVar_VCV	GOF	0	0	0	
GP6	LOF	0	0	0	0	0			0	0	0	
GPAA1	LOF	1	1	0	0	1	G2P_DDG2P	LOF	0	0	0	
GPC3	LOF	1	1	0	0	2	G2P_DDG2P;Orphadata	LOF	0	0	0	
GPC4	LOF	1	1	0	0	1	G2P_DDG2P	LOF	0	0	0	
GPC6	LOF	1	1	0	0	2	G2P_DDG2P;Orphadata	LOF	0	0	0	
GPHN	LOF	1	1	0	0	1	G2P_DDG2P	LOF	0	0	0	
GPNMB	LOF	0	0	0	0	0			0	0	0	
GPR143	LOF	0	0	0	0	0			0	0	0	
GPR161		0	0	0	0	0			1	0	0	OMIM:155255
GPR179	LOF	1	1	0	0	1	G2P_DDG2P	LOF	0	0	0	
GPR68	LOF	0	0	0	0	0			0	0	0	
GPSM2	LOF	1	1	0	0	1	G2P_DDG2P	LOF	0	0	0	
GPX4	LOF	1	1	0	0	1	G2P_DDG2P	LOF	0	0	0	
GREB1L	LOF	1	1	1	1	2	G2P_DDG2P;Orphadata	LOF	1	0	0	OMIM:617805
GRHL3	LOF	1	1	0	0	1	G2P_DDG2P	LOF	0	0	0	
GRIA1	GOF	1	1	0	0	2	GoFCards_exact+ClinVar_VCV	GOF	0	0	0	
GRIA2	GOF;LOF	1	1	0	0	1	G2P_DDG2P	LOF	0	0	0	
GRIA3	GOF;LOF	1	1	0	0	2	G2P_DDG2P;Orphadata	LOF	0	0	0	
GRID2	LOF	1	1	0	0	2	G2P_DDG2P;Orphadata	LOF	0	0	0	
GRIK2	GOF;LOF	1	1	0	0	2	G2P_DDG2P;GoFCards_exact+ClinVar_VCV	GOF;LOF	0	0	0	
GRIN1	GOF;LOF	1	1	0	0	2	G2P_DDG2P;Orphadata	LOF	0	0	0	
GRIN2A	GOF;LOF	1	1	1	1	1	G2P_DDG2P;GoFCards_exact+ClinVar_VCV	GOF;LOF	1	0	0	OMIM:245570
GRIN2B	GOF;LOF	1	1	0	0	2	G2P_DDG2P;Orphadata	GOF;LOF	0	0	0	
GRIN2D	GOF	1	1	0	0	2	G2P_DDG2P;GoFCards_exact+ClinVar_VCV;Orphadata	GOF	0	0	0	
GRIP1	LOF	1	1	0	0	1	G2P_DDG2P	LOF	0	0	0	
GRK1	LOF	1	1	0	0	2	G2P_DDG2P;Orphadata	LOF	0	0	0	
GRM1	GOF;LOF	1	1	0	0	1	G2P_DDG2P	LOF	0	0	0	
GRM6	LOF	1	1	0	0	1	G2P_DDG2P	LOF	0	0	0	
GRN	LOF	1	1	0	0	1	G2P_DDG2P	LOF	0	0	0	
GRXCR1	LOF	1	1	0	0	1	G2P_DDG2P	LOF	0	0	0	
GRXCR2	LOF	0	0	0	0	0			0	0	0	
GSC	LOF	1	1	0	0	1	G2P_DDG2P	LOF	0	0	0	
GSDME	LOF	1	1	0	0	1	G2P_DDG2P	LOF	0	0	0	
GSPT2	LOF	0	0	0	0	0			0	0	0	
GSS	LOF	0	0	0	0	0			0	0	0	
GTF2H5	LOF	1	1	0	0	1	G2P_DDG2P	LOF	0	0	0	
GTF3C3	LOF	0	0	0	0	0			0	0	0	
GTF3C5	LOF	0	0	0	0	0			0	0	0	
GTPBP1	LOF	1	1	0	0	1	G2P_DDG2P	LOF	0	0	0	
GTPBP2	LOF	1	1	0	0	1	G2P_DDG2P	LOF	0	0	0	
GTPBP3	LOF	1	1	0	0	1	G2P_DDG2P	LOF	0	0	0	
GUCA1A	GOF	1	0	0	0	1	Orphadata	GOF	0	0	0	
GUCY1A1	LOF	1	0	0	0	1	Orphadata	LOF	0	0	0	
GUCY1A2	GOF	0	0	0	0	0			0	0	0	
GUCY2C	GOF;LOF	1	1	0	0	2	G2P_DDG2P	GOF;LOF	0	0	0	
GUCY2D	GOF;LOF	1	1	0	0	3	G2P_DDG2P;GoFCards_exact+ClinVar_VCV;Orphadata	GOF;LOF	0	0	0	
GUSB	LOF	1	1	0	0	1	G2P_DDG2P	LOF	0	0	0	
GYG1	LOF	0	0	0	0	0			0	0	0	
GYS1	GOF	0	0	0	0	0			0	0	0	
GZF1	LOF	1	1	0	0	1	G2P_DDG2P	LOF	0	0	0	
H1-4	LOF	1	1	0	0	1	G2P_DDG2P	LOF	0	0	0	
H2AC6	LOF	0	0	0	0	0			0	0	0	
H3-3A	GOF	0	0	0	0	0			0	0	0	
H4C2	LOF	0	0	0	0	0			0	0	0	
H6PD	LOF	1	0	0	0	1	Orphadata	LOF	0	0	0	
HAAO	LOF	0	0	0	0	0			0	0	0	
HACD1	LOF	1	1	0	0	2	G2P_DDG2P;Orphadata	LOF	0	0	0	
HACE1	LOF	1	1	0	0	2	G2P_DDG2P;Orphadata	LOF	0	0	0	
HADH	LOF	1	1	0	0	1	G2P_DDG2P	LOF	0	0	0	
HADHA	LOF	1	1	0	0	1	G2P_DDG2P	LOF	0	0	0	
HAMP	LOF	1	1	0	0	2	G2P_DDG2P;Orphadata	LOF	0	0	0	
HAND2	LOF	1	0	0	0	1	Orphadata	LOF	0	0	0	
HARS1	LOF	1	0	0	0	1	Orphadata	LOF	0	0	0	
HAX1	LOF	1	1	0	0	1	G2P_DDG2P	LOF	0	0	0	
HBA1	GOF	1	1	0	0	5	GoFCards_exact+ClinVar_VCV	GOF	0	0	0	
HCCS	LOF	1	1	0	0	1	G2P_DDG2P	LOF	0	0	0	
HCFC1	LOF	1	1	0	0	1	G2P_DDG2P	LOF	0	0	0	
HCN1	GOF	1	0	0	0	1	Orphadata	GOF	1	0	0	OMIM:618482
HCN2	GOF	0	0	0	0	0			0	0	0	
HCN4	GOF	0	0	0	0	0			0	0	0	
HDAC3	LOF	0	0	0	0	0			0	0	0	
HDAC4	GOF	0	0	0	0	0			0	0	0	
HDAC8	LOF	1	1	0	0	3	G2P_DDG2P;Orphadata	LOF	0	0	0	
HDAC9	GOF	0	0	0	0	0			0	0	0	
HEATR5B	LOF	0	0	0	0	0			0	0	0	
HECTD1	LOF	0	0	0	0	0			0	0	0	
HERC1	GOF;LOF	1	1	0	0	2	G2P_DDG2P;Orphadata	LOF	0	0	0	
HERC2	LOF	1	1	0	0	1	G2P_DDG2P	LOF	0	0	0	
HESX1	LOF	1	1	0	0	2	G2P_DDG2P	LOF	0	0	0	
HEXA	LOF	1	1	0	0	1	G2P_DDG2P	LOF	0	0	0	
HEXB	LOF	1	1	0	0	4	G2P_DDG2P;Orphadata	LOF	0	0	0	
HEY2	LOF	1	0	0	0	1	Orphadata	LOF	0	0	0	
HFE	GOF;LOF	0	0	0	0	0			0	0	0	
HGD	LOF	1	0	0	0	1	Orphadata	LOF	0	0	0	
HGF	LOF	1	1	0	0	1	G2P_DDG2P	LOF	0	0	0	
HGSNAT	LOF	1	1	0	0	1	G2P_DDG2P	LOF	0	0	0	
HHAT	LOF	1	0	0	0	1	Orphadata	LOF	0	0	0	
HIBCH	LOF	1	1	0	0	1	G2P_DDG2P	LOF	0	0	0	
HIF1A	GOF	0	0	0	0	0			0	0	0	
HINT1	LOF	1	1	0	0	2	G2P_DDG2P;Orphadata	LOF	0	0	0	
HIRA	LOF	0	0	0	0	0			0	0	0	
HIVEP2	LOF	1	1	0	0	1	G2P_DDG2P	LOF	0	0	0	
HJV	LOF	1	1	0	0	2	G2P_DDG2P;Orphadata	LOF	0	0	0	
HK1	GOF;LOF	1	1	0	0	1	G2P_DDG2P;GoFCards_exact+ClinVar_VCV	GOF;LOF	0	0	0	
HLCS	LOF	1	1	0	0	2	G2P_DDG2P;Orphadata	LOF	0	0	0	
HMGA2	LOF	1	1	0	0	1	G2P_DDG2P	LOF	0	0	0	
HMGB3	LOF	1	1	0	0	1	G2P_DDG2P	LOF	0	0	0	
HMGCL	LOF	1	1	0	0	1	G2P_DDG2P	LOF	0	0	0	
HMGCR	LOF	1	1	0	0	1	G2P_DDG2P	LOF	0	0	0	
HMGCS2	LOF	1	0	0	0	1	Orphadata	LOF	0	0	0	
HMX1	LOF	1	1	0	0	1	G2P_DDG2P	LOF	0	0	0	
HNF1B	GOF;LOF	1	1	0	0	2	G2P_DDG2P;Orphadata	LOF	0	0	0	
HNF4A	LOF	1	1	0	0	1	G2P_DDG2P	LOF	0	0	0	
HNRNPD	LOF	0	0	0	0	0			0	0	0	
HNRNPDL		0	0	0	0	0			1	0	0	OMIM:609115
HNRNPH1	LOF	0	0	0	0	0			0	0	0	
HNRNPH2	GOF	1	1	0	0	1	GoFCards_exact+ClinVar_VCV	GOF	0	0	0	
HNRNPK	LOF	1	1	0	0	2	G2P_DDG2P;Orphadata	LOF	0	0	0	
HNRNPR	LOF	1	1	0	0	1	G2P_DDG2P	LOF	0	0	0	
HNRNPU	LOF	1	1	0	0	1	G2P_DDG2P	LOF	0	0	0	
HOXA1	LOF	1	1	0	0	1	G2P_DDG2P	LOF	0	0	0	
HOXA11	LOF	1	1	0	0	1	G2P_DDG2P	LOF	0	0	0	
HOXA13	LOF	1	1	0	0	1	G2P_DDG2P	LOF	0	0	0	
HOXB13	GOF	0	0	0	0	0			0	0	0	
HOXC13	LOF	1	1	0	0	1	G2P_DDG2P	LOF	0	0	0	
HPD	DOMINANT_NEGATIVE;LOF	1	1	0	0	2	G2P_DDG2P	DOMINANT_NEGATIVE;LOF	0	0	0	
HPDL	LOF	1	1	0	0	1	G2P_DDG2P	LOF	0	0	0	
HPGD	LOF	1	1	0	0	1	G2P_DDG2P	LOF	0	0	0	
HPRT1	LOF	1	1	0	0	3	G2P_DDG2P;Orphadata	LOF	0	0	0	
HPS1	LOF	1	1	0	0	1	G2P_DDG2P	LOF	0	0	0	
HPS3	LOF	1	1	0	0	1	G2P_DDG2P	LOF	0	0	0	
HPS4	LOF	1	1	0	0	1	G2P_DDG2P	LOF	0	0	0	
HPS5	LOF	1	1	0	0	1	G2P_DDG2P	LOF	0	0	0	
HPS6	LOF	1	1	0	0	1	G2P_DDG2P	LOF	0	0	0	
HPSE2	LOF	1	1	0	0	1	G2P_DDG2P	LOF	0	0	0	
HR	LOF	1	1	0	0	1	G2P_DDG2P	LOF	0	0	0	
HRAS	GOF	1	1	0	0	2	G2P_DDG2P;GoFCards_exact+ClinVar_VCV;Orphadata	GOF	0	0	0	
HS2ST1	LOF	1	1	0	0	1	G2P_DDG2P	LOF	0	0	0	
HS6ST1	LOF	1	0	0	0	2	Orphadata	LOF	0	0	0	
HSD11B1	LOF	1	0	0	0	1	Orphadata	LOF	0	0	0	
HSD11B2	LOF	1	0	0	0	1	Orphadata	LOF	0	0	0	
HSD17B3	LOF	1	0	0	0	1	Orphadata	LOF	0	0	0	
HSD17B4	LOF	1	1	0	0	1	G2P_DDG2P	LOF	0	0	0	
HSD3B7	LOF	1	1	0	0	1	G2P_DDG2P	LOF	0	0	0	
HSF1	GOF	0	0	0	0	0			0	0	0	
HSPA9	LOF	0	0	0	0	0			0	0	0	
HSPD1	LOF	1	1	0	0	1	G2P_DDG2P	LOF	0	0	0	
HSPG2	LOF	1	1	0	0	3	G2P_DDG2P;Orphadata	LOF	0	0	0	
HTRA2	LOF	1	1	0	0	1	G2P_DDG2P	LOF	0	0	0	
HTT	GOF	1	0	0	0	1	Orphadata	GOF	0	0	0	
HYAL1	LOF	1	1	0	0	1	G2P_DDG2P	LOF	0	0	0	
HYCC1	LOF	1	1	0	0	1	G2P_DDG2P	LOF	0	0	0	
HYDIN	LOF	1	1	0	0	2	G2P_DDG2P;Orphadata	LOF	0	0	0	
IARS1	LOF	1	1	0	0	1	G2P_DDG2P	LOF	0	0	0	
IARS2	LOF	1	1	0	0	2	G2P_DDG2P;Orphadata	LOF	0	0	0	
IDH1	GOF	0	0	0	0	0			0	0	0	
IDH2	GOF	1	1	0	0	2	GoFCards_exact+ClinVar_VCV;Orphadata	GOF	0	0	0	
IDH3A	LOF	1	1	0	0	1	G2P_DDG2P	LOF	0	0	0	
IDH3B	LOF	1	1	0	0	1	G2P_DDG2P	LOF	0	0	0	
IDS	LOF	1	1	0	0	1	G2P_DDG2P	LOF	0	0	0	
IDUA	LOF	1	1	0	0	1	G2P_DDG2P	LOF	0	0	0	
IFIH1	GOF	1	1	1	1	4	G2P_DDG2P;GoFCards_exact+ClinVar_VCV;Orphadata	GOF	1	0	0	OMIM:615846
IFNG	LOF	0	0	0	0	0			0	0	0	
IFT122	LOF	1	1	0	0	1	G2P_DDG2P	LOF	0	0	0	
IFT140	LOF	1	1	0	0	2	G2P_DDG2P;Orphadata	LOF	0	0	0	
IFT172	LOF	1	1	0	0	1	G2P_DDG2P	LOF	0	0	0	
IFT27	LOF	1	0	0	0	1	Orphadata	LOF	0	0	0	
IFT43	LOF	1	1	0	0	1	G2P_DDG2P	LOF	0	0	0	
IFT52	LOF	1	1	0	0	1	G2P_DDG2P	LOF	0	0	0	
IFT74	LOF	1	1	0	0	2	G2P_DDG2P;Orphadata	LOF	0	0	0	
IFT88	LOF	0	0	0	0	0			0	0	0	
IGF1	LOF	1	1	0	0	1	G2P_DDG2P	LOF	0	0	0	
IGF1R	LOF	1	1	0	0	1	G2P_DDG2P	LOF	0	0	0	
IGF2	GOF;LOF	1	1	0	0	1	G2P_DDG2P	LOF	0	0	0	
IGFBP7	LOF	1	1	0	0	1	G2P_DDG2P	LOF	0	0	0	
IGHMBP2	LOF	1	1	0	0	1	G2P_DDG2P	LOF	0	0	0	
IGSF1	LOF	1	1	0	0	1	G2P_DDG2P	LOF	0	0	0	
IKBKB	GOF;LOF	0	0	0	0	0			0	0	0	
IKBKG	LOF	1	1	0	0	2	G2P_DDG2P	LOF	0	0	0	
IKZF1	GOF	0	0	0	0	0			1	1	1	OMIM:616873
IKZF2	DOMINANT_NEGATIVE	0	0	0	0	0			0	0	0	
IL10	LOF	0	0	0	0	0			0	0	0	
IL10RA	LOF	0	0	0	0	0			0	0	0	
IL10RB	LOF	0	0	0	0	0			0	0	0	
IL11RA	LOF	1	1	0	0	1	G2P_DDG2P	LOF	0	0	0	
IL17RC	LOF	1	0	0	0	1	Orphadata	LOF	0	0	0	
IL1B	GOF	0	0	0	0	0			0	0	0	
IL1RAPL1	LOF	1	1	0	0	1	G2P_DDG2P	LOF	0	0	0	
IL21R	LOF	0	0	0	0	0			0	0	0	
IL36RN	LOF	1	0	0	0	1	Orphadata	LOF	0	0	0	
IL4R	GOF	0	0	0	0	0			0	0	0	
IL6ST	LOF	0	0	0	0	0			0	0	0	
ILDR1	LOF	1	1	0	0	1	G2P_DDG2P	LOF	0	0	0	
IMPA1	LOF	0	0	0	0	0			0	0	0	
IMPDH1	DOMINANT_NEGATIVE	1	1	0	0	1	G2P_DDG2P	DOMINANT_NEGATIVE	0	0	0	
IMPDH2	LOF	1	0	0	0	1	Orphadata	LOF	0	0	0	
IMPG1	LOF	1	1	0	0	1	G2P_DDG2P	LOF	0	0	0	
IMPG2	LOF	1	1	0	0	2	G2P_DDG2P	LOF	0	0	0	
INPP4A	LOF	0	0	0	0	0			0	0	0	
INPP5E	LOF	1	1	0	0	2	G2P_DDG2P	LOF	0	0	0	
INSR	DOMINANT_NEGATIVE;LOF	1	1	0	0	3	G2P_DDG2P;Orphadata	DOMINANT_NEGATIVE;LOF	0	0	0	
INTS1	LOF	1	1	0	0	1	G2P_DDG2P	LOF	0	0	0	
INTS11	LOF	1	1	0	0	1	G2P_DDG2P	LOF	0	0	0	
IPO13	LOF	0	0	0	0	0			0	0	0	
IPO8	LOF	1	1	0	0	2	G2P_DDG2P;Orphadata	LOF	0	0	0	
IQCB1	LOF	1	0	0	0	1	Orphadata	LOF	0	0	0	
IQSEC2	LOF	1	1	0	0	2	G2P_DDG2P;Orphadata	LOF	0	0	0	
IRF2BP2	GOF	0	0	0	0	0			0	0	0	
IRF2BPL	LOF	1	1	0	0	1	G2P_DDG2P	LOF	0	0	0	
IRF4	GOF	0	0	0	0	0			0	0	0	
IRF6	GOF;LOF	1	1	0	0	2	G2P_DDG2P	GOF;LOF	0	0	0	
IRS1	GOF	0	0	0	0	0			0	0	0	
ISL1	GOF	0	0	0	0	0			0	0	0	
ISM1	GOF	0	0	0	0	0			0	0	0	
ITCH	LOF	1	1	0	0	1	G2P_DDG2P	LOF	0	0	0	
ITGA3	LOF	1	1	0	0	1	G2P_DDG2P	LOF	0	0	0	
ITGA6	LOF	1	1	0	0	1	G2P_DDG2P	LOF	0	0	0	
ITGA7	LOF	1	1	0	0	1	G2P_DDG2P	LOF	0	0	0	
ITGA8	LOF	1	1	0	0	1	G2P_DDG2P	LOF	0	0	0	
ITGB1	GOF	0	0	0	0	0			0	0	0	
ITGB3	GOF	1	0	0	0	1	GoFCards_exact+ClinVar_VCV	GOF	0	0	0	
ITGB4	DOMINANT_NEGATIVE;LOF	1	1	0	0	1	G2P_DDG2P	LOF	0	0	0	
ITGB6	LOF	0	0	0	0	0			0	0	0	
ITK	LOF	0	0	0	0	0			0	0	0	
ITPR1	DOMINANT_NEGATIVE;GOF;LOF	1	1	0	0	1	G2P_DDG2P	DOMINANT_NEGATIVE;LOF	0	0	0	
ITPR2	LOF	0	0	0	0	0			0	0	0	
ITPR3	DOMINANT_NEGATIVE	1	1	0	0	1	G2P_DDG2P	DOMINANT_NEGATIVE	0	0	0	
IVD	LOF	1	1	0	0	1	G2P_DDG2P	LOF	0	0	0	
JAG1	LOF	1	1	1	1	1	G2P_DDG2P	LOF	1	0	0	OMIM:118450
JAG2	LOF	1	1	0	0	1	G2P_DDG2P	LOF	0	0	0	
JAGN1	LOF	1	1	0	0	1	G2P_DDG2P	LOF	0	0	0	
JAK1	GOF	0	0	0	0	0			0	0	0	
JAK2	GOF	1	1	0	0	5	GoFCards_exact+ClinVar_VCV;Orphadata	GOF	0	0	0	
JAK3	GOF;LOF	1	1	0	0	1	G2P_DDG2P	LOF	0	0	0	
JAM2	LOF	1	0	0	0	1	Orphadata	LOF	0	0	0	
JAM3	LOF	1	1	0	0	1	G2P_DDG2P	LOF	0	0	0	
JARID2	LOF	1	1	0	0	1	G2P_DDG2P	LOF	0	0	0	
JKAMP	LOF	0	0	0	0	0			0	0	0	
JPH1	LOF	1	1	0	0	1	G2P_DDG2P	LOF	0	0	0	
KANK1	LOF	1	1	0	0	1	G2P_DDG2P	LOF	0	0	0	
KANSL1	LOF	1	1	0	0	1	G2P_DDG2P	LOF	0	0	0	
KARS1	LOF	1	1	0	0	1	G2P_DDG2P	LOF	0	0	0	
KAT6A	LOF	1	1	0	0	1	G2P_DDG2P	LOF	0	0	0	
KAT6B	DOMINANT_NEGATIVE;GOF;LOF	1	1	0	0	2	G2P_DDG2P	DOMINANT_NEGATIVE;LOF	0	0	0	
KATNB1	LOF	1	1	0	0	1	G2P_DDG2P	LOF	0	0	0	
KATNIP	LOF	1	0	0	0	1	Orphadata	LOF	0	0	0	
KCNA1	GOF;LOF	0	0	0	0	0			0	0	0	
KCNA2	GOF;LOF	1	1	0	0	2	G2P_DDG2P;GoFCards_exact+ClinVar_VCV;Orphadata	GOF;LOF	0	0	0	
KCNA5	GOF;LOF	1	1	0	0	2	GoFCards_exact+ClinVar_VCV;Orphadata	GOF;LOF	0	0	0	
KCNA6	GOF	0	0	0	0	0			0	0	0	
KCNB1	GOF	0	0	0	0	0			0	0	0	
KCNC1	GOF;LOF	1	1	0	0	1	G2P_DDG2P;GoFCards_exact+ClinVar_VCV	GOF	0	0	0	
KCNC2	GOF;LOF	1	0	0	0	1	Orphadata	LOF	0	0	0	
KCNC3	GOF	0	0	0	0	0			0	0	0	
KCND2	GOF	0	0	0	0	0			0	0	0	
KCND3	GOF;LOF	0	0	0	0	0			0	0	0	
KCNE1	GOF;LOF	1	0	0	0	1	Orphadata	LOF	0	0	0	
KCNE2	GOF;LOF	1	1	0	0	2	GoFCards_exact+ClinVar_VCV;Orphadata	GOF	0	0	0	
KCNE3	GOF	1	1	0	0	1	GoFCards_exact+ClinVar_VCV	GOF	0	0	0	
KCNE5	GOF	0	0	0	0	0			0	0	0	
KCNH1	GOF	1	1	0	0	2	G2P_DDG2P;Orphadata	GOF	0	0	0	
KCNH2	GOF;LOF	1	1	0	0	2	G2P_DDG2P;GoFCards_exact+ClinVar_VCV;Orphadata	GOF	0	0	0	
KCNJ10	GOF;LOF	1	1	0	0	3	G2P_DDG2P;GoFCards_exact+ClinVar_VCV	GOF;LOF	0	0	0	
KCNJ11	GOF;LOF	1	1	0	0	3	G2P_DDG2P;Orphadata	GOF;LOF	0	0	0	
KCNJ13	LOF	1	1	0	0	1	G2P_DDG2P	LOF	0	0	0	
KCNJ18	GOF	0	0	0	0	0			0	0	0	
KCNJ2	GOF	1	0	0	0	2	Orphadata	GOF	0	0	0	
KCNJ3	GOF	0	0	0	0	0			0	0	0	
KCNJ5	GOF	1	0	0	0	1	Orphadata	GOF	0	0	0	
KCNJ6	GOF	0	0	0	0	0			0	0	0	
KCNJ8	GOF	1	1	0	0	1	G2P_DDG2P	GOF	0	0	0	
KCNK16	GOF	0	0	0	0	0			0	0	0	
KCNK17	GOF	0	0	0	0	0			0	0	0	
KCNK3	LOF	0	0	0	0	0			0	0	0	
KCNK4	GOF	1	1	0	0	1	G2P_DDG2P	GOF	0	0	0	
KCNK9	DOMINANT_NEGATIVE;GOF	1	1	0	0	1	G2P_DDG2P	DOMINANT_NEGATIVE	0	0	0	
KCNMA1	GOF;LOF	1	1	0	0	2	G2P_DDG2P;GoFCards_exact+ClinVar_VCV	GOF;LOF	0	0	0	
KCNMB1	GOF	0	0	0	0	0			0	0	0	
KCNN2	LOF	1	1	0	0	1	G2P_DDG2P	LOF	0	0	0	
KCNN3	GOF	1	1	0	0	2	G2P_DDG2P;Orphadata	GOF	0	0	0	
KCNN4	GOF	1	1	0	0	1	GoFCards_exact+ClinVar_VCV	GOF	0	0	0	
KCNQ1	GOF;LOF	1	1	0	0	6	G2P_DDG2P;GoFCards_exact+ClinVar_VCV;Orphadata	GOF;LOF	0	0	0	
KCNQ2	GOF;LOF	1	1	0	0	3	G2P_DDG2P;GoFCards_exact+ClinVar_VCV	GOF;LOF	0	0	0	
KCNQ3	GOF	1	1	0	0	1	GoFCards_exact+ClinVar_VCV	GOF	0	0	0	
KCNQ5	GOF;LOF	1	1	0	0	1	G2P_DDG2P	GOF;LOF	0	0	0	
KCNT1	GOF	1	1	0	0	3	G2P_DDG2P;GoFCards_exact+ClinVar_VCV;Orphadata	GOF	0	0	0	
KCNT2	GOF	1	1	0	0	1	G2P_DDG2P	GOF	0	0	0	
KCNV2	LOF	1	1	0	0	1	G2P_DDG2P	LOF	0	0	0	
KCTD1	GOF;LOF	1	1	0	0	2	G2P_DDG2P;Orphadata	GOF;LOF	0	0	0	
KCTD7	LOF	1	1	0	0	1	G2P_DDG2P	LOF	0	0	0	
KDELR2	LOF	1	1	0	0	1	G2P_DDG2P	LOF	0	0	0	
KDM1A	LOF	0	0	0	0	0			0	0	0	
KDM3B	LOF	1	1	0	0	1	G2P_DDG2P	LOF	0	0	0	
KDM4B	LOF	1	1	0	0	1	G2P_DDG2P	LOF	0	0	0	
KDM5B	LOF	1	1	0	0	1	G2P_DDG2P	LOF	0	0	0	
KDM5C	LOF	1	1	0	0	1	G2P_DDG2P	LOF	0	0	0	
KDM6A	LOF	1	1	0	0	1	G2P_DDG2P	LOF	0	0	0	
KDM6B	LOF	1	1	0	0	1	G2P_DDG2P	LOF	0	0	0	
KDSR	LOF	1	0	0	0	2	Orphadata	LOF	0	0	0	
KERA	LOF	0	0	0	0	0			0	0	0	
KIAA0586	LOF	1	1	0	0	2	G2P_DDG2P;Orphadata	LOF	0	0	0	
KIDINS220	GOF;LOF	1	1	0	0	2	G2P_DDG2P	LOF	0	0	0	
KIF11	LOF	1	1	1	1	1	G2P_DDG2P	LOF	1	0	0	OMIM:152950
KIF14	LOF	1	1	0	0	1	G2P_DDG2P	LOF	0	0	0	
KIF15	LOF	1	0	0	0	1	Orphadata	LOF	0	0	0	
KIF1A	LOF	1	1	0	0	2	G2P_DDG2P;Orphadata	LOF	0	0	0	
KIF1B	LOF	1	0	0	0	1	Orphadata	LOF	0	0	0	
KIF1C	LOF	1	0	0	0	1	Orphadata	LOF	0	0	0	
KIF20A	LOF	0	0	0	0	0			0	0	0	
KIF21A	GOF;LOF	1	1	0	0	2	GoFCards_exact+ClinVar_VCV;Orphadata	GOF;LOF	0	0	0	
KIF22	GOF	1	1	0	0	1	G2P_DDG2P	GOF	0	0	0	
KIF2A	DOMINANT_NEGATIVE	1	1	0	0	1	G2P_DDG2P	DOMINANT_NEGATIVE	0	0	0	
KIF4A	LOF	1	1	0	0	1	G2P_DDG2P	LOF	0	0	0	
KIF5A	GOF;LOF	1	1	0	0	1	G2P_DDG2P	LOF	0	0	0	
KIF7	LOF	1	1	0	0	1	G2P_DDG2P	LOF	0	0	0	
KIFBP	LOF	1	1	0	0	2	G2P_DDG2P;Orphadata	LOF	0	0	0	
KISS1	LOF	1	0	0	0	1	Orphadata	LOF	0	0	0	
KISS1R	LOF	1	0	0	0	1	Orphadata	LOF	0	0	0	
KIT	GOF;LOF	1	1	0	0	4	G2P_DDG2P;GoFCards_exact+ClinVar_VCV;Orphadata	GOF;LOF	0	0	0	
KITLG	DOMINANT_NEGATIVE;GOF	1	1	0	0	1	G2P_DDG2P	DOMINANT_NEGATIVE	0	0	0	
KIZ	LOF	1	1	0	0	2	G2P_DDG2P;Orphadata	LOF	0	0	0	
KL	LOF	0	0	0	0	0			0	0	0	
KLC2	GOF	1	0	0	0	1	Orphadata	GOF	0	0	0	
KLF1	DOMINANT_NEGATIVE	1	1	0	0	1	G2P_DDG2P	DOMINANT_NEGATIVE	0	0	0	
KLF13		0	0	0	0	0			1	0	0	OMIM:612001
KLF8	LOF	0	0	0	0	0			0	0	0	
KLHL15	LOF	1	1	0	0	1	G2P_DDG2P	LOF	0	0	0	
KLHL40	LOF	1	1	0	0	2	G2P_DDG2P;Orphadata	LOF	0	0	0	
KLHL41	LOF	1	0	0	0	4	Orphadata	LOF	0	0	0	
KLHL7	LOF	1	1	0	0	1	G2P_DDG2P	LOF	0	0	0	
KMT2A	LOF	1	1	0	0	1	G2P_DDG2P	LOF	0	0	0	
KMT2B	LOF	1	1	1	1	1	G2P_DDG2P	LOF	1	0	0	OMIM:617284
KMT2C	LOF	1	1	0	0	2	G2P_DDG2P;Orphadata	LOF	0	0	0	
KMT2D	LOF	1	1	0	0	1	G2P_DDG2P	LOF	0	0	0	
KMT2E	LOF	1	1	0	0	1	G2P_DDG2P	LOF	0	0	0	
KMT5B	LOF	1	1	0	0	1	G2P_DDG2P	LOF	0	0	0	
KNG1	GOF	0	0	0	0	0			0	0	0	
KNL1	LOF	1	1	0	0	1	G2P_DDG2P	LOF	0	0	0	
KPTN	LOF	1	1	0	0	2	G2P_DDG2P;Orphadata	LOF	0	0	0	
KRAS	GOF	1	1	0	0	11	G2P_DDG2P;GoFCards_exact+ClinVar_VCV;Orphadata	GOF	0	0	0	
KRIT1	LOF	1	1	1	1	2	G2P_DDG2P;Orphadata	LOF	1	0	0	OMIM:116860
KRT1	DOMINANT_NEGATIVE;GOF	1	1	0	0	2	G2P_DDG2P;Orphadata	DOMINANT_NEGATIVE;GOF	0	0	0	
KRT10	DOMINANT_NEGATIVE	0	0	0	0	0			0	0	0	
KRT12	DOMINANT_NEGATIVE	1	1	0	0	1	G2P_DDG2P	DOMINANT_NEGATIVE	0	0	0	
KRT13	DOMINANT_NEGATIVE	0	0	0	0	0			0	0	0	
KRT14	DOMINANT_NEGATIVE;LOF	1	1	0	0	1	G2P_DDG2P	LOF	0	0	0	
KRT16	DOMINANT_NEGATIVE	0	0	0	0	0			0	0	0	
KRT17	DOMINANT_NEGATIVE;LOF	1	1	0	0	1	G2P_DDG2P	LOF	0	0	0	
KRT2	LOF	1	1	0	0	1	G2P_DDG2P	LOF	0	0	0	
KRT3	DOMINANT_NEGATIVE	1	1	0	0	1	G2P_DDG2P	DOMINANT_NEGATIVE	0	0	0	
KRT4	DOMINANT_NEGATIVE	0	0	0	0	0			0	0	0	
KRT5	DOMINANT_NEGATIVE;LOF	1	1	0	0	2	G2P_DDG2P;Orphadata	DOMINANT_NEGATIVE;LOF	0	0	0	
KRT6A	DOMINANT_NEGATIVE	0	0	0	0	0			0	0	0	
KRT6B	DOMINANT_NEGATIVE	0	0	0	0	0			0	0	0	
KRT74	LOF	0	0	0	0	0			0	0	0	
KRT81	DOMINANT_NEGATIVE	1	1	0	0	1	G2P_DDG2P	DOMINANT_NEGATIVE	0	0	0	
KRT83	DOMINANT_NEGATIVE;LOF	1	1	0	0	2	G2P_DDG2P;Orphadata	DOMINANT_NEGATIVE;LOF	0	0	0	
KRT85	LOF	1	1	0	0	1	G2P_DDG2P	LOF	0	0	0	
KRT86	DOMINANT_NEGATIVE	1	1	0	0	1	G2P_DDG2P	DOMINANT_NEGATIVE	0	0	0	
KRT9	DOMINANT_NEGATIVE	0	0	0	0	0			0	0	0	
KYNU	LOF	1	0	0	0	1	Orphadata	LOF	0	0	0	
L1CAM	LOF	1	1	0	0	1	G2P_DDG2P	LOF	0	0	0	
L2HGDH	LOF	1	1	0	0	1	G2P_DDG2P	LOF	0	0	0	
LAMA1	LOF	1	1	0	0	2	G2P_DDG2P;Orphadata	LOF	0	0	0	
LAMA2	LOF	1	1	0	0	1	G2P_DDG2P	LOF	0	0	0	
LAMA3	LOF	1	1	0	0	1	G2P_DDG2P	LOF	0	0	0	
LAMB1	LOF	1	1	0	0	1	G2P_DDG2P	LOF	0	0	0	
LAMB2	LOF	1	1	0	0	2	G2P_DDG2P;Orphadata	LOF	0	0	0	
LAMB3	LOF	0	0	0	0	0			0	0	0	
LAMC2	LOF	0	0	0	0	0			0	0	0	
LAMC3	LOF	1	1	0	0	1	G2P_DDG2P	LOF	0	0	0	
LAMP2	LOF	1	1	0	0	1	G2P_DDG2P	LOF	0	0	0	
LARGE1	LOF	1	1	0	0	1	G2P_DDG2P	LOF	0	0	0	
LARP7	LOF	1	1	0	0	2	G2P_DDG2P;Orphadata	LOF	0	0	0	
LBR	LOF	1	1	0	0	1	G2P_DDG2P	LOF	0	0	0	
LCA5	LOF	1	1	0	0	1	G2P_DDG2P	LOF	0	0	0	
LCAT	LOF	1	1	0	0	2	G2P_DDG2P;Orphadata	LOF	0	0	0	
LDLR	LOF	0	0	0	0	0			0	0	0	
LDLRAP1	LOF	0	0	0	0	0			0	0	0	
LEF1	GOF	0	0	0	0	0			0	0	0	
LEFTY2	LOF	0	0	0	0	0			0	0	0	
LEMD3	LOF	1	1	0	0	2	G2P_DDG2P;Orphadata	LOF	0	0	0	
LEPR	LOF	1	0	0	0	1	Orphadata	LOF	0	0	0	
LGI1	LOF	1	0	0	0	1	Orphadata	LOF	0	0	0	
LGI4	LOF	1	1	0	0	2	G2P_DDG2P;Orphadata	LOF	0	0	0	
LGR4	GOF	0	0	0	0	0			0	0	0	
LHCGR	GOF;LOF	0	0	0	0	0			0	0	0	
LHFPL5	LOF	1	1	0	0	1	G2P_DDG2P	LOF	0	0	0	
LHX2	LOF	0	0	0	0	0			0	0	0	
LHX3	LOF	1	1	0	0	1	G2P_DDG2P	LOF	0	0	0	
LHX4	LOF	1	1	0	0	2	G2P_DDG2P;Orphadata	LOF	0	0	0	
LIFR	LOF	1	1	0	0	2	G2P_DDG2P;Orphadata	LOF	0	0	0	
LIG4	LOF	1	1	0	0	1	G2P_DDG2P	LOF	0	0	0	
LIN28B	GOF	0	0	0	0	0			0	0	0	
LINGO1	LOF	1	1	0	0	1	G2P_DDG2P	LOF	0	0	0	
LINS1	LOF	1	1	0	0	1	G2P_DDG2P	LOF	0	0	0	
LIPA	LOF	1	0	0	0	2	Orphadata	LOF	0	0	0	
LIPC	GOF	0	0	0	0	0			0	0	0	
LIPI	LOF	0	0	0	0	0			0	0	0	
LIPN	LOF	1	1	0	0	1	G2P_DDG2P	LOF	0	0	0	
LMAN1	LOF	1	0	0	0	1	Orphadata	LOF	0	0	0	
LMBRD1	LOF	1	1	0	0	1	G2P_DDG2P	LOF	0	0	0	
LMBRD2	GOF	1	1	0	0	1	GoFCards_exact+ClinVar_VCV	GOF	0	0	0	
LMNA	GOF;LOF	1	1	0	0	3	G2P_DDG2P	GOF;LOF	0	0	0	
LMOD1	LOF	1	0	0	0	1	Orphadata	LOF	0	0	0	
LMOD3	LOF	1	1	0	0	3	G2P_DDG2P;Orphadata	LOF	0	0	0	
LMX1B	LOF	1	1	0	0	1	G2P_DDG2P	LOF	0	0	0	
LNPK	LOF	1	1	0	0	1	G2P_DDG2P	LOF	0	0	0	
LONP1	LOF	1	1	0	0	2	G2P_DDG2P	LOF	0	0	0	
LOX	LOF	1	0	0	0	1	Orphadata	LOF	0	0	0	
LOXHD1	LOF	1	1	0	0	1	G2P_DDG2P	LOF	0	0	0	
LPL	GOF;LOF	1	1	0	0	1	G2P_DDG2P	LOF	0	0	0	
LRAT	LOF	1	1	0	0	1	G2P_DDG2P	LOF	0	0	0	
LRBA	LOF	1	1	0	0	1	G2P_DDG2P	LOF	0	0	0	
LRIG2	LOF	1	1	0	0	1	G2P_DDG2P	LOF	0	0	0	
LRIT3	LOF	1	1	0	0	1	G2P_DDG2P	LOF	0	0	0	
LRMDA	LOF	1	1	0	0	1	G2P_DDG2P	LOF	0	0	0	
LRP1	LOF	1	0	0	0	2	Orphadata	LOF	0	0	0	
LRP2	LOF	1	1	0	0	1	G2P_DDG2P	LOF	0	0	0	
LRP4	LOF	1	1	0	0	2	G2P_DDG2P;Orphadata	LOF	0	0	0	
LRP5	GOF;LOF	1	1	0	0	5	G2P_DDG2P;Orphadata	GOF;LOF	1	0	0	OMIM:617875
LRP6	LOF	1	1	0	0	2	G2P_DDG2P;Orphadata	LOF	0	0	0	
LRPAP1	LOF	1	1	0	0	1	G2P_DDG2P	LOF	0	0	0	
LRPPRC	LOF	1	1	0	0	1	G2P_DDG2P	LOF	0	0	0	
LRRC3	GOF	0	0	0	0	0			0	0	0	
LRRC45	LOF	0	0	0	0	0			0	0	0	
LRRC56	LOF	1	1	0	0	1	G2P_DDG2P	LOF	0	0	0	
LRRK2	GOF	1	0	0	0	1	Orphadata	GOF	0	0	0	
LRSAM1		0	0	0	0	0			1	0	0	OMIM:614436
LSM11	LOF	0	0	0	0	0			0	0	0	
LTBP1	LOF	1	1	0	0	1	G2P_DDG2P	LOF	0	0	0	
LTBP2	LOF	1	1	0	0	1	G2P_DDG2P	LOF	0	0	0	
LTBP3	GOF;LOF	1	1	0	0	1	G2P_DDG2P	LOF	0	0	0	
LTBP4	GOF;LOF	0	0	0	0	0			0	0	0	
LYN	GOF	0	0	0	0	0			0	0	0	
LYSET	LOF	0	0	0	0	0			0	0	0	
LYST	LOF	1	1	0	0	2	G2P_DDG2P;Orphadata	LOF	0	0	0	
LZTFL1	GOF;LOF	1	1	0	0	1	G2P_DDG2P	LOF	0	0	0	
LZTR1	GOF;LOF	1	1	0	0	1	G2P_DDG2P	LOF	1	0	0	OMIM:615670
MAB21L1	LOF	1	1	0	0	1	G2P_DDG2P	LOF	0	0	0	
MAB21L2	GOF;LOF	1	1	0	0	1	G2P_DDG2P	GOF;LOF	0	0	0	
MADD	LOF	1	1	0	0	1	G2P_DDG2P	LOF	0	0	0	
MAFB	DOMINANT_NEGATIVE;GOF;LOF	1	1	0	0	3	G2P_DDG2P;Orphadata	DOMINANT_NEGATIVE;GOF;LOF	0	0	0	
MAG	LOF	1	0	0	0	1	Orphadata	LOF	0	0	0	
MAGEL2	GOF;LOF	1	1	0	0	3	G2P_DDG2P;GoFCards_exact+ClinVar_VCV;Orphadata	GOF;LOF	0	0	0	
MAGI2	LOF	0	0	0	0	0			0	0	0	
MAGT1	LOF	0	0	0	0	0			0	0	0	
MAK	LOF	1	1	0	0	1	G2P_DDG2P	LOF	0	0	0	
MAMLD1	LOF	1	1	0	0	1	G2P_DDG2P	LOF	0	0	0	
MAN2B1	LOF	1	1	0	0	1	G2P_DDG2P	LOF	0	0	0	
MANBA	LOF	1	1	0	0	1	G2P_DDG2P	LOF	0	0	0	
MAOA	LOF	1	1	0	0	1	G2P_DDG2P	LOF	0	0	0	
MAP1B	LOF	1	0	0	0	1	Orphadata	LOF	0	0	0	
MAP2K1	GOF	1	1	0	0	2	G2P_DDG2P;GoFCards_exact+ClinVar_VCV;Orphadata	GOF	0	0	0	
MAP2K2	GOF	1	1	0	0	2	G2P_DDG2P;Orphadata	GOF	0	0	0	
MAP3K1	LOF	1	1	0	0	1	G2P_DDG2P	LOF	0	0	0	
MAP3K14	LOF	0	0	0	0	0			0	0	0	
MAP3K20	LOF	1	1	0	0	2	G2P_DDG2P	LOF	0	0	0	
MAP3K3	GOF	0	0	0	0	0			0	0	0	
MAP3K6	LOF	0	0	0	0	0			0	0	0	
MAP3K7	GOF	0	0	0	0	0			0	0	0	
MAP4K4	DOMINANT_NEGATIVE;LOF	0	0	0	0	0			0	0	0	
MAPK1	GOF	1	1	0	0	1	G2P_DDG2P	GOF	0	0	0	
MAPK10	LOF	1	1	0	0	1	G2P_DDG2P	LOF	0	0	0	
MAPK8IP3	LOF	0	0	0	0	0			0	0	0	
MAPKAPK5	LOF	1	1	0	0	1	G2P_DDG2P	LOF	0	0	0	
MAPKBP1	LOF	0	0	0	0	0			0	0	0	
MAPT	GOF	0	0	0	0	0			0	0	0	
MARK4	GOF	0	0	0	0	0			0	0	0	
MARS1	LOF	0	0	0	0	0			0	0	0	
MARVELD2	LOF	1	1	0	0	1	G2P_DDG2P	LOF	0	0	0	
MASP1	LOF	1	1	0	0	2	G2P_DDG2P;Orphadata	LOF	0	0	0	
MAST3	GOF	1	1	0	0	1	G2P_DDG2P	GOF	0	0	0	
MAT1A	LOF	1	1	0	0	1	G2P_DDG2P	LOF	0	0	0	
MAU2	LOF	0	0	0	0	0			0	0	0	
MAX	LOF	1	1	0	0	1	G2P_DDG2P	LOF	0	0	0	
MBD4	LOF	0	0	0	0	0			0	0	0	
MBD5	LOF	1	1	0	0	1	G2P_DDG2P	LOF	0	0	0	
MBOAT7	LOF	1	1	0	0	1	G2P_DDG2P	LOF	0	0	0	
MBTPS2	LOF	1	1	0	0	1	G2P_DDG2P	LOF	0	0	0	
MC2R	LOF	1	1	0	0	1	G2P_DDG2P	LOF	0	0	0	
MC4R	GOF	0	0	0	0	0			0	0	0	
MCCC1	LOF	1	1	0	0	1	G2P_DDG2P	LOF	0	0	0	
MCCC2	LOF	1	1	0	0	1	G2P_DDG2P	LOF	0	0	0	
MCEE	LOF	1	1	0	0	1	G2P_DDG2P	LOF	0	0	0	
MCIDAS	LOF	1	0	0	0	1	Orphadata	LOF	0	0	0	
MCM9	LOF	0	0	0	0	0			0	0	0	
MCOLN1	LOF	1	1	0	0	2	G2P_DDG2P;Orphadata	LOF	0	0	0	
MCOLN3	GOF	0	0	0	0	0			0	0	0	
MCPH1	LOF	1	1	0	0	1	G2P_DDG2P	LOF	0	0	0	
MDGA2	LOF	0	0	0	0	0			0	0	0	
MDH2	GOF;LOF	1	1	0	0	1	G2P_DDG2P	LOF	0	0	0	
MECOM	GOF	1	1	0	0	1	G2P_DDG2P	GOF	0	0	0	
MECP2	GOF;LOF	1	1	0	0	4	G2P_DDG2P;GoFCards_exact+ClinVar_VCV;Orphadata	GOF;LOF	0	0	0	
MECR	LOF	1	1	0	0	1	G2P_DDG2P	LOF	0	0	0	
MED12	GOF;LOF	1	0	0	0	1	Orphadata	LOF	0	0	0	
MED13	LOF	1	1	0	0	1	G2P_DDG2P	LOF	0	0	0	
MED13L	LOF	1	1	0	0	2	G2P_DDG2P;Orphadata	LOF	0	0	0	
MED27	LOF	1	1	0	0	1	G2P_DDG2P	LOF	0	0	0	
MEF2C	LOF	1	1	0	0	1	G2P_DDG2P	LOF	0	0	0	
MEFV	LOF	1	1	0	0	1	G2P_DDG2P	LOF	0	0	0	
MEGF10	LOF	1	1	0	0	1	G2P_DDG2P	LOF	0	0	0	
MEGF8	LOF	1	1	0	0	1	G2P_DDG2P	LOF	0	0	0	
MEIS2	LOF	1	1	0	0	1	G2P_DDG2P	LOF	0	0	0	
MEN1	LOF	1	1	0	0	2	G2P_DDG2P;Orphadata	LOF	0	0	0	
MEOX1	LOF	1	1	0	0	1	G2P_DDG2P	LOF	0	0	0	
MERTK	LOF	1	1	0	0	1	G2P_DDG2P	LOF	0	0	0	
MESD	LOF	1	1	0	0	1	G2P_DDG2P	LOF	0	0	0	
MESP2	LOF	1	1	0	0	1	G2P_DDG2P	LOF	0	0	0	
MET	GOF	1	1	1	1	1	G2P_DDG2P	GOF	1	0	0	OMIM:605074
METTL14	GOF	0	0	0	0	0			0	0	0	
METTL23	LOF	1	1	0	0	1	G2P_DDG2P	LOF	0	0	0	
METTL5	LOF	0	0	0	0	0			0	0	0	
MFAP5	LOF	1	0	0	0	1	Orphadata	LOF	0	0	0	
MFF	LOF	1	1	0	0	2	G2P_DDG2P;Orphadata	LOF	0	0	0	
MFN2	GOF;LOF	1	0	0	0	1	Orphadata	LOF	1	0	0	OMIM:609260
MFRP	LOF	1	1	0	0	2	G2P_DDG2P	LOF	0	0	0	
MFSD2A	LOF	1	0	0	0	1	Orphadata	LOF	0	0	0	
MFSD8	LOF	1	1	0	0	1	G2P_DDG2P	LOF	0	0	0	
MGAT2	LOF	1	1	0	0	2	G2P_DDG2P;Orphadata	LOF	0	0	0	
MGME1	LOF	1	0	0	0	1	Orphadata	LOF	0	0	0	
MGP	LOF	1	1	0	0	2	G2P_DDG2P;Orphadata	LOF	0	0	0	
MIB1	LOF	0	0	0	0	0			0	0	0	
MICAL1	GOF	0	0	0	0	0			0	0	0	
MICU1	LOF	1	1	0	0	2	G2P_DDG2P;Orphadata	LOF	0	0	0	
MID1	LOF	1	1	0	0	1	G2P_DDG2P	LOF	0	0	0	
MIP	DOMINANT_NEGATIVE	1	1	0	0	1	G2P_DDG2P	DOMINANT_NEGATIVE	0	0	0	
MIR140	GOF	1	1	0	0	1	G2P_DDG2P	GOF	0	0	0	
MIR17HG	LOF	1	1	0	0	1	G2P_DDG2P	LOF	0	0	0	
MIR204	GOF	0	0	0	0	0			0	0	0	
MITF	GOF;LOF	1	1	0	0	4	G2P_DDG2P;GoFCards_exact+ClinVar_VCV	GOF;LOF	0	0	0	
MKKS	LOF	1	1	0	0	1	G2P_DDG2P	LOF	0	0	0	
MKS1	LOF	1	1	0	0	1	G2P_DDG2P	LOF	0	0	0	
MLC1	LOF	1	1	0	0	1	G2P_DDG2P	LOF	0	0	0	
MLH1	LOF	1	1	0	0	3	G2P_DDG2P	LOF	0	0	0	
MLPH	LOF	0	0	0	0	0			0	0	0	
MLYCD	LOF	1	1	0	0	1	G2P_DDG2P	LOF	0	0	0	
MMAA	LOF	1	1	0	0	1	G2P_DDG2P	LOF	0	0	0	
MMAB	LOF	1	1	0	0	1	G2P_DDG2P	LOF	0	0	0	
MMACHC	LOF	1	1	0	0	1	G2P_DDG2P	LOF	0	0	0	
MMADHC	LOF	1	1	0	0	1	G2P_DDG2P	LOF	0	0	0	
MME	LOF	0	0	0	0	0			0	0	0	
MMP11	GOF	0	0	0	0	0			0	0	0	
MMP13	GOF;LOF	1	0	0	0	2	Orphadata	GOF;LOF	0	0	0	
MMP2	LOF	0	0	0	0	0			0	0	0	
MMP21	LOF	1	1	0	0	1	G2P_DDG2P	LOF	0	0	0	
MMP7	GOF	0	0	0	0	0			0	0	0	
MMP9	GOF;LOF	1	0	0	0	1	Orphadata	LOF	0	0	0	
MMUT	LOF	1	1	0	0	3	G2P_DDG2P;Orphadata	LOF	0	0	0	
MN1	GOF;LOF	1	1	0	0	1	G2P_DDG2P	GOF	1	0	0	OMIM:607174
MNX1	LOF	1	1	1	1	1	G2P_DDG2P	LOF	1	0	0	OMIM:176450
MOCS1	LOF	1	1	0	0	1	G2P_DDG2P	LOF	0	0	0	
MOCS2	LOF	1	1	0	0	1	G2P_DDG2P	LOF	0	0	0	
MOGS	LOF	1	0	0	0	1	Orphadata	LOF	0	0	0	
MPDU1	LOF	1	1	0	0	1	G2P_DDG2P	LOF	0	0	0	
MPDZ	LOF	1	1	0	0	1	G2P_DDG2P	LOF	0	0	0	
MPI	LOF	1	1	0	0	1	G2P_DDG2P	LOF	0	0	0	
MPL	GOF;LOF	1	1	0	0	2	GoFCards_exact+ClinVar_VCV	GOF	0	0	0	
MPLKIP	LOF	1	1	0	0	1	G2P_DDG2P	LOF	0	0	0	
MPV17	LOF	1	1	0	0	1	G2P_DDG2P	LOF	0	0	0	
MRAP	LOF	1	1	0	0	1	G2P_DDG2P	LOF	0	0	0	
MRAS	GOF	1	1	0	0	1	G2P_DDG2P	GOF	0	0	0	
MRE11	LOF	1	1	0	0	1	G2P_DDG2P	LOF	0	0	0	
MRPS34	LOF	1	1	0	0	1	G2P_DDG2P	LOF	0	0	0	
MRTFB	GOF	0	0	0	0	0			0	0	0	
MSGN1	GOF	0	0	0	0	0			0	0	0	
MSH2	LOF	1	1	0	0	2	G2P_DDG2P	LOF	0	0	0	
MSH3	LOF	1	0	0	0	1	Orphadata	LOF	0	0	0	
MSH6	LOF	1	1	0	0	2	G2P_DDG2P	LOF	1	0	0	OMIM:614350
MSL2	LOF	1	1	0	0	1	G2P_DDG2P	LOF	0	0	0	
MSL3	LOF	1	1	0	0	1	G2P_DDG2P	LOF	0	0	0	
MSX1	LOF	1	1	0	0	1	G2P_DDG2P	LOF	0	0	0	
MSX2	GOF;LOF	1	1	0	0	2	G2P_DDG2P;Orphadata	LOF	0	0	0	
MT-ATP6		0	0	0	0	0			1	0	0	OMIM:535000
MT-CO2	LOF	0	0	0	0	0			0	0	0	
MT-CO3		0	0	0	0	0			1	0	0	OMIM:535000
MT-CYB		0	0	0	0	0			1	0	0	OMIM:535000
MT-ND1		0	0	0	0	0			1	0	0	OMIM:535000
MT-ND2		0	0	0	0	0			1	0	0	OMIM:535000
MT-ND4		0	0	0	0	0			1	0	0	OMIM:535000
MT-ND4L		0	0	0	0	0			1	0	0	OMIM:535000
MT-ND5		0	0	0	0	0			1	0	0	OMIM:535000
MT-ND6		0	0	0	0	0			1	0	0	OMIM:535000
MT-TP	LOF	1	1	0	0	1	G2P_DDG2P	LOF	0	0	0	
MTAP	LOF	1	1	0	0	1	G2P_DDG2P	LOF	0	0	0	
MTF1	LOF	0	0	0	0	0			0	0	0	
MTFMT	LOF	1	1	0	0	1	G2P_DDG2P	LOF	0	0	0	
MTHFR	LOF	1	1	0	0	1	G2P_DDG2P	LOF	0	0	0	
MTM1	LOF	1	1	0	0	2	G2P_DDG2P;Orphadata	LOF	0	0	0	
MTO1	LOF	1	1	0	0	1	G2P_DDG2P	LOF	0	0	0	
MTOR	GOF	1	1	0	0	2	GoFCards_exact+ClinVar_VCV;Orphadata	GOF	0	0	0	
MTR	LOF	1	1	0	0	1	G2P_DDG2P	LOF	0	0	0	
MTRFR	LOF	1	1	0	0	1	G2P_DDG2P	LOF	0	0	0	
MTRR	LOF	1	1	0	0	1	G2P_DDG2P	LOF	0	0	0	
MTTP	LOF	1	1	0	0	1	G2P_DDG2P	LOF	0	0	0	
MUC5B	GOF	0	0	0	0	0			0	0	0	
MUSK	LOF	1	0	0	0	1	Orphadata	LOF	0	0	0	
MUTYH	LOF	1	1	0	0	1	G2P_DDG2P	LOF	0	0	0	
MVK	LOF	1	1	0	0	2	G2P_DDG2P	LOF	0	0	0	
MYBPC1	LOF	1	1	0	0	1	G2P_DDG2P	LOF	0	0	0	
MYBPC3	GOF;LOF	1	1	0	0	1	G2P_DDG2P	LOF	0	0	0	
MYCBP2	LOF	0	0	0	0	0			0	0	0	
MYCN	GOF;LOF	1	1	0	0	1	G2P_DDG2P	LOF	0	0	0	
MYD88	GOF	0	0	0	0	0			0	0	0	
MYF5	LOF	1	1	0	0	1	G2P_DDG2P	LOF	0	0	0	
MYH10	DOMINANT_NEGATIVE;GOF	0	0	0	0	0			0	0	0	
MYH11	LOF	1	1	0	0	2	G2P_DDG2P;Orphadata	LOF	0	0	0	
MYH2	LOF	0	0	0	0	0			0	0	0	
MYH3	LOF	1	1	0	0	1	G2P_DDG2P	LOF	0	0	0	
MYH7	GOF	0	0	0	0	0			0	0	0	
MYH8	LOF	1	1	0	0	1	G2P_DDG2P	LOF	0	0	0	
MYH9	LOF	1	1	0	0	1	G2P_DDG2P	LOF	0	0	0	
MYL1	LOF	1	1	0	0	1	G2P_DDG2P	LOF	0	0	0	
MYLIP	GOF	0	0	0	0	0			0	0	0	
MYLK	LOF	1	1	0	0	2	G2P_DDG2P;Orphadata	LOF	0	0	0	
MYMX	LOF	1	0	0	0	1	Orphadata	LOF	0	0	0	
MYO15A	LOF	1	1	0	0	1	G2P_DDG2P	LOF	0	0	0	
MYO18B	LOF	1	1	0	0	1	G2P_DDG2P	LOF	0	0	0	
MYO3A	GOF	0	0	0	0	0			0	0	0	
MYO5A	LOF	1	1	0	0	1	G2P_DDG2P	LOF	0	0	0	
MYO5B	LOF	1	1	0	0	2	G2P_DDG2P;Orphadata	LOF	0	0	0	
MYO7A	LOF	1	1	0	0	2	G2P_DDG2P;Orphadata	LOF	0	0	0	
MYOC	LOF	1	1	0	0	1	G2P_DDG2P	LOF	0	0	0	
MYOCD	LOF	0	0	0	0	0			0	0	0	
MYOD1	LOF	1	0	0	0	1	Orphadata	LOF	0	0	0	
MYPN	LOF	1	1	0	0	2	G2P_DDG2P;Orphadata	LOF	0	0	0	
MYRF	LOF	1	1	0	0	1	G2P_DDG2P	LOF	0	0	0	
MYSM1	LOF	1	1	0	0	1	G2P_DDG2P	LOF	0	0	0	
MYT1	LOF	0	0	0	0	0			0	0	0	
MYT1L	LOF	1	1	0	0	2	G2P_DDG2P;Orphadata	LOF	0	0	0	
NAA10	LOF	1	1	0	0	2	G2P_DDG2P	LOF	0	0	0	
NAA15	LOF	1	1	0	0	1	G2P_DDG2P	LOF	0	0	0	
NAA20	LOF	0	0	0	0	0			0	0	0	
NAA60	LOF	1	0	0	0	1	Orphadata	LOF	0	0	0	
NACC1	GOF	1	1	0	0	1	G2P_DDG2P	GOF	0	0	0	
NADK2	LOF	1	0	0	0	1	Orphadata	LOF	0	0	0	
NADSYN1	LOF	1	1	0	0	1	G2P_DDG2P	LOF	0	0	0	
NAGA	LOF	1	1	0	0	1	G2P_DDG2P	LOF	0	0	0	
NAGLU	LOF	1	1	0	0	1	G2P_DDG2P	LOF	0	0	0	
NAGS	LOF	1	1	0	0	1	G2P_DDG2P	LOF	0	0	0	
NALCN	GOF;LOF	1	1	0	0	2	G2P_DDG2P;GoFCards_exact+ClinVar_VCV	GOF;LOF	0	0	0	
NANS	LOF	1	1	0	0	1	G2P_DDG2P	LOF	0	0	0	
NAPB	LOF	1	1	0	0	1	G2P_DDG2P	LOF	0	0	0	
NARS1	GOF;LOF	1	1	0	0	1	GoFCards_exact+ClinVar_VCV	GOF	0	0	0	
NARS2	LOF	1	1	0	0	1	G2P_DDG2P	LOF	0	0	0	
NAXD	LOF	1	1	0	0	1	G2P_DDG2P	LOF	0	0	0	
NAXE	LOF	1	1	0	0	1	G2P_DDG2P	LOF	0	0	0	
NBAS	LOF	1	1	0	0	1	G2P_DDG2P	LOF	0	0	0	
NBEA	LOF	1	1	0	0	1	G2P_DDG2P	LOF	0	0	0	
NBEAL2	LOF	1	0	0	0	1	Orphadata	LOF	0	0	0	
NBN	LOF	1	1	0	0	1	G2P_DDG2P	LOF	0	0	0	
NCAPD2	LOF	0	0	0	0	0			0	0	0	
NCAPD3	LOF	0	0	0	0	0			0	0	0	
NCAPH	LOF	1	1	0	0	1	G2P_DDG2P	LOF	0	0	0	
NCF1	LOF	0	0	0	0	0			0	0	0	
NCF2	LOF	0	0	0	0	0			0	0	0	
NCKAP1	LOF	0	0	0	0	0			0	0	0	
NCOR1	LOF	0	0	0	0	0			0	0	0	
NDC1	LOF	1	1	0	0	1	G2P_DDG2P	LOF	0	0	0	
NDE1	LOF	1	1	0	0	1	G2P_DDG2P	LOF	0	0	0	
NDNF	LOF	1	1	0	0	1	G2P_DDG2P	LOF	0	0	0	
NDP	LOF	1	1	0	0	2	G2P_DDG2P;Orphadata	LOF	0	0	0	
NDUFA1	LOF	1	1	0	0	1	G2P_DDG2P	LOF	0	0	0	
NDUFA12	LOF	1	1	0	0	1	G2P_DDG2P	LOF	0	0	0	
NDUFA2	LOF	0	0	0	0	0			0	0	0	
NDUFA6	LOF	1	1	0	0	1	G2P_DDG2P	LOF	0	0	0	
NDUFA8	LOF	1	1	0	0	1	G2P_DDG2P	LOF	0	0	0	
NDUFAF2	LOF	0	0	0	0	0			0	0	0	
NDUFAF8	LOF	1	1	0	0	1	G2P_DDG2P	LOF	0	0	0	
NDUFB11	LOF	1	1	0	0	2	G2P_DDG2P;Orphadata	LOF	0	0	0	
NDUFB3	LOF	1	1	0	0	1	G2P_DDG2P	LOF	0	0	0	
NDUFB7	LOF	1	1	0	0	1	G2P_DDG2P	LOF	0	0	0	
NDUFB8	LOF	1	1	0	0	1	G2P_DDG2P	LOF	0	0	0	
NDUFS2	LOF	1	1	0	0	1	G2P_DDG2P	LOF	0	0	0	
NDUFS4	LOF	0	0	0	0	0			0	0	0	
NDUFS7	LOF	1	1	0	0	1	G2P_DDG2P	LOF	0	0	0	
NDUFS8	LOF	1	1	0	0	1	G2P_DDG2P	LOF	0	0	0	
NDUFV1	LOF	1	1	0	0	1	G2P_DDG2P	LOF	0	0	0	
NEB	LOF	1	1	0	0	1	G2P_DDG2P	LOF	0	0	0	
NECAP1	LOF	1	0	0	0	1	Orphadata	LOF	0	0	0	
NECTIN1	LOF	1	1	0	0	1	G2P_DDG2P	LOF	0	0	0	
NECTIN4	LOF	1	1	0	0	1	G2P_DDG2P	LOF	0	0	0	
NEDD4L	GOF	0	0	0	0	0			0	0	0	
NEK1	LOF	0	0	0	0	0			0	0	0	
NEK2	LOF	1	1	0	0	2	G2P_DDG2P;Orphadata	LOF	0	0	0	
NEK8	LOF	1	1	0	0	2	G2P_DDG2P;Orphadata	LOF	0	0	0	
NEK9	LOF	0	0	0	0	0			0	0	0	
NEU1	LOF	1	1	0	0	1	G2P_DDG2P	LOF	0	0	0	
NEUROG3	LOF	1	0	0	0	1	Orphadata	LOF	0	0	0	
NEXMIF	LOF	1	1	0	0	2	G2P_DDG2P;Orphadata	LOF	0	0	0	
NEXN	LOF	1	0	0	0	1	Orphadata	LOF	0	0	0	
NF1	GOF;LOF	1	1	0	0	6	G2P_DDG2P;GoFCards_exact+ClinVar_VCV;Orphadata	GOF;LOF	0	0	0	
NF2	LOF	1	1	0	0	1	G2P_DDG2P	LOF	1	0	0	OMIM:607174
NFATC1	GOF	0	0	0	0	0			0	0	0	
NFE2L2	GOF	1	1	0	0	1	G2P_DDG2P	GOF	0	0	0	
NFIA	LOF	1	1	0	0	1	G2P_DDG2P	LOF	0	0	0	
NFIB	LOF	1	1	0	0	1	G2P_DDG2P	LOF	0	0	0	
NFIX	LOF	1	1	0	0	1	G2P_DDG2P	LOF	0	0	0	
NFKB2	GOF	1	1	0	0	2	GoFCards_exact+ClinVar_VCV;Orphadata	GOF	0	0	0	
NFKBIA	GOF	0	0	0	0	0			0	0	0	
NFU1	LOF	1	1	0	0	1	G2P_DDG2P	LOF	0	0	0	
NGLY1	LOF	1	1	0	0	2	G2P_DDG2P;Orphadata	LOF	0	0	0	
NHLRC1	LOF	1	0	0	0	1	Orphadata	LOF	0	0	0	
NHP2	LOF	1	1	0	0	1	G2P_DDG2P	LOF	0	0	0	
NHS	LOF	1	1	0	0	1	G2P_DDG2P	LOF	0	0	0	
NIPAL4	LOF	1	1	0	0	1	G2P_DDG2P	LOF	0	0	0	
NIPBL	LOF	1	1	0	0	1	G2P_DDG2P	LOF	0	0	0	
NKAP	LOF	0	0	0	0	0			0	0	0	
NKX2-1	LOF	1	1	0	0	1	G2P_DDG2P	LOF	0	0	0	
NKX2-5	DOMINANT_NEGATIVE;LOF	1	1	0	0	4	G2P_DDG2P;Orphadata	DOMINANT_NEGATIVE;LOF	0	0	0	
NKX3-2	LOF	1	1	0	0	1	G2P_DDG2P	LOF	0	0	0	
NKX6-2	LOF	1	1	0	0	1	G2P_DDG2P	LOF	0	0	0	
NLGN3	GOF;LOF	0	0	0	0	0			0	0	0	
NLGN4X	LOF	0	0	0	0	0			0	0	0	
NLRC4	GOF	0	0	0	0	0			0	0	0	
NLRP1	GOF	0	0	0	0	0			0	0	0	
NLRP12		0	0	0	0	0			1	0	0	OMIM:611762
NLRP2	LOF	0	0	0	0	0			0	0	0	
NLRP3	GOF	1	1	0	0	2	G2P_DDG2P;GoFCards_exact+ClinVar_VCV;Orphadata	GOF	0	0	0	
NME1	GOF	0	0	0	0	0			0	0	0	
NMNAT1	LOF	1	1	0	0	1	G2P_DDG2P	LOF	0	0	0	
NOD2	GOF	1	1	0	0	1	G2P_DDG2P;GoFCards_exact+ClinVar_VCV	GOF	0	0	0	
NODAL	LOF	1	1	0	0	1	G2P_DDG2P	LOF	0	0	0	
NOG	LOF	1	1	0	0	1	G2P_DDG2P	LOF	0	0	0	
NONO	LOF	1	1	0	0	2	G2P_DDG2P;Orphadata	LOF	0	0	0	
NOP10	LOF	1	1	0	0	1	G2P_DDG2P	LOF	0	0	0	
NOS3	GOF	0	0	0	0	0			0	0	0	
NOTCH1	GOF;LOF	1	1	0	0	1	G2P_DDG2P	LOF	0	0	0	
NOTCH2	GOF	1	1	0	0	2	G2P_DDG2P;Orphadata	GOF	0	0	0	
NOTCH3	GOF	1	1	0	0	4	G2P_DDG2P;GoFCards_exact+ClinVar_VCV;Orphadata	GOF	0	0	0	
NPAT	LOF	0	0	0	0	0			0	0	0	
NPC1	LOF	1	1	0	0	1	G2P_DDG2P	LOF	0	0	0	
NPC2	LOF	1	1	0	0	1	G2P_DDG2P	LOF	0	0	0	
NPHP1	LOF	1	1	0	0	3	G2P_DDG2P;Orphadata	LOF	0	0	0	
NPHP3	LOF	1	1	0	0	2	G2P_DDG2P;Orphadata	LOF	0	0	0	
NPHP4	LOF	1	1	0	0	2	G2P_DDG2P	LOF	0	0	0	
NPHS1	LOF	1	1	0	0	1	G2P_DDG2P	LOF	0	0	0	
NPHS2	LOF	1	1	0	0	1	G2P_DDG2P	LOF	0	0	0	
NPM1	LOF	1	0	0	0	1	Orphadata	LOF	0	0	0	
NPR2	GOF;LOF	1	1	0	0	1	G2P_DDG2P	LOF	0	0	0	
NPR3	LOF	1	1	0	0	1	G2P_DDG2P	LOF	0	0	0	
NPRL2	LOF	1	1	1	1	2	G2P_DDG2P;Orphadata	LOF	1	0	0	OMIM:617116
NPRL3	LOF	1	1	1	1	2	G2P_DDG2P;Orphadata	LOF	1	0	0	OMIM:617118
NPSR1	GOF	0	0	0	0	0			0	0	0	
NPY	GOF	0	0	0	0	0			0	0	0	
NR0B1	LOF	1	1	0	0	2	G2P_DDG2P;Orphadata	LOF	0	0	0	
NR1H4	LOF	0	0	0	0	0			0	0	0	
NR2E3	GOF;LOF	1	1	0	0	2	G2P_DDG2P;GoFCards_exact+ClinVar_VCV	GOF;LOF	0	0	0	
NR2F1	LOF	1	1	0	0	2	G2P_DDG2P;Orphadata	LOF	0	0	0	
NR2F2	LOF	1	1	0	0	1	G2P_DDG2P	LOF	0	0	0	
NR3C2	GOF;LOF	0	0	0	0	0			0	0	0	
NR4A2	LOF	1	0	0	0	1	Orphadata	LOF	0	0	0	
NR5A1	LOF	1	0	0	0	2	Orphadata	LOF	1	0	0	OMIM:617480
NRAS	GOF	1	1	0	0	2	G2P_DDG2P;GoFCards_exact+ClinVar_VCV	GOF	0	0	0	
NRDC	LOF	0	0	0	0	0			0	0	0	
NRIP1		0	0	0	0	0			1	0	0	OMIM:618270
NRL	GOF;LOF	1	1	1	1	1	G2P_DDG2P	LOF	1	0	0	OMIM:613750
NRROS	LOF	1	1	0	0	1	G2P_DDG2P	LOF	0	0	0	
NRXN1	LOF	1	1	0	0	1	G2P_DDG2P	LOF	0	0	0	
NRXN2	LOF	0	0	0	0	0			0	0	0	
NRXN3	LOF	0	0	0	0	0			0	0	0	
NSD1	LOF	1	1	0	0	2	G2P_DDG2P;Orphadata	LOF	0	0	0	
NSD2	LOF	1	1	0	0	1	G2P_DDG2P	LOF	0	0	0	
NSDHL	LOF	1	1	0	0	3	G2P_DDG2P;Orphadata	LOF	0	0	0	
NSMCE2	LOF	0	0	0	0	0			0	0	0	
NSRP1	LOF	1	1	0	0	1	G2P_DDG2P	LOF	0	0	0	
NSUN6	LOF	0	0	0	0	0			0	0	0	
NT5C3A	LOF	1	1	0	0	1	G2P_DDG2P	LOF	0	0	0	
NT5E	LOF	1	0	0	0	1	Orphadata	LOF	0	0	0	
NTHL1	LOF	1	0	0	0	1	Orphadata	LOF	0	0	0	
NTN1		0	0	0	0	0			1	0	0	OMIM:157600
NTNG2	LOF	1	1	0	0	1	G2P_DDG2P	LOF	0	0	0	
NTRK1	GOF;LOF	1	1	0	0	2	G2P_DDG2P;Orphadata	LOF	0	0	0	
NUBPL	LOF	1	1	0	0	1	G2P_DDG2P	LOF	0	0	0	
NUDCD2	LOF	0	0	0	0	0			0	0	0	
NUDT2	LOF	1	1	0	0	1	G2P_DDG2P	LOF	0	0	0	
NUP107	LOF	1	1	0	0	1	G2P_DDG2P	LOF	0	0	0	
NUP133	LOF	1	1	0	0	2	G2P_DDG2P;Orphadata	LOF	0	0	0	
NUP155	LOF	1	0	0	0	1	Orphadata	LOF	0	0	0	
NUP188	LOF	1	1	0	0	1	G2P_DDG2P	LOF	0	0	0	
NUP214	LOF	0	0	0	0	0			0	0	0	
NUP88	LOF	1	0	0	0	1	Orphadata	LOF	0	0	0	
NUP93	LOF	1	0	0	0	1	Orphadata	LOF	0	0	0	
NUS1	LOF	1	1	0	0	1	G2P_DDG2P	LOF	0	0	0	
NXN	LOF	1	0	0	0	1	Orphadata	LOF	0	0	0	
NYX	LOF	1	1	0	0	1	G2P_DDG2P	LOF	0	0	0	
OAS1	GOF	0	0	0	0	0			0	0	0	
OAT	LOF	1	1	0	0	1	G2P_DDG2P	LOF	0	0	0	
OBSL1	LOF	1	1	0	0	1	G2P_DDG2P	LOF	0	0	0	
OCA2	LOF	1	1	0	0	1	G2P_DDG2P	LOF	0	0	0	
OCLN	LOF	1	1	0	0	2	G2P_DDG2P;Orphadata	LOF	0	0	0	
OCRL	LOF	1	1	0	0	2	G2P_DDG2P;Orphadata	LOF	0	0	0	
ODAD1	LOF	1	1	0	0	2	G2P_DDG2P;Orphadata	LOF	0	0	0	
ODAD2	LOF	1	1	0	0	2	G2P_DDG2P;Orphadata	LOF	0	0	0	
ODAD3	LOF	1	1	0	0	2	G2P_DDG2P;Orphadata	LOF	0	0	0	
ODAD4	LOF	1	1	0	0	2	G2P_DDG2P;Orphadata	LOF	0	0	0	
ODAPH	LOF	1	1	0	0	1	G2P_DDG2P	LOF	0	0	0	
ODC1	GOF	1	1	0	0	2	G2P_DDG2P;Orphadata	GOF	0	0	0	
OFD1	LOF	1	1	0	0	4	G2P_DDG2P;Orphadata	LOF	0	0	0	
OGDH	LOF	1	0	0	0	1	Orphadata	LOF	0	0	0	
OGT	LOF	1	1	0	0	1	G2P_DDG2P	LOF	0	0	0	
ONECUT1	LOF	0	0	0	0	0			0	0	0	
OPA1	LOF	1	1	0	0	2	G2P_DDG2P	LOF	1	0	0	OMIM:165500
OPA3	LOF	1	1	0	0	1	G2P_DDG2P	LOF	0	0	0	
OPHN1	LOF	1	1	0	0	1	G2P_DDG2P	LOF	0	0	0	
OPN1LW	LOF	1	1	0	0	1	G2P_DDG2P	LOF	0	0	0	
ORAI1	GOF	1	0	0	0	2	Orphadata	GOF	0	0	0	
ORC1	LOF	1	1	0	0	2	G2P_DDG2P;Orphadata	LOF	0	0	0	
ORC4	LOF	1	1	0	0	2	G2P_DDG2P;Orphadata	LOF	0	0	0	
ORC6	LOF	1	1	0	0	2	G2P_DDG2P;Orphadata	LOF	0	0	0	
OTC	LOF	1	1	0	0	1	G2P_DDG2P	LOF	0	0	0	
OTOA	LOF	1	1	0	0	1	G2P_DDG2P	LOF	0	0	0	
OTOF	LOF	1	1	0	0	1	G2P_DDG2P	LOF	0	0	0	
OTOGL	LOF	1	1	0	0	1	G2P_DDG2P	LOF	0	0	0	
OTUD6B	LOF	1	1	0	0	2	G2P_DDG2P;Orphadata	LOF	0	0	0	
OTUD7A	LOF	0	0	0	0	0			0	0	0	
OTULIN	LOF	1	1	0	0	1	G2P_DDG2P	LOF	0	0	0	
OTX2	LOF	1	1	0	0	1	G2P_DDG2P	LOF	0	0	0	
OXCT1	LOF	1	1	0	0	1	G2P_DDG2P	LOF	0	0	0	
OXR1	LOF	1	1	0	0	1	G2P_DDG2P	LOF	0	0	0	
P2RX7	GOF	0	0	0	0	0			0	0	0	
P3H1	LOF	1	1	0	0	1	G2P_DDG2P	LOF	0	0	0	
P3H2	LOF	1	1	0	0	1	G2P_DDG2P	LOF	0	0	0	
P4HTM	LOF	0	0	0	0	0			0	0	0	
PACS1	GOF	1	1	0	0	2	G2P_DDG2P;GoFCards_exact+ClinVar_VCV;Orphadata	GOF	0	0	0	
PACSIN3	LOF	0	0	0	0	0			0	0	0	
PADI3	LOF	1	0	0	0	1	Orphadata	LOF	0	0	0	
PAFAH1B1	LOF	1	1	0	0	1	G2P_DDG2P	LOF	0	0	0	
PAH	GOF;LOF	1	1	0	0	1	G2P_DDG2P	LOF	0	0	0	
PAK1	GOF	1	1	0	0	1	G2P_DDG2P;GoFCards_exact+ClinVar_VCV	GOF	0	0	0	
PAK2	LOF	1	0	0	0	1	Orphadata	LOF	0	0	0	
PAK3	GOF;LOF	1	1	0	0	1	G2P_DDG2P	LOF	0	0	0	
PALB2	LOF	1	1	0	0	1	G2P_DDG2P	LOF	0	0	0	
PANK2	LOF	1	1	0	0	1	G2P_DDG2P	LOF	0	0	0	
PANX1	GOF	1	0	0	0	1	Orphadata	GOF	0	0	0	
PAPSS2	LOF	1	1	0	0	1	G2P_DDG2P	LOF	0	0	0	
PARN	LOF	1	1	0	0	1	G2P_DDG2P	LOF	1	0	0	OMIM:616371
PATL2	LOF	1	0	0	0	1	Orphadata	LOF	0	0	0	
PAX1	LOF	1	1	0	0	1	G2P_DDG2P	LOF	0	0	0	
PAX2	LOF	1	1	0	0	2	G2P_DDG2P;Orphadata	LOF	1	0	0	OMIM:616002
PAX3	LOF	1	1	0	0	2	G2P_DDG2P	LOF	0	0	0	
PAX6	GOF;LOF	1	1	0	0	2	G2P_DDG2P;Orphadata	LOF	0	0	0	
PAX8	LOF	1	1	0	0	4	G2P_DDG2P;Orphadata	LOF	0	0	0	
PAX9	LOF	1	1	0	0	1	G2P_DDG2P	LOF	0	0	0	
PBX1	LOF	1	1	0	0	1	G2P_DDG2P	LOF	0	0	0	
PC	LOF	1	1	0	0	1	G2P_DDG2P	LOF	0	0	0	
PCARE	LOF	1	1	0	0	1	G2P_DDG2P	LOF	0	0	0	
PCBD1	LOF	1	1	0	0	1	G2P_DDG2P	LOF	0	0	0	
PCBP2	LOF	0	0	0	0	0			0	0	0	
PCCA	LOF	1	1	0	0	1	G2P_DDG2P	LOF	0	0	0	
PCCB	LOF	1	1	0	0	1	G2P_DDG2P	LOF	0	0	0	
PCDH12	LOF	1	1	0	0	1	G2P_DDG2P	LOF	0	0	0	
PCDH15	LOF	1	1	0	0	2	G2P_DDG2P;Orphadata	LOF	0	0	0	
PCDH19	LOF	1	1	0	0	1	G2P_DDG2P	LOF	0	0	0	
PCGF2	GOF	1	1	0	0	1	G2P_DDG2P	GOF	0	0	0	
PCNT	LOF	1	1	0	0	2	G2P_DDG2P;Orphadata	LOF	0	0	0	
PCSK1	GOF	0	0	0	0	0			0	0	0	
PCSK9	GOF	0	0	0	0	0			0	0	0	
PCYT1A	LOF	1	1	0	0	3	G2P_DDG2P;Orphadata	LOF	0	0	0	
PCYT2	LOF	1	1	0	0	1	G2P_DDG2P	LOF	0	0	0	
PDCD10	LOF	1	1	0	0	1	G2P_DDG2P	LOF	1	0	0	OMIM:116860
PDE3A	GOF	1	0	0	0	1	Orphadata	GOF	0	0	0	
PDE4D	GOF;LOF	1	1	0	0	2	G2P_DDG2P;Orphadata	GOF;LOF	0	0	0	
PDE6A	LOF	1	1	0	0	1	G2P_DDG2P	LOF	0	0	0	
PDE6B	GOF;LOF	1	1	0	0	2	G2P_DDG2P	GOF;LOF	0	0	0	
PDE6C	LOF	1	1	0	0	1	G2P_DDG2P	LOF	0	0	0	
PDE6D	LOF	1	1	0	0	2	G2P_DDG2P;Orphadata	LOF	0	0	0	
PDE6G	LOF	1	1	0	0	1	G2P_DDG2P	LOF	0	0	0	
PDE6H	LOF	1	1	0	0	1	G2P_DDG2P	LOF	0	0	0	
PDGFB	LOF	1	0	0	0	1	Orphadata	LOF	1	0	0	OMIM:607174
PDGFRA	GOF	1	1	0	0	1	G2P_DDG2P	GOF	0	0	0	
PDGFRB	GOF	1	1	0	0	3	G2P_DDG2P;GoFCards_exact+ClinVar_VCV	GOF	0	0	0	
PDHA1	LOF	1	1	0	0	1	G2P_DDG2P	LOF	0	0	0	
PDHX	LOF	1	1	0	0	1	G2P_DDG2P	LOF	0	0	0	
PDIA6	LOF	0	0	0	0	0			0	0	0	
PDK3	GOF	1	0	0	0	1	Orphadata	GOF	0	0	0	
PDLIM7	GOF	0	0	0	0	0			0	0	0	
PDP1	LOF	1	0	0	0	1	Orphadata	LOF	0	0	0	
PDSS2	LOF	1	1	0	0	1	G2P_DDG2P	LOF	0	0	0	
PDZD7	LOF	0	0	0	0	0			0	0	0	
PEPD	LOF	1	1	0	0	2	G2P_DDG2P;Orphadata	LOF	0	0	0	
PET100	LOF	1	1	0	0	1	G2P_DDG2P	LOF	0	0	0	
PEX1	LOF	0	0	0	0	0			0	0	0	
PEX10	LOF	1	1	0	0	2	G2P_DDG2P	LOF	0	0	0	
PEX11B	LOF	1	1	0	0	1	G2P_DDG2P	LOF	0	0	0	
PEX12	LOF	1	1	0	0	2	G2P_DDG2P	LOF	0	0	0	
PEX13	LOF	1	1	0	0	2	G2P_DDG2P	LOF	0	0	0	
PEX14	DOMINANT_NEGATIVE;LOF	1	1	0	0	1	G2P_DDG2P	LOF	0	0	0	
PEX16	LOF	1	1	0	0	2	G2P_DDG2P	LOF	0	0	0	
PEX19	LOF	1	1	0	0	1	G2P_DDG2P	LOF	0	0	0	
PEX2	LOF	1	1	0	0	2	G2P_DDG2P	LOF	0	0	0	
PEX26	LOF	1	1	0	0	2	G2P_DDG2P	LOF	0	0	0	
PEX3	LOF	1	1	0	0	1	G2P_DDG2P	LOF	0	0	0	
PEX5	LOF	1	1	0	0	2	G2P_DDG2P	LOF	0	0	0	
PEX6	LOF	1	1	0	0	2	G2P_DDG2P	LOF	0	0	0	
PEX7	LOF	1	1	0	0	2	G2P_DDG2P	LOF	0	0	0	
PFN1	GOF	0	0	0	0	0			0	0	0	
PGAP1	LOF	1	1	0	0	1	G2P_DDG2P	LOF	0	0	0	
PGAP2	LOF	1	1	0	0	1	G2P_DDG2P	LOF	0	0	0	
PGAP3	LOF	1	1	0	0	2	G2P_DDG2P;Orphadata	LOF	0	0	0	
PGK1	LOF	1	1	0	0	1	G2P_DDG2P	LOF	0	0	0	
PGM1	LOF	1	1	0	0	1	G2P_DDG2P	LOF	0	0	0	
PGM2L1	LOF	1	1	0	0	1	G2P_DDG2P	LOF	0	0	0	
PGM3	LOF	1	1	0	0	1	G2P_DDG2P	LOF	0	0	0	
PHACTR1	DOMINANT_NEGATIVE	1	1	0	0	1	G2P_DDG2P	DOMINANT_NEGATIVE	0	0	0	
PHEX	LOF	1	1	0	0	2	G2P_DDG2P;Orphadata	LOF	0	0	0	
PHF12	LOF	0	0	0	0	0			0	0	0	
PHF21A	LOF	0	0	0	0	0			0	0	0	
PHF6	LOF	1	1	0	0	2	G2P_DDG2P;Orphadata	LOF	0	0	0	
PHF8	LOF	1	1	0	0	1	G2P_DDG2P	LOF	0	0	0	
PHGDH	LOF	1	1	0	0	1	G2P_DDG2P	LOF	0	0	0	
PHIP	LOF	1	1	0	0	1	G2P_DDG2P	LOF	0	0	0	
PHOX2A	LOF	1	1	0	0	1	G2P_DDG2P	LOF	0	0	0	
PHOX2B	DOMINANT_NEGATIVE;LOF	1	1	0	0	1	G2P_DDG2P	DOMINANT_NEGATIVE	0	0	0	
PHYH	LOF	1	1	0	0	1	G2P_DDG2P	LOF	0	0	0	
PI4KA	LOF	1	1	0	0	1	G2P_DDG2P	LOF	0	0	0	
PIBF1	LOF	1	1	0	0	1	G2P_DDG2P	LOF	0	0	0	
PIDD1	LOF	1	1	0	0	1	G2P_DDG2P	LOF	0	0	0	
PIEZO1	GOF;LOF	1	1	0	0	2	G2P_DDG2P;Orphadata	GOF;LOF	0	0	0	
PIEZO2	GOF;LOF	1	1	0	0	4	G2P_DDG2P;GoFCards_exact+ClinVar_VCV;Orphadata	GOF;LOF	0	0	0	
PIGA	LOF	1	1	0	0	1	G2P_DDG2P	LOF	0	0	0	
PIGB	LOF	1	1	0	0	1	G2P_DDG2P	LOF	0	0	0	
PIGG	LOF	1	1	0	0	2	G2P_DDG2P;Orphadata	LOF	0	0	0	
PIGH	LOF	1	1	0	0	1	G2P_DDG2P	LOF	0	0	0	
PIGK	LOF	1	1	0	0	1	G2P_DDG2P	LOF	0	0	0	
PIGL	LOF	1	1	0	0	1	G2P_DDG2P	LOF	0	0	0	
PIGN	LOF	1	1	0	0	1	G2P_DDG2P	LOF	0	0	0	
PIGO	LOF	1	1	0	0	1	G2P_DDG2P	LOF	0	0	0	
PIGQ	LOF	1	1	0	0	2	G2P_DDG2P;Orphadata	LOF	0	0	0	
PIGS	LOF	1	1	0	0	1	G2P_DDG2P	LOF	0	0	0	
PIGV	LOF	1	1	0	0	1	G2P_DDG2P	LOF	0	0	0	
PIGY	LOF	1	0	0	0	1	Orphadata	LOF	0	0	0	
PIK3C2A	LOF	1	0	0	0	1	Orphadata	LOF	0	0	0	
PIK3CA	GOF	1	1	0	0	11	GoFCards_exact+ClinVar_VCV	GOF	0	0	0	
PIK3CB	GOF	0	0	0	0	0			0	0	0	
PIK3CD	GOF	1	0	0	0	1	GoFCards_exact+ClinVar_VCV;Orphadata	GOF	0	0	0	
PIK3R1	GOF;LOF	1	1	0	0	2	G2P_DDG2P;Orphadata	GOF;LOF	0	0	0	
PIK3R2	GOF	1	1	0	0	1	G2P_DDG2P	GOF	0	0	0	
PIKFYVE	LOF	1	1	0	0	1	G2P_DDG2P	LOF	0	0	0	
PIP4K2A	GOF	0	0	0	0	0			0	0	0	
PISD	LOF	1	1	0	0	1	G2P_DDG2P	LOF	0	0	0	
PITX1	LOF	1	1	1	1	1	G2P_DDG2P	LOF	1	0	0	OMIM:119800
PITX2	GOF;LOF	1	1	0	0	4	G2P_DDG2P;Orphadata	GOF;LOF	0	0	0	
PITX3	LOF	1	1	0	0	1	G2P_DDG2P	LOF	0	0	0	
PJVK	LOF	1	1	0	0	1	G2P_DDG2P	LOF	0	0	0	
PKD1L1	LOF	1	1	0	0	1	G2P_DDG2P	LOF	0	0	0	
PKD2		0	0	0	0	0			1	0	0	OMIM:613095
PKDCC	LOF	1	1	0	0	1	G2P_DDG2P	LOF	0	0	0	
PKHD1	LOF	1	1	0	0	2	G2P_DDG2P;Orphadata	LOF	0	0	0	
PKP1	LOF	1	1	0	0	2	G2P_DDG2P;Orphadata	LOF	0	0	0	
PKP2	GOF;LOF	1	1	0	0	1	G2P_DDG2P;GoFCards_exact+ClinVar_VCV	GOF;LOF	0	0	0	
PLA2G4A	LOF	0	0	0	0	0			0	0	0	
PLA2G5	LOF	1	1	0	0	1	G2P_DDG2P	LOF	0	0	0	
PLA2G6	LOF	1	1	0	0	1	G2P_DDG2P	LOF	0	0	0	
PLAA	LOF	1	1	0	0	2	G2P_DDG2P;Orphadata	LOF	0	0	0	
PLAAT3	LOF	1	1	0	0	1	G2P_DDG2P	LOF	0	0	0	
PLCB1	LOF	1	1	0	0	1	G2P_DDG2P	LOF	0	0	0	
PLCB3	LOF	0	0	0	0	0			0	0	0	
PLCB4	GOF	0	0	0	0	0			0	0	0	
PLCD1	GOF	0	0	0	0	0			0	0	0	
PLCE1	LOF	1	1	0	0	1	G2P_DDG2P	LOF	0	0	0	
PLCG1	GOF	0	0	0	0	0			0	0	0	
PLCG2	GOF;LOF	1	1	0	0	1	G2P_DDG2P	LOF	0	0	0	
PLD1	LOF	1	1	0	0	1	G2P_DDG2P	LOF	0	0	0	
PLEC	LOF	1	1	0	0	1	G2P_DDG2P	LOF	0	0	0	
PLG	GOF	1	1	0	0	2	GoFCards_exact+ClinVar_VCV	GOF	0	0	0	
PLK4	LOF	1	1	0	0	2	G2P_DDG2P;Orphadata	LOF	0	0	0	
PLOD1	LOF	1	1	0	0	1	G2P_DDG2P	LOF	0	0	0	
PLOD2	LOF	1	1	0	0	2	G2P_DDG2P;Orphadata	LOF	0	0	0	
PLOD3	LOF	1	1	0	0	1	G2P_DDG2P	LOF	0	0	0	
PLP1	LOF	1	1	0	0	1	G2P_DDG2P	LOF	0	0	0	
PLPBP	LOF	1	1	0	0	1	G2P_DDG2P	LOF	0	0	0	
PLS3	GOF;LOF	0	0	0	0	0			0	0	0	
PLVAP	LOF	0	0	0	0	0			0	0	0	
PLXNA1	GOF;LOF	1	1	0	0	1	G2P_DDG2P	LOF	0	0	0	
PLXNB2	LOF	0	0	0	0	0			0	0	0	
PMM2	LOF	1	1	0	0	1	G2P_DDG2P	LOF	0	0	0	
PMP22	GOF	0	0	0	0	0			0	0	0	
PMS2	LOF	1	1	0	0	2	G2P_DDG2P	LOF	0	0	0	
PNKP	LOF	1	1	0	0	1	G2P_DDG2P	LOF	0	0	0	
PNP	LOF	1	0	0	0	1	Orphadata	LOF	0	0	0	
PNPLA2	LOF	1	1	0	0	1	G2P_DDG2P	LOF	0	0	0	
PNPLA6	LOF	1	0	0	0	2	Orphadata	LOF	0	0	0	
PNPLA8	LOF	1	1	0	0	1	G2P_DDG2P	LOF	0	0	0	
PNPO	LOF	1	1	0	0	2	G2P_DDG2P;Orphadata	LOF	0	0	0	
PNPT1	LOF	1	1	0	0	1	G2P_DDG2P	LOF	0	0	0	
POC1A	LOF	1	1	0	0	1	G2P_DDG2P	LOF	0	0	0	
POC1B	LOF	1	1	0	0	2	G2P_DDG2P;Orphadata	LOF	0	0	0	
PODXL	LOF	1	0	0	0	1	Orphadata	LOF	0	0	0	
POGZ	LOF	1	1	0	0	2	G2P_DDG2P;Orphadata	LOF	0	0	0	
POLA1	LOF	1	1	0	0	2	G2P_DDG2P	LOF	0	0	0	
POLE	LOF	1	1	0	0	2	G2P_DDG2P;Orphadata	LOF	0	0	0	
POLG	LOF	1	1	0	0	1	G2P_DDG2P	LOF	0	0	0	
POLH	LOF	1	1	0	0	1	G2P_DDG2P	LOF	0	0	0	
POLR1A	LOF	1	1	0	0	1	G2P_DDG2P	LOF	0	0	0	
POLR1C	LOF	1	1	0	0	1	G2P_DDG2P	LOF	0	0	0	
POLR1D	LOF	1	1	0	0	1	G2P_DDG2P	LOF	0	0	0	
POLR3A	LOF	1	1	0	0	1	G2P_DDG2P	LOF	0	0	0	
POLR3B	LOF	1	1	0	0	1	G2P_DDG2P	LOF	0	0	0	
POLR3GL	LOF	0	0	0	0	0			0	0	0	
POLR3H	LOF	1	0	0	0	1	Orphadata	LOF	0	0	0	
POMGNT1	LOF	1	1	0	0	3	G2P_DDG2P;Orphadata	LOF	0	0	0	
POMGNT2	LOF	1	1	0	0	2	G2P_DDG2P;Orphadata	LOF	0	0	0	
POMK	LOF	1	1	0	0	2	G2P_DDG2P;Orphadata	LOF	0	0	0	
POMT1	LOF	1	1	0	0	2	G2P_DDG2P;Orphadata	LOF	0	0	0	
POMT2	LOF	1	1	0	0	2	G2P_DDG2P;Orphadata	LOF	0	0	0	
POP1	LOF	0	0	0	0	0			0	0	0	
POR	LOF	0	0	0	0	0			0	0	0	
PORCN	LOF	1	1	0	0	1	G2P_DDG2P	LOF	0	0	0	
POU1F1	GOF;LOF	1	1	0	0	1	G2P_DDG2P	LOF	0	0	0	
POU4F1	LOF	1	1	0	0	2	G2P_DDG2P;Orphadata	LOF	0	0	0	
PPARG	DOMINANT_NEGATIVE;GOF	1	1	0	0	1	G2P_DDG2P	DOMINANT_NEGATIVE	0	0	0	
PPFIA3	LOF	1	1	0	0	1	G2P_DDG2P	LOF	0	0	0	
PPIL1	LOF	1	1	0	0	1	G2P_DDG2P	LOF	0	0	0	
PPM1D	GOF;LOF	1	1	0	0	1	G2P_DDG2P	LOF	0	0	0	
PPM1K	LOF	0	0	0	0	0			0	0	0	
PPP1R12A	LOF	1	1	0	0	1	G2P_DDG2P	LOF	0	0	0	
PPP1R13L	LOF	0	0	0	0	0			0	0	0	
PPP1R15B	LOF	1	1	0	0	2	G2P_DDG2P;Orphadata	LOF	0	0	0	
PPP1R21	LOF	1	1	0	0	1	G2P_DDG2P	LOF	0	0	0	
PPP2CA	LOF	1	1	0	0	1	G2P_DDG2P	LOF	0	0	0	
PPP2R1A	DOMINANT_NEGATIVE;GOF	1	1	0	0	1	G2P_DDG2P;GoFCards_exact+ClinVar_VCV	DOMINANT_NEGATIVE;GOF	0	0	0	
PPP2R2B	LOF	0	0	0	0	0			0	0	0	
PPP2R5C	LOF	0	0	0	0	0			0	0	0	
PPP2R5D	DOMINANT_NEGATIVE	1	1	0	0	1	G2P_DDG2P	DOMINANT_NEGATIVE	0	0	0	
PPP3CA	GOF	0	0	0	0	0			0	0	0	
PPP6C	GOF	0	0	0	0	0			0	0	0	
PPT1	LOF	1	1	0	0	1	G2P_DDG2P	LOF	0	0	0	
PQBP1	LOF	1	1	0	0	1	G2P_DDG2P	LOF	0	0	0	
PRCC		0	0	0	0	0			1	0	0	OMIM:605074
PRCD	LOF	1	1	0	0	1	G2P_DDG2P	LOF	0	0	0	
PRDM12	LOF	1	1	0	0	1	G2P_DDG2P	LOF	0	0	0	
PRDM13	LOF	0	0	0	0	0			0	0	0	
PRDM5	LOF	1	1	0	0	1	G2P_DDG2P	LOF	0	0	0	
PRDM6	LOF	0	0	0	0	0			0	0	0	
PRDM8	GOF	0	0	0	0	0			0	0	0	
PREPL	LOF	1	1	0	0	1	G2P_DDG2P	LOF	0	0	0	
PREX2	GOF	0	0	0	0	0			0	0	0	
PRIM1	LOF	1	1	0	0	1	G2P_DDG2P	LOF	0	0	0	
PRKACG	LOF	0	0	0	0	0			0	0	0	
PRKAG1	GOF	0	0	0	0	0			0	0	0	
PRKAG3	GOF	0	0	0	0	0			0	0	0	
PRKAR1A	GOF;LOF	1	1	0	0	4	G2P_DDG2P;Orphadata	GOF;LOF	0	0	0	
PRKCD	LOF	0	0	0	0	0			0	0	0	
PRKCG		0	0	0	0	0			1	0	0	OMIM:605361
PRKD1	GOF	0	0	0	0	0			0	0	0	
PRKG1	GOF	1	0	0	0	1	Orphadata	GOF	0	0	0	
PRKN	GOF	0	0	0	0	0			0	0	0	
PRLR	LOF	1	0	0	0	1	Orphadata	LOF	0	0	0	
PRMT7	LOF	1	1	0	0	2	G2P_DDG2P;Orphadata	LOF	0	0	0	
PRMT9	LOF	0	0	0	0	0			0	0	0	
PROK2	LOF	1	0	0	0	2	Orphadata	LOF	1	0	0	OMIM:610628
PROKR2	LOF	1	0	0	0	2	Orphadata	LOF	1	0	0	OMIM:244200
PROM1	LOF	1	1	0	0	1	G2P_DDG2P	LOF	0	0	0	
PROP1	LOF	1	1	0	0	1	G2P_DDG2P	LOF	0	0	0	
PRORP	LOF	0	0	0	0	0			0	0	0	
PRPF19	LOF	0	0	0	0	0			0	0	0	
PRPF31	LOF	1	1	1	1	1	G2P_DDG2P	LOF	1	0	0	OMIM:600138
PRPF4	LOF	1	1	0	0	2	G2P_DDG2P;Orphadata	LOF	0	0	0	
PRPF8	LOF	0	0	0	0	0			1	1	1	OMIM:600059
PRPH2	GOF;LOF	0	0	0	0	0			0	0	0	
PRPS1	GOF;LOF	1	1	0	0	7	G2P_DDG2P;Orphadata	GOF;LOF	0	0	0	
PRR12	LOF	1	1	0	0	1	G2P_DDG2P	LOF	0	0	0	
PRRT2	LOF	1	1	1	1	1	G2P_DDG2P	LOF	1	0	0	OMIM:128200;OMIM:605751
PRRX1	DOMINANT_NEGATIVE;LOF	1	1	0	0	2	G2P_DDG2P;Orphadata	DOMINANT_NEGATIVE;LOF	0	0	0	
PRSS1	GOF	1	1	0	0	2	GoFCards_exact+ClinVar_VCV;Orphadata	GOF	0	0	0	
PRSS12	LOF	1	1	0	0	1	G2P_DDG2P	LOF	0	0	0	
PRSS2	GOF	0	0	0	0	0			0	0	0	
PRSS56	LOF	1	1	0	0	1	G2P_DDG2P	LOF	0	0	0	
PRUNE1	LOF	1	1	0	0	1	G2P_DDG2P	LOF	0	0	0	
PRX	LOF	0	0	0	0	0			0	0	0	
PSAP	LOF	1	1	0	0	1	G2P_DDG2P	LOF	0	0	0	
PSAT1	LOF	1	1	0	0	1	G2P_DDG2P	LOF	0	0	0	
PSKH1	LOF	1	1	0	0	1	G2P_DDG2P	LOF	0	0	0	
PSMB8	LOF	1	1	0	0	1	G2P_DDG2P	LOF	0	0	0	
PSMD11	LOF	0	0	0	0	0			0	0	0	
PSMD12	LOF	0	0	0	0	0			0	0	0	
PSPH	LOF	0	0	0	0	0			0	0	0	
PSTPIP1	DOMINANT_NEGATIVE;GOF	1	1	0	0	1	G2P_DDG2P;GoFCards_exact+ClinVar_VCV	DOMINANT_NEGATIVE;GOF	0	0	0	
PTCH1	LOF	1	1	0	0	2	G2P_DDG2P;Orphadata	LOF	1	0	0	OMIM:610828
PTCH2	LOF	0	0	0	0	0			1	1	1	OMIM:155255
PTCHD1	LOF	0	0	0	0	0			0	0	0	
PTDSS1	GOF	1	1	0	0	2	G2P_DDG2P;Orphadata	GOF	0	0	0	
PTEN	GOF;LOF	1	1	0	0	4	G2P_DDG2P;GoFCards_exact+ClinVar_VCV;Orphadata	GOF;LOF	1	0	0	OMIM:607174
PTF1A	LOF	1	1	0	0	1	G2P_DDG2P	LOF	0	0	0	
PTH	LOF	1	1	0	0	1	G2P_DDG2P	LOF	0	0	0	
PTH1R	GOF;LOF	1	1	0	0	5	G2P_DDG2P;Orphadata	GOF;LOF	0	0	0	
PTHLH	LOF	1	1	0	0	2	G2P_DDG2P;Orphadata	LOF	0	0	0	
PTPN11	GOF;LOF	1	1	0	0	6	G2P_DDG2P;GoFCards_exact+ClinVar_VCV;Orphadata	GOF;LOF	0	0	0	
PTPN13	LOF	0	0	0	0	0			0	0	0	
PTPN14	LOF	1	1	0	0	1	G2P_DDG2P	LOF	0	0	0	
PTPN22	GOF	0	0	0	0	0			0	0	0	
PTPN23	LOF	1	1	0	0	1	G2P_DDG2P	LOF	0	0	0	
PTPRF	LOF	1	1	0	0	1	G2P_DDG2P	LOF	0	0	0	
PTPRQ	LOF	1	1	0	0	1	G2P_DDG2P	LOF	0	0	0	
PTRH2	LOF	1	1	0	0	1	G2P_DDG2P	LOF	0	0	0	
PTS	LOF	1	1	0	0	1	G2P_DDG2P	LOF	0	0	0	
PUF60	LOF	1	1	0	0	2	G2P_DDG2P;Orphadata	LOF	0	0	0	
PURA	LOF	1	1	0	0	1	G2P_DDG2P	LOF	0	0	0	
PUS1	LOF	1	1	0	0	1	G2P_DDG2P	LOF	0	0	0	
PUS3	LOF	1	1	0	0	1	G2P_DDG2P	LOF	0	0	0	
PUS7	LOF	1	1	0	0	1	G2P_DDG2P	LOF	0	0	0	
PXDN	LOF	1	1	0	0	1	G2P_DDG2P	LOF	0	0	0	
PYCR1	LOF	1	1	0	0	1	G2P_DDG2P	LOF	0	0	0	
PYCR2	LOF	1	0	0	0	1	Orphadata	LOF	0	0	0	
PYGL	LOF	1	1	0	0	1	G2P_DDG2P	LOF	0	0	0	
PYGM	GOF	1	1	0	0	1	GoFCards_exact+ClinVar_VCV	GOF	0	0	0	
PYROXD1	LOF	1	1	0	0	1	G2P_DDG2P	LOF	0	0	0	
QARS1	LOF	0	0	0	0	0			0	0	0	
QDPR	LOF	1	1	0	0	1	G2P_DDG2P	LOF	0	0	0	
QKI	LOF	0	0	0	0	0			0	0	0	
QRICH1	LOF	1	1	0	0	1	G2P_DDG2P	LOF	0	0	0	
RAB18	LOF	1	1	0	0	2	G2P_DDG2P;Orphadata	LOF	0	0	0	
RAB1A	LOF	0	0	0	0	0			0	0	0	
RAB23	LOF	1	1	0	0	2	G2P_DDG2P;Orphadata	LOF	0	0	0	
RAB27A	LOF	0	0	0	0	0			0	0	0	
RAB28	LOF	1	1	0	0	1	G2P_DDG2P	LOF	0	0	0	
RAB34	LOF	1	1	0	0	1	G2P_DDG2P	LOF	0	0	0	
RAB39B	LOF	1	1	0	0	2	G2P_DDG2P;Orphadata	LOF	0	0	0	
RAB3GAP1	LOF	1	1	0	0	3	G2P_DDG2P;Orphadata	LOF	0	0	0	
RAB3GAP2	LOF	1	1	0	0	3	G2P_DDG2P;Orphadata	LOF	0	0	0	
RAB40B	GOF	0	0	0	0	0			0	0	0	
RAB5C	DOMINANT_NEGATIVE	0	0	0	0	0			0	0	0	
RAC1	GOF	0	0	0	0	0			0	0	0	
RAC2	GOF	0	0	0	0	0			0	0	0	
RAC3	GOF	0	0	0	0	0			0	0	0	
RAD21	LOF	1	1	0	0	1	G2P_DDG2P	LOF	0	0	0	
RAD50	LOF	1	1	0	0	1	G2P_DDG2P	LOF	0	0	0	
RAD51	LOF	1	1	1	1	1	G2P_DDG2P	LOF	1	0	0	OMIM:157600;OMIM:614508
RAD51C	LOF	0	0	0	0	0			0	0	0	
RAD51D	LOF	0	0	0	0	0			0	0	0	
RAF1	GOF	1	1	0	0	5	G2P_DDG2P;GoFCards_exact+ClinVar_VCV;Orphadata	GOF	0	0	0	
RAG1	LOF	1	1	0	0	1	G2P_DDG2P	LOF	0	0	0	
RAG2	LOF	1	1	0	0	1	G2P_DDG2P	LOF	0	0	0	
RAI1	LOF	1	1	0	0	1	G2P_DDG2P	LOF	0	0	0	
RALA	GOF	0	0	0	0	0			0	0	0	
RALGAPA1	LOF	1	1	0	0	1	G2P_DDG2P	LOF	0	0	0	
RANBP2		0	0	0	0	0			1	0	0	OMIM:608033
RAP1B	GOF	0	0	0	0	0			0	0	0	
RAPSN	LOF	1	1	0	0	2	G2P_DDG2P;Orphadata	LOF	0	0	0	
RARB	GOF;LOF	1	1	0	0	1	G2P_DDG2P;GoFCards_exact+ClinVar_VCV	GOF;LOF	0	0	0	
RARS1	LOF	1	1	0	0	1	G2P_DDG2P	LOF	0	0	0	
RARS2	LOF	1	1	0	0	1	G2P_DDG2P	LOF	0	0	0	
RASA1	LOF	1	1	0	0	1	G2P_DDG2P	LOF	0	0	0	
RASA2	LOF	1	0	0	0	1	Orphadata	LOF	0	0	0	
RASGRP1	LOF	0	0	0	0	0			0	0	0	
RAX	LOF	1	1	0	0	1	G2P_DDG2P	LOF	0	0	0	
RAX2	LOF	0	0	0	0	0			0	0	0	
RB1	LOF	1	1	0	0	1	G2P_DDG2P	LOF	0	0	0	
RBBP5	LOF	0	0	0	0	0			0	0	0	
RBCK1	LOF	1	1	0	0	1	G2P_DDG2P	LOF	0	0	0	
RBFOX1	LOF	0	0	0	0	0			0	0	0	
RBM10	LOF	1	1	0	0	1	G2P_DDG2P	LOF	0	0	0	
RBM28	LOF	1	0	0	0	1	Orphadata	LOF	0	0	0	
RBM8A	LOF	1	1	0	0	1	G2P_DDG2P	LOF	0	0	0	
RBP3	LOF	1	1	0	0	1	G2P_DDG2P	LOF	0	0	0	
RBP4	DOMINANT_NEGATIVE;LOF	1	1	0	0	1	G2P_DDG2P	LOF	0	0	0	
RBSN	LOF	0	0	0	0	0			0	0	0	
RCBTB1	LOF	1	1	0	0	1	G2P_DDG2P	LOF	0	0	0	
RCC1	LOF	0	0	0	0	0			0	0	0	
RD3	LOF	1	1	0	0	1	G2P_DDG2P	LOF	0	0	0	
RDH11	LOF	1	1	0	0	2	G2P_DDG2P;Orphadata	LOF	0	0	0	
RDH12	GOF;LOF	1	1	0	0	2	G2P_DDG2P;Orphadata	LOF	0	0	0	
RDH5	LOF	1	1	0	0	1	G2P_DDG2P	LOF	0	0	0	
RECQL4	LOF	1	1	0	0	2	G2P_DDG2P	LOF	0	0	0	
REEP2	LOF	1	0	0	0	1	Orphadata	LOF	0	0	0	
REEP6	LOF	1	1	0	0	1	G2P_DDG2P;Orphadata	LOF	0	0	0	
RELB	LOF	0	0	0	0	0			0	0	0	
RELN	GOF;LOF	1	1	0	0	1	G2P_DDG2P	LOF	0	0	0	
RELT	LOF	0	0	0	0	0			0	0	0	
RERE	LOF	1	1	0	0	2	G2P_DDG2P;Orphadata	LOF	0	0	0	
REST	LOF	1	1	0	0	1	G2P_DDG2P	LOF	0	0	0	
RET	GOF;LOF	1	1	0	0	5	G2P_DDG2P;GoFCards_exact+ClinVar_VCV;Orphadata	GOF;LOF	0	0	0	
RETREG1	LOF	1	1	0	0	2	G2P_DDG2P;Orphadata	LOF	0	0	0	
RFC4	LOF	0	0	0	0	0			0	0	0	
RFT1	LOF	1	1	0	0	1	G2P_DDG2P	LOF	0	0	0	
RFX3	LOF	0	0	0	0	0			0	0	0	
RFX6	LOF	0	0	0	0	0			0	0	0	
RFX7	LOF	1	1	0	0	1	G2P_DDG2P	LOF	0	0	0	
RGR	LOF	1	1	0	0	1	G2P_DDG2P	LOF	0	0	0	
RGS7	LOF	0	0	0	0	0			0	0	0	
RGS9	LOF	1	1	0	0	1	G2P_DDG2P	LOF	0	0	0	
RGS9BP	LOF	1	1	0	0	1	G2P_DDG2P	LOF	0	0	0	
RHBDF2	GOF	1	1	0	0	2	G2P_DDG2P;Orphadata	GOF	0	0	0	
RHO	DOMINANT_NEGATIVE;LOF	1	1	0	0	1	G2P_DDG2P	DOMINANT_NEGATIVE;LOF	0	0	0	
RHOA	GOF	0	0	0	0	0			0	0	0	
RHOH	LOF	0	0	0	0	0			0	0	0	
RICTOR	GOF	0	0	0	0	0			0	0	0	
RIGI	GOF	0	0	0	0	0			0	0	0	
RIMS2	LOF	1	1	0	0	1	G2P_DDG2P	LOF	0	0	0	
RIN2	LOF	1	1	0	0	2	G2P_DDG2P;Orphadata	LOF	0	0	0	
RINT1	LOF	1	1	0	0	1	G2P_DDG2P	LOF	0	0	0	
RIPK1	LOF	0	0	0	0	0			0	0	0	
RIPK4	LOF	1	1	0	0	2	G2P_DDG2P;Orphadata	LOF	0	0	0	
RIT1	GOF	1	1	0	0	2	G2P_DDG2P;GoFCards_exact+ClinVar_VCV;Orphadata	GOF	0	0	0	
RLBP1	LOF	1	1	0	0	2	G2P_DDG2P;Orphadata	LOF	0	0	0	
RMI1	LOF	0	0	0	0	0			0	0	0	
RMND1	LOF	0	0	0	0	0			0	0	0	
RMRP	LOF	1	1	0	0	1	G2P_DDG2P	LOF	0	0	0	
RNASEH1	LOF	1	0	0	0	1	Orphadata	LOF	0	0	0	
RNASEH2A	LOF	1	1	0	0	1	G2P_DDG2P	LOF	0	0	0	
RNASEH2B	LOF	1	1	0	0	1	G2P_DDG2P	LOF	0	0	0	
RNASEH2C	LOF	1	1	0	0	1	G2P_DDG2P	LOF	0	0	0	
RNASET2	LOF	1	1	0	0	1	G2P_DDG2P	LOF	0	0	0	
RNF113A	LOF	1	1	0	0	1	G2P_DDG2P	LOF	0	0	0	
RNF13	GOF	1	1	0	0	2	G2P_DDG2P;Orphadata	GOF	0	0	0	
RNF135	LOF	0	0	0	0	0			0	0	0	
RNF168	LOF	1	1	0	0	1	G2P_DDG2P	LOF	0	0	0	
RNF213	GOF;LOF	0	0	0	0	0			0	0	0	
RNF216	LOF	1	0	0	0	1	Orphadata	LOF	0	0	0	
RNH1	LOF	0	0	0	0	0			0	0	0	
RNPC3	LOF	1	1	0	0	1	G2P_DDG2P	LOF	0	0	0	
RNU4-2	LOF	1	1	0	0	1	G2P_DDG2P	LOF	0	0	0	
ROBO1	LOF	1	1	0	0	2	G2P_DDG2P;Orphadata	LOF	0	0	0	
ROBO3	LOF	1	1	0	0	1	G2P_DDG2P	LOF	0	0	0	
ROBO4	LOF	1	1	0	0	1	G2P_DDG2P	LOF	0	0	0	
ROGDI	LOF	1	1	0	0	2	G2P_DDG2P;Orphadata	LOF	0	0	0	
ROR2	GOF;LOF	1	1	0	0	3	G2P_DDG2P;Orphadata	LOF	0	0	0	
RORA	LOF	1	1	0	0	1	G2P_DDG2P	LOF	0	0	0	
RP1	LOF	1	1	0	0	1	G2P_DDG2P	LOF	0	0	0	
RP1L1	LOF	1	1	0	0	1	G2P_DDG2P	LOF	0	0	0	
RP2	LOF	1	1	0	0	1	G2P_DDG2P	LOF	0	0	0	
RPA1	GOF	0	0	0	0	0			0	0	0	
RPE65	GOF;LOF	1	1	0	0	2	G2P_DDG2P;GoFCards_exact+ClinVar_VCV	GOF;LOF	0	0	0	
RPGR	LOF	1	1	0	0	1	G2P_DDG2P	LOF	0	0	0	
RPGRIP1	LOF	1	1	0	0	3	G2P_DDG2P;Orphadata	LOF	0	0	0	
RPGRIP1L	LOF	1	1	0	0	1	G2P_DDG2P	LOF	0	0	0	
RPH3A	GOF	0	0	0	0	0			0	0	0	
RPIA	LOF	1	1	0	0	1	G2P_DDG2P	LOF	0	0	0	
RPL10	LOF	1	0	0	0	1	Orphadata	LOF	0	0	0	
RPL10L	LOF	0	0	0	0	0			0	0	0	
RPL11	LOF	1	1	0	0	1	G2P_DDG2P	LOF	0	0	0	
RPL13	LOF	0	0	0	0	0			0	0	0	
RPL26	LOF	1	1	0	0	1	G2P_DDG2P	LOF	0	0	0	
RPL8	LOF	1	0	0	0	1	Orphadata	LOF	0	0	0	
RPS15A	LOF	1	0	0	0	1	Orphadata	LOF	0	0	0	
RPS19	LOF	1	1	0	0	1	G2P_DDG2P	LOF	0	0	0	
RPS26	LOF	1	1	0	0	1	G2P_DDG2P	LOF	0	0	0	
RPS28	LOF	1	0	0	0	1	Orphadata	LOF	0	0	0	
RPS29	LOF	1	0	0	0	1	Orphadata	LOF	1	0	0	OMIM:615909
RPS6KA3	LOF	1	1	0	0	1	G2P_DDG2P	LOF	0	0	0	
RPS6KC1	LOF	0	0	0	0	0			0	0	0	
RRAGC	GOF	1	1	0	0	1	G2P_DDG2P	GOF	0	0	0	
RRAS	GOF	0	0	0	0	0			0	0	0	
RRAS2	GOF	1	1	0	0	2	G2P_DDG2P;GoFCards_exact+ClinVar_VCV	GOF	0	0	0	
RREB1	LOF	0	0	0	0	0			0	0	0	
RRM2B	GOF;LOF	1	1	0	0	2	G2P_DDG2P;GoFCards_exact+ClinVar_VCV	GOF;LOF	0	0	0	
RS1	LOF	0	0	0	0	0			0	0	0	
RSPH1	LOF	1	1	0	0	2	G2P_DDG2P;Orphadata	LOF	0	0	0	
RSPH3	LOF	1	1	0	0	1	G2P_DDG2P	LOF	0	0	0	
RSPO1	GOF	0	0	0	0	0			0	0	0	
RSPO2	LOF	1	1	0	0	1	G2P_DDG2P	LOF	0	0	0	
RSPO4	LOF	1	1	0	0	1	G2P_DDG2P	LOF	0	0	0	
RSPRY1	LOF	1	1	0	0	2	G2P_DDG2P;Orphadata	LOF	0	0	0	
RSRC1	LOF	1	1	0	0	1	G2P_DDG2P	LOF	0	0	0	
RTEL1	LOF	1	1	0	0	1	G2P_DDG2P	LOF	1	0	0	OMIM:616373
RTN4IP1	LOF	1	1	0	0	1	G2P_DDG2P	LOF	0	0	0	
RUNX1	LOF	1	1	0	0	1	G2P_DDG2P	LOF	0	0	0	
RUNX2	GOF;LOF	1	1	0	0	1	G2P_DDG2P	LOF	0	0	0	
RXYLT1	LOF	1	1	0	0	2	G2P_DDG2P;Orphadata	LOF	0	0	0	
RYR1	GOF;LOF	1	1	0	0	2	G2P_DDG2P;GoFCards_exact+ClinVar_VCV	GOF;LOF	0	0	0	
RYR2	GOF;LOF	1	1	0	0	2	G2P_DDG2P;GoFCards_exact+ClinVar_VCV	GOF	0	0	0	
RYR3	LOF	0	0	0	0	0			0	0	0	
S1PR2	LOF	0	0	0	0	0			0	0	0	
SACK1H	GOF	0	0	0	0	0			0	0	0	
SACS	LOF	1	1	0	0	1	G2P_DDG2P	LOF	0	0	0	
SAG	LOF	1	1	0	0	2	G2P_DDG2P;Orphadata	LOF	0	0	0	
SALL1	LOF	1	1	0	0	2	G2P_DDG2P;Orphadata	LOF	0	0	0	
SALL2	LOF	0	0	0	0	0			0	0	0	
SALL4	LOF	1	1	0	0	1	G2P_DDG2P	LOF	0	0	0	
SAMD11	LOF	0	0	0	0	0			0	0	0	
SAMD9	GOF;LOF	1	1	0	0	1	G2P_DDG2P	GOF	0	0	0	
SAMD9L	GOF	1	1	0	0	1	GoFCards_exact+ClinVar_VCV	GOF	0	0	0	
SAMHD1	LOF	1	1	0	0	1	G2P_DDG2P	LOF	0	0	0	
SARS1	DOMINANT_NEGATIVE	0	0	0	0	0			0	0	0	
SARS2	LOF	0	0	0	0	0			0	0	0	
SART3	LOF	0	0	0	0	0			0	0	0	
SASH3	LOF	0	0	0	0	0			0	0	0	
SAT1	LOF	1	0	0	0	1	Orphadata	LOF	0	0	0	
SATB1	LOF	0	0	0	0	0			0	0	0	
SATB2	LOF	1	1	0	0	1	G2P_DDG2P	LOF	0	0	0	
SBDS	LOF	1	1	0	0	1	G2P_DDG2P	LOF	0	0	0	
SBF2	LOF	1	1	0	0	1	G2P_DDG2P	LOF	0	0	0	
SCAF4	LOF	1	1	0	0	1	G2P_DDG2P	LOF	0	0	0	
SCAPER	LOF	1	1	0	0	2	G2P_DDG2P;Orphadata	LOF	0	0	0	
SCARB2	LOF	0	0	0	0	0			0	0	0	
SCARF2	LOF	1	1	0	0	1	G2P_DDG2P	LOF	0	0	0	
SCGN	LOF	0	0	0	0	0			0	0	0	
SCN10A	GOF	0	0	0	0	0			0	0	0	
SCN11A	GOF	1	1	0	0	2	G2P_DDG2P;GoFCards_exact+ClinVar_VCV	GOF	0	0	0	
SCN1A	GOF;LOF	1	1	0	0	3	G2P_DDG2P;GoFCards_exact+ClinVar_VCV	GOF;LOF	0	0	0	
SCN1B	GOF;LOF	1	1	1	1	5	G2P_DDG2P;GoFCards_exact+ClinVar_VCV;Orphadata	GOF;LOF	1	0	0	OMIM:604233
SCN2A	GOF;LOF	1	1	0	0	3	GoFCards_exact+ClinVar_VCV;Orphadata	GOF	0	0	0	
SCN2B	GOF;LOF	1	1	0	0	2	GoFCards_exact+ClinVar_VCV;Orphadata	GOF;LOF	0	0	0	
SCN3A	GOF	0	0	0	0	0			0	0	0	
SCN3B	GOF;LOF	1	0	0	0	1	Orphadata	LOF	0	0	0	
SCN4A	GOF	1	1	0	0	2	G2P_DDG2P;Orphadata	GOF	1	0	0	OMIM:170400
SCN5A	GOF;LOF	1	1	0	0	10	G2P_DDG2P;GoFCards_exact+ClinVar_VCV;Orphadata	GOF;LOF	0	0	0	
SCN8A	DOMINANT_NEGATIVE;GOF	1	1	0	0	5	G2P_DDG2P;GoFCards_exact+ClinVar_VCV;Orphadata	DOMINANT_NEGATIVE;GOF	0	0	0	
SCN9A	GOF;LOF	1	1	0	0	5	G2P_DDG2P;GoFCards_exact+ClinVar_VCV;Orphadata	GOF;LOF	0	0	0	
SCNN1A	GOF;LOF	1	0	0	0	2	Orphadata	GOF;LOF	0	0	0	
SCNN1B	GOF;LOF	1	0	0	0	2	Orphadata	GOF;LOF	0	0	0	
SCNN1G	GOF;LOF	1	0	0	0	2	Orphadata	GOF;LOF	0	0	0	
SCO1	LOF	1	1	0	0	1	G2P_DDG2P	LOF	0	0	0	
SCO2	LOF	1	1	0	0	1	G2P_DDG2P	LOF	0	0	0	
SCRIB	LOF	0	0	0	0	0			0	0	0	
SCUBE3	LOF	1	1	0	0	1	G2P_DDG2P	LOF	0	0	0	
SCYL1	LOF	1	1	0	0	1	G2P_DDG2P	LOF	0	0	0	
SDCCAG8	LOF	1	1	0	0	2	G2P_DDG2P;Orphadata	LOF	0	0	0	
SDHA	LOF	1	1	0	0	2	G2P_DDG2P;Orphadata	LOF	0	0	0	
SDHB	GOF;LOF	1	1	0	0	3	G2P_DDG2P;Orphadata	LOF	1	0	0	OMIM:115310
SDHC	LOF	1	1	0	0	2	G2P_DDG2P;Orphadata	LOF	0	0	0	
SDHD	GOF;LOF	1	1	0	0	3	G2P_DDG2P;Orphadata	LOF	0	0	0	
SEC23A	LOF	1	0	0	0	1	Orphadata	LOF	0	0	0	
SEC23B	GOF;LOF	1	1	0	0	2	G2P_DDG2P	GOF;LOF	0	0	0	
SEC24D	LOF	1	1	0	0	1	G2P_DDG2P	LOF	0	0	0	
SECISBP2	LOF	1	1	0	0	1	G2P_DDG2P	LOF	0	0	0	
SELENOI	LOF	1	1	0	0	2	G2P_DDG2P;Orphadata	LOF	0	0	0	
SELENON	LOF	1	1	0	0	1	G2P_DDG2P	LOF	0	0	0	
SEMA3A	LOF	1	0	0	0	1	Orphadata	LOF	0	0	0	
SEMA7A	GOF	0	0	0	0	0			0	0	0	
SEPHS1	LOF	0	0	0	0	0			0	0	0	
SEPSECS	LOF	1	1	0	0	1	G2P_DDG2P	LOF	0	0	0	
SEPTIN4	LOF	0	0	0	0	0			0	0	0	
SERAC1	LOF	1	1	0	0	1	G2P_DDG2P	LOF	0	0	0	
SERPINB6	LOF	1	1	0	0	1	G2P_DDG2P	LOF	0	0	0	
SERPINB7	LOF	1	0	0	0	1	Orphadata	LOF	0	0	0	
SERPINB8	LOF	0	0	0	0	0			0	0	0	
SERPINE1	GOF	0	0	0	0	0			0	0	0	
SET	LOF	1	1	0	0	1	G2P_DDG2P	LOF	0	0	0	
SETBP1	GOF;LOF	1	1	0	0	3	G2P_DDG2P;Orphadata	GOF;LOF	0	0	0	
SETD1A	LOF	1	1	0	0	1	G2P_DDG2P	LOF	0	0	0	
SETD1B	LOF	1	1	0	0	1	G2P_DDG2P	LOF	0	0	0	
SETD2	GOF;LOF	1	1	0	0	2	G2P_DDG2P;GoFCards_exact+ClinVar_VCV	GOF;LOF	0	0	0	
SETD5	LOF	1	1	0	0	1	G2P_DDG2P	LOF	0	0	0	
SETX	GOF;LOF	1	0	0	0	1	Orphadata	LOF	0	0	0	
SF1	LOF	0	0	0	0	0			0	0	0	
SF3B4	LOF	1	1	0	0	2	G2P_DDG2P;Orphadata	LOF	0	0	0	
SFRP4	LOF	1	0	0	0	1	Orphadata	LOF	0	0	0	
SFTPB	LOF	1	0	0	0	1	Orphadata	LOF	0	0	0	
SFTPC	GOF	1	1	0	0	1	GoFCards_exact+ClinVar_VCV	GOF	0	0	0	
SFXN4	LOF	0	0	0	0	0			0	0	0	
SGCE		0	0	0	0	0			1	0	0	OMIM:159900
SGSH	LOF	1	1	0	0	1	G2P_DDG2P	LOF	0	0	0	
SGSM3	LOF	0	0	0	0	0			0	0	0	
SH2B1	LOF	1	0	0	0	1	Orphadata	LOF	0	0	0	
SH2D1A	LOF	1	1	0	0	1	G2P_DDG2P	LOF	0	0	0	
SH3BP2	GOF	1	1	0	0	1	G2P_DDG2P	GOF	0	0	0	
SH3PXD2B	LOF	1	1	0	0	2	G2P_DDG2P;Orphadata	LOF	0	0	0	
SHANK1	LOF	0	0	0	0	0			0	0	0	
SHANK2	LOF	0	0	0	0	0			0	0	0	
SHANK3	GOF;LOF	1	1	0	0	1	G2P_DDG2P	LOF	0	0	0	
SHH	LOF	1	1	1	1	2	G2P_DDG2P	LOF	1	0	0	OMIM:142945;OMIM:611638
SHOC2	GOF	1	1	0	0	1	G2P_DDG2P;GoFCards_exact+ClinVar_VCV	GOF	0	0	0	
SHOX	LOF	1	1	0	0	4	G2P_DDG2P;Orphadata	LOF	0	0	0	
SHROOM3	LOF	0	0	0	0	0			0	0	0	
SIK1	GOF	1	1	0	0	1	G2P_DDG2P	GOF	0	0	0	
SIL1	LOF	1	1	0	0	2	G2P_DDG2P;Orphadata	LOF	0	0	0	
SIM1	LOF	1	1	0	0	2	G2P_DDG2P;Orphadata	LOF	0	0	0	
SIN3A	LOF	0	0	0	0	0			0	0	0	
SIN3B	LOF	1	0	0	0	1	Orphadata	LOF	0	0	0	
SIRT5	GOF	0	0	0	0	0			0	0	0	
SIRT6	LOF	0	0	0	0	0			0	0	0	
SIX1	LOF	0	0	0	0	0			1	1	1	OMIM:113650
SIX3	LOF	1	1	1	1	1	G2P_DDG2P	LOF	1	0	0	OMIM:157170
SIX6	LOF	1	1	0	0	1	G2P_DDG2P	LOF	0	0	0	
SKAP2	GOF	0	0	0	0	0			0	0	0	
SKIC2	LOF	1	1	0	0	1	G2P_DDG2P	LOF	0	0	0	
SKIC3	LOF	1	1	0	0	1	G2P_DDG2P	LOF	0	0	0	
SLC10A7	LOF	1	1	0	0	1	G2P_DDG2P	LOF	0	0	0	
SLC12A3	LOF	1	0	0	0	1	Orphadata	LOF	0	0	0	
SLC12A5	LOF	1	0	0	0	1	Orphadata	LOF	0	0	0	
SLC12A6	LOF	1	1	0	0	1	G2P_DDG2P	LOF	0	0	0	
SLC12A9	LOF	0	0	0	0	0			0	0	0	
SLC13A1	LOF	0	0	0	0	0			0	0	0	
SLC13A5	LOF	1	1	0	0	1	G2P_DDG2P	LOF	0	0	0	
SLC16A1	LOF	0	0	0	0	0			0	0	0	
SLC16A12	DOMINANT_NEGATIVE	1	1	0	0	1	G2P_DDG2P	DOMINANT_NEGATIVE	0	0	0	
SLC16A2	LOF	1	1	0	0	1	G2P_DDG2P	LOF	0	0	0	
SLC17A5	LOF	1	1	0	0	1	G2P_DDG2P	LOF	0	0	0	
SLC18A2	LOF	1	0	0	0	1	Orphadata	LOF	0	0	0	
SLC19A3	LOF	1	1	0	0	1	G2P_DDG2P	LOF	0	0	0	
SLC1A1	LOF	0	0	0	0	0			0	0	0	
SLC1A2	GOF	0	0	0	0	0			0	0	0	
SLC1A3	GOF	0	0	0	0	0			0	0	0	
SLC22A12	LOF	1	0	0	0	1	Orphadata	LOF	0	0	0	
SLC22A4	GOF	0	0	0	0	0			0	0	0	
SLC22A5	LOF	1	1	0	0	1	G2P_DDG2P	LOF	0	0	0	
SLC24A4	LOF	1	1	0	0	1	G2P_DDG2P	LOF	0	0	0	
SLC24A5	LOF	1	1	0	0	1	G2P_DDG2P	LOF	0	0	0	
SLC25A1	LOF	1	1	0	0	1	G2P_DDG2P	LOF	0	0	0	
SLC25A13	LOF	1	1	0	0	1	G2P_DDG2P	LOF	0	0	0	
SLC25A15	GOF;LOF	1	1	0	0	2	G2P_DDG2P;Orphadata	LOF	0	0	0	
SLC25A20	LOF	1	1	0	0	1	G2P_DDG2P	LOF	0	0	0	
SLC25A24	GOF	1	1	0	0	1	GoFCards_exact+ClinVar_VCV	GOF	0	0	0	
SLC25A26	LOF	1	1	0	0	1	G2P_DDG2P	LOF	0	0	0	
SLC25A38	LOF	1	1	0	0	1	G2P_DDG2P	LOF	0	0	0	
SLC25A4	LOF	1	0	0	0	1	Orphadata	LOF	0	0	0	
SLC25A42	LOF	1	1	0	0	1	G2P_DDG2P	LOF	0	0	0	
SLC25A46	LOF	1	1	0	0	2	G2P_DDG2P;Orphadata	LOF	0	0	0	
SLC26A2	LOF	1	1	0	0	2	G2P_DDG2P;Orphadata	LOF	0	0	0	
SLC26A3	LOF	0	0	0	0	0			0	0	0	
SLC26A4	LOF	1	0	0	0	2	Orphadata	LOF	0	0	0	
SLC27A4	LOF	1	1	0	0	1	G2P_DDG2P	LOF	0	0	0	
SLC2A1	LOF	1	1	0	0	2	G2P_DDG2P;Orphadata	LOF	1	0	0	OMIM:612126
SLC2A10	LOF	1	1	0	0	2	G2P_DDG2P;Orphadata	LOF	0	0	0	
SLC2A2	LOF	1	1	0	0	1	G2P_DDG2P	LOF	0	0	0	
SLC2A9	LOF	1	0	0	0	1	Orphadata	LOF	0	0	0	
SLC30A3	GOF	0	0	0	0	0			0	0	0	
SLC30A8	GOF	0	0	0	0	0			0	0	0	
SLC30A9	LOF	0	0	0	0	0			0	0	0	
SLC33A1	LOF	1	1	0	0	1	G2P_DDG2P	LOF	0	0	0	
SLC34A1	LOF	1	0	0	0	1	Orphadata	LOF	0	0	0	
SLC34A2	LOF	1	0	0	0	1	Orphadata	LOF	0	0	0	
SLC34A3	LOF	1	0	0	0	1	Orphadata	LOF	0	0	0	
SLC35A1	LOF	1	1	0	0	1	G2P_DDG2P	LOF	0	0	0	
SLC35A2	LOF	1	1	0	0	1	G2P_DDG2P	LOF	0	0	0	
SLC35C1	LOF	1	1	0	0	1	G2P_DDG2P	LOF	0	0	0	
SLC35D1	LOF	1	1	0	0	2	G2P_DDG2P;Orphadata	LOF	0	0	0	
SLC37A4	LOF	1	1	0	0	2	G2P_DDG2P	LOF	0	0	0	
SLC38A3	LOF	1	1	0	0	1	G2P_DDG2P	LOF	0	0	0	
SLC38A8	LOF	1	1	0	0	1	G2P_DDG2P	LOF	0	0	0	
SLC39A14	LOF	1	1	0	0	1	G2P_DDG2P	LOF	0	0	0	
SLC39A4	LOF	1	1	0	0	2	G2P_DDG2P;Orphadata	LOF	0	0	0	
SLC39A8	LOF	1	1	0	0	1	G2P_DDG2P	LOF	0	0	0	
SLC40A1	GOF;LOF	1	1	0	0	1	G2P_DDG2P;GoFCards_exact+ClinVar_VCV	GOF;LOF	0	0	0	
SLC41A1	GOF	0	0	0	0	0			0	0	0	
SLC45A2	LOF	1	1	0	0	1	G2P_DDG2P	LOF	0	0	0	
SLC46A1	LOF	1	1	0	0	1	G2P_DDG2P	LOF	0	0	0	
SLC4A10	LOF	1	1	0	0	1	G2P_DDG2P	LOF	0	0	0	
SLC4A11	LOF	1	1	0	0	1	G2P_DDG2P	LOF	0	0	0	
SLC4A3	LOF	1	0	0	0	1	Orphadata	LOF	0	0	0	
SLC4A4	GOF;LOF	1	1	0	0	1	G2P_DDG2P	LOF	0	0	0	
SLC52A2	LOF	1	1	0	0	1	G2P_DDG2P	LOF	0	0	0	
SLC52A3	LOF	1	1	0	0	1	G2P_DDG2P	LOF	0	0	0	
SLC5A1	LOF	1	0	0	0	1	Orphadata	LOF	0	0	0	
SLC5A5	LOF	1	1	0	0	1	G2P_DDG2P	LOF	0	0	0	
SLC5A6	LOF	1	1	0	0	1	G2P_DDG2P	LOF	0	0	0	
SLC5A7	GOF	0	0	0	0	0			0	0	0	
SLC6A1	GOF;LOF	1	1	0	0	2	G2P_DDG2P;Orphadata	LOF	0	0	0	
SLC6A19	LOF	1	1	0	0	1	G2P_DDG2P	LOF	0	0	0	
SLC6A2	LOF	0	0	0	0	0			0	0	0	
SLC6A3	LOF	1	1	0	0	1	G2P_DDG2P	LOF	0	0	0	
SLC6A4	GOF	0	0	0	0	0			0	0	0	
SLC6A5	LOF	1	1	0	0	1	G2P_DDG2P	LOF	0	0	0	
SLC6A8	LOF	1	1	0	0	1	G2P_DDG2P	LOF	0	0	0	
SLC6A9	LOF	1	1	0	0	1	G2P_DDG2P	LOF	0	0	0	
SLC9A1	LOF	0	0	0	0	0			0	0	0	
SLC9A3	LOF	0	0	0	0	0			0	0	0	
SLC9A6	GOF;LOF	1	1	0	0	1	G2P_DDG2P	LOF	0	0	0	
SLC9A7	GOF	0	0	0	0	0			0	0	0	
SLC9A9	LOF	0	0	0	0	0			0	0	0	
SLCO2A1	LOF	1	0	0	0	1	Orphadata	LOF	0	0	0	
SLIT3	LOF	0	0	0	0	0			0	0	0	
SLITRK6	LOF	1	1	0	0	1	G2P_DDG2P	LOF	0	0	0	
SLURP1	LOF	0	0	0	0	0			0	0	0	
SLX4	LOF	1	1	0	0	1	G2P_DDG2P	LOF	0	0	0	
SMAD2	LOF	1	1	0	0	2	G2P_DDG2P;Orphadata	LOF	0	0	0	
SMAD3	LOF	1	1	0	0	1	G2P_DDG2P	LOF	0	0	0	
SMAD4	GOF;LOF	1	1	0	0	4	G2P_DDG2P;GoFCards_exact+ClinVar_VCV	GOF;LOF	0	0	0	
SMAD6	LOF	0	0	0	0	0			0	0	0	
SMAD9		0	0	0	0	0			1	0	0	OMIM:615342
SMARCA4	GOF;LOF	1	1	0	0	1	G2P_DDG2P	LOF	0	0	0	
SMARCAD1	LOF	0	0	0	0	0			0	0	0	
SMARCAL1	LOF	1	1	0	0	1	G2P_DDG2P	LOF	0	0	0	
SMARCB1	GOF;LOF	1	1	1	1	3	G2P_DDG2P;GoFCards_exact+ClinVar_VCV	GOF;LOF	1	0	0	OMIM:162091
SMARCC2	LOF	1	1	0	0	1	G2P_DDG2P	LOF	0	0	0	
SMARCD2	LOF	0	0	0	0	0			0	0	0	
SMARCE1	LOF	1	1	1	1	2	G2P_DDG2P;Orphadata	LOF	1	0	0	OMIM:607174
SMC1A	LOF	1	1	0	0	2	G2P_DDG2P;Orphadata	LOF	0	0	0	
SMCHD1	GOF	0	0	0	0	0			0	0	0	
SMG8	LOF	1	1	0	0	1	G2P_DDG2P	LOF	0	0	0	
SMG9	LOF	0	0	0	0	0			0	0	0	
SMO	GOF;LOF	1	1	0	0	2	G2P_DDG2P	GOF;LOF	0	0	0	
SMOC1	LOF	1	1	0	0	1	G2P_DDG2P	LOF	0	0	0	
SMOC2	LOF	1	1	0	0	1	G2P_DDG2P	LOF	0	0	0	
SMPD1	LOF	1	1	0	0	2	G2P_DDG2P;Orphadata	LOF	0	0	0	
SMPD4	LOF	1	1	0	0	1	G2P_DDG2P	LOF	0	0	0	
SMPX	GOF	0	0	0	0	0			0	0	0	
SMS	LOF	1	1	0	0	2	G2P_DDG2P;Orphadata	LOF	0	0	0	
SNAI2	LOF	1	1	0	0	1	G2P_DDG2P	LOF	0	0	0	
SNAP25	LOF	1	1	0	0	1	G2P_DDG2P	LOF	0	0	0	
SNAP29	LOF	1	1	0	0	2	G2P_DDG2P;Orphadata	LOF	0	0	0	
SNAPC4	LOF	1	1	0	0	1	G2P_DDG2P	LOF	0	0	0	
SNCA	GOF	1	0	0	0	1	Orphadata	GOF	0	0	0	
SNCB	GOF	0	0	0	0	0			0	0	0	
SNF8	LOF	1	1	0	0	1	G2P_DDG2P	LOF	0	0	0	
SNORD118	LOF	1	1	0	0	1	G2P_DDG2P	LOF	0	0	0	
SNRPB	LOF	1	1	0	0	1	G2P_DDG2P	LOF	0	0	0	
SNRPN	LOF	0	0	0	0	0			0	0	0	
SNTA1	GOF	0	0	0	0	0			0	0	0	
SNUPN	LOF	1	1	0	0	1	G2P_DDG2P	LOF	0	0	0	
SNX14	LOF	1	1	0	0	2	G2P_DDG2P;Orphadata	LOF	0	0	0	
SNX3	LOF	0	0	0	0	0			0	0	0	
SOAT1	GOF	0	0	0	0	0			0	0	0	
SOBP	LOF	1	1	0	0	1	G2P_DDG2P	LOF	0	0	0	
SOCS1	LOF	0	0	0	0	0			0	0	0	
SOD1	GOF	0	0	0	0	0			0	0	0	
SON	LOF	1	1	0	0	2	G2P_DDG2P;Orphadata	LOF	0	0	0	
SORD	LOF	0	0	0	0	0			0	0	0	
SOS1	GOF	1	1	0	0	2	G2P_DDG2P;GoFCards_exact+ClinVar_VCV;Orphadata	GOF	0	0	0	
SOST	LOF	1	0	0	0	1	Orphadata	LOF	0	0	0	
SOX10	DOMINANT_NEGATIVE;LOF	1	1	0	0	3	G2P_DDG2P;Orphadata	DOMINANT_NEGATIVE;LOF	0	0	0	
SOX17	GOF	0	0	0	0	0			0	0	0	
SOX2	LOF	1	1	0	0	1	G2P_DDG2P	LOF	0	0	0	
SOX3	GOF;LOF	1	1	0	0	3	G2P_DDG2P;Orphadata	GOF;LOF	0	0	0	
SOX5	LOF	1	1	0	0	1	G2P_DDG2P	LOF	0	0	0	
SOX6	LOF	1	1	0	0	1	G2P_DDG2P	LOF	0	0	0	
SOX9	GOF;LOF	1	1	0	0	2	G2P_DDG2P;Orphadata	LOF	0	0	0	
SPAG1	LOF	1	1	0	0	1	G2P_DDG2P	LOF	0	0	0	
SPAST	GOF;LOF	1	1	0	0	1	G2P_DDG2P	LOF	0	0	0	
SPATA7	LOF	1	1	0	0	1	G2P_DDG2P	LOF	0	0	0	
SPECC1L	LOF	1	1	0	0	1	G2P_DDG2P	LOF	0	0	0	
SPEF2	LOF	0	0	0	0	0			0	0	0	
SPEG	LOF	1	1	0	0	1	G2P_DDG2P	LOF	0	0	0	
SPEN	LOF	1	1	0	0	1	G2P_DDG2P	LOF	0	0	0	
SPG11	LOF	1	1	0	0	1	G2P_DDG2P	LOF	0	0	0	
SPIDR	LOF	1	0	0	0	1	Orphadata	LOF	0	0	0	
SPINK1	LOF	0	0	0	0	0			0	0	0	
SPINK5	LOF	1	1	0	0	1	G2P_DDG2P	LOF	0	0	0	
SPINT2	LOF	0	0	0	0	0			0	0	0	
SPOP	DOMINANT_NEGATIVE;GOF;LOF	1	1	0	0	2	G2P_DDG2P;GoFCards_exact+ClinVar_VCV	DOMINANT_NEGATIVE;GOF	0	0	0	
SPP2	DOMINANT_NEGATIVE	0	0	0	0	0			0	0	0	
SPR	LOF	1	1	0	0	1	G2P_DDG2P	LOF	0	0	0	
SPRED1	LOF	1	1	0	0	1	G2P_DDG2P	LOF	0	0	0	
SPRTN	LOF	0	0	0	0	0			0	0	0	
SPTAN1	DOMINANT_NEGATIVE	1	1	0	0	1	G2P_DDG2P	DOMINANT_NEGATIVE	0	0	0	
SPTBN1	LOF	1	1	0	0	1	G2P_DDG2P	LOF	0	0	0	
SPTBN2	DOMINANT_NEGATIVE;LOF	1	1	0	0	3	G2P_DDG2P;Orphadata	DOMINANT_NEGATIVE;LOF	0	0	0	
SPTBN4	LOF	1	1	0	0	1	G2P_DDG2P	LOF	0	0	0	
SPTLC1	GOF	0	0	0	0	0			0	0	0	
SPTSSA	GOF;LOF	1	1	0	0	1	G2P_DDG2P	GOF;LOF	0	0	0	
SQSTM1	LOF	1	1	0	0	1	G2P_DDG2P	LOF	0	0	0	
SRC	GOF	0	0	0	0	0			0	0	0	
SRCAP	DOMINANT_NEGATIVE;LOF	1	1	0	0	2	G2P_DDG2P	DOMINANT_NEGATIVE;LOF	0	0	0	
SRD5A2	LOF	1	0	0	0	1	Orphadata	LOF	0	0	0	
SRD5A3	LOF	1	1	0	0	1	G2P_DDG2P	LOF	0	0	0	
SREBF1	GOF	0	0	0	0	0			0	0	0	
SREBF2	DOMINANT_NEGATIVE	0	0	0	0	0			0	0	0	
SRGAP3	LOF	0	0	0	0	0			0	0	0	
SRP54	LOF	0	0	0	0	0			0	0	0	
SRRM2	LOF	1	1	0	0	1	G2P_DDG2P	LOF	0	0	0	
SRSF1	LOF	1	1	0	0	1	G2P_DDG2P	LOF	0	0	0	
SRY	LOF	1	1	0	0	2	G2P_DDG2P;Orphadata	LOF	0	0	0	
ST3GAL5	LOF	1	1	0	0	1	G2P_DDG2P	LOF	0	0	0	
STAC3	LOF	1	1	0	0	1	G2P_DDG2P	LOF	0	0	0	
STAG1	LOF	1	1	0	0	1	G2P_DDG2P	LOF	0	0	0	
STAG2	LOF	1	1	0	0	3	G2P_DDG2P;Orphadata	LOF	0	0	0	
STAMBP	LOF	1	1	0	0	1	G2P_DDG2P	LOF	0	0	0	
STAR	LOF	1	1	0	0	1	G2P_DDG2P	LOF	0	0	0	
STAT1	GOF	1	1	0	0	2	GoFCards_exact+ClinVar_VCV;Orphadata	GOF	1	0	0	OMIM:614892
STAT2	GOF;LOF	1	1	0	0	1	G2P_DDG2P	LOF	0	0	0	
STAT3	GOF	1	1	0	0	3	GoFCards_exact+ClinVar_VCV;Orphadata	GOF	0	0	0	
STAT4	GOF	0	0	0	0	0			0	0	0	
STAT5B	GOF;LOF	1	1	0	0	1	G2P_DDG2P	LOF	0	0	0	
STAT6	GOF	0	0	0	0	0			0	0	0	
STIL	LOF	1	1	0	0	1	G2P_DDG2P	LOF	0	0	0	
STIM1	GOF	1	1	0	0	3	G2P_DDG2P;Orphadata	GOF	0	0	0	
STING1	GOF	1	1	0	0	1	GoFCards_exact+ClinVar_VCV	GOF	0	0	0	
STK11	LOF	1	1	0	0	2	G2P_DDG2P	LOF	0	0	0	
STK36	LOF	1	0	0	0	1	Orphadata	LOF	0	0	0	
STN1	LOF	1	1	0	0	1	G2P_DDG2P	LOF	0	0	0	
STRA6	LOF	1	1	0	0	1	G2P_DDG2P	LOF	0	0	0	
STRADA	LOF	1	1	0	0	2	G2P_DDG2P;Orphadata	LOF	0	0	0	
STS	LOF	1	1	0	0	1	G2P_DDG2P	LOF	0	0	0	
STT3B	LOF	1	1	0	0	1	G2P_DDG2P	LOF	0	0	0	
STUB1	LOF	1	0	0	0	1	Orphadata	LOF	0	0	0	
STX1B	LOF	1	1	0	0	1	G2P_DDG2P	LOF	0	0	0	
STX3	LOF	1	0	0	0	1	Orphadata	LOF	0	0	0	
STXBP1	GOF;LOF	1	1	0	0	1	G2P_DDG2P	LOF	0	0	0	
SUCLG1	LOF	1	1	0	0	1	G2P_DDG2P	LOF	0	0	0	
SUFU	LOF	1	0	0	0	1	Orphadata	LOF	1	0	0	OMIM:155255;OMIM:607174
SULT2B1	LOF	1	0	0	0	1	Orphadata	LOF	0	0	0	
SUMF1	LOF	1	1	0	0	1	G2P_DDG2P	LOF	0	0	0	
SUMO1	LOF	1	1	0	0	1	G2P_DDG2P	LOF	0	0	0	
SUOX	LOF	1	1	0	0	1	G2P_DDG2P	LOF	0	0	0	
SURF1	LOF	1	1	0	0	1	G2P_DDG2P	LOF	0	0	0	
SUZ12	LOF	1	1	0	0	2	G2P_DDG2P;Orphadata	LOF	0	0	0	
SVBP	LOF	0	0	0	0	0			0	0	0	
SYK	GOF	0	0	0	0	0			0	0	0	
SYN1	LOF	1	1	0	0	1	G2P_DDG2P	LOF	0	0	0	
SYNCRIP	LOF	0	0	0	0	0			0	0	0	
SYNE1	LOF	1	1	0	0	1	G2P_DDG2P	LOF	0	0	0	
SYNGAP1	LOF	1	1	0	0	1	G2P_DDG2P	LOF	0	0	0	
SYP	LOF	1	1	0	0	1	G2P_DDG2P	LOF	0	0	0	
SYT2	LOF	1	1	0	0	1	G2P_DDG2P	LOF	0	0	0	
SZT2	LOF	1	1	0	0	1	G2P_DDG2P	LOF	0	0	0	
TAB2	GOF;LOF	0	0	0	0	0			0	0	0	
TAC3	LOF	1	0	0	0	1	Orphadata	LOF	0	0	0	
TACO1	LOF	1	1	0	0	1	G2P_DDG2P	LOF	0	0	0	
TACR3	LOF	1	0	0	0	1	Orphadata	LOF	0	0	0	
TAF1	LOF	1	1	0	0	1	G2P_DDG2P	LOF	0	0	0	
TAF4	LOF	0	0	0	0	0			0	0	0	
TAFAZZIN	LOF	1	1	0	0	2	G2P_DDG2P;Orphadata	LOF	0	0	0	
TALDO1	LOF	1	1	0	0	1	G2P_DDG2P	LOF	0	0	0	
TANC2	LOF	1	1	0	0	1	G2P_DDG2P	LOF	0	0	0	
TANGO2	LOF	1	1	0	0	2	G2P_DDG2P;Orphadata	LOF	0	0	0	
TAOK1	LOF	1	1	0	0	1	G2P_DDG2P	LOF	0	0	0	
TAP1	LOF	1	1	0	0	1	G2P_DDG2P	LOF	0	0	0	
TAPT1	LOF	1	1	0	0	1	G2P_DDG2P	LOF	0	0	0	
TARDBP	GOF	1	1	0	0	1	GoFCards_exact+ClinVar_VCV	GOF	0	0	0	
TARS1	LOF	1	1	0	0	1	G2P_DDG2P	LOF	0	0	0	
TARS2	LOF	1	1	0	0	1	G2P_DDG2P	LOF	0	0	0	
TASP1	LOF	1	1	0	0	1	G2P_DDG2P	LOF	0	0	0	
TAT	LOF	1	1	0	0	2	G2P_DDG2P;Orphadata	LOF	0	0	0	
TBC1D20	LOF	1	1	0	0	2	G2P_DDG2P;Orphadata	LOF	0	0	0	
TBC1D23	LOF	1	1	0	0	1	G2P_DDG2P	LOF	0	0	0	
TBC1D24	LOF	1	1	0	0	3	G2P_DDG2P;Orphadata	LOF	0	0	0	
TBC1D2B	LOF	1	1	0	0	1	G2P_DDG2P	LOF	0	0	0	
TBC1D32	LOF	0	0	0	0	0			0	0	0	
TBC1D7	LOF	1	0	0	0	1	Orphadata	LOF	0	0	0	
TBC1D8B	LOF	1	0	0	0	1	Orphadata	LOF	0	0	0	
TBCD	LOF	1	1	0	0	2	G2P_DDG2P;Orphadata	LOF	0	0	0	
TBCE	LOF	1	1	0	0	1	G2P_DDG2P	LOF	0	0	0	
TBCK	LOF	1	1	0	0	1	G2P_DDG2P	LOF	0	0	0	
TBK1	LOF	1	0	0	0	1	Orphadata	LOF	0	0	0	
TBL1XR1	GOF;LOF	1	1	0	0	2	G2P_DDG2P	GOF;LOF	0	0	0	
TBR1	LOF	0	0	0	0	0			0	0	0	
TBX1	GOF;LOF	1	1	0	0	1	G2P_DDG2P	LOF	0	0	0	
TBX15	LOF	1	1	0	0	2	G2P_DDG2P;Orphadata	LOF	0	0	0	
TBX18	LOF	1	1	0	0	1	G2P_DDG2P	LOF	0	0	0	
TBX20	GOF;LOF	1	1	0	0	2	G2P_DDG2P;Orphadata	GOF;LOF	0	0	0	
TBX22	LOF	1	1	0	0	2	G2P_DDG2P	LOF	0	0	0	
TBX3	GOF;LOF	1	1	0	0	2	G2P_DDG2P;Orphadata	LOF	0	0	0	
TBX4	LOF	1	1	0	0	2	G2P_DDG2P	LOF	0	0	0	
TBX5	GOF;LOF	1	1	0	0	1	G2P_DDG2P	LOF	0	0	0	
TBXT	LOF	0	0	0	0	0			0	0	0	
TCF12	LOF	1	1	0	0	1	G2P_DDG2P	LOF	0	0	0	
TCF20	LOF	1	1	0	0	1	G2P_DDG2P	LOF	0	0	0	
TCF4	LOF	1	1	0	0	2	G2P_DDG2P;Orphadata	LOF	0	0	0	
TCF7L2	LOF	0	0	0	0	0			0	0	0	
TCIRG1	LOF	1	0	0	0	1	Orphadata	LOF	0	0	0	
TCN2	LOF	1	1	0	0	1	G2P_DDG2P	LOF	0	0	0	
TCOF1	LOF	1	1	0	0	1	G2P_DDG2P	LOF	0	0	0	
TCP1	LOF	1	1	0	0	1	G2P_DDG2P	LOF	0	0	0	
TCTN1	LOF	1	1	0	0	2	G2P_DDG2P;Orphadata	LOF	0	0	0	
TCTN2	LOF	1	1	0	0	1	G2P_DDG2P	LOF	0	0	0	
TCTN3	LOF	1	1	0	0	2	G2P_DDG2P;Orphadata	LOF	0	0	0	
TDP2	LOF	1	1	0	0	1	G2P_DDG2P	LOF	0	0	0	
TDRD7	LOF	1	1	0	0	1	G2P_DDG2P	LOF	0	0	0	
TECPR2	LOF	1	1	0	0	1	G2P_DDG2P	LOF	0	0	0	
TECRL	LOF	1	1	0	0	1	G2P_DDG2P	LOF	0	0	0	
TECTA	LOF	0	0	0	0	0			0	0	0	
TEDC1	LOF	0	0	0	0	0			0	0	0	
TEK	GOF;LOF	1	1	0	0	2	G2P_DDG2P;GoFCards_exact+ClinVar_VCV;Orphadata	GOF;LOF	0	0	0	
TENM3	LOF	1	1	0	0	1	G2P_DDG2P	LOF	0	0	0	
TENM4		0	0	0	0	0			1	0	0	OMIM:616736
TENT5A	LOF	0	0	0	0	0			0	0	0	
TERC	LOF	1	1	0	0	1	G2P_DDG2P	LOF	1	0	0	OMIM:614743
TERT	GOF;LOF	1	1	0	0	1	G2P_DDG2P	LOF	1	0	0	OMIM:614742
TET2	GOF;LOF	0	0	0	0	0			0	0	0	
TET3	LOF	1	1	0	0	1	G2P_DDG2P	LOF	0	0	0	
TEX11	LOF	0	0	0	0	0			0	0	0	
TFG	GOF	0	0	0	0	0			0	0	0	
TFR2	LOF	1	1	0	0	1	G2P_DDG2P	LOF	0	0	0	
TGDS	LOF	1	1	0	0	1	G2P_DDG2P	LOF	0	0	0	
TGFB1	GOF;LOF	0	0	0	0	0			0	0	0	
TGFB2	LOF	1	1	0	0	1	G2P_DDG2P	LOF	0	0	0	
TGFB3	LOF	1	1	0	0	2	G2P_DDG2P;Orphadata	LOF	0	0	0	
TGFBR1	GOF;LOF	1	1	1	1	2	G2P_DDG2P	GOF;LOF	1	0	0	OMIM:132800
TGFBR2	GOF;LOF	1	1	0	0	1	G2P_DDG2P	LOF	0	0	0	
TGIF1	LOF	1	1	0	0	1	G2P_DDG2P	LOF	0	0	0	
TGM1	LOF	1	1	0	0	1	G2P_DDG2P	LOF	0	0	0	
TGM3	LOF	1	0	0	0	1	Orphadata	LOF	0	0	0	
TGM5	LOF	1	1	0	0	1	G2P_DDG2P	LOF	0	0	0	
TH	LOF	1	1	0	0	1	G2P_DDG2P	LOF	0	0	0	
THAP1	LOF	1	1	1	1	1	G2P_DDG2P	LOF	1	0	0	OMIM:602629
THBD	GOF	0	0	0	0	0			0	0	0	
THBS4	GOF	0	0	0	0	0			0	0	0	
THOC2	LOF	1	0	0	0	1	Orphadata	LOF	0	0	0	
THOC6	LOF	1	1	0	0	2	G2P_DDG2P;Orphadata	LOF	0	0	0	
THPO	GOF	1	0	0	0	1	Orphadata	GOF	0	0	0	
THRA	GOF;LOF	1	1	0	0	1	G2P_DDG2P	LOF	0	0	0	
TIA1	GOF	1	0	0	0	1	Orphadata	GOF	0	0	0	
TIAM1	LOF	0	0	0	0	0			0	0	0	
TIMM8A	LOF	1	1	0	0	2	G2P_DDG2P;Orphadata	LOF	0	0	0	
TIMMDC1	LOF	1	0	0	0	1	Orphadata	LOF	0	0	0	
TIMP3	LOF	1	1	0	0	1	G2P_DDG2P	LOF	0	0	0	
TINF2	LOF	1	1	0	0	2	G2P_DDG2P	LOF	0	0	0	
TKFC	LOF	1	1	0	0	1	G2P_DDG2P	LOF	0	0	0	
TKT	LOF	1	1	0	0	1	G2P_DDG2P	LOF	0	0	0	
TLCD3B	LOF	1	0	0	0	1	Orphadata	LOF	0	0	0	
TLK2	LOF	1	1	0	0	1	G2P_DDG2P	LOF	0	0	0	
TLR7	GOF	0	0	0	0	0			0	0	0	
TLR8	GOF	0	0	0	0	0			0	0	0	
TM2D3	LOF	0	0	0	0	0			0	0	0	
TM4SF20	LOF	0	0	0	0	0			0	0	0	
TMC1	GOF	1	1	0	0	1	GoFCards_exact+ClinVar_VCV	GOF	0	0	0	
TMC6	LOF	1	0	0	0	1	Orphadata	LOF	0	0	0	
TMC8	LOF	1	0	0	0	1	Orphadata	LOF	0	0	0	
TMCO1	LOF	1	1	0	0	2	G2P_DDG2P;Orphadata	LOF	0	0	0	
TMEM107	LOF	1	0	0	0	1	Orphadata	LOF	0	0	0	
TMEM114	LOF	0	0	0	0	0			0	0	0	
TMEM126A	LOF	0	0	0	0	0			0	0	0	
TMEM126B	LOF	1	1	0	0	2	G2P_DDG2P;Orphadata	LOF	0	0	0	
TMEM127	LOF	1	1	0	0	1	G2P_DDG2P	LOF	0	0	0	
TMEM138	LOF	1	1	0	0	2	G2P_DDG2P;Orphadata	LOF	0	0	0	
TMEM151A		0	0	0	0	0			1	0	0	OMIM:620245
TMEM165	LOF	1	1	0	0	1	G2P_DDG2P	LOF	0	0	0	
TMEM175	GOF	0	0	0	0	0			0	0	0	
TMEM184B	LOF	0	0	0	0	0			0	0	0	
TMEM199	LOF	1	1	0	0	1	G2P_DDG2P	LOF	0	0	0	
TMEM216	LOF	1	0	0	0	1	Orphadata	LOF	0	0	0	
TMEM218	LOF	1	0	0	0	1	Orphadata	LOF	0	0	0	
TMEM222	LOF	1	1	0	0	1	G2P_DDG2P	LOF	0	0	0	
TMEM231	LOF	1	1	0	0	2	G2P_DDG2P;Orphadata	LOF	0	0	0	
TMEM237	LOF	1	1	0	0	2	G2P_DDG2P;Orphadata	LOF	0	0	0	
TMEM240	LOF	1	1	0	0	1	G2P_DDG2P	LOF	0	0	0	
TMEM260	LOF	1	1	0	0	1	G2P_DDG2P	LOF	0	0	0	
TMEM43	LOF	0	0	0	0	0			0	0	0	
TMEM63B	GOF	0	0	0	0	0			0	0	0	
TMEM67	LOF	1	1	0	0	1	G2P_DDG2P	LOF	0	0	0	
TMEM70	LOF	1	1	0	0	1	G2P_DDG2P	LOF	0	0	0	
TMEM94	LOF	1	1	0	0	1	G2P_DDG2P	LOF	0	0	0	
TMPRSS6	LOF	1	1	0	0	2	G2P_DDG2P;Orphadata	LOF	0	0	0	
TMTC3	LOF	1	1	0	0	2	G2P_DDG2P;Orphadata	LOF	0	0	0	
TMX2	LOF	1	1	0	0	1	G2P_DDG2P	LOF	0	0	0	
TNFAIP3	GOF;LOF	0	0	0	0	0			0	0	0	
TNFRSF11B	GOF	0	0	0	0	0			0	0	0	
TNFRSF13B	GOF;LOF	1	1	0	0	1	G2P_DDG2P	LOF	0	0	0	
TNFRSF4	LOF	0	0	0	0	0			0	0	0	
TNIK	LOF	0	0	0	0	0			0	0	0	
TNNI1	GOF	0	0	0	0	0			0	0	0	
TNNT3	LOF	0	0	0	0	0			0	0	0	
TNRC6B	LOF	1	1	0	0	1	G2P_DDG2P	LOF	0	0	0	
TNXB	LOF	0	0	0	0	0			0	0	0	
TOE1	LOF	1	1	0	0	2	G2P_DDG2P;Orphadata	LOF	0	0	0	
TOGARAM1	LOF	0	0	0	0	0			0	0	0	
TONSL	LOF	1	1	0	0	2	G2P_DDG2P;Orphadata	LOF	0	0	0	
TOP3A	LOF	1	1	0	0	1	G2P_DDG2P	LOF	0	0	0	
TOPORS	LOF	1	1	0	0	1	G2P_DDG2P	LOF	0	0	0	
TOR1A	LOF	1	1	0	0	1	G2P_DDG2P	LOF	1	0	0	OMIM:128100
TOR1AIP1	LOF	0	0	0	0	0			0	0	0	
TP53	GOF;LOF	1	1	0	0	9	G2P_DDG2P;GoFCards_exact+ClinVar_VCV	GOF;LOF	0	0	0	
TP53RK	LOF	1	1	0	0	1	G2P_DDG2P	LOF	0	0	0	
TP63	DOMINANT_NEGATIVE;GOF;LOF	1	1	0	0	2	G2P_DDG2P	DOMINANT_NEGATIVE;LOF	0	0	0	
TP73	GOF;LOF	1	1	0	0	1	G2P_DDG2P	LOF	0	0	0	
TPCN2	GOF	0	0	0	0	0			0	0	0	
TPK1	LOF	0	0	0	0	0			0	0	0	
TPM3	GOF	0	0	0	0	0			0	0	0	
TPM4	LOF	1	0	0	0	1	Orphadata	LOF	0	0	0	
TPP1	LOF	1	1	0	0	1	G2P_DDG2P	LOF	0	0	0	
TPP2	LOF	1	1	0	0	2	G2P_DDG2P;Orphadata	LOF	0	0	0	
TPRN	LOF	1	1	0	0	1	G2P_DDG2P	LOF	0	0	0	
TRAF3IP1	LOF	0	0	0	0	0			0	0	0	
TRAIP	LOF	1	1	0	0	2	G2P_DDG2P;Orphadata	LOF	0	0	0	
TRAK1	LOF	1	0	0	0	1	Orphadata	LOF	0	0	0	
TRAPPC11	LOF	1	1	0	0	1	G2P_DDG2P	LOF	0	0	0	
TRAPPC12	LOF	1	1	0	0	1	G2P_DDG2P	LOF	0	0	0	
TRAPPC2	LOF	1	1	0	0	1	G2P_DDG2P	LOF	0	0	0	
TRAPPC4	LOF	1	1	0	0	1	G2P_DDG2P	LOF	0	0	0	
TRAPPC6B	LOF	1	1	0	0	1	G2P_DDG2P	LOF	0	0	0	
TRAPPC9	LOF	1	1	0	0	2	G2P_DDG2P;Orphadata	LOF	0	0	0	
TRDN	LOF	1	1	0	0	2	G2P_DDG2P	LOF	0	0	0	
TREM2	LOF	1	0	0	0	1	Orphadata	LOF	0	0	0	
TREX1	LOF	1	1	0	0	1	G2P_DDG2P	LOF	0	0	0	
TRHR	LOF	1	0	0	0	1	Orphadata	LOF	0	0	0	
TRIB1	GOF	0	0	0	0	0			0	0	0	
TRIB3	GOF	0	0	0	0	0			0	0	0	
TRIM2	LOF	0	0	0	0	0			0	0	0	
TRIM28	LOF	0	0	0	0	0			0	0	0	
TRIM32	LOF	1	1	0	0	1	G2P_DDG2P	LOF	0	0	0	
TRIM37	LOF	1	1	0	0	1	G2P_DDG2P	LOF	0	0	0	
TRIM44	GOF	1	0	0	0	1	Orphadata	GOF	0	0	0	
TRIM71	LOF	1	1	0	0	1	G2P_DDG2P	LOF	0	0	0	
TRIM8	LOF	1	1	0	0	1	G2P_DDG2P	LOF	0	0	0	
TRIO	GOF;LOF	1	1	0	0	3	GoFCards_exact+ClinVar_VCV;Orphadata	GOF;LOF	0	0	0	
TRIP11	LOF	1	1	0	0	2	G2P_DDG2P;Orphadata	LOF	0	0	0	
TRIP12	LOF	1	1	0	0	1	G2P_DDG2P	LOF	0	0	0	
TRIP13	LOF	1	1	0	0	2	G2P_DDG2P;Orphadata	LOF	0	0	0	
TRIP4	LOF	1	1	0	0	1	G2P_DDG2P	LOF	0	0	0	
TRIT1	LOF	1	1	0	0	1	G2P_DDG2P	LOF	0	0	0	
TRMT1	LOF	1	1	0	0	1	G2P_DDG2P	LOF	0	0	0	
TRMT10A	LOF	1	1	0	0	1	G2P_DDG2P	LOF	0	0	0	
TRNT1	LOF	1	1	0	0	1	G2P_DDG2P	LOF	0	0	0	
TRPA1	GOF	0	0	0	0	0			0	0	0	
TRPC6	GOF	1	1	0	0	2	GoFCards_exact+ClinVar_VCV;Orphadata	GOF	0	0	0	
TRPM1	LOF	1	1	0	0	1	G2P_DDG2P	LOF	0	0	0	
TRPM3	GOF	0	0	0	0	0			0	0	0	
TRPM4	GOF	1	0	0	0	2	Orphadata	GOF	0	0	0	
TRPM7	GOF	0	0	0	0	0			0	0	0	
TRPM8	GOF	0	0	0	0	0			0	0	0	
TRPS1	LOF	1	1	0	0	1	G2P_DDG2P	LOF	0	0	0	
TRPV3	GOF	1	0	0	0	1	Orphadata	GOF	0	0	0	
TRPV4	GOF;LOF	1	1	1	1	5	G2P_DDG2P;GoFCards_exact+ClinVar_VCV;Orphadata	GOF;LOF	1	0	0	OMIM:181405;OMIM:600175;OMIM:606071
TRPV6	LOF	1	1	0	0	1	G2P_DDG2P	LOF	0	0	0	
TSC1	LOF	1	1	0	0	1	G2P_DDG2P	LOF	0	0	0	
TSC2	GOF;LOF	1	0	0	0	1	GoFCards_exact+ClinVar_VCV	GOF	0	0	0	
TSEN15	LOF	1	0	0	0	1	Orphadata	LOF	0	0	0	
TSEN54	LOF	0	0	0	0	0			0	0	0	
TSFM	LOF	0	0	0	0	0			0	0	0	
TSHB	LOF	1	1	0	0	1	G2P_DDG2P	LOF	0	0	0	
TSHR	GOF;LOF	1	1	0	0	4	G2P_DDG2P;Orphadata	GOF;LOF	0	0	0	
TSHZ1	LOF	1	1	0	0	1	G2P_DDG2P	LOF	0	0	0	
TSPAN12	LOF	1	1	0	0	1	G2P_DDG2P	LOF	0	0	0	
TSPAN7	LOF	1	1	0	0	1	G2P_DDG2P	LOF	0	0	0	
TSPOAP1	LOF	1	0	0	0	1	Orphadata	LOF	0	0	0	
TSPYL1	LOF	1	0	0	0	1	Orphadata	LOF	0	0	0	
TSR2	LOF	1	0	0	0	1	Orphadata	LOF	0	0	0	
TTC12	LOF	1	1	0	0	2	G2P_DDG2P;Orphadata	LOF	0	0	0	
TTC19	LOF	1	1	0	0	1	G2P_DDG2P	LOF	0	0	0	
TTC5	LOF	1	1	0	0	1	G2P_DDG2P	LOF	0	0	0	
TTC7A	LOF	1	1	0	0	2	G2P_DDG2P;Orphadata	LOF	0	0	0	
TTC8	LOF	1	1	0	0	1	G2P_DDG2P	LOF	0	0	0	
TTLL5	LOF	1	1	0	0	2	G2P_DDG2P;Orphadata	LOF	0	0	0	
TTN	LOF	1	1	0	0	2	G2P_DDG2P;Orphadata	LOF	1	0	0	OMIM:600334
TTPA	LOF	1	1	0	0	1	G2P_DDG2P	LOF	0	0	0	
TTR	GOF	1	1	0	0	1	G2P_DDG2P	GOF	0	0	0	
TUB	LOF	1	1	0	0	2	G2P_DDG2P;Orphadata	LOF	0	0	0	
TUBA1A	GOF	0	0	0	0	0			0	0	0	
TUBA4A	GOF	0	0	0	0	0			0	0	0	
TUBA8	LOF	1	1	0	0	1	G2P_DDG2P	LOF	0	0	0	
TUBB2B	DOMINANT_NEGATIVE	1	1	0	0	1	G2P_DDG2P	DOMINANT_NEGATIVE	0	0	0	
TUBB4A	GOF	1	1	0	0	1	G2P_DDG2P	GOF	0	0	0	
TUBGCP4	LOF	1	1	0	0	1	G2P_DDG2P	LOF	0	0	0	
TUBGCP6	LOF	1	1	0	0	1	G2P_DDG2P	LOF	0	0	0	
TULP1	LOF	1	1	0	0	1	G2P_DDG2P	LOF	0	0	0	
TUSC3	LOF	1	1	0	0	1	G2P_DDG2P	LOF	0	0	0	
TWIST1	LOF	1	1	0	0	2	G2P_DDG2P;Orphadata	LOF	0	0	0	
TWIST2	DOMINANT_NEGATIVE;LOF	1	1	0	0	2	G2P_DDG2P	DOMINANT_NEGATIVE;LOF	0	0	0	
TXN2	LOF	1	0	0	0	1	Orphadata	LOF	0	0	0	
TXNDC15	LOF	1	0	0	0	1	Orphadata	LOF	0	0	0	
TXNL4A	LOF	1	1	0	0	2	G2P_DDG2P;Orphadata	LOF	0	0	0	
TXNRD2	LOF	1	0	0	0	2	Orphadata	LOF	0	0	0	
TYK2	GOF;LOF	0	0	0	0	0			0	0	0	
TYMP	LOF	1	0	0	0	1	Orphadata	LOF	0	0	0	
TYR	LOF	1	1	0	0	3	G2P_DDG2P;Orphadata	LOF	0	0	0	
TYROBP	LOF	1	0	0	0	1	Orphadata	LOF	0	0	0	
TYRP1	LOF	1	1	0	0	1	G2P_DDG2P	LOF	0	0	0	
UBA1	LOF	1	0	0	0	1	Orphadata	LOF	0	0	0	
UBA2	LOF	1	1	0	0	1	G2P_DDG2P	LOF	0	0	0	
UBA5	LOF	1	1	0	0	2	G2P_DDG2P;Orphadata	LOF	0	0	0	
UBE2A	LOF	1	1	0	0	1	G2P_DDG2P	LOF	0	0	0	
UBE2T	LOF	1	1	0	0	1	G2P_DDG2P	LOF	0	0	0	
UBE3A	LOF	1	1	0	0	2	G2P_DDG2P;Orphadata	LOF	0	0	0	
UBE3B	LOF	1	1	0	0	2	G2P_DDG2P;Orphadata	LOF	0	0	0	
UBE4A	LOF	1	1	0	0	1	G2P_DDG2P	LOF	0	0	0	
UBR1	LOF	1	1	0	0	2	G2P_DDG2P;Orphadata	LOF	0	0	0	
UBR5	LOF	0	0	0	0	0			0	0	0	
UBR7	LOF	1	1	0	0	1	G2P_DDG2P	LOF	0	0	0	
UBTF	GOF	1	1	0	0	2	G2P_DDG2P;GoFCards_exact+ClinVar_VCV;Orphadata	GOF	0	0	0	
UCHL1	GOF;LOF	0	0	0	0	0			0	0	0	
UCP2	LOF	1	0	0	0	1	Orphadata	LOF	0	0	0	
UFM1	LOF	1	1	0	0	1	G2P_DDG2P	LOF	0	0	0	
UFSP2	LOF	1	0	0	0	1	Orphadata	LOF	0	0	0	
UGGT1	LOF	0	0	0	0	0			0	0	0	
UGP2	LOF	1	1	0	0	1	G2P_DDG2P	LOF	0	0	0	
UGT1A1	LOF	1	1	0	0	3	G2P_DDG2P;Orphadata	LOF	0	0	0	
UMPS	LOF	1	1	0	0	2	G2P_DDG2P;Orphadata	LOF	0	0	0	
UNC13A	GOF;LOF	0	0	0	0	0			0	0	0	
UNC79	LOF	0	0	0	0	0			0	0	0	
UNC80	LOF	1	1	0	0	1	G2P_DDG2P	LOF	0	0	0	
UNC93B1	GOF	0	0	0	0	0			0	0	0	
UPF1	LOF	0	0	0	0	0			0	0	0	
UPF3B	LOF	1	1	0	0	1	G2P_DDG2P	LOF	0	0	0	
UQCRB	LOF	1	1	0	0	1	G2P_DDG2P	LOF	0	0	0	
UQCRFS1	LOF	1	1	0	0	1	G2P_DDG2P	LOF	0	0	0	
UROD	LOF	0	0	0	0	0			0	0	0	
UROS	LOF	1	1	0	0	2	G2P_DDG2P;Orphadata	LOF	0	0	0	
USB1	LOF	1	1	0	0	1	G2P_DDG2P	LOF	0	0	0	
USH1C	LOF	1	1	0	0	2	G2P_DDG2P;Orphadata	LOF	0	0	0	
USH1G	LOF	1	1	0	0	2	G2P_DDG2P;Orphadata	LOF	0	0	0	
USH2A	LOF	0	0	0	0	0			0	0	0	
USP18	LOF	1	1	0	0	1	G2P_DDG2P	LOF	0	0	0	
USP25	GOF	0	0	0	0	0			0	0	0	
USP27X	LOF	1	1	0	0	1	G2P_DDG2P	LOF	0	0	0	
USP45	LOF	1	1	0	0	1	G2P_DDG2P	LOF	0	0	0	
USP48		0	0	0	0	0			1	0	0	OMIM:620227
USP7	LOF	1	1	0	0	1	G2P_DDG2P	LOF	0	0	0	
USP8	GOF	0	0	0	0	0			0	0	0	
USP9X	LOF	1	1	0	0	2	G2P_DDG2P;Orphadata	LOF	0	0	0	
UVSSA	LOF	1	1	0	0	1	G2P_DDG2P	LOF	0	0	0	
VCAN	DOMINANT_NEGATIVE	1	1	0	0	1	G2P_DDG2P	DOMINANT_NEGATIVE	0	0	0	
VCL	GOF	0	0	0	0	0			0	0	0	
VCP	LOF	0	0	0	0	0			0	0	0	
VDR	LOF	1	1	0	0	1	G2P_DDG2P	LOF	0	0	0	
VHL	GOF;LOF	1	1	0	0	2	G2P_DDG2P	GOF;LOF	0	0	0	
VIP	LOF	0	0	0	0	0			0	0	0	
VIPAS39	LOF	1	1	0	0	1	G2P_DDG2P	LOF	0	0	0	
VLDLR	GOF;LOF	1	1	0	0	1	G2P_DDG2P	LOF	0	0	0	
VMA21		0	0	0	0	0			1	0	0	OMIM:310440
VMA22	LOF	1	1	0	0	1	G2P_DDG2P	LOF	0	0	0	
VPS11	LOF	1	0	0	0	1	Orphadata	LOF	0	0	0	
VPS13B	LOF	1	1	0	0	1	G2P_DDG2P	LOF	0	0	0	
VPS13C	LOF	1	0	0	0	1	Orphadata	LOF	0	0	0	
VPS33B	LOF	1	1	0	0	1	G2P_DDG2P	LOF	0	0	0	
VPS35	GOF	0	0	0	0	0			0	0	0	
VPS4A	DOMINANT_NEGATIVE;LOF	1	1	0	0	1	G2P_DDG2P	DOMINANT_NEGATIVE	0	0	0	
VPS4B	LOF	0	0	0	0	0			0	0	0	
VPS53	LOF	1	1	0	0	1	G2P_DDG2P	LOF	0	0	0	
VRK1	LOF	1	1	0	0	1	G2P_DDG2P	LOF	0	0	0	
VSX2	LOF	1	1	0	0	2	G2P_DDG2P	LOF	0	0	0	
VWF	GOF	0	0	0	0	0			1	1	1	OMIM:193400
WAC	LOF	1	1	0	0	2	G2P_DDG2P;Orphadata	LOF	0	0	0	
WAS	GOF	1	1	0	0	1	GoFCards_exact+ClinVar_VCV	GOF	0	0	0	
WASF1	LOF	1	1	0	0	1	G2P_DDG2P	LOF	0	0	0	
WASHC5	LOF	1	1	0	0	1	G2P_DDG2P	LOF	0	0	0	
WBP4	LOF	1	1	0	0	1	G2P_DDG2P	LOF	0	0	0	
WDFY3	LOF	1	1	0	0	1	G2P_DDG2P	LOF	0	0	0	
WDPCP	LOF	1	1	0	0	1	G2P_DDG2P	LOF	0	0	0	
WDR11	LOF	1	1	0	0	1	G2P_DDG2P	LOF	0	0	0	
WDR19	LOF	1	1	0	0	1	G2P_DDG2P	LOF	0	0	0	
WDR26	LOF	1	1	0	0	2	G2P_DDG2P;Orphadata	LOF	0	0	0	
WDR35	LOF	1	1	0	0	1	G2P_DDG2P	LOF	0	0	0	
WDR37	LOF	0	0	0	0	0			0	0	0	
WDR4	LOF	1	1	0	0	1	G2P_DDG2P	LOF	0	0	0	
WDR44	GOF	0	0	0	0	0			0	0	0	
WDR45	LOF	1	1	0	0	1	G2P_DDG2P	LOF	0	0	0	
WDR62	LOF	1	1	0	0	1	G2P_DDG2P	LOF	0	0	0	
WDR73	LOF	1	1	0	0	2	G2P_DDG2P;Orphadata	LOF	0	0	0	
WDR83OS	LOF	1	1	0	0	1	G2P_DDG2P	LOF	0	0	0	
WDR87	LOF	0	0	0	0	0			0	0	0	
WEE2	LOF	1	0	0	0	1	Orphadata	LOF	0	0	0	
WFS1	LOF	1	1	0	0	2	G2P_DDG2P;Orphadata	LOF	0	0	0	
WHR1	GOF	0	0	0	0	0			0	0	0	
WHRN	LOF	1	1	0	0	1	G2P_DDG2P	LOF	0	0	0	
WIPI2	LOF	1	1	0	0	1	G2P_DDG2P	LOF	0	0	0	
WNK1	GOF;LOF	1	1	0	0	2	G2P_DDG2P;Orphadata	LOF	0	0	0	
WNT1	LOF	1	1	0	0	1	G2P_DDG2P	LOF	0	0	0	
WNT10B	LOF	1	1	1	1	1	G2P_DDG2P	LOF	1	0	0	OMIM:225300
WNT3	LOF	1	1	0	0	2	G2P_DDG2P;Orphadata	LOF	0	0	0	
WNT4	LOF	1	0	0	0	2	Orphadata	LOF	0	0	0	
WNT7A	LOF	1	1	0	0	2	G2P_DDG2P;Orphadata	LOF	0	0	0	
WNT9B	LOF	1	0	0	0	1	Orphadata	LOF	0	0	0	
WRAP53	LOF	1	1	0	0	1	G2P_DDG2P	LOF	0	0	0	
WRN	LOF	1	1	0	0	1	G2P_DDG2P	LOF	0	0	0	
WT1	DOMINANT_NEGATIVE;GOF;LOF	1	1	0	0	2	G2P_DDG2P	DOMINANT_NEGATIVE;LOF	0	0	0	
WWOX	LOF	1	1	0	0	2	G2P_DDG2P;Orphadata	LOF	0	0	0	
XPA	LOF	1	1	0	0	1	G2P_DDG2P	LOF	0	0	0	
XPC	LOF	1	1	0	0	1	G2P_DDG2P	LOF	0	0	0	
XPNPEP3	LOF	1	1	0	0	1	G2P_DDG2P	LOF	0	0	0	
XPO1	LOF	0	0	0	0	0			0	0	0	
XRCC4	LOF	1	1	0	0	1	G2P_DDG2P	LOF	0	0	0	
XYLT1	LOF	1	1	0	0	3	G2P_DDG2P;Orphadata	LOF	0	0	0	
XYLT2	LOF	1	1	0	0	2	G2P_DDG2P;Orphadata	LOF	0	0	0	
YAP1	LOF	1	1	0	0	2	G2P_DDG2P;Orphadata	LOF	0	0	0	
YARS1	GOF	1	1	0	0	1	GoFCards_exact+ClinVar_VCV	GOF	0	0	0	
YARS2	LOF	1	1	0	0	1	G2P_DDG2P	LOF	0	0	0	
YIF1B	LOF	0	0	0	0	0			0	0	0	
YRDC	LOF	1	1	0	0	1	G2P_DDG2P	LOF	0	0	0	
YWHAG	GOF	1	1	0	0	1	G2P_DDG2P	GOF	0	0	0	
YWHAZ	GOF	0	0	0	0	0			0	0	0	
YY1	LOF	1	0	0	0	1	Orphadata	LOF	0	0	0	
ZAP70	GOF	0	0	0	0	0			0	0	0	
ZBTB11	LOF	1	1	0	0	1	G2P_DDG2P	LOF	0	0	0	
ZBTB18	LOF	1	1	0	0	1	G2P_DDG2P	LOF	0	0	0	
ZBTB20	DOMINANT_NEGATIVE	1	1	0	0	1	G2P_DDG2P	DOMINANT_NEGATIVE	0	0	0	
ZBTB40	LOF	0	0	0	0	0			0	0	0	
ZBTB7A	LOF	1	1	0	0	1	G2P_DDG2P	LOF	0	0	0	
ZC4H2	LOF	1	1	0	0	1	G2P_DDG2P	LOF	0	0	0	
ZCCHC8	LOF	0	0	0	0	0			0	0	0	
ZDHHC15	LOF	0	0	0	0	0			0	0	0	
ZDHHC9	LOF	1	1	0	0	1	G2P_DDG2P	LOF	0	0	0	
ZEB1	LOF	1	1	0	0	3	G2P_DDG2P;Orphadata	LOF	0	0	0	
ZEB2	LOF	1	1	0	0	1	G2P_DDG2P	LOF	0	0	0	
ZFHX3	LOF	0	0	0	0	0			0	0	0	
ZFHX4	LOF	0	0	0	0	0			0	0	0	
ZFP57	LOF	1	1	0	0	1	G2P_DDG2P	LOF	0	0	0	
ZFTRAF1	LOF	0	0	0	0	0			0	0	0	
ZFX	LOF	0	0	0	0	0			0	0	0	
ZFYVE19	LOF	1	1	0	0	1	G2P_DDG2P	LOF	0	0	0	
ZFYVE26	LOF	1	1	0	0	1	G2P_DDG2P	LOF	0	0	0	
ZIC1	GOF	1	1	0	0	1	G2P_DDG2P	GOF	0	0	0	
ZIC2	LOF	1	1	0	0	1	G2P_DDG2P	LOF	0	0	0	
ZIC3	LOF	1	1	0	0	1	G2P_DDG2P	LOF	0	0	0	
ZMIZ1	LOF	1	1	0	0	1	G2P_DDG2P	LOF	0	0	0	
ZMPSTE24	LOF	1	1	0	0	1	G2P_DDG2P	LOF	0	0	0	
ZMYM2	LOF	1	1	0	0	1	G2P_DDG2P	LOF	0	0	0	
ZMYM6	LOF	0	0	0	0	0			0	0	0	
ZMYND10	LOF	1	1	0	0	2	G2P_DDG2P;Orphadata	LOF	0	0	0	
ZMYND11	LOF	1	1	0	0	1	G2P_DDG2P	LOF	0	0	0	
ZMYND8	LOF	0	0	0	0	0			0	0	0	
ZNF142	LOF	1	1	0	0	1	G2P_DDG2P	LOF	0	0	0	
ZNF148	LOF	1	1	0	0	1	G2P_DDG2P	LOF	0	0	0	
ZNF292	LOF	1	1	0	0	1	G2P_DDG2P	LOF	0	0	0	
ZNF335	LOF	1	1	0	0	1	G2P_DDG2P	LOF	0	0	0	
ZNF408	DOMINANT_NEGATIVE;LOF	1	1	0	0	2	G2P_DDG2P;Orphadata	DOMINANT_NEGATIVE;LOF	0	0	0	
ZNF462	LOF	1	1	0	0	1	G2P_DDG2P	LOF	0	0	0	
ZNF469	LOF	1	1	0	0	1	G2P_DDG2P	LOF	0	0	0	
ZNF699	LOF	1	1	0	0	1	G2P_DDG2P	LOF	0	0	0	
ZNF711	LOF	1	1	0	0	1	G2P_DDG2P	LOF	0	0	0	
ZNF750	LOF	1	1	0	0	1	G2P_DDG2P	LOF	0	0	0	
ZNF808	LOF	0	0	0	0	0			0	0	0	
ZNHIT3	LOF	1	0	0	0	1	Orphadata	LOF	0	0	0	
ZNRF3	DOMINANT_NEGATIVE	0	0	0	0	0			0	0	0	
ZP3	LOF	0	0	0	0	0			0	0	0	
ZPR1	LOF	0	0	0	0	0			0	0	0	
ZSCAN10	LOF	0	0	0	0	0			0	0	0	
ZSWIM6	GOF	1	1	0	0	1	G2P_DDG2P	GOF	0	0	0	
