type	chr	gene	HGNC_ID	iso	aa_start_pos	aa_end_pos	PLP_number	BLB_number	profile-coefficient	odd_benign	odd_path
coldspot	1	NOTCH2	HGNC:7882	NM_024408.4	3	39	0	5	0.986075245	10.0	0.0
hotspot	1	CLCNKB	HGNC:2027	NM_000085.5	429	443	5	0	0.988492955	0.0	10.0
hotspot	1	NRAS	HGNC:7989	NM_002524.5	9	19	7	0	0.98799329	0.0	14.0
hotspot	1	RYR2	HGNC:10484	NM_001035.3	2374	2458	5	0	0.985980857	0.0	10.0
hotspot	1	USH2A	HGNC:12601	NM_206933.4	4441	4449	6	0	0.985672594	0.0	12.0
hotspot	1	DHDDS	HGNC:20603	NM_205861.3	34	42	5	0	0.982883757	0.0	10.0
coldspot	1	RERE	HGNC:9965	NM_001042681.2	1190	1204	0	5	0.978488413	10.0	0.0
hotspot	1	ZBTB18	HGNC:13030	NM_205768.3	442	469	5	0	0.97298417	0.0	10.0
hotspot	1	MFN2	HGNC:16877	NM_014874.4	357	375	8	0	0.967951981	0.0	16.0
hotspot	1	MUTYH	HGNC:7527	NM_001048174.2	212	220	6	0	0.965992697	0.0	12.0
hotspot	1	ACTA1	HGNC:129	NM_001100.4	333	337	5	0	0.964587401	0.0	10.0
hotspot	1	ABCA4	HGNC:34	NM_000350.3	762	768	5	0	0.962631609	0.0	10.0
coldspot	1	FLG	HGNC:3748	NM_002016.2	3545	3585	0	6	0.95263663	12.0	0.0
hotspot	1	USH2A	HGNC:12601	NM_206933.4	4746	4766	5	1	0.95492943	0.2	5.0
hotspot	1	RPE65	HGNC:10294	NM_000329.3	410	420	5	0	0.95022772	0.0	10.0
hotspot	1	PPT1	HGNC:9325	NM_000310.4	176	184	6	0	0.949497503	0.0	12.0
hotspot	1	LMNA	HGNC:6636	NM_170707.4	192	214	5	0	0.943336865	0.0	10.0
hotspot	1	ABCA4	HGNC:34	NM_000350.3	1967	1983	5	0	0.941535976	0.0	10.0
hotspot	1	GNB1	HGNC:4396	NM_002074.5	75	81	9	0	0.936942012	0.0	18.0
hotspot	1	SDHB	HGNC:10681	NM_003000.3	92	100	7	0	0.927027211	0.0	14.0
coldspot	1	PRDM16	HGNC:14000	NM_022114.4	764	916	0	6	0.920224829	12.0	0.0
hotspot	1	ALPL	HGNC:438	NM_000478.6	217	223	10	0	0.92092164	0.0	20.0
coldspot	1	FLG	HGNC:3748	NM_002016.2	1882	1922	0	5	0.911623255	10.0	0.0
hotspot	1	TGFB2	HGNC:11768	NM_003238.6	295	313	5	0	0.907142857	0.0	10.0
hotspot	1	SLC2A1	HGNC:11005	NM_006516.4	209	227	5	0	0.899282768	0.0	10.0
hotspot	1	ALPL	HGNC:438	NM_000478.6	68	76	9	0	0.89797913	0.0	18.0
hotspot	1	ACTA1	HGNC:129	NM_001100.4	136	150	7	0	0.893841817	0.0	14.0
coldspot	1	CACNA1E	HGNC:1392	NM_001205293.3	1931	1959	0	5	0.883410234	10.0	0.0
coldspot	1	FLG	HGNC:3748	NM_002016.2	2201	2263	0	9	0.875020271	18.0	0.0
hotspot	1	ACADM	HGNC:89	NM_000016.6	191	211	9	0	0.884416885	0.0	18.0
hotspot	1	CRB1	HGNC:2343	NM_201253.3	833	851	7	0	0.874382045	0.0	14.0
coldspot	1	CACNA1E	HGNC:1392	NM_001205293.3	2276	2298	0	5	0.851271044	10.0	0.0
hotspot	1	USH2A	HGNC:12601	NM_206933.4	326	350	5	0	0.871892468	0.0	10.0
coldspot	1	PKP1	HGNC:9023	NM_001005337.3	110	252	0	5	0.849453821	10.0	0.0
hotspot	1	GJA8	HGNC:4281	NM_005267.5	22	152	12	1	0.863484265	0.083333333	12.0
hotspot	1	ABCA4	HGNC:34	NM_000350.3	1433	1445	5	0	0.860878811	0.0	10.0
hotspot	1	ABCA4	HGNC:34	NM_000350.3	1837	1857	7	0	0.855187921	0.0	14.0
hotspot	1	MPZ	HGNC:7225	NM_000530.8	60	66	6	0	0.85	0.0	12.0
coldspot	1	HMCN1	HGNC:19194	NM_031935.3	1478	1666	0	5	0.839400791	10.0	0.0
hotspot	1	GBA1	HGNC:4177	NM_000157	404	448	5	0	0.839906213	0.0	10.0
hotspot	1	BSND	HGNC:16512	NM_057176.3	1	23	5	0	0.833328583	0.0	10.0
hotspot	1	MTHFR	HGNC:7436	NM_005957.5	333	367	5	0	0.827215976	0.0	10.0
coldspot	1	AHDC1	HGNC:25230	NM_001371928.1	945	1281	0	16	0.809535517	32.0	0.0
hotspot	1	CRB1	HGNC:2343	NM_201253.3	738	762	6	0	0.809252744	0.0	12.0
coldspot	1	KIF1B	HGNC:16636	NM_001365951.3	1597	1737	0	5	0.781352219	10.0	0.0
hotspot	1	MMACHC	HGNC:24525	NM_015506.3	147	161	8	0	0.798919747	0.0	16.0
hotspot	1	GBA1	HGNC:4177	NM_000157	94	174	11	0	0.791965329	0.0	22.0
hotspot	1	RPE65	HGNC:10294	NM_000329.3	239	255	5	0	0.78646387	0.0	10.0
coldspot	1	KCNH1	HGNC:6250	NM_172362.3	755	869	0	11	0.752202029	22.0	0.0
hotspot	1	RPE65	HGNC:10294	NM_000329.3	468	484	7	0	0.764866772	0.0	14.0
coldspot	1	PTCH2	HGNC:9586	NM_003738.5	444	928	0	6	0.713576065	12.0	0.0
hotspot	1	MPZ	HGNC:7225	NM_000530.8	77	83	5	0	0.751388889	0.0	10.0
coldspot	1	MYSM1	HGNC:29401	NM_001085487.3	107	333	0	5	0.706416408	10.0	0.0
hotspot	1	ABCA4	HGNC:34	NM_000350.3	1355	1377	5	0	0.748613571	0.0	10.0
hotspot	1	KCNQ4	HGNC:6298	NM_004700.4	267	303	6	0	0.74143183	0.0	12.0
hotspot	1	SLC2A1	HGNC:11005	NM_006516.4	303	333	5	0	0.7369914	0.0	10.0
hotspot	1	ACTA1	HGNC:129	NM_001100.4	26	64	10	0	0.733747037	0.0	20.0
hotspot	1	POMGNT1	HGNC:19139	NM_017739.4	406	606	7	1	0.732832079	0.142857143	7.0
hotspot	1	LMNA	HGNC:6636	NM_170707.4	12	48	13	0	0.731909599	0.0	26.0
hotspot	1	RPE65	HGNC:10294	NM_000329.3	330	348	6	0	0.728636465	0.0	12.0
coldspot	1	NID1	HGNC:7821	NM_002508.3	533	949	0	5	0.690289738	10.0	0.0
hotspot	1	ALPL	HGNC:438	NM_000478.6	290	298	6	0	0.722327672	0.0	12.0
coldspot	1	ADAMTSL4	HGNC:19706	NM_019032.6	113	377	0	5	0.684093138	10.0	0.0
coldspot	1	ASPM	HGNC:19048	NM_018136.5	1147	2149	0	12	0.682277116	24.0	0.0
coldspot	1	FLG	HGNC:3748	NM_002016.2	1416	1538	0	6	0.679784216	12.0	0.0
hotspot	1	RPE65	HGNC:10294	NM_000329.3	166	194	7	0	0.707809987	0.0	14.0
hotspot	1	USH2A	HGNC:12601	NM_206933.4	480	554	7	0	0.701387071	0.0	14.0
hotspot	1	MMACHC	HGNC:24525	NM_015506.3	1	64	6	1	0.695353594	0.166666667	6.0
coldspot	1	FMN2	HGNC:14074	NM_020066.5	542	1208	0	7	0.660869354	14.0	0.0
hotspot	1	ABCA4	HGNC:34	NM_000350.3	56	72	6	0	0.689166523	0.0	12.0
hotspot	1	RPE65	HGNC:10294	NM_000329.3	67	91	7	0	0.687762558	0.0	14.0
hotspot	1	MFN2	HGNC:16877	NM_014874.4	228	256	5	0	0.685577449	0.0	10.0
coldspot	1	LYST	HGNC:1968	NM_000081.4	1149	2833	0	13	0.647750125	26.0	0.0
hotspot	1	FH	HGNC:3700	NM_000143.4	378	400	5	0	0.674834555	0.0	10.0
hotspot	1	MPZ	HGNC:7225	NM_000530.8	126	140	13	0	0.671412576	0.0	26.0
coldspot	1	HSPG2	HGNC:5273	NM_005529.7	1901	2259	0	5	0.616791302	10.0	0.0
coldspot	1	FLG	HGNC:3748	NM_002016.2	1114	1268	0	6	0.604696219	12.0	0.0
hotspot	1	ABCA4	HGNC:34	NM_000350.3	1478	1518	9	0	0.659924708	0.0	18.0
hotspot	1	SERPINC1	HGNC:775	NM_000488.4	418	444	9	0	0.658785593	0.0	18.0
hotspot	1	RYR2	HGNC:10484	NM_001035.3	3840	4010	8	0	0.653979941	0.0	16.0
hotspot	1	SDHB	HGNC:10681	NM_003000.3	207	227	9	0	0.652836134	0.0	18.0
coldspot	1	CACNA1E	HGNC:1392	NM_001205293.3	2166	2231	0	8	0.602108826	16.0	0.0
coldspot	1	ASH1L	HGNC:19088	NM_018489.3	51	1145	0	6	0.601395709	12.0	0.0
hotspot	1	ABCA4	HGNC:34	NM_000350.3	3	27	6	0	0.641713555	0.0	12.0
hotspot	1	MYOC	HGNC:7610	NM_000261.2	406	470	6	1	0.640973335	0.166666667	6.0
hotspot	1	ACADM	HGNC:89	NM_000016.6	15	95	7	0	0.632303065	0.0	14.0
hotspot	1	ABCA4	HGNC:34	NM_000350.3	937	983	9	0	0.629313494	0.0	18.0
hotspot	1	ALPL	HGNC:438	NM_000478.6	463	483	7	0	0.627298099	0.0	14.0
coldspot	1	AHDC1	HGNC:25230	NM_001371928.1	59	151	0	5	0.591695141	10.0	0.0
hotspot	1	USH2A	HGNC:12601	NM_206933.4	658	764	5	1	0.619407452	0.2	5.0
coldspot	1	AGRN	HGNC:329	NM_198576.4	1426	1768	0	7	0.565537736	14.0	0.0
hotspot	1	TNNT2	HGNC:11949	NM_001276345.2	93	105	8	0	0.60859917	0.0	16.0
hotspot	1	ACADM	HGNC:89	NM_000016.6	326	402	12	0	0.603147714	0.0	24.0
hotspot	1	ALPL	HGNC:438	NM_000478.6	316	343	11	0	0.595161844	0.0	22.0
coldspot	1	COL9A2	HGNC:2218	NM_001852.4	294	626	0	7	0.538990156	14.0	0.0
hotspot	1	KCNA2	HGNC:6220	NM_004974.4	255	341	5	0	0.585873468	0.0	10.0
hotspot	1	ALPL	HGNC:438	NM_000478.6	414	428	8	0	0.572371032	0.0	16.0
hotspot	1	MYOC	HGNC:7610	NM_000261.2	357	385	10	0	0.569697765	0.0	20.0
hotspot	1	MFN2	HGNC:16877	NM_014874.4	85	123	10	0	0.566187079	0.0	20.0
hotspot	1	ALPL	HGNC:438	NM_000478.6	129	139	5	0	0.558333333	0.0	10.0
coldspot	1	EPHA2	HGNC:3386	NM_004431.5	141	385	0	5	0.520934471	10.0	0.0
coldspot	1	HHAT	HGNC:18270	NM_018194.6	119	371	0	6	0.52089742	12.0	0.0
hotspot	1	ABCA4	HGNC:34	NM_000350.3	478	678	28	1	0.553911717	0.035714286	28.0
hotspot	1	MPZ	HGNC:7225	NM_000530.8	19	49	7	0	0.548973827	0.0	14.0
coldspot	1	KIF14	HGNC:19181	NM_014875.3	252	614	0	5	0.504539795	10.0	0.0
hotspot	1	ABCA4	HGNC:34	NM_000350.3	2062	2078	6	0	0.547380952	0.0	12.0
coldspot	1	ARID1A	HGNC:11110	NM_006015.6	1196	1885	0	25	0.502676343	50.0	0.0
hotspot	1	ALPL	HGNC:438	NM_000478.6	105	121	7	0	0.542063492	0.0	14.0
coldspot	1	MTOR	HGNC:3942	NM_004958.4	183	809	0	10	0.480742239	20.0	0.0
coldspot	1	HNRNPU	HGNC:5048	NM_031844.3	97	181	0	5	0.471342362	10.0	0.0
hotspot	1	H3-3A	HGNC:4764	NM_002107.7	43	126	5	0	0.519770349	0.0	10.0
coldspot	1	C8A	HGNC:1352	NM_000562.3	224	518	0	6	0.454996293	12.0	0.0
hotspot	1	CDC42	HGNC:1736	NM_001791.4	40	82	5	0	0.507941241	0.0	10.0
hotspot	1	ABCA4	HGNC:34	NM_000350.3	1087	1133	18	0	0.498214492	0.0	36.0
hotspot	1	MTHFR	HGNC:7436	NM_005957.5	368	480	5	0	0.495306141	0.0	10.0
coldspot	1	DVL1	HGNC:3084	NM_001330311.2	493	613	0	5	0.42422672	10.0	0.0
coldspot	1	CLCNKB	HGNC:2027	NM_000085.5	499	637	0	5	0.401110774	10.0	0.0
hotspot	1	SLC2A1	HGNC:11005	NM_006516.4	395	461	6	0	0.454055513	0.0	12.0
coldspot	1	KANK4	HGNC:27263	NM_181712.5	539	954	0	6	0.381156124	12.0	0.0
hotspot	1	ALPL	HGNC:438	NM_000478.6	446	458	8	0	0.429591837	0.0	16.0
hotspot	1	ALPL	HGNC:438	NM_000478.6	18	60	5	0	0.40512754	0.0	10.0
coldspot	1	CFH	HGNC:4883	NM_000186.4	836	1092	0	10	0.331443558	20.0	0.0
coldspot	1	RERE	HGNC:9965	NM_001042681.2	201	877	0	10	0.318785969	20.0	0.0
coldspot	1	HNRNPU	HGNC:5048	NM_031844.3	301	693	0	5	0.317492896	10.0	0.0
hotspot	1	ACTA1	HGNC:129	NM_001100.4	247	271	6	0	0.385659179	0.0	12.0
hotspot	1	ALPL	HGNC:438	NM_000478.6	364	395	14	0	0.379617745	0.0	28.0
coldspot	1	CR2	HGNC:2336	NM_001006658.3	128	778	0	5	0.284402121	10.0	0.0
hotspot	1	MUTYH	HGNC:7527	NM_001048174.2	28	190	11	0	0.376144747	0.0	22.0
hotspot	1	FH	HGNC:3700	NM_000143.4	402	452	5	0	0.364077997	0.0	10.0
coldspot	1	ESPN	HGNC:13281	NM_031475.3	203	709	0	15	0.257693348	30.0	0.0
hotspot	1	MPZ	HGNC:7225	NM_000530.8	92	106	9	0	0.362576668	0.0	18.0
hotspot	1	ABCA4	HGNC:34	NM_000350.3	2096	2110	6	0	0.328210678	0.0	12.0
hotspot	1	ABCA4	HGNC:34	NM_000350.3	1775	1799	7	0	0.319578731	0.0	14.0
hotspot	1	SDHB	HGNC:10681	NM_003000.3	189	199	8	0	0.289746293	0.0	16.0
coldspot	1	PTPRC	HGNC:9666	NM_002838.5	123	465	0	7	0.180145021	14.0	0.0
coldspot	1	HSPG2	HGNC:5273	NM_005529.7	624	1598	0	18	0.172647358	36.0	0.0
coldspot	1	CENPF	HGNC:1857	NM_016343.4	867	2571	0	33	0.16874276	66.0	0.0
hotspot	1	ALPL	HGNC:438	NM_000478.6	168	190	10	0	0.256083457	0.0	20.0
coldspot	1	HMCN1	HGNC:19194	NM_031935.3	2720	4818	0	26	0.134016866	52.0	0.0
coldspot	1	MASP2	HGNC:6902	NM_006610.4	106	506	0	7	0.113792074	14.0	0.0
coldspot	1	FLG	HGNC:3748	NM_002016.2	442	908	0	15	0.112978908	30.0	0.0
hotspot	1	CRB1	HGNC:2343	NM_201253.3	163	567	15	3	0.234733508	0.2	5.0
hotspot	1	TNNT2	HGNC:11949	NM_001276345.2	114	192	12	0	0.20042535	0.0	24.0
hotspot	1	FH	HGNC:3700	NM_000143.4	92	319	45	0	0.194603371	0.0	90.0
hotspot	1	RYR2	HGNC:10484	NM_001035.3	4099	4168	6	0	0.18271783	0.0	12.0
hotspot	1	ABCA4	HGNC:34	NM_000350.3	2027	2039	6	0	0.172474747	0.0	12.0
coldspot	1	NUP133	HGNC:18016	NM_018230.3	255	949	0	5	-0.100190381	10.0	0.0
coldspot	1	GPSM2	HGNC:29501	NM_013296.5	180	556	0	5	-0.195180432	10.0	0.0
coldspot	1	CACNA1E	HGNC:1392	NM_001205293.3	674	1468	2	38	0.712077815	19.0	0.052631579
coldspot	1	HSPG2	HGNC:5273	NM_005529.7	3160	3970	1	14	0.465379189	14.0	0.071428571
coldspot	1	MTOR	HGNC:3942	NM_004958.4	1768	1882	1	7	0.902252146	7.0	0.142857143
hotspot	1	GALE	HGNC:4116	NM_001008216.2	69	311	5	0	0.01455709	0.0	10.0
hotspot	1	ABCA4	HGNC:34	NM_000350.3	1015	1041	5	0	-0.055174825	0.0	10.0
coldspot	1	CACNA1S	HGNC:1397	NM_000069.3	329	635	2	10	0.744081075	5.0	0.2
hotspot	1	LMNA	HGNC:6636	NM_170707.4	460	540	7	0	-0.142982907	0.0	14.0
hotspot	1	SLC2A1	HGNC:11005	NM_006516.4	6	94	5	1	-0.150575832	0.2	5.0
coldspot	1	AGL	HGNC:321	NM_000642.3	128	494	1	5	0.596119439	5.0	0.2
hotspot	1	NPHS2	HGNC:13394	NM_014625.4	173	289	6	0	-0.211041864	0.0	12.0
coldspot	1	DDX59	HGNC:25360	NM_001031725.6	53	407	1	5	-0.203978737	5.0	0.2
coldspot	1	ECM1	HGNC:3153	NM_004425.4	93	441	1	5	-0.297430087	5.0	0.2
hotspot	2	BMPR2	HGNC:1078	NM_001204.7	384	390	5	0	1.0	0.0	10.0
hotspot	2	KIF1A	HGNC:888	NM_001244008.2	10	14	5	0	0.982812705	0.0	10.0
hotspot	2	SOS1	HGNC:11187	NM_005633.4	548	554	10	0	0.981948359	0.0	20.0
hotspot	2	MSH2	HGNC:7325	NM_000251.3	553	557	6	0	0.973682629	0.0	12.0
coldspot	2	FBXO11	HGNC:13590	NM_001190274.2	27	81	0	11	0.967867838	22.0	0.0
coldspot	2	MSH2	HGNC:7325	NM_000251.3	315	329	0	5	0.963677773	10.0	0.0
hotspot	2	MSH6	HGNC:7329	NM_000179.3	757	781	6	0	0.96046517	0.0	12.0
hotspot	2	SCN2A	HGNC:10588	NM_001040142.2	1625	1649	8	0	0.957107355	0.0	16.0
hotspot	2	CNGA3	HGNC:2150	NM_001298.3	275	285	6	0	0.954572576	0.0	12.0
hotspot	2	ABCB11	HGNC:42	NM_003742.4	467	493	5	0	0.953999978	0.0	10.0
hotspot	2	KIF1A	HGNC:888	NM_001244008.2	250	258	5	0	0.950925091	0.0	10.0
hotspot	2	SCN2A	HGNC:10588	NM_001040142.2	1314	1340	8	0	0.942671833	0.0	16.0
coldspot	2	RANBP2	HGNC:9848	NM_006267.5	732	784	0	5	0.937725869	10.0	0.0
hotspot	2	COL4A3	HGNC:2204	NM_000091.5	1189	1223	5	1	0.941256196	0.2	5.0
hotspot	2	AGXT	HGNC:341	NM_000030.3	152	162	6	0	0.935419009	0.0	12.0
hotspot	2	CYP27A1	HGNC:2605	NM_000784.4	125	137	5	0	0.928317451	0.0	10.0
hotspot	2	SATB2	HGNC:21637	NM_001172509.2	370	482	10	1	0.921137842	0.1	10.0
hotspot	2	MSH6	HGNC:7329	NM_000179.3	1153	1161	5	0	0.915740877	0.0	10.0
hotspot	2	MPV17	HGNC:7224	NM_002437.5	87	97	5	0	0.913771624	0.0	10.0
coldspot	2	DRC1	HGNC:24245	NM_145038.5	330	442	0	5	0.887913578	10.0	0.0
hotspot	2	PAX3	HGNC:8617	NM_181458.4	30	154	10	0	0.898727213	0.0	20.0
hotspot	2	SOS1	HGNC:11187	NM_005633.4	431	439	8	0	0.893854664	0.0	16.0
hotspot	2	CNGA3	HGNC:2150	NM_001298.3	550	578	6	0	0.886052426	0.0	12.0
hotspot	2	AGXT	HGNC:341	NM_000030.3	35	47	7	0	0.856860902	0.0	14.0
coldspot	2	ZEB2	HGNC:14881	NM_014795.4	664	856	0	12	0.843282306	24.0	0.0
hotspot	2	MSH2	HGNC:7325	NM_000251.3	160	166	8	0	0.84629329	0.0	16.0
hotspot	2	SCN2A	HGNC:10588	NM_001040142.2	856	953	13	1	0.844365961	0.076923077	13.0
hotspot	2	SOX11	HGNC:11191	NM_003108.4	50	65	6	0	0.840509114	0.0	12.0
hotspot	2	SPAST	HGNC:11233	NM_014946.4	384	392	6	0	0.824681495	0.0	12.0
coldspot	2	DNAH7	HGNC:18661	NM_018897.3	2166	2582	0	5	0.803192224	10.0	0.0
hotspot	2	DYSF	HGNC:3097	NM_003494.4	1765	1823	5	0	0.820937863	0.0	10.0
hotspot	2	COL4A3	HGNC:2204	NM_000091.5	632	848	14	1	0.814156127	0.071428571	14.0
hotspot	2	SCN1A	HGNC:10585	NM_001165963.4	1908	1924	5	0	0.799475495	0.0	10.0
hotspot	2	WNT10A	HGNC:13829	NM_025216.3	56	148	6	0	0.797126219	0.0	12.0
hotspot	2	DYSF	HGNC:3097	NM_003494.4	235	314	6	0	0.793656327	0.0	12.0
coldspot	2	COL6A3	HGNC:2213	NM_004369.4	2906	2960	0	6	0.75876845	12.0	0.0
hotspot	2	MSH2	HGNC:7325	NM_000251.3	586	604	9	1	0.773016893	0.111111111	9.0
hotspot	2	SCN1A	HGNC:10585	NM_001165963.4	324	348	9	0	0.756958292	0.0	18.0
hotspot	2	STAT1	HGNC:11362	NM_007315.4	258	336	7	0	0.755646086	0.0	14.0
hotspot	2	SCN1A	HGNC:10585	NM_001165963.4	1739	1763	5	0	0.752004434	0.0	10.0
hotspot	2	SNRNP200	HGNC:30859	NM_014014.5	545	787	5	0	0.750701561	0.0	10.0
hotspot	2	SCN1A	HGNC:10585	NM_001165963.4	215	229	9	0	0.721058879	0.0	18.0
hotspot	2	UGT1A3	HGNC:12535	NM_019093.4	307	427	6	0	0.720783272	0.0	12.0
hotspot	2	UGT1A5	HGNC:12537	NM_019078.2	307	427	6	0	0.720783272	0.0	12.0
hotspot	2	UGT1A7	HGNC:12539	NM_019077.3	303	423	6	0	0.720783272	0.0	12.0
hotspot	2	UGT1A10	HGNC:12531	NM_019075.4	303	423	6	0	0.720783272	0.0	12.0
hotspot	2	UGT1A4	HGNC:12536	NM_007120.3	307	427	6	0	0.720783272	0.0	12.0
hotspot	2	UGT1A6	HGNC:12538	NM_001072.4	305	425	6	0	0.720783272	0.0	12.0
hotspot	2	UGT1A8	HGNC:12540	NM_019076.5	303	423	6	0	0.720783272	0.0	12.0
hotspot	2	UGT1A9	HGNC:12541	NM_021027.3	303	423	6	0	0.720783272	0.0	12.0
hotspot	2	SMARCAL1	HGNC:11102	NM_014140.4	614	820	6	0	0.716306688	0.0	12.0
coldspot	2	ALK	HGNC:427	NM_004304.5	1	830	0	17	0.677361117	34.0	0.0
coldspot	2	PMS1	HGNC:9121	NM_000534.5	285	599	0	5	0.663530989	10.0	0.0
hotspot	2	MSH2	HGNC:7325	NM_000251.3	748	776	7	0	0.692871338	0.0	14.0
coldspot	2	OBSL1	HGNC:29092	NM_015311.3	1313	1707	0	7	0.64564452	14.0	0.0
coldspot	2	MMADHC	HGNC:25221	NM_015702.3	72	240	0	5	0.641527468	10.0	0.0
coldspot	2	NEB	HGNC:7720	NM_001164508.2	1396	2320	0	13	0.637983272	26.0	0.0
hotspot	2	KIF1A	HGNC:888	NM_001244008.2	54	148	6	0	0.672931066	0.0	12.0
hotspot	2	SCN1A	HGNC:10585	NM_001165963.4	858	888	7	0	0.648111603	0.0	14.0
hotspot	2	SPAST	HGNC:11233	NM_014946.4	414	426	6	0	0.648102981	0.0	12.0
hotspot	2	SPAST	HGNC:11233	NM_014946.4	399	409	6	0	0.641290407	0.0	12.0
hotspot	2	SPAST	HGNC:11233	NM_014946.4	352	374	5	0	0.637188838	0.0	10.0
coldspot	2	SCN7A	HGNC:10594	NM_002976.4	619	1003	0	6	0.593683136	12.0	0.0
coldspot	2	HECW2	HGNC:29853	NM_001348768.2	283	823	0	15	0.589576632	30.0	0.0
coldspot	2	EPAS1	HGNC:3374	NM_001430.5	724	794	0	5	0.551842044	10.0	0.0
coldspot	2	DNAH7	HGNC:18661	NM_018897.3	230	1022	0	11	0.542445144	22.0	0.0
hotspot	2	MSH2	HGNC:7325	NM_000251.3	176	204	7	1	0.590331075	0.142857143	7.0
hotspot	2	SCN1A	HGNC:10585	NM_001165963.4	922	979	25	1	0.585855335	0.04	25.0
hotspot	2	SCN1A	HGNC:10585	NM_001165963.4	1584	1610	5	0	0.579992424	0.0	10.0
hotspot	2	SCN2A	HGNC:10588	NM_001040142.2	211	253	8	0	0.57604911	0.0	16.0
hotspot	2	SCN1A	HGNC:10585	NM_001165963.4	73	147	18	0	0.566137362	0.0	36.0
hotspot	2	COL3A1	HGNC:2201	NM_000090.4	1033	1043	5	0	0.558333333	0.0	10.0
hotspot	2	ACTG2	HGNC:145	NM_001615.4	81	235	6	0	0.557452133	0.0	12.0
coldspot	2	ASXL2	HGNC:23805	NM_018263.6	411	997	0	13	0.485232822	26.0	0.0
coldspot	2	DNAH6	HGNC:2951	NM_001370.2	922	2332	0	5	0.484845291	10.0	0.0
hotspot	2	SCN1A	HGNC:10585	NM_001165963.4	349	416	21	0	0.522087094	0.0	42.0
hotspot	2	MSH2	HGNC:7325	NM_000251.3	673	701	25	0	0.520236372	0.0	50.0
coldspot	2	XDH	HGNC:12805	NM_000379.4	154	808	0	8	0.46134954	16.0	0.0
hotspot	2	SCN1A	HGNC:10585	NM_001165963.4	1637	1673	20	0	0.51532849	0.0	40.0
hotspot	2	MSH2	HGNC:7325	NM_000251.3	347	361	11	0	0.511994949	0.0	22.0
hotspot	2	SPAST	HGNC:11233	NM_014946.4	551	609	5	0	0.501521169	0.0	10.0
coldspot	2	SFTPB	HGNC:10801	NM_000542.5	126	316	0	5	0.44375075	10.0	0.0
coldspot	2	COL5A2	HGNC:2210	NM_000393.5	746	1314	0	10	0.421501982	20.0	0.0
hotspot	2	SCN1A	HGNC:10585	NM_001165963.4	1428	1488	14	1	0.476842527	0.071428571	14.0
coldspot	2	DCTN1	HGNC:2711	NM_004082.5	457	779	0	7	0.401556367	14.0	0.0
coldspot	2	GLI2	HGNC:4318	NM_001374353.1	209	683	0	5	0.365338239	10.0	0.0
hotspot	2	SCN1A	HGNC:10585	NM_001165963.4	1268	1383	27	0	0.416080962	0.0	54.0
hotspot	2	MSH6	HGNC:7329	NM_000179.3	1207	1259	7	0	0.405460314	0.0	14.0
hotspot	2	SPAST	HGNC:11233	NM_014946.4	444	460	5	0	0.39857175	0.0	10.0
coldspot	2	PCARE	HGNC:34383	NM_001029883.3	54	384	0	6	0.304262355	12.0	0.0
coldspot	2	RANBP2	HGNC:9848	NM_006267.5	1973	2863	0	10	0.283034842	20.0	0.0
coldspot	2	MBD5	HGNC:20444	NM_001378120.1	80	356	0	5	0.258197862	10.0	0.0
coldspot	2	KLHL41	HGNC:16905	NM_006063.3	33	355	0	6	0.240477327	12.0	0.0
coldspot	2	HDAC4	HGNC:14063	NM_001378414.1	557	939	0	5	0.224115587	10.0	0.0
hotspot	2	BCS1L	HGNC:1020	NM_001079866.2	113	293	7	1	0.322165328	0.142857143	7.0
hotspot	2	COL3A1	HGNC:2201	NM_000090.4	184	556	39	3	0.312711761	0.076923077	13.0
hotspot	2	MSH2	HGNC:7325	NM_000251.3	330	340	8	0	0.312094156	0.0	16.0
hotspot	2	COL3A1	HGNC:2201	NM_000090.4	1143	1175	5	0	0.301028139	0.0	10.0
hotspot	2	SCN1A	HGNC:10585	NM_001165963.4	249	279	8	0	0.287712201	0.0	16.0
hotspot	2	COL3A1	HGNC:2201	NM_000090.4	982	1026	5	1	0.269090909	0.2	5.0
hotspot	2	SLC3A1	HGNC:11025	NM_000341.4	207	477	9	0	0.266422526	0.0	18.0
coldspot	2	IL1RL1	HGNC:5998	NM_016232.5	113	437	0	5	0.136092298	10.0	0.0
hotspot	2	CYP27A1	HGNC:2605	NM_000784.4	237	481	9	0	0.251232782	0.0	18.0
coldspot	2	MOGS	HGNC:24862	NM_006302.3	119	649	0	6	0.117520201	12.0	0.0
coldspot	2	LRP2	HGNC:6694	NM_004525.3	51	403	0	8	0.079897417	16.0	0.0
coldspot	2	DYNC2LI1	HGNC:24595	NM_016008.4	33	255	0	5	0.06615952	10.0	0.0
hotspot	2	SCN1A	HGNC:10585	NM_001165963.4	1826	1868	6	0	0.203035539	0.0	12.0
coldspot	2	ANO7	HGNC:31677	NM_001370694.2	77	703	0	5	-0.06793683	10.0	0.0
coldspot	2	COL6A3	HGNC:2213	NM_004369.4	375	1697	1	21	0.177187871	21.0	0.047619048
coldspot	2	LRP2	HGNC:6694	NM_004525.3	1615	3143	1	13	0.467204312	13.0	0.076923077
coldspot	2	TTC7A	HGNC:19750	NM_020458.4	64	516	1	7	-0.154281571	7.0	0.142857143
hotspot	2	HADHB	HGNC:4803	NM_000183.3	38	258	5	0	-0.086995279	0.0	10.0
hotspot	3	ITPR1	HGNC:6180	NM_001378452.1	2505	2609	6	0	0.98123792	0.0	12.0
hotspot	3	PIK3CA	HGNC:8975	NM_006218.4	541	547	5	0	0.976636706	0.0	10.0
hotspot	3	THRB	HGNC:11799	NM_001354712.2	450	460	5	0	0.96977419	0.0	10.0
hotspot	3	GLB1	HGNC:4298	NM_000404.4	145	153	6	0	0.963032962	0.0	12.0
coldspot	3	EHHADH	HGNC:3247	NM_001966.4	642	715	0	5	0.957313276	10.0	0.0
hotspot	3	HGD	HGNC:4892	NM_000187.4	115	123	6	0	0.953345895	0.0	12.0
hotspot	3	BTD	HGNC:1122	NM_001370658.1	513	523	5	0	0.952617194	0.0	10.0
hotspot	3	GATA2	HGNC:4171	NM_032638.5	395	398	5	0	0.949061084	0.0	10.0
hotspot	3	SCN5A	HGNC:10593	NM_001099404.2	356	376	5	0	0.946580438	0.0	10.0
hotspot	3	PCCB	HGNC:8654	NM_000532.5	430	440	5	0	0.944910364	0.0	10.0
hotspot	3	MLH1	HGNC:7127	NM_000249.4	551	559	6	1	0.930850707	0.166666667	6.0
hotspot	3	GLB1	HGNC:4298	NM_000404.4	331	347	5	0	0.921793652	0.0	10.0
hotspot	3	PIK3CA	HGNC:8975	NM_006218.4	446	454	6	0	0.900443426	0.0	12.0
hotspot	3	SCN5A	HGNC:10593	NM_001099404.2	1228	1384	5	1	0.882178002	0.2	5.0
hotspot	3	MLH1	HGNC:7127	NM_000249.4	124	130	8	0	0.859796454	0.0	16.0
hotspot	3	RHO	HGNC:10012	NM_000539.3	208	218	6	0	0.859448086	0.0	12.0
hotspot	3	MLH1	HGNC:7127	NM_000249.4	176	186	5	0	0.856480806	0.0	10.0
hotspot	3	TP63	HGNC:15979	NM_003722.5	174	278	5	0	0.851968013	0.0	10.0
hotspot	3	TP63	HGNC:15979	NM_003722.5	317	345	9	0	0.840180363	0.0	18.0
hotspot	3	COL7A1	HGNC:2214	NM_000094.4	2004	2010	5	0	0.835714286	0.0	10.0
coldspot	3	SETD5	HGNC:25566	NM_001080517.3	498	746	0	6	0.815266781	12.0	0.0
hotspot	3	RHO	HGNC:10012	NM_000539.3	106	114	9	0	0.82769355	0.0	18.0
hotspot	3	PIK3CA	HGNC:8975	NM_006218.4	843	1049	14	0	0.823578741	0.0	28.0
hotspot	3	GBE1	HGNC:4180	NM_000158.4	515	547	5	0	0.823013251	0.0	10.0
hotspot	3	MLH1	HGNC:7127	NM_000249.4	259	267	5	0	0.8196139	0.0	10.0
coldspot	3	CLCN2	HGNC:2020	NM_004366.6	644	676	0	5	0.798756731	10.0	0.0
hotspot	3	BTD	HGNC:1122	NM_001370658.1	163	195	8	0	0.809446777	0.0	16.0
hotspot	3	EIF2B5	HGNC:3261	NM_003907.3	277	342	8	0	0.804889649	0.0	16.0
hotspot	3	GATA2	HGNC:4171	NM_032638.5	369	377	5	0	0.801608804	0.0	10.0
hotspot	3	SCN5A	HGNC:10593	NM_001099404.2	1603	1639	6	0	0.798552444	0.0	12.0
hotspot	3	BTD	HGNC:1122	NM_001370658.1	398	429	8	0	0.743696342	0.0	16.0
hotspot	3	TGFBR2	HGNC:11773	NM_003242.6	404	440	5	0	0.728948402	0.0	10.0
coldspot	3	RAF1	HGNC:9829	NM_002880.4	23	55	0	5	0.693404903	10.0	0.0
coldspot	3	MYLK	HGNC:7590	NM_053025.4	107	217	0	6	0.690596604	12.0	0.0
coldspot	3	SCN10A	HGNC:10582	NM_006514.4	623	995	0	8	0.683975741	16.0	0.0
hotspot	3	RHO	HGNC:10012	NM_000539.3	44	58	7	1	0.714882597	0.142857143	7.0
hotspot	3	TGFBR2	HGNC:11773	NM_003242.6	521	535	7	0	0.704156492	0.0	14.0
coldspot	3	FYCO1	HGNC:14673	NM_024513.4	621	879	0	6	0.665685579	12.0	0.0
coldspot	3	SCN11A	HGNC:10583	NM_001349253.2	729	1285	0	9	0.653735793	18.0	0.0
hotspot	3	PIK3CA	HGNC:8975	NM_006218.4	343	393	7	1	0.686651314	0.142857143	7.0
hotspot	3	RHO	HGNC:10012	NM_000539.3	14	26	6	0	0.685503686	0.0	12.0
hotspot	3	PCCB	HGNC:8654	NM_000532.5	97	295	12	1	0.681643075	0.083333333	12.0
hotspot	3	SCN5A	HGNC:10593	NM_001099404.2	1726	1812	9	0	0.666847982	0.0	18.0
hotspot	3	MLH1	HGNC:7127	NM_000249.4	634	660	12	1	0.64264726	0.083333333	12.0
coldspot	3	FOXP1	HGNC:3823	NM_001349338.3	567	597	0	6	0.580085423	12.0	0.0
hotspot	3	MLH1	HGNC:7127	NM_000249.4	97	113	10	0	0.602564412	0.0	20.0
hotspot	3	MLH1	HGNC:7127	NM_000249.4	14	54	26	1	0.596386294	0.038461538	26.0
coldspot	3	IGSF10	HGNC:26384	NM_178822.5	552	1494	0	10	0.537707806	20.0	0.0
hotspot	3	MLH1	HGNC:7127	NM_000249.4	329	349	5	1	0.570952381	0.2	5.0
hotspot	3	VHL	HGNC:12687	NM_000551.4	128	136	8	0	0.536522109	0.0	16.0
coldspot	3	DZIP1L	HGNC:26551	NM_173543.3	548	763	0	6	0.470851926	12.0	0.0
coldspot	3	SETD5	HGNC:25566	NM_001080517.3	1244	1396	0	6	0.458643399	12.0	0.0
hotspot	3	COL7A1	HGNC:2214	NM_000094.4	2644	2740	9	0	0.486429436	0.0	18.0
hotspot	3	MLH1	HGNC:7127	NM_000249.4	661	699	11	2	0.452956364	0.181818182	5.5
hotspot	3	VHL	HGNC:12687	NM_000551.4	109	121	17	0	0.446832437	0.0	34.0
coldspot	3	LAMB2	HGNC:6487	NM_002292.4	1150	1616	0	5	0.377877911	10.0	0.0
coldspot	3	ARHGAP31	HGNC:29216	NM_020754.4	559	1115	0	9	0.366616804	18.0	0.0
hotspot	3	PROS1	HGNC:9456	NM_000313.4	130	355	5	0	0.436750105	0.0	10.0
hotspot	3	RAF1	HGNC:9829	NM_002880.4	215	575	32	5	0.431836644	0.15625	6.4
coldspot	3	PLD1	HGNC:9067	NM_002662.5	99	729	0	6	0.361821406	12.0	0.0
hotspot	3	RHO	HGNC:10012	NM_000539.3	167	189	19	0	0.406029932	0.0	38.0
coldspot	3	TMEM43	HGNC:28472	NM_024334.3	28	262	0	7	0.328274918	14.0	0.0
coldspot	3	PTPN23	HGNC:14406	NM_015466.4	488	1348	0	9	0.327172794	18.0	0.0
hotspot	3	GLB1	HGNC:4298	NM_000404.4	41	93	9	0	0.387360218	0.0	18.0
hotspot	3	MLH1	HGNC:7127	NM_000249.4	288	308	10	0	0.368688713	0.0	20.0
hotspot	3	MLH1	HGNC:7127	NM_000249.4	63	81	17	0	0.357234154	0.0	34.0
hotspot	3	COL7A1	HGNC:2214	NM_000094.4	2026	2101	17	0	0.353701661	0.0	34.0
hotspot	3	VHL	HGNC:12687	NM_000551.4	71	107	34	1	0.310869796	0.029411765	34.0
hotspot	3	VHL	HGNC:12687	NM_000551.4	154	185	29	0	0.280226529	0.0	58.0
coldspot	3	MYLK	HGNC:7590	NM_053025.4	406	1300	0	14	0.139129435	28.0	0.0
coldspot	3	TF	HGNC:11740	NM_001063.4	160	600	0	6	0.045497181	12.0	0.0
coldspot	3	XIRP1	HGNC:14301	NM_194293.4	495	1659	0	12	0.034373701	24.0	0.0
coldspot	3	MCM2	HGNC:6944	NM_004526.4	354	732	0	5	-0.016430275	10.0	0.0
coldspot	3	SERPINI1	HGNC:8943	NM_001122752.2	64	290	0	8	-0.027056137	16.0	0.0
hotspot	3	EIF2B5	HGNC:3261	NM_003907.3	73	157	7	0	0.170476954	0.0	14.0
coldspot	3	CCDC39	HGNC:25244	NM_181426.2	114	550	0	7	-0.073903394	14.0	0.0
hotspot	3	CASR	HGNC:1514	NM_000388.4	51	509	29	3	0.14058097	0.103448276	9.666666667
coldspot	3	LMOD3	HGNC:6649	NM_198271.5	78	416	0	8	-0.2686552	16.0	0.0
hotspot	3	TREX1	HGNC:12269	NM_033629.6	26	238	5	0	0.089295612	0.0	10.0
hotspot	3	ITPR1	HGNC:6180	NM_001378452.1	244	270	7	0	0.083464155	0.0	14.0
hotspot	3	PIK3CA	HGNC:8975	NM_006218.4	88	114	6	0	-0.027492705	0.0	12.0
coldspot	3	COL7A1	HGNC:2214	NM_000094.4	1471	1549	1	5	0.968560462	5.0	0.2
hotspot	4	IDUA	HGNC:5391	NM_000203.5	345	351	6	0	0.960357312	0.0	12.0
hotspot	4	FGFR3	HGNC:3690	NM_000142.5	352	384	5	1	0.946922379	0.2	5.0
coldspot	4	ANK2	HGNC:493	NM_001148.6	2901	3131	0	5	0.930103445	10.0	0.0
hotspot	4	IDUA	HGNC:5391	NM_000203.5	490	500	5	0	0.924125578	0.0	10.0
hotspot	4	F11	HGNC:3529	NM_000128.4	386	448	6	0	0.89087739	0.0	12.0
hotspot	4	IDUA	HGNC:5391	NM_000203.5	615	633	6	1	0.881469296	0.166666667	6.0
coldspot	4	TET2	HGNC:25941	NM_001127208.3	459	1171	0	5	0.821204792	10.0	0.0
coldspot	4	FRAS1	HGNC:19185	NM_025074.7	194	290	0	5	0.781465672	10.0	0.0
coldspot	4	SLC2A9	HGNC:13446	NM_020041.3	273	297	0	5	0.769276962	10.0	0.0
hotspot	4	GNRHR	HGNC:4421	NM_000406.3	11	145	6	0	0.773538329	0.0	12.0
coldspot	4	PIGG	HGNC:25985	NM_001127178.3	344	644	0	9	0.683026396	18.0	0.0
coldspot	4	FAT1	HGNC:3595	NM_005245.4	2625	3401	0	11	0.679027761	22.0	0.0
hotspot	4	ETFDH	HGNC:3483	NM_004453.4	63	179	10	0	0.629056138	0.0	20.0
hotspot	4	SGCB	HGNC:10806	NM_000232.5	32	176	7	0	0.611471676	0.0	14.0
coldspot	4	REST	HGNC:9966	NM_005612.5	578	868	0	13	0.54065271	26.0	0.0
coldspot	4	NFKB1	HGNC:7794	NM_003998.4	453	623	0	7	0.53304499	14.0	0.0
coldspot	4	PALLD	HGNC:17068	NM_001166108.2	93	439	0	6	0.51196859	12.0	0.0
coldspot	4	KLKB1	HGNC:6371	NM_000892.5	215	485	0	5	0.484082663	10.0	0.0
coldspot	4	DSPP	HGNC:3054	NM_014208.3	1209	1251	0	6	0.450369721	12.0	0.0
coldspot	4	FAT1	HGNC:3595	NM_005245.4	382	1446	0	19	0.418709002	38.0	0.0
coldspot	4	EGF	HGNC:3229	NM_001963.6	297	845	0	8	0.411622853	16.0	0.0
coldspot	4	NSD2	HGNC:12766	NM_001042424.3	191	681	0	11	0.406961852	22.0	0.0
coldspot	4	FAT4	HGNC:23109	NM_001291303.3	2773	3555	0	9	0.381473346	18.0	0.0
hotspot	4	PKD2	HGNC:9009	NM_000297.4	305	425	5	1	0.436708916	0.2	5.0
coldspot	4	FAT4	HGNC:23109	NM_001291303.3	3871	4517	0	7	0.362803609	14.0	0.0
hotspot	4	SH3BP2	HGNC:10825	NM_001122681.2	415	421	5	0	0.42506126	0.0	10.0
coldspot	4	TBCK	HGNC:28261	NM_001163435.3	117	431	0	5	0.333207966	10.0	0.0
coldspot	4	DOK7	HGNC:26594	NM_173660.5	253	419	0	10	0.306683157	20.0	0.0
coldspot	4	CEP135	HGNC:29086	NM_025009.5	277	857	0	5	0.200202806	10.0	0.0
hotspot	4	BBS7	HGNC:18758	NM_176824.3	142	504	6	0	0.296216765	0.0	12.0
coldspot	4	LRIT3	HGNC:24783	NM_198506.5	391	533	0	5	0.196194974	10.0	0.0
coldspot	4	PDGFRA	HGNC:8803	NM_006206.6	147	839	0	9	0.165216411	18.0	0.0
coldspot	4	SLC26A1	HGNC:10993	NM_022042.4	218	516	0	5	0.114618261	10.0	0.0
coldspot	4	SEC24D	HGNC:10706	NM_014822.4	64	636	0	6	0.108698065	12.0	0.0
coldspot	4	PDE6B	HGNC:8786	NM_000283.4	22	248	0	5	0.083085767	10.0	0.0
coldspot	4	ALPK1	HGNC:20917	NM_025144.4	807	1237	0	6	0.024962201	12.0	0.0
coldspot	4	DSPP	HGNC:3054	NM_014208.3	679	1165	0	21	-0.018367307	42.0	0.0
coldspot	4	ALPK1	HGNC:20917	NM_025144.4	345	725	0	5	-0.067053684	10.0	0.0
coldspot	4	EVC2	HGNC:19747	NM_147127.5	571	1037	1	13	0.135279257	13.0	0.076923077
coldspot	4	EVC	HGNC:3497	NM_153717.3	320	754	1	12	0.62579358	12.0	0.083333333
coldspot	4	CFI	HGNC:5394	NM_000204.5	158	484	1	7	0.246926477	7.0	0.142857143
coldspot	4	PHOX2B	HGNC:9143	NM_003924.4	244	248	1	5	0.84694821	5.0	0.2
coldspot	5	ZSWIM6	HGNC:29316	NM_020928.2	15	25	0	6	0.994164396	12.0	0.0
coldspot	5	CTNND2	HGNC:2516	NM_001332.4	75	345	0	8	0.911918555	16.0	0.0
coldspot	5	APC	HGNC:583	NM_000038.6	1105	1171	0	5	0.890404915	10.0	0.0
hotspot	5	ARSB	HGNC:714	NM_000046.5	290	326	9	0	0.889219633	0.0	18.0
hotspot	5	HEXB	HGNC:4879	NM_000521.4	445	533	6	0	0.857164457	0.0	12.0
hotspot	5	CSF1R	HGNC:2433	NM_001288705.3	776	790	5	0	0.827838828	0.0	10.0
coldspot	5	PURA	HGNC:9701	NM_005859.5	26	46	0	9	0.805322967	18.0	0.0
coldspot	5	ZSWIM6	HGNC:29316	NM_020928.2	534	738	0	5	0.787873422	10.0	0.0
hotspot	5	SLC22A5	HGNC:10969	NM_003060.4	225	241	5	0	0.80145914	0.0	10.0
coldspot	5	NSD1	HGNC:14234	NM_022455.5	2254	2404	0	8	0.775205353	16.0	0.0
hotspot	5	ARSB	HGNC:714	NM_000046.5	51	108	11	0	0.789116981	0.0	22.0
hotspot	5	SH3TC2	HGNC:29427	NM_024577.4	521	801	5	1	0.771094966	0.2	5.0
coldspot	5	PDGFRB	HGNC:8804	NM_002609.4	413	489	0	5	0.730430453	10.0	0.0
hotspot	5	GABRB2	HGNC:4082	NM_001371727.1	292	310	6	0	0.741196581	0.0	12.0
coldspot	5	FBN2	HGNC:3604	NM_001999.4	298	460	0	6	0.704220281	12.0	0.0
coldspot	5	ADGRV1	HGNC:17416	NM_032119.4	3977	4371	0	7	0.701434632	14.0	0.0
coldspot	5	NSD1	HGNC:14234	NM_022455.5	579	637	0	5	0.678530581	10.0	0.0
coldspot	5	NSD1	HGNC:14234	NM_022455.5	480	516	0	5	0.665362555	10.0	0.0
coldspot	5	NSD1	HGNC:14234	NM_022455.5	1143	1463	0	8	0.661431674	16.0	0.0
coldspot	5	SPEF2	HGNC:26293	NM_024867.4	319	855	0	7	0.660241572	14.0	0.0
coldspot	5	FLT4	HGNC:3767	NM_182925.5	171	803	0	5	0.634466389	10.0	0.0
coldspot	5	C6	HGNC:1339	NM_000065.5	20	264	0	5	0.615423607	10.0	0.0
hotspot	5	SLC22A5	HGNC:10969	NM_003060.4	9	35	8	0	0.655170289	0.0	16.0
coldspot	5	BDP1	HGNC:13652	NM_018429.3	1054	1856	0	14	0.602178787	28.0	0.0
coldspot	5	NIPBL	HGNC:28862	NM_133433.4	620	680	0	5	0.573526576	10.0	0.0
hotspot	5	NR2F1	HGNC:7975	NM_005654.6	46	334	10	1	0.613221834	0.1	10.0
coldspot	5	MSH3	HGNC:7326	NM_002439.5	52	70	0	14	0.541407982	28.0	0.0
hotspot	5	NSD1	HGNC:14234	NM_022455.5	1683	2087	15	0	0.586350459	0.0	30.0
coldspot	5	PDGFRB	HGNC:8804	NM_002609.4	47	217	0	5	0.537429959	10.0	0.0
hotspot	5	MCCC2	HGNC:6937	NM_022132.5	155	195	6	0	0.561196393	0.0	12.0
hotspot	5	GABRA1	HGNC:4075	NM_001127644.2	211	308	6	0	0.504102284	0.0	12.0
coldspot	5	VCAN	HGNC:2464	NM_004385.5	223	847	0	13	0.441484042	26.0	0.0
hotspot	5	NIPBL	HGNC:28862	NM_133433.4	2116	2452	13	1	0.481725469	0.076923077	13.0
hotspot	5	MEF2C	HGNC:6996	NM_002397.5	5	31	5	0	0.463352444	0.0	10.0
hotspot	5	SLC22A5	HGNC:10969	NM_003060.4	104	172	5	1	0.438674319	0.2	5.0
coldspot	5	TCOF1	HGNC:11654	NM_001371623.1	320	942	0	28	0.34525302	56.0	0.0
coldspot	5	ADGRV1	HGNC:17416	NM_032119.4	2107	3351	0	24	0.328618875	48.0	0.0
hotspot	5	MCCC2	HGNC:6937	NM_022132.5	332	486	10	0	0.39677819	0.0	20.0
coldspot	5	SPINK5	HGNC:15464	NM_006846.4	188	774	0	11	0.295332133	22.0	0.0
hotspot	5	SLC22A5	HGNC:10969	NM_003060.4	378	490	20	1	0.356231606	0.05	20.0
coldspot	5	RASA1	HGNC:9871	NM_002890.3	55	151	0	5	0.232042522	10.0	0.0
hotspot	5	TERT	HGNC:11730	NM_198253.3	594	976	9	1	0.284852056	0.111111111	9.0
coldspot	5	DIAPH1	HGNC:2876	NM_005219.5	620	1155	0	8	0.159247984	16.0	0.0
coldspot	5	GRM6	HGNC:4598	NM_000843.4	128	680	0	6	0.146037659	12.0	0.0
coldspot	5	FAT2	HGNC:3596	NM_001447.3	1835	3857	0	19	0.145312391	38.0	0.0
coldspot	5	NIPBL	HGNC:28862	NM_133433.4	86	518	0	6	0.080350666	12.0	0.0
coldspot	5	C9	HGNC:1358	NM_001737.5	101	341	0	6	0.054713247	12.0	0.0
coldspot	5	ADAMTS2	HGNC:218	NM_014244.5	181	907	0	7	-0.026379358	14.0	0.0
coldspot	5	APC	HGNC:583	NM_000038.6	1584	2522	0	10	-0.161785612	20.0	0.0
coldspot	5	HCN1	HGNC:4845	NM_021072.4	35	117	1	11	0.973023159	11.0	0.090909091
coldspot	5	HARS1	HGNC:4816	NM_002109.6	126	421	1	6	0.701036043	6.0	0.166666667
hotspot	6	RARS2	HGNC:21406	NM_020320.5	1	7	7	0	1.0	0.0	14.0
coldspot	6	HIVEP2	HGNC:4921	NM_006734.4	1538	1552	0	6	0.984648521	12.0	0.0
hotspot	6	MMUT	HGNC:7526	NM_000255.4	323	329	5	0	0.960819877	0.0	10.0
hotspot	6	TFAP2A	HGNC:11742	NM_001372066.1	255	258	5	0	0.947910478	0.0	10.0
hotspot	6	MMUT	HGNC:7526	NM_000255.4	417	433	5	0	0.924659101	0.0	10.0
coldspot	6	TNXB	HGNC:11976	NM_001365276.2	2430	2500	0	6	0.917921403	12.0	0.0
hotspot	6	MMUT	HGNC:7526	NM_000255.4	617	635	6	0	0.915459116	0.0	12.0
coldspot	6	RNASET2	HGNC:21686	NM_003730.6	143	247	0	5	0.899706923	10.0	0.0
coldspot	6	FOXC1	HGNC:3800	NM_001453.3	330	487	0	9	0.880434924	18.0	0.0
hotspot	6	BCKDHB	HGNC:987	NM_183050.4	167	183	8	0	0.886387043	0.0	16.0
hotspot	6	PKHD1	HGNC:9016	NM_138694.4	2695	2843	7	1	0.872577908	0.142857143	7.0
hotspot	6	PPP2R5D	HGNC:9312	NM_006245.4	172	300	10	0	0.867235115	0.0	20.0
coldspot	6	ARID1B	HGNC:18040	NM_001374828.1	164	206	0	32	0.824764691	64.0	0.0
coldspot	6	CUL7	HGNC:21024	NM_014780.5	343	675	0	8	0.770647094	16.0	0.0
coldspot	6	DSP	HGNC:3052	NM_004415.4	2822	2852	0	6	0.751083039	12.0	0.0
coldspot	6	ARID1B	HGNC:18040	NM_001374828.1	392	422	0	19	0.739682189	38.0	0.0
coldspot	6	ARID1B	HGNC:18040	NM_001374828.1	521	551	0	5	0.737556204	10.0	0.0
coldspot	6	AARS2	HGNC:21022	NM_020745.4	602	984	0	8	0.72769081	16.0	0.0
hotspot	6	PRPH2	HGNC:9942	NM_000322.5	207	221	19	0	0.763227998	0.0	38.0
hotspot	6	GUCA1A	HGNC:4678	NM_001384910.1	87	119	6	0	0.722254354	0.0	12.0
coldspot	6	LAMA2	HGNC:6482	NM_000426.4	916	1436	0	7	0.674090865	14.0	0.0
hotspot	6	GJA1	HGNC:4274	NM_000165.5	31	49	5	0	0.685962459	0.0	10.0
coldspot	6	TNXB	HGNC:11976	NM_001365276.2	997	1801	0	12	0.622622167	24.0	0.0
coldspot	6	TRDN	HGNC:12261	NM_006073.4	364	460	0	5	0.555121119	10.0	0.0
coldspot	6	ARID1B	HGNC:18040	NM_001374828.1	86	146	0	6	0.550146207	12.0	0.0
coldspot	6	RIPOR2	HGNC:13872	NM_001286445.3	395	805	0	9	0.548318122	18.0	0.0
coldspot	6	COL10A1	HGNC:2185	NM_000493.4	7	461	0	12	0.53731328	24.0	0.0
coldspot	6	DST	HGNC:1090	NM_001723.7	1310	2270	0	8	0.522761388	16.0	0.0
hotspot	6	TULP1	HGNC:12423	NM_003322.6	351	449	6	0	0.513170584	0.0	12.0
hotspot	6	PRPH2	HGNC:9942	NM_000322.5	166	182	9	0	0.507523148	0.0	18.0
hotspot	6	PKHD1	HGNC:9016	NM_138694.4	3231	3491	6	0	0.473514327	0.0	12.0
coldspot	6	TNXB	HGNC:11976	NM_001365276.2	3309	4051	0	13	0.399633577	26.0	0.0
coldspot	6	ERMARD	HGNC:21056	NM_018341.3	47	335	0	6	0.395544652	12.0	0.0
coldspot	6	EFHC1	HGNC:16406	NM_018100.4	90	366	0	7	0.368957974	14.0	0.0
coldspot	6	TRDN	HGNC:12261	NM_006073.4	117	213	0	7	0.366235253	14.0	0.0
hotspot	6	BCKDHB	HGNC:987	NM_183050.4	331	351	6	0	0.385355958	0.0	12.0
hotspot	6	MMUT	HGNC:7526	NM_000255.4	60	200	20	1	0.37007838	0.05	20.0
hotspot	6	RUNX2	HGNC:10472	NM_001024630.4	188	230	5	0	0.324404762	0.0	10.0
coldspot	6	DLL1	HGNC:2908	NM_005618.4	348	688	0	7	0.18129614	14.0	0.0
coldspot	6	SLC44A4	HGNC:13941	NM_025257.3	57	463	0	7	0.126801479	14.0	0.0
hotspot	6	PNPLA1	HGNC:21246	NM_001374623.1	52	190	6	0	0.246017385	0.0	12.0
coldspot	6	RSPH4A	HGNC:21558	NM_001010892.3	307	643	0	5	0.095548456	10.0	0.0
coldspot	6	POLH	HGNC:9181	NM_006502.3	314	604	0	6	-0.026412523	12.0	0.0
hotspot	6	PRPH2	HGNC:9942	NM_000322.5	134	156	6	0	0.173745421	0.0	12.0
coldspot	6	H1-4	HGNC:4718	NM_005321.3	45	189	0	5	-0.204898919	10.0	0.0
coldspot	6	DSP	HGNC:3052	NM_004415.4	1275	2257	1	15	0.535641021	15.0	0.066666667
coldspot	6	ARID1B	HGNC:18040	NM_001374828.1	586	1384	2	29	-0.002910565	14.5	0.068965517
coldspot	6	PKHD1	HGNC:9016	NM_138694.4	3836	3912	1	5	0.586337711	5.0	0.2
hotspot	6	CSNK2B	HGNC:2460	NM_001320.7	23	173	6	0	-0.39721787	0.0	12.0
hotspot	7	KCNH2	HGNC:6251	NM_000238.4	69	73	5	0	0.950162907	0.0	10.0
coldspot	7	PCLO	HGNC:13406	NM_033026.6	2705	3015	0	5	0.934171551	10.0	0.0
coldspot	7	MNX1	HGNC:4979	NM_005515.4	104	166	0	7	0.930557065	14.0	0.0
hotspot	7	GCK	HGNC:4195	NM_000162.5	272	276	9	0	0.914021164	0.0	18.0
coldspot	7	DNAH11	HGNC:2942	NM_001277115.2	4119	4189	0	5	0.910364182	10.0	0.0
hotspot	7	SLC26A4	HGNC:8818	NM_000441.2	134	146	5	0	0.907651515	0.0	10.0
hotspot	7	CLCN1	HGNC:2019	NM_000083.3	548	558	6	0	0.89986839	0.0	12.0
hotspot	7	SLC26A4	HGNC:8818	NM_000441.2	527	533	5	0	0.889592292	0.0	10.0
coldspot	7	AUTS2	HGNC:14262	NM_015570.4	268	360	0	7	0.873061709	14.0	0.0
hotspot	7	COL1A2	HGNC:2198	NM_000089.4	764	778	5	0	0.881384374	0.0	10.0
hotspot	7	COL1A2	HGNC:2198	NM_000089.4	900	920	7	0	0.870153122	0.0	14.0
hotspot	7	SLC26A4	HGNC:8818	NM_000441.2	717	729	5	0	0.866742424	0.0	10.0
hotspot	7	COL1A2	HGNC:2198	NM_000089.4	600	632	9	0	0.866363977	0.0	18.0
hotspot	7	TWIST1	HGNC:12428	NM_000474.4	128	146	5	0	0.849194139	0.0	10.0
hotspot	7	COL1A2	HGNC:2198	NM_000089.4	1083	1169	6	0	0.836999601	0.0	12.0
hotspot	7	ASL	HGNC:746	NM_000048.4	181	195	7	0	0.834179414	0.0	14.0
hotspot	7	ASL	HGNC:746	NM_000048.4	89	101	5	0	0.832454981	0.0	10.0
coldspot	7	DNAH11	HGNC:2942	NM_001277115.2	445	597	0	5	0.814561979	10.0	0.0
hotspot	7	CFTR	HGNC:1884	NM_000492.4	191	203	5	0	0.828004435	0.0	10.0
coldspot	7	TRRAP	HGNC:12347	NM_001375524.1	2354	2640	0	5	0.799285223	10.0	0.0
hotspot	7	CFTR	HGNC:1884	NM_000492.4	997	1007	5	0	0.815716866	0.0	10.0
hotspot	7	BRAF	HGNC:1097	NM_001374258.1	565	575	6	0	0.813533746	0.0	12.0
hotspot	7	CFTR	HGNC:1884	NM_000492.4	553	569	13	1	0.81133522	0.076923077	13.0
hotspot	7	CFTR	HGNC:1884	NM_000492.4	308	380	12	0	0.806773236	0.0	24.0
coldspot	7	KMT2C	HGNC:13726	NM_170606.3	3527	3619	0	6	0.775430116	12.0	0.0
hotspot	7	COL1A2	HGNC:2198	NM_000089.4	186	204	5	0	0.79043956	0.0	10.0
coldspot	7	RELN	HGNC:9957	NM_005045.4	1678	2327	0	6	0.74813687	12.0	0.0
hotspot	7	BRAF	HGNC:1097	NM_001374258.1	503	511	10	0	0.765876716	0.0	20.0
hotspot	7	GCK	HGNC:4195	NM_000162.5	70	84	8	0	0.763605442	0.0	16.0
hotspot	7	CLCN1	HGNC:2019	NM_000083.3	481	497	6	0	0.751818367	0.0	12.0
hotspot	7	CFTR	HGNC:1884	NM_000492.4	454	478	7	1	0.731014985	0.142857143	7.0
hotspot	7	GCK	HGNC:4195	NM_000162.5	314	326	5	0	0.730804597	0.0	10.0
hotspot	7	SLC26A4	HGNC:8818	NM_000441.2	657	679	5	0	0.720417817	0.0	10.0
hotspot	7	CLCN1	HGNC:2019	NM_000083.3	409	427	5	0	0.716651812	0.0	10.0
hotspot	7	GCK	HGNC:4195	NM_000162.5	220	232	14	0	0.714930646	0.0	28.0
hotspot	7	BRAF	HGNC:1097	NM_001374258.1	601	665	17	0	0.707989716	0.0	34.0
coldspot	7	EGFR	HGNC:3236	NM_005228.5	744	1189	0	6	0.67237441	12.0	0.0
hotspot	7	GCK	HGNC:4195	NM_000162.5	446	456	10	0	0.70352953	0.0	20.0
hotspot	7	GCK	HGNC:4195	NM_000162.5	186	192	7	0	0.695918367	0.0	14.0
hotspot	7	CFTR	HGNC:1884	NM_000492.4	595	623	7	0	0.688697333	0.0	14.0
hotspot	7	GCK	HGNC:4195	NM_000162.5	433	441	5	0	0.68511501	0.0	10.0
hotspot	7	GCK	HGNC:4195	NM_000162.5	408	420	12	0	0.671910347	0.0	24.0
hotspot	7	CFTR	HGNC:1884	NM_000492.4	38	62	5	0	0.667222222	0.0	10.0
hotspot	7	GCK	HGNC:4195	NM_000162.5	147	157	14	0	0.651427401	0.0	28.0
hotspot	7	SLC26A4	HGNC:8818	NM_000441.2	441	457	5	1	0.646134259	0.2	5.0
hotspot	7	CFTR	HGNC:1884	NM_000492.4	1058	1074	7	0	0.628258745	0.0	14.0
hotspot	7	GCK	HGNC:4195	NM_000162.5	116	134	12	0	0.622273797	0.0	24.0
hotspot	7	CFTR	HGNC:1884	NM_000492.4	1086	1108	7	0	0.620493204	0.0	14.0
hotspot	7	COL1A2	HGNC:2198	NM_000089.4	283	301	6	0	0.605555556	0.0	12.0
coldspot	7	MET	HGNC:7029	NM_000245.4	175	581	0	8	0.550180013	16.0	0.0
hotspot	7	KCNH2	HGNC:6251	NM_000238.4	388	892	58	2	0.6019347	0.034482759	29.0
coldspot	7	AKAP9	HGNC:379	NM_005751.5	142	470	0	6	0.53735115	12.0	0.0
hotspot	7	GCK	HGNC:4195	NM_000162.5	52	62	8	0	0.574793549	0.0	16.0
hotspot	7	ASL	HGNC:746	NM_000048.4	108	126	5	0	0.567031225	0.0	10.0
coldspot	7	BRAT1	HGNC:21701	NM_152743.4	70	192	0	6	0.506428917	12.0	0.0
hotspot	7	KCNH2	HGNC:6251	NM_000238.4	37	59	6	0	0.547884299	0.0	12.0
hotspot	7	CFTR	HGNC:1884	NM_000492.4	1	21	7	0	0.538522167	0.0	14.0
hotspot	7	SLC26A4	HGNC:8818	NM_000441.2	497	515	5	0	0.536363636	0.0	10.0
hotspot	7	HSPB1	HGNC:5246	NM_001540.5	53	141	11	1	0.519045291	0.090909091	11.0
hotspot	7	COL1A2	HGNC:2198	NM_000089.4	348	390	9	0	0.505327203	0.0	18.0
hotspot	7	GCK	HGNC:4195	NM_000162.5	292	304	11	0	0.49349425	0.0	22.0
hotspot	7	COL1A2	HGNC:2198	NM_000089.4	316	328	5	0	0.490833333	0.0	10.0
hotspot	7	CFTR	HGNC:1884	NM_000492.4	1020	1042	6	0	0.480833565	0.0	12.0
coldspot	7	PODXL	HGNC:9171	NM_001018111.3	127	457	0	5	0.404160142	10.0	0.0
hotspot	7	BRAF	HGNC:1097	NM_001374258.1	240	262	17	0	0.463882109	0.0	34.0
hotspot	7	CLCN1	HGNC:2019	NM_000083.3	268	351	18	0	0.455940182	0.0	36.0
coldspot	7	KIAA1549	HGNC:22219	NM_001164665.2	970	1702	0	5	0.388611519	10.0	0.0
hotspot	7	DNAJB6	HGNC:14888	NM_058246.4	88	96	7	0	0.44177169	0.0	14.0
hotspot	7	GCK	HGNC:4195	NM_000162.5	372	392	39	0	0.427798419	0.0	78.0
hotspot	7	SLC26A4	HGNC:8818	NM_000441.2	370	422	16	0	0.395311838	0.0	32.0
coldspot	7	CUX1	HGNC:2557	NM_181552.4	83	1355	0	5	0.28966016	10.0	0.0
coldspot	7	KMT2C	HGNC:13726	NM_170606.3	1351	3395	0	46	0.2649037	92.0	0.0
hotspot	7	COL1A2	HGNC:2198	NM_000089.4	112	152	6	0	0.362021475	0.0	12.0
coldspot	7	PPP1R3A	HGNC:9291	NM_002711.4	443	941	0	9	0.257010502	18.0	0.0
hotspot	7	COL1A2	HGNC:2198	NM_000089.4	243	281	11	1	0.335674536	0.090909091	11.0
hotspot	7	GCK	HGNC:4195	NM_000162.5	202	212	15	0	0.330289219	0.0	30.0
hotspot	7	GCK	HGNC:4195	NM_000162.5	34	44	13	0	0.319192666	0.0	26.0
coldspot	7	EPHB4	HGNC:3395	NM_004444.5	35	433	0	7	0.214228949	14.0	0.0
hotspot	7	GCK	HGNC:4195	NM_000162.5	249	265	17	0	0.209817296	0.0	34.0
coldspot	7	AKAP9	HGNC:379	NM_005751.5	3432	3774	0	9	0.030555197	18.0	0.0
hotspot	7	GCK	HGNC:4195	NM_000162.5	164	180	12	0	0.201439514	0.0	24.0
hotspot	7	ACTB	HGNC:132	NM_001101.5	29	233	19	0	0.186665154	0.0	38.0
coldspot	7	ASB10	HGNC:17185	NM_001142459.2	155	377	0	7	-0.069755043	14.0	0.0
hotspot	7	CFTR	HGNC:1884	NM_000492.4	91	121	12	0	0.145566726	0.0	24.0
coldspot	7	RINT1	HGNC:21876	NM_021930.6	140	674	0	9	-0.380404991	18.0	0.0
coldspot	7	FLNC	HGNC:3756	NM_001458.5	694	2148	3	22	0.115809104	7.333333333	0.136363636
coldspot	7	BRAT1	HGNC:21701	NM_152743.4	595	723	1	7	0.757169659	7.0	0.142857143
hotspot	7	SLC26A4	HGNC:8818	NM_000441.2	1	119	20	2	-0.008501764	0.1	10.0
coldspot	7	DNAH11	HGNC:2942	NM_001277115.2	1747	3031	3	20	0.533691623	6.666666667	0.15
coldspot	7	GLI3	HGNC:4319	NM_000168.6	543	779	1	6	0.852055713	6.0	0.166666667
hotspot	7	CFTR	HGNC:1884	NM_000492.4	138	162	7	0	-0.174622457	0.0	14.0
coldspot	7	CPA1	HGNC:2296	NM_001868.4	22	328	1	5	0.541818753	5.0	0.2
hotspot	7	BRAF	HGNC:1097	NM_001374258.1	523	543	11	0	-0.496788299	0.0	22.0
hotspot	8	RHOBTB2	HGNC:18756	NM_015178.3	471	495	5	0	0.991414265	0.0	10.0
coldspot	8	RP1L1	HGNC:15946	NM_178857.6	1319	1335	0	10	0.982586864	20.0	0.0
coldspot	8	PLEC	HGNC:9069	NM_201384.3	2820	2844	0	5	0.95379179	10.0	0.0
coldspot	8	KAT6A	HGNC:13013	NM_006766.5	992	1002	0	5	0.949659522	10.0	0.0
hotspot	8	CYP11B1	HGNC:2591	NM_000497.4	444	454	6	0	0.940916922	0.0	12.0
coldspot	8	CHD7	HGNC:20626	NM_017780.4	2160	2208	0	5	0.935432248	10.0	0.0
hotspot	8	FGFR1	HGNC:3688	NM_023110.3	232	262	6	0	0.932315504	0.0	12.0
hotspot	8	STAR	HGNC:11359	NM_000349.3	180	188	5	0	0.912035424	0.0	10.0
coldspot	8	CHD7	HGNC:20626	NM_017780.4	890	996	0	9	0.899796295	18.0	0.0
hotspot	8	LPL	HGNC:6677	NM_000237.3	267	279	8	0	0.902855148	0.0	16.0
coldspot	8	KAT6A	HGNC:13013	NM_006766.5	341	385	0	6	0.893586745	12.0	0.0
hotspot	8	EXT1	HGNC:3512	NM_000127.3	337	347	8	0	0.882145632	0.0	16.0
coldspot	8	RECQL4	HGNC:9949	NM_004260.4	341	441	0	5	0.867167487	10.0	0.0
coldspot	8	RP1L1	HGNC:15946	NM_178857.6	94	134	0	5	0.856192248	10.0	0.0
coldspot	8	KAT6A	HGNC:13013	NM_006766.5	1248	1282	0	7	0.835324409	14.0	0.0
coldspot	8	CHD7	HGNC:20626	NM_017780.4	298	438	0	8	0.833019932	16.0	0.0
coldspot	8	CTSB	HGNC:2527	NM_001908.5	5	199	0	6	0.816452244	12.0	0.0
coldspot	8	CHD7	HGNC:20626	NM_017780.4	2796	2832	0	5	0.811852679	10.0	0.0
hotspot	8	GDAP1	HGNC:15968	NM_018972.4	38	208	6	0	0.813614375	0.0	12.0
coldspot	8	KAT6A	HGNC:13013	NM_006766.5	1073	1101	0	7	0.788236481	14.0	0.0
coldspot	8	KAT6A	HGNC:13013	NM_006766.5	1639	1723	0	11	0.787998157	22.0	0.0
hotspot	8	TRPS1	HGNC:12340	NM_014112.5	917	951	5	0	0.793931159	0.0	10.0
hotspot	8	CYP11B1	HGNC:2591	NM_000497.4	294	334	9	0	0.759017979	0.0	18.0
coldspot	8	TG	HGNC:11764	NM_003235.5	986	1350	0	6	0.529483824	12.0	0.0
hotspot	8	TMEM67	HGNC:28396	NM_153704.6	538	798	5	1	0.563244383	0.2	5.0
coldspot	8	KAT6A	HGNC:13013	NM_006766.5	1829	1909	0	5	0.512898224	10.0	0.0
coldspot	8	CSGALNACT1	HGNC:24290	NM_001354483.2	30	398	0	6	0.473493367	12.0	0.0
coldspot	8	MCPH1	HGNC:6954	NM_024596.5	128	320	0	9	0.377342118	18.0	0.0
coldspot	8	HR	HGNC:5172	NM_005144.5	507	1021	0	9	0.349833963	18.0	0.0
coldspot	8	ESCO2	HGNC:27230	NM_001017420.3	49	381	0	6	0.308553106	12.0	0.0
coldspot	8	RP1L1	HGNC:15946	NM_178857.6	580	1300	0	22	0.233893891	44.0	0.0
coldspot	8	SLCO5A1	HGNC:19046	NM_030958.3	139	609	0	5	0.117562381	10.0	0.0
coldspot	8	ZFPM2	HGNC:16700	NM_012082.4	162	784	0	8	0.069520506	16.0	0.0
coldspot	8	FAM83H	HGNC:24797	NM_198488.5	523	899	0	7	0.064881579	14.0	0.0
coldspot	8	SORBS3	HGNC:30907	NM_005775.5	228	566	0	6	-0.040458267	12.0	0.0
coldspot	8	TGS1	HGNC:17843	NM_024831.8	122	486	0	7	-0.050194533	14.0	0.0
hotspot	8	KCNQ3	HGNC:6297	NM_004519.4	226	344	6	0	0.12092642	0.0	12.0
coldspot	8	PLEC	HGNC:9069	NM_201384.3	1209	2409	1	23	0.447842323	23.0	0.043478261
coldspot	8	CNGB3	HGNC:2153	NM_019098.5	119	669	1	8	0.249041236	8.0	0.125
coldspot	8	TG	HGNC:11764	NM_003235.5	2374	2588	1	7	0.386726297	7.0	0.142857143
coldspot	8	WRN	HGNC:12791	NM_000553.6	616	1326	1	6	0.397019785	6.0	0.166666667
coldspot	9	SPTAN1	HGNC:11273	NM_001130438.3	2447	2468	0	5	0.97306657	10.0	0.0
hotspot	9	SMARCA2	HGNC:11098	NM_003070.5	1150	1190	5	0	0.977633129	0.0	10.0
hotspot	9	GALT	HGNC:4135	NM_000155.4	95	99	5	0	0.961350427	0.0	10.0
coldspot	9	SMARCA2	HGNC:11098	NM_003070.5	219	261	0	18	0.946293702	36.0	0.0
hotspot	9	STXBP1	HGNC:11444	NM_001032221.6	544	552	8	0	0.94078883	0.0	16.0
coldspot	9	SETX	HGNC:445	NM_015046.7	1139	1235	0	5	0.926996601	10.0	0.0
coldspot	9	EHMT1	HGNC:24650	NM_024757.5	988	1018	0	8	0.905481754	16.0	0.0
hotspot	9	CDKN2A	HGNC:1787	NM_000077.5	47	57	8	0	0.879638926	0.0	16.0
hotspot	9	STXBP1	HGNC:11444	NM_001032221.6	281	293	5	0	0.870167286	0.0	10.0
coldspot	9	LAMC3	HGNC:6494	NM_006059.4	459	691	0	6	0.84078333	12.0	0.0
hotspot	9	TPM2	HGNC:12011	NM_003289.4	105	205	5	0	0.846865854	0.0	10.0
hotspot	9	ASS1	HGNC:758	NM_054012.4	115	127	7	0	0.845652885	0.0	14.0
hotspot	9	GRIN1	HGNC:4584	NM_007327.4	638	688	6	0	0.845089449	0.0	12.0
coldspot	9	KCNT1	HGNC:18865	NM_020822.3	1206	1232	0	5	0.827726981	10.0	0.0
coldspot	9	PTCH1	HGNC:9585	NM_000264.5	1290	1318	0	9	0.806540957	18.0	0.0
coldspot	9	EHMT1	HGNC:24650	NM_024757.5	73	79	0	5	0.804444444	10.0	0.0
coldspot	9	CEL	HGNC:1848	NM_001807.6	504	708	0	6	0.783711125	12.0	0.0
hotspot	9	TEK	HGNC:11724	NM_000459.5	851	997	6	0	0.79150603	0.0	12.0
coldspot	9	FREM1	HGNC:23399	NM_001379081.2	1364	1736	0	10	0.716364828	20.0	0.0
hotspot	9	INPP5E	HGNC:21474	NM_019892.6	334	436	5	0	0.734480572	0.0	10.0
hotspot	9	VCP	HGNC:12666	NM_007126.5	96	254	9	0	0.73057802	0.0	18.0
coldspot	9	KANK1	HGNC:19309	NM_015158.5	353	619	0	7	0.682070937	14.0	0.0
coldspot	9	PTCH1	HGNC:9585	NM_000264.5	648	690	0	5	0.67477985	10.0	0.0
hotspot	9	GNE	HGNC:23657	NM_001128227.3	178	314	10	1	0.692851181	0.1	10.0
hotspot	9	HSD17B3	HGNC:5212	NM_000197.2	145	259	6	0	0.686654354	0.0	12.0
coldspot	9	KCNT1	HGNC:18865	NM_020822.3	1092	1140	0	13	0.649630127	26.0	0.0
coldspot	9	TNC	HGNC:5318	NM_002160.4	262	726	0	10	0.624447259	20.0	0.0
hotspot	9	GALT	HGNC:4135	NM_000155.4	193	217	7	0	0.673167918	0.0	14.0
coldspot	9	TSC1	HGNC:12362	NM_000368.5	1024	1132	0	10	0.592915171	20.0	0.0
coldspot	9	MPDZ	HGNC:7208	NM_001378778.1	341	1369	0	17	0.553255829	34.0	0.0
coldspot	9	DOCK8	HGNC:19191	NM_203447.4	595	1271	0	6	0.546625595	12.0	0.0
coldspot	9	DBH	HGNC:2689	NM_000787.4	90	372	0	7	0.515778772	14.0	0.0
coldspot	9	EHMT1	HGNC:24650	NM_024757.5	90	124	0	5	0.500699017	10.0	0.0
coldspot	9	ERCC6L2	HGNC:26922	NM_020207.7	372	1004	0	6	0.481613808	12.0	0.0
coldspot	9	TNC	HGNC:5318	NM_002160.4	1596	2060	0	5	0.46923906	10.0	0.0
coldspot	9	TPRN	HGNC:26894	NM_001128228.3	251	531	0	7	0.422063552	14.0	0.0
coldspot	9	KCNT1	HGNC:18865	NM_020822.3	16	50	0	5	0.421151626	10.0	0.0
coldspot	9	CRB2	HGNC:18688	NM_173689.7	510	988	0	7	0.408778878	14.0	0.0
coldspot	9	EHMT1	HGNC:24650	NM_024757.5	35	57	0	5	0.394347077	10.0	0.0
hotspot	9	GALT	HGNC:4135	NM_000155.4	128	148	12	0	0.424638789	0.0	24.0
coldspot	9	PTCH1	HGNC:9585	NM_000264.5	1183	1283	0	15	0.349236684	30.0	0.0
hotspot	9	EXOSC3	HGNC:17944	NM_016042.4	1	145	5	1	0.405127484	0.2	5.0
hotspot	9	CDKN2A	HGNC:1787	NM_000077.5	12	32	9	0	0.383188247	0.0	18.0
coldspot	9	ABL1	HGNC:76	NM_005157.6	580	1008	0	15	0.256798272	30.0	0.0
hotspot	9	GALT	HGNC:4135	NM_000155.4	281	341	14	0	0.350235251	0.0	28.0
coldspot	9	TEK	HGNC:11724	NM_000459.5	148	506	0	7	0.243098139	14.0	0.0
coldspot	9	GALNT12	HGNC:19877	NM_024642.5	110	308	0	5	0.205213311	10.0	0.0
coldspot	9	PTCH1	HGNC:9585	NM_000264.5	719	747	0	5	0.203223009	10.0	0.0
coldspot	9	PTCH1	HGNC:9585	NM_000264.5	1393	1423	0	6	0.186112499	12.0	0.0
coldspot	9	ZNF462	HGNC:21684	NM_021224.6	1185	1915	0	7	0.159025282	14.0	0.0
coldspot	9	ZNF462	HGNC:21684	NM_021224.6	150	564	0	7	0.146953587	14.0	0.0
coldspot	9	LRSAM1	HGNC:25135	NM_001005373.4	117	559	0	7	0.098013429	14.0	0.0
coldspot	9	C5	HGNC:1331	NM_001735.3	231	1159	0	12	0.072575575	24.0	0.0
hotspot	9	STXBP1	HGNC:11444	NM_001032221.6	348	442	6	0	0.171648409	0.0	12.0
coldspot	9	SPTAN1	HGNC:11273	NM_001130438.3	404	1878	1	22	0.011356034	22.0	0.045454545
hotspot	9	ASS1	HGNC:758	NM_054012.4	177	348	20	2	0.10993736	0.1	10.0
coldspot	9	ABCA1	HGNC:29	NM_005502.4	527	1423	1	17	0.371498978	17.0	0.058823529
hotspot	9	LMX1B	HGNC:6654	NM_001174147.2	229	263	6	0	0.106843629	0.0	12.0
coldspot	9	COL27A1	HGNC:22986	NM_032888.4	304	810	1	11	0.516237133	11.0	0.090909091
coldspot	9	TSC1	HGNC:12362	NM_000368.5	274	346	1	7	0.864195901	7.0	0.142857143
coldspot	9	TJP2	HGNC:11828	NM_004817.4	130	502	1	7	0.268714696	7.0	0.142857143
coldspot	10	PDZD7	HGNC:26257	NM_001195263.2	732	838	0	7	0.904641352	14.0	0.0
hotspot	10	RET	HGNC:9967	NM_020975.6	770	804	5	0	0.902330461	0.0	10.0
hotspot	10	PTEN	HGNC:9588	NM_000314.8	242	256	6	0	0.891252407	0.0	12.0
hotspot	10	RET	HGNC:9967	NM_020975.6	609	656	34	0	0.880301087	0.0	68.0
hotspot	10	PAX2	HGNC:8616	NM_000278.5	27	135	6	0	0.874916565	0.0	12.0
coldspot	10	PCDH15	HGNC:14674	NM_033056.4	1753	1789	0	5	0.842038518	10.0	0.0
coldspot	10	CTNNA3	HGNC:2511	NM_013266.4	478	716	0	7	0.837663389	14.0	0.0
hotspot	10	ECHS1	HGNC:3151	NM_004092.4	140	220	5	0	0.816447521	0.0	10.0
hotspot	10	CYP17A1	HGNC:2593	NM_000102.4	361	375	6	0	0.801185185	0.0	12.0
coldspot	10	MKI67	HGNC:7107	NM_002417.5	1461	1877	0	5	0.778035327	10.0	0.0
hotspot	10	PTEN	HGNC:9588	NM_000314.8	90	98	12	0	0.774464173	0.0	24.0
coldspot	10	SVIL	HGNC:11480	NM_021738.3	1488	1926	0	5	0.72708305	10.0	0.0
hotspot	10	PRF1	HGNC:9360	NM_001083116.3	1	219	11	2	0.755746838	0.181818182	5.5
hotspot	10	PTEN	HGNC:9588	NM_000314.8	160	176	17	0	0.71077804	0.0	34.0
coldspot	10	VWA2	HGNC:24709	NM_001272046.2	458	728	0	5	0.615657815	10.0	0.0
hotspot	10	FGFR2	HGNC:3689	NM_000141.5	239	595	41	0	0.648842035	0.0	82.0
hotspot	10	EBF3	HGNC:19087	NM_001375380.1	93	185	6	0	0.618626792	0.0	12.0
hotspot	10	PTEN	HGNC:9588	NM_000314.8	46	52	8	0	0.611930926	0.0	16.0
coldspot	10	CFAP43	HGNC:26684	NM_025145.7	196	1088	0	5	0.553073671	10.0	0.0
coldspot	10	LIPN	HGNC:23452	NM_001102469.2	176	370	0	5	0.545721005	10.0	0.0
hotspot	10	ACTA2	HGNC:130	NM_001613.4	142	236	6	0	0.550890721	0.0	12.0
coldspot	10	KAT6B	HGNC:17582	NM_012330.4	584	1652	0	45	0.478513619	90.0	0.0
hotspot	10	CYP17A1	HGNC:2593	NM_000102.4	401	417	5	0	0.482954545	0.0	10.0
hotspot	10	LIPA	HGNC:6617	NM_000235.4	78	142	7	0	0.461635542	0.0	14.0
hotspot	10	CYP17A1	HGNC:2593	NM_000102.4	431	449	5	0	0.457282913	0.0	10.0
hotspot	10	HOGA1	HGNC:25155	NM_138413.4	53	175	6	0	0.433497106	0.0	12.0
hotspot	10	PTEN	HGNC:9588	NM_000314.8	100	112	8	0	0.425252087	0.0	16.0
hotspot	10	HOGA1	HGNC:25155	NM_138413.4	278	316	5	1	0.41657754	0.2	5.0
coldspot	10	ANXA11	HGNC:535	NM_145868.2	108	390	0	8	0.329304419	16.0	0.0
hotspot	10	PTEN	HGNC:9588	NM_000314.8	122	136	36	0	0.394631283	0.0	72.0
coldspot	10	NEBL	HGNC:16932	NM_006393.3	35	381	0	5	0.287098136	10.0	0.0
hotspot	10	PTEN	HGNC:9588	NM_000314.8	57	71	10	0	0.37633749	0.0	20.0
coldspot	10	CEP55	HGNC:1161	NM_018131.5	134	360	0	5	0.254048097	10.0	0.0
coldspot	10	NRAP	HGNC:7988	NM_198060.4	166	866	0	11	0.253698961	22.0	0.0
coldspot	10	KIF11	HGNC:6388	NM_004523.4	248	923	0	14	0.240099519	28.0	0.0
coldspot	10	DHTKD1	HGNC:23537	NM_018706.7	31	487	0	6	0.196896561	12.0	0.0
coldspot	10	BMS1	HGNC:23505	NM_014753.4	65	743	0	5	0.001761476	10.0	0.0
hotspot	10	PTEN	HGNC:9588	NM_000314.8	9	36	29	0	0.084492471	0.0	58.0
coldspot	10	COL17A1	HGNC:2194	NM_000494.4	193	1121	1	12	0.234055671	12.0	0.083333333
coldspot	10	CUBN	HGNC:2548	NM_001081.4	984	2212	2	15	0.594000856	7.5	0.133333333
coldspot	10	MYO3A	HGNC:7601	NM_017433.5	399	1407	1	6	0.239606634	6.0	0.166666667
coldspot	10	FGFR2	HGNC:3689	NM_000141.5	4	146	1	5	0.693771092	5.0	0.2
coldspot	11	SMPD1	HGNC:11120	NM_000543.5	32	38	0	9	0.996027262	18.0	0.0
hotspot	11	KMT2A	HGNC:7132	NM_001197104.2	1146	1174	5	0	0.99189912	0.0	10.0
hotspot	11	SMPD1	HGNC:11120	NM_000543.5	497	501	5	0	0.980208711	0.0	10.0
hotspot	11	MYBPC3	HGNC:7551	NM_000256.3	493	505	6	0	0.975119537	0.0	12.0
hotspot	11	RRAS2	HGNC:17271	NM_012250.6	21	27	5	0	0.960946567	0.0	10.0
hotspot	11	CBL	HGNC:1541	NM_005188.4	367	373	6	0	0.947413793	0.0	12.0
hotspot	11	HRAS	HGNC:5173	NM_005343.4	10	14	11	0	0.946262626	0.0	22.0
hotspot	11	MYO7A	HGNC:7606	NM_000260.4	210	238	6	0	0.945333956	0.0	12.0
hotspot	11	SMPD1	HGNC:11120	NM_000543.5	222	230	5	0	0.938454796	0.0	10.0
hotspot	11	KCNQ1	HGNC:6294	NM_000218.3	240	244	6	0	0.910989011	0.0	12.0
hotspot	11	SMPD1	HGNC:11120	NM_000543.5	372	392	7	0	0.898653035	0.0	14.0
hotspot	11	KCNQ1	HGNC:6294	NM_000218.3	587	595	9	0	0.89149283	0.0	18.0
hotspot	11	DHCR7	HGNC:2860	NM_001360.3	240	246	5	0	0.889027778	0.0	10.0
hotspot	11	MEN1	HGNC:7010	NM_001370259.2	397	475	13	0	0.881662721	0.0	26.0
hotspot	11	DHCR7	HGNC:2860	NM_001360.3	403	411	7	0	0.880644197	0.0	14.0
hotspot	11	PYGM	HGNC:9726	NM_005609.4	1	105	5	0	0.875324328	0.0	10.0
hotspot	11	KCNQ1	HGNC:6294	NM_000218.3	107	119	5	0	0.874975327	0.0	10.0
hotspot	11	ABCC8	HGNC:59	NM_000352.6	1182	1214	5	0	0.874190941	0.0	10.0
hotspot	11	MEN1	HGNC:7010	NM_001370259.2	157	177	7	0	0.873479417	0.0	14.0
hotspot	11	TYR	HGNC:12442	NM_000372.5	271	277	5	0	0.860387966	0.0	10.0
hotspot	11	LRP5	HGNC:6697	NM_002335.4	394	514	7	0	0.847176435	0.0	14.0
hotspot	11	PYGM	HGNC:9726	NM_005609.4	681	798	8	0	0.822077254	0.0	16.0
hotspot	11	KCNQ1	HGNC:6294	NM_000218.3	518	526	5	0	0.813889097	0.0	10.0
hotspot	11	PTS	HGNC:9689	NM_000317.3	81	95	5	0	0.813281849	0.0	10.0
coldspot	11	SLC6A5	HGNC:11051	NM_004211.5	99	153	0	5	0.771103877	10.0	0.0
hotspot	11	HBB	HGNC:4827	NM_000518.5	1	7	8	0	0.778393966	0.0	16.0
hotspot	11	ABCC8	HGNC:59	NM_000352.6	1370	1396	11	0	0.77578937	0.0	22.0
hotspot	11	TYR	HGNC:12442	NM_000372.5	363	383	10	0	0.770780759	0.0	20.0
hotspot	11	DEAF1	HGNC:14677	NM_021008.4	212	236	5	0	0.764763833	0.0	10.0
hotspot	11	HBB	HGNC:4827	NM_000518.5	22	38	6	0	0.762589286	0.0	12.0
hotspot	11	DHCR7	HGNC:2860	NM_001360.3	438	450	8	0	0.755968536	0.0	16.0
hotspot	11	TYR	HGNC:12442	NM_000372.5	193	223	9	0	0.746437102	0.0	18.0
coldspot	11	CEP164	HGNC:29182	NM_014956.5	1223	1389	0	5	0.704944264	10.0	0.0
hotspot	11	MEN1	HGNC:7010	NM_001370259.2	6	44	6	0	0.735175646	0.0	12.0
hotspot	11	DHCR7	HGNC:2860	NM_001360.3	144	156	5	0	0.728712774	0.0	10.0
hotspot	11	BEST1	HGNC:12703	NM_004183.4	130	150	9	0	0.725566858	0.0	18.0
hotspot	11	TYR	HGNC:12442	NM_000372.5	74	100	9	0	0.7027096	0.0	18.0
hotspot	11	BEST1	HGNC:12703	NM_004183.4	20	34	8	0	0.683742299	0.0	16.0
hotspot	11	DHCR7	HGNC:2860	NM_001360.3	266	290	7	0	0.68125665	0.0	14.0
hotspot	11	BEST1	HGNC:12703	NM_004183.4	84	102	15	0	0.67904547	0.0	30.0
hotspot	11	BEST1	HGNC:12703	NM_004183.4	216	261	15	0	0.673304536	0.0	30.0
hotspot	11	RAG1	HGNC:9831	NM_000448.3	353	499	14	1	0.668855746	0.071428571	14.0
hotspot	11	IGHMBP2	HGNC:5542	NM_002180.3	241	429	8	1	0.66792674	0.125	8.0
coldspot	11	ROBO4	HGNC:17985	NM_019055.6	402	760	0	5	0.6116027	10.0	0.0
hotspot	11	KCNQ1	HGNC:6294	NM_000218.3	555	569	11	0	0.648938881	0.0	22.0
hotspot	11	TYR	HGNC:12442	NM_000372.5	290	302	5	0	0.648	0.0	10.0
coldspot	11	DCHS1	HGNC:13681	NM_003737.4	163	485	0	5	0.587883313	10.0	0.0
coldspot	11	MYBPC3	HGNC:7551	NM_000256.3	886	1068	0	6	0.585858744	12.0	0.0
coldspot	11	DLAT	HGNC:2896	NM_001931.5	114	451	0	6	0.559959895	12.0	0.0
hotspot	11	HRAS	HGNC:5173	NM_005343.4	40	136	9	1	0.594154987	0.111111111	9.0
coldspot	11	KMT2A	HGNC:7132	NM_001197104.2	2961	3741	0	20	0.543785115	40.0	0.0
hotspot	11	KCNJ11	HGNC:6257	NM_000525.4	71	251	8	0	0.582906501	0.0	16.0
hotspot	11	HMBS	HGNC:4982	NM_000190.4	188	290	5	0	0.573285572	0.0	10.0
hotspot	11	BEST1	HGNC:12703	NM_004183.4	295	309	19	0	0.552630003	0.0	38.0
hotspot	11	KCNQ1	HGNC:6294	NM_000218.3	252	264	9	0	0.519444444	0.0	18.0
hotspot	11	KCNQ1	HGNC:6294	NM_000218.3	171	205	18	0	0.506955965	0.0	36.0
coldspot	11	MUC5B	HGNC:7516	NM_002458.3	1380	4268	0	47	0.442399146	94.0	0.0
coldspot	11	CDON	HGNC:17104	NM_001378964.1	437	993	0	14	0.43989796	28.0	0.0
coldspot	11	LRRC56	HGNC:25430	NM_198075.4	173	375	0	6	0.430749033	12.0	0.0
hotspot	11	ABCC8	HGNC:59	NM_000352.6	1468	1516	7	0	0.470604412	0.0	14.0
coldspot	11	DNHD1	HGNC:26532	NM_144666.3	3117	3989	0	6	0.35886816	12.0	0.0
hotspot	11	TYR	HGNC:12442	NM_000372.5	39	53	6	0	0.418590495	0.0	12.0
hotspot	11	NDUFV1	HGNC:7716	NM_007103.4	167	423	6	0	0.389385238	0.0	12.0
hotspot	11	KCNQ1	HGNC:6294	NM_000218.3	224	234	6	0	0.383181818	0.0	12.0
hotspot	11	RAG2	HGNC:9832	NM_000536.4	431	463	6	0	0.376481417	0.0	12.0
hotspot	11	KCNQ1	HGNC:6294	NM_000218.3	269	281	10	0	0.370619746	0.0	20.0
coldspot	11	SPTBN2	HGNC:11276	NM_006946.4	922	1700	0	12	0.260646074	24.0	0.0
coldspot	11	CDKN1C	HGNC:1786	NM_001122630.2	140	202	0	19	0.252914725	38.0	0.0
coldspot	11	CBL	HGNC:1541	NM_005188.4	730	864	0	5	0.238106236	10.0	0.0
hotspot	11	TYR	HGNC:12442	NM_000372.5	1	33	5	0	0.293897506	0.0	10.0
hotspot	11	WT1	HGNC:12796	NM_024426.6	432	500	10	0	0.280610768	0.0	20.0
hotspot	11	BEST1	HGNC:12703	NM_004183.4	3	15	11	0	0.279568539	0.0	22.0
hotspot	11	KCNQ1	HGNC:6294	NM_000218.3	306	322	18	0	0.267315215	0.0	36.0
coldspot	11	ST14	HGNC:11344	NM_021978.4	149	383	0	5	0.137520778	10.0	0.0
coldspot	11	TMPRSS5	HGNC:14908	NM_030770.4	105	339	0	5	0.103537497	10.0	0.0
coldspot	11	IL10RA	HGNC:5964	NM_001558.4	140	426	0	6	0.083107469	12.0	0.0
hotspot	11	KCNQ1	HGNC:6294	NM_000218.3	333	367	15	0	0.221421697	0.0	30.0
coldspot	11	C2CD3	HGNC:24564	NM_001286577.2	191	533	0	5	0.038620275	10.0	0.0
coldspot	11	DNHD1	HGNC:26532	NM_144666.3	637	2013	0	11	0.03145323	22.0	0.0
coldspot	11	OTOG	HGNC:8516	NM_001292063.2	896	2612	1	33	0.055953446	33.0	0.03030303
coldspot	11	PACS1	HGNC:30032	NM_018026.4	177	639	1	9	0.213525455	9.0	0.111111111
hotspot	11	MYO7A	HGNC:7606	NM_000260.4	821	1923	29	6	0.031250847	0.206896552	4.833333333
coldspot	11	DCHS1	HGNC:13681	NM_003737.4	2102	2482	1	7	0.664813334	7.0	0.142857143
hotspot	11	RAG2	HGNC:9832	NM_000536.4	38	262	13	1	-0.05567209	0.076923077	13.0
hotspot	11	SDHD	HGNC:10683	NM_003002.4	1	112	15	2	-0.153045775	0.133333333	7.5
hotspot	12	MMAB	HGNC:19331	NM_052845.4	155	209	11	0	0.966495129	0.0	22.0
coldspot	12	KMT2D	HGNC:7133	NM_003482.4	3477	3493	0	5	0.960825444	10.0	0.0
hotspot	12	CHD4	HGNC:1919	NM_001273.5	1174	1184	5	0	0.947743742	0.0	10.0
coldspot	12	KMT2D	HGNC:7133	NM_003482.4	4320	4370	0	6	0.937078085	12.0	0.0
hotspot	12	KIF5A	HGNC:6323	NM_004984.4	76	798	9	1	0.935973128	0.111111111	9.0
hotspot	12	KRT5	HGNC:6442	NM_000424.4	161	191	7	0	0.925652629	0.0	14.0
hotspot	12	SCN8A	HGNC:10596	NM_014191.4	1314	1328	8	0	0.925122585	0.0	16.0
hotspot	12	TRPV4	HGNC:18083	NM_021625.5	594	620	5	0	0.923834677	0.0	10.0
hotspot	12	GRIN2B	HGNC:4586	NM_000834.5	814	824	7	0	0.912504163	0.0	14.0
hotspot	12	KRAS	HGNC:6407	NM_033360.4	57	69	7	0	0.912452598	0.0	14.0
coldspot	12	KMT2D	HGNC:7133	NM_003482.4	2505	2553	0	6	0.903532515	12.0	0.0
hotspot	12	KRAS	HGNC:6407	NM_033360.4	6	16	8	0	0.898384354	0.0	16.0
hotspot	12	SCN8A	HGNC:10596	NM_014191.4	1456	1498	8	0	0.890215756	0.0	16.0
hotspot	12	KMT2D	HGNC:7133	NM_003482.4	5171	5221	5	1	0.886549289	0.2	5.0
hotspot	12	ACVRL1	HGNC:175	NM_000020.3	372	380	8	0	0.881858846	0.0	16.0
hotspot	12	SCN8A	HGNC:10596	NM_014191.4	1601	1629	5	0	0.878591822	0.0	10.0
hotspot	12	HNF1A	HGNC:11621	NM_000545.8	1	23	15	0	0.876587943	0.0	30.0
hotspot	12	ACVRL1	HGNC:175	NM_000020.3	46	52	7	0	0.874637809	0.0	14.0
hotspot	12	COL2A1	HGNC:2200	NM_001844.5	666	682	5	0	0.87088621	0.0	10.0
hotspot	12	SOX5	HGNC:11201	NM_006940.6	550	598	5	0	0.865273794	0.0	10.0
hotspot	12	PTPN11	HGNC:9644	NM_002834.5	255	385	23	3	0.86351644	0.130434783	7.666666667
hotspot	12	ACVRL1	HGNC:175	NM_000020.3	342	352	9	0	0.86227068	0.0	18.0
hotspot	12	ACVRL1	HGNC:175	NM_000020.3	273	287	5	0	0.85915924	0.0	10.0
coldspot	12	KMT2D	HGNC:7133	NM_003482.4	732	754	0	6	0.842228235	12.0	0.0
hotspot	12	ACVRL1	HGNC:175	NM_000020.3	476	484	7	1	0.853218061	0.142857143	7.0
coldspot	12	DNAH10	HGNC:2941	NM_001372106.1	1741	2127	0	6	0.834199454	12.0	0.0
hotspot	12	TUBA1A	HGNC:20766	NM_006009.4	115	127	6	0	0.8433327	0.0	12.0
hotspot	12	PTPN11	HGNC:9644	NM_002834.5	459	469	5	0	0.839146538	0.0	10.0
hotspot	12	VWF	HGNC:12726	NM_000552.5	1369	1379	5	0	0.820681818	0.0	10.0
coldspot	12	KMT2D	HGNC:7133	NM_003482.4	3716	3776	0	5	0.795702493	10.0	0.0
coldspot	12	CACNA1C	HGNC:1390	NM_001167623.2	1734	1922	0	9	0.759944493	18.0	0.0
hotspot	12	PTPN11	HGNC:9644	NM_002834.5	55	75	33	0	0.786418441	0.0	66.0
hotspot	12	TUBA1A	HGNC:20766	NM_006009.4	295	311	5	0	0.771185703	0.0	10.0
coldspot	12	KRT71	HGNC:28927	NM_033448.3	328	523	0	5	0.735636426	10.0	0.0
hotspot	12	HNF1A	HGNC:11621	NM_000545.8	153	161	6	0	0.766613494	0.0	12.0
hotspot	12	COL2A1	HGNC:2200	NM_001844.5	1154	1174	5	0	0.765847958	0.0	10.0
hotspot	12	PAH	HGNC:8582	NM_000277.3	427	445	5	0	0.765279283	0.0	10.0
hotspot	12	CYP27B1	HGNC:2606	NM_000785.4	431	475	6	0	0.756538462	0.0	12.0
hotspot	12	COL2A1	HGNC:2200	NM_001844.5	780	874	12	0	0.728638962	0.0	24.0
coldspot	12	CUX2	HGNC:19347	NM_015267.4	1158	1398	0	5	0.670622958	10.0	0.0
coldspot	12	MYO1A	HGNC:7595	NM_005379.4	381	661	0	5	0.664553269	10.0	0.0
hotspot	12	HNF1A	HGNC:11621	NM_000545.8	200	210	9	0	0.690755698	0.0	18.0
hotspot	12	VWF	HGNC:12726	NM_000552.5	1291	1337	13	0	0.651797369	0.0	26.0
coldspot	12	KMT2D	HGNC:7133	NM_003482.4	2242	2290	0	5	0.598649475	10.0	0.0
hotspot	12	TUBA1A	HGNC:20766	NM_006009.4	190	239	7	0	0.631486157	0.0	14.0
hotspot	12	COL2A1	HGNC:2200	NM_001844.5	578	654	8	1	0.587273406	0.125	8.0
hotspot	12	HNF1A	HGNC:11621	NM_000545.8	259	273	17	0	0.578850084	0.0	34.0
hotspot	12	MVK	HGNC:7530	NM_000431.4	36	256	9	1	0.570213842	0.111111111	9.0
coldspot	12	KRT83	HGNC:6460	NM_002282.3	89	301	0	5	0.504256742	10.0	0.0
coldspot	12	KMT2D	HGNC:7133	NM_003482.4	657	725	0	7	0.476411444	14.0	0.0
hotspot	12	TNFRSF1A	HGNC:11916	NM_001065.4	72	166	5	1	0.528225013	0.2	5.0
coldspot	12	IRAK4	HGNC:17967	NM_016123.4	305	428	0	5	0.47409172	10.0	0.0
hotspot	12	CCND2	HGNC:1583	NM_001759.4	278	284	6	0	0.50730883	0.0	12.0
hotspot	12	VWF	HGNC:12726	NM_000552.5	1403	1427	6	0	0.496487138	0.0	12.0
hotspot	12	PAH	HGNC:8582	NM_000277.3	144	156	18	0	0.484990452	0.0	36.0
coldspot	12	GNPTAB	HGNC:29670	NM_024312.5	546	932	0	5	0.423778866	10.0	0.0
hotspot	12	PAH	HGNC:8582	NM_000277.3	209	213	5	0	0.464285714	0.0	10.0
hotspot	12	PTPN11	HGNC:9644	NM_002834.5	493	509	13	0	0.457626602	0.0	26.0
hotspot	12	HNF1A	HGNC:11621	NM_000545.8	223	243	15	0	0.454368402	0.0	30.0
hotspot	12	PAH	HGNC:8582	NM_000277.3	200	206	10	0	0.416262626	0.0	20.0
hotspot	12	KRAS	HGNC:6407	NM_033360.4	21	37	5	0	0.410984661	0.0	10.0
hotspot	12	AQP2	HGNC:634	NM_000486.6	114	230	5	0	0.402046948	0.0	10.0
coldspot	12	A2ML1	HGNC:23336	NM_144670.6	934	1380	0	19	0.285753368	38.0	0.0
coldspot	12	ANKLE2	HGNC:29101	NM_015114.3	382	860	0	7	0.257411181	14.0	0.0
hotspot	12	PAH	HGNC:8582	NM_000277.3	92	108	10	0	0.351480732	0.0	20.0
hotspot	12	PAH	HGNC:8582	NM_000277.3	300	314	24	0	0.351356988	0.0	48.0
hotspot	12	GRIN2B	HGNC:4586	NM_000834.5	543	763	25	0	0.347541807	0.0	50.0
coldspot	12	CACNA2D4	HGNC:20202	NM_172364.5	149	905	0	10	0.243118365	20.0	0.0
hotspot	12	PAH	HGNC:8582	NM_000277.3	263	287	42	1	0.337573627	0.023809524	42.0
hotspot	12	KRT5	HGNC:6442	NM_000424.4	462	476	5	0	0.334632035	0.0	10.0
hotspot	12	TUBA1A	HGNC:20766	NM_006009.4	345	373	6	0	0.33309476	0.0	12.0
hotspot	12	ACVRL1	HGNC:175	NM_000020.3	396	410	8	0	0.327704079	0.0	16.0
hotspot	12	PAH	HGNC:8582	NM_000277.3	31	87	47	0	0.323131453	0.0	94.0
coldspot	12	KMT2D	HGNC:7133	NM_003482.4	1894	2198	0	10	0.211410193	20.0	0.0
coldspot	12	OTOGL	HGNC:26901	NM_001378609.3	430	1650	0	13	0.197604091	26.0	0.0
coldspot	12	SLCO1B3	HGNC:10961	NM_019844.4	15	297	0	6	0.185750339	12.0	0.0
hotspot	12	ACADS	HGNC:90	NM_000017.4	242	370	8	0	0.283712898	0.0	16.0
hotspot	12	HNF1A	HGNC:11621	NM_000545.8	111	142	23	0	0.274493271	0.0	46.0
hotspot	12	PAH	HGNC:8582	NM_000277.3	236	252	26	0	0.262993025	0.0	52.0
hotspot	12	PAH	HGNC:8582	NM_000277.3	165	187	36	0	0.26175898	0.0	72.0
hotspot	12	PAH	HGNC:8582	NM_000277.3	357	365	8	0	0.256617063	0.0	16.0
coldspot	12	DDX11	HGNC:2736	NM_030653.4	77	501	0	7	0.127321071	14.0	0.0
hotspot	12	PAH	HGNC:8582	NM_000277.3	407	421	23	0	0.230341719	0.0	46.0
hotspot	12	PAH	HGNC:8582	NM_000277.3	340	352	20	0	0.228769537	0.0	40.0
coldspot	12	RECQL	HGNC:9948	NM_002907.4	133	501	0	5	0.054276982	10.0	0.0
hotspot	12	ACVRL1	HGNC:175	NM_000020.3	415	445	8	0	0.182693533	0.0	16.0
hotspot	12	PAH	HGNC:8582	NM_000277.3	367	377	10	0	0.177347189	0.0	20.0
hotspot	12	PAH	HGNC:8582	NM_000277.3	383	403	28	0	0.086808341	0.0	56.0
hotspot	12	PAH	HGNC:8582	NM_000277.3	217	233	26	0	0.02041427	0.0	52.0
hotspot	12	TUBA1A	HGNC:20766	NM_006009.4	381	426	19	0	-0.030752289	0.0	38.0
hotspot	12	PAH	HGNC:8582	NM_000277.3	322	338	15	0	-0.064304503	0.0	30.0
coldspot	12	HNF1A	HGNC:11621	NM_000545.8	565	605	1	5	0.612222684	5.0	0.2
coldspot	12	KRT6B	HGNC:6444	NM_005555.4	79	389	1	5	-0.047889325	5.0	0.2
hotspot	13	SACS	HGNC:10519	NM_014363.6	1573	1587	5	0	0.994705701	0.0	10.0
hotspot	13	BRCA2	HGNC:1101	NM_000059.4	1	26	6	1	0.994530804	0.166666667	6.0
hotspot	13	ATP7B	HGNC:870	NM_000053.4	707	713	5	0	0.95919489	0.0	10.0
coldspot	13	BRCA2	HGNC:1101	NM_000059.4	2941	2981	0	5	0.941031426	10.0	0.0
hotspot	13	ATP7B	HGNC:870	NM_000053.4	1146	1152	5	0	0.924593389	0.0	10.0
coldspot	13	BRCA2	HGNC:1101	NM_000059.4	961	1003	0	6	0.912750565	12.0	0.0
coldspot	13	COL4A2	HGNC:2203	NM_001846.4	667	727	0	6	0.911235096	12.0	0.0
coldspot	13	RB1	HGNC:9884	NM_000321.3	338	442	0	5	0.884482193	10.0	0.0
hotspot	13	ATP7B	HGNC:870	NM_000053.4	932	944	5	0	0.88217622	0.0	10.0
coldspot	13	BRCA2	HGNC:1101	NM_000059.4	2091	2135	0	5	0.863922778	10.0	0.0
hotspot	13	BRCA2	HGNC:1101	NM_000059.4	2718	2746	10	2	0.876613906	0.2	5.0
coldspot	13	BRCA2	HGNC:1101	NM_000059.4	1498	1544	0	6	0.843672116	12.0	0.0
hotspot	13	ATP7B	HGNC:870	NM_000053.4	1264	1274	6	0	0.800504646	0.0	12.0
coldspot	13	COL4A2	HGNC:2203	NM_001846.4	1415	1481	0	6	0.762304716	12.0	0.0
coldspot	13	KL	HGNC:6344	NM_004795.4	39	435	0	9	0.757148032	18.0	0.0
hotspot	13	ATP7B	HGNC:870	NM_000053.4	1215	1233	6	0	0.759055419	0.0	12.0
hotspot	13	ATP7B	HGNC:870	NM_000053.4	745	784	12	0	0.744647278	0.0	24.0
hotspot	13	LIG4	HGNC:6601	NM_206937.2	249	303	5	0	0.715536033	0.0	10.0
coldspot	13	BRCA2	HGNC:1101	NM_000059.4	370	390	0	7	0.621623929	14.0	0.0
coldspot	13	FLT3	HGNC:3765	NM_004119.3	111	479	0	5	0.593353552	10.0	0.0
hotspot	13	F7	HGNC:3544	NM_019616.4	76	242	5	0	0.617184937	0.0	10.0
hotspot	13	GJB2	HGNC:4284	NM_004004.6	30	50	14	0	0.606770304	0.0	28.0
hotspot	13	GJA3	HGNC:4277	NM_021954.4	36	136	5	1	0.599837849	0.2	5.0
hotspot	13	GJB2	HGNC:4284	NM_004004.6	168	178	6	0	0.594624555	0.0	12.0
hotspot	13	GJB2	HGNC:4284	NM_004004.6	194	206	6	1	0.577143107	0.166666667	6.0
hotspot	13	NALCN	HGNC:19082	NM_052867.4	304	630	5	1	0.55015047	0.2	5.0
hotspot	13	GJB2	HGNC:4284	NM_004004.6	72	98	14	1	0.546059885	0.071428571	14.0
hotspot	13	ATP7B	HGNC:870	NM_000053.4	1091	1103	5	0	0.430732601	0.0	10.0
coldspot	13	BRCA2	HGNC:1101	NM_000059.4	240	351	0	9	0.310070723	18.0	0.0
hotspot	13	BRCA2	HGNC:1101	NM_000059.4	2618	2674	21	2	0.388915786	0.095238095	10.5
coldspot	13	MIPEP	HGNC:7104	NM_005932.4	151	595	0	5	0.250538997	10.0	0.0
hotspot	13	GJB2	HGNC:4284	NM_004004.6	1	18	9	0	0.271188721	0.0	18.0
hotspot	13	ATP7B	HGNC:870	NM_000053.4	1278	1336	9	0	0.240029541	0.0	18.0
hotspot	13	ATP7B	HGNC:870	NM_000053.4	978	1010	11	0	0.139892121	0.0	22.0
hotspot	13	ATP7B	HGNC:870	NM_000053.4	1057	1083	7	0	0.138074351	0.0	14.0
hotspot	13	ATP7B	HGNC:870	NM_000053.4	1027	1047	8	1	0.122470944	0.125	8.0
hotspot	13	SLC25A15	HGNC:10985	NM_014252.4	68	230	6	0	0.082770728	0.0	12.0
coldspot	13	BRCA2	HGNC:1101	NM_000059.4	559	607	1	8	0.861429016	8.0	0.125
coldspot	13	BRCA2	HGNC:1101	NM_000059.4	1864	1945	2	16	0.683152896	8.0	0.125
coldspot	13	BRCA2	HGNC:1101	NM_000059.4	1350	1380	1	5	0.875527949	5.0	0.2
coldspot	13	BRCA2	HGNC:1101	NM_000059.4	1698	1754	1	5	0.7065433	5.0	0.2
hotspot	14	INF2	HGNC:23791	NM_022489.4	213	221	5	0	0.968099168	0.0	10.0
hotspot	14	MYH7	HGNC:7577	NM_000257.4	195	209	6	0	0.926465139	0.0	12.0
hotspot	14	DICER1	HGNC:17098	NM_177438.3	1808	1822	5	0	0.923943955	0.0	10.0
coldspot	14	CCDC88C	HGNC:19967	NM_001080414.4	1976	1994	0	5	0.919545841	10.0	0.0
hotspot	14	MYH7	HGNC:7577	NM_000257.4	769	789	6	1	0.909316378	0.166666667	6.0
hotspot	14	MYH7	HGNC:7577	NM_000257.4	1420	1486	5	1	0.890862374	0.2	5.0
coldspot	14	DYNC1H1	HGNC:2961	NM_001376.5	3920	4090	0	6	0.880360677	12.0	0.0
hotspot	14	MYH7	HGNC:7577	NM_000257.4	241	255	7	0	0.882048	0.0	14.0
hotspot	14	ATL1	HGNC:11231	NM_015915.5	363	483	9	0	0.869526692	0.0	18.0
hotspot	14	MYH7	HGNC:7577	NM_000257.4	898	912	7	0	0.852777778	0.0	14.0
hotspot	14	PSEN1	HGNC:9508	NM_000021.4	135	147	6	0	0.846146352	0.0	12.0
hotspot	14	PSEN1	HGNC:9508	NM_000021.4	263	284	7	0	0.842833882	0.0	14.0
hotspot	14	MYH7	HGNC:7577	NM_000257.4	650	670	6	0	0.834915368	0.0	12.0
hotspot	14	FOXG1	HGNC:3811	NM_005249.5	201	236	9	0	0.828264747	0.0	18.0
hotspot	14	DICER1	HGNC:17098	NM_177438.3	1641	1749	5	0	0.823633419	0.0	10.0
coldspot	14	AHNAK2	HGNC:20125	NM_138420.4	2593	3103	0	5	0.799739898	10.0	0.0
hotspot	14	MYH7	HGNC:7577	NM_000257.4	391	409	6	0	0.810416433	0.0	12.0
hotspot	14	TGM1	HGNC:11777	NM_000359.3	382	398	6	0	0.77968394	0.0	12.0
hotspot	14	TGM1	HGNC:11777	NM_000359.3	307	323	7	0	0.751489402	0.0	14.0
hotspot	14	MYH7	HGNC:7577	NM_000257.4	513	537	5	0	0.73632419	0.0	10.0
hotspot	14	FOXG1	HGNC:3811	NM_005249.5	264	274	5	0	0.716883583	0.0	10.0
hotspot	14	GALC	HGNC:4115	NM_000153.4	223	345	12	2	0.705308627	0.166666667	6.0
hotspot	14	MYH7	HGNC:7577	NM_000257.4	923	933	8	0	0.701770452	0.0	16.0
hotspot	14	FOXG1	HGNC:3811	NM_005249.5	174	194	15	0	0.698441962	0.0	30.0
hotspot	14	RDH12	HGNC:19977	NM_152443.3	131	163	5	1	0.669339243	0.2	5.0
hotspot	14	GALC	HGNC:4115	NM_000153.4	51	71	6	0	0.66834636	0.0	12.0
hotspot	14	TGM1	HGNC:11777	NM_000359.3	267	291	7	0	0.623015275	0.0	14.0
hotspot	14	NKX2-1	HGNC:11825	NM_001079668.3	190	264	6	0	0.62270115	0.0	12.0
coldspot	14	FOXG1	HGNC:3811	NM_005249.5	116	158	0	7	0.560133602	14.0	0.0
hotspot	14	TGM1	HGNC:11777	NM_000359.3	129	145	7	0	0.600540216	0.0	14.0
coldspot	14	NIN	HGNC:14906	NM_020921.4	1446	1920	0	6	0.548855183	12.0	0.0
coldspot	14	INF2	HGNC:23791	NM_022489.4	328	640	0	18	0.545525377	36.0	0.0
hotspot	14	RDH12	HGNC:19977	NM_152443.3	206	240	9	0	0.593055313	0.0	18.0
coldspot	14	DYNC1H1	HGNC:2961	NM_001376.5	76	214	0	6	0.537264063	12.0	0.0
hotspot	14	MYH7	HGNC:7577	NM_000257.4	841	855	10	0	0.57890853	0.0	20.0
hotspot	14	MYH7	HGNC:7577	NM_000257.4	437	457	9	1	0.556039754	0.111111111	9.0
coldspot	14	SOS2	HGNC:11188	NM_006939.4	1177	1291	0	12	0.509168337	24.0	0.0
hotspot	14	DYNC1H1	HGNC:2961	NM_001376.5	3325	3539	7	0	0.512306404	0.0	14.0
coldspot	14	SYNE2	HGNC:17084	NM_182914.3	1166	3662	0	53	0.446550046	106.0	0.0
hotspot	14	MYH7	HGNC:7577	NM_000257.4	703	739	13	0	0.491885085	0.0	26.0
hotspot	14	MYH7	HGNC:7577	NM_000257.4	865	879	13	0	0.471509047	0.0	26.0
coldspot	14	CCDC88C	HGNC:19967	NM_001080414.4	1196	1844	0	8	0.401259201	16.0	0.0
hotspot	14	PABPN1	HGNC:8565	NM_004643.4	1	5	6	0	0.41205726	0.0	12.0
coldspot	14	FOXG1	HGNC:3811	NM_005249.5	46	87	0	30	0.156724312	60.0	0.0
coldspot	14	INF2	HGNC:23791	NM_022489.4	812	1126	0	21	-0.008188941	42.0	0.0
coldspot	14	TRIP11	HGNC:12305	NM_004239.4	648	1658	0	7	-0.026786329	14.0	0.0
coldspot	14	PACS2	HGNC:23794	NM_001100913.3	90	560	1	10	0.399363234	10.0	0.1
coldspot	14	DICER1	HGNC:17098	NM_177438.3	1572	1698	1	5	0.799388002	5.0	0.2
coldspot	15	MAGEL2	HGNC:6814	NM_019066.5	869	895	0	5	0.954550161	10.0	0.0
hotspot	15	FAH	HGNC:3579	NM_000137.4	331	347	5	0	0.950146366	0.0	10.0
hotspot	15	POLG	HGNC:9179	NM_002693.3	1094	1106	7	0	0.864828551	0.0	14.0
coldspot	15	ACAN	HGNC:319	NM_001369268.1	559	697	0	5	0.829259421	10.0	0.0
hotspot	15	OCA2	HGNC:8101	NM_000275.3	774	788	9	0	0.833722252	0.0	18.0
hotspot	15	MAP2K1	HGNC:6840	NM_002755.4	53	59	6	0	0.831101491	0.0	12.0
hotspot	15	HEXA	HGNC:4878	NM_000520.6	229	361	8	0	0.767330979	0.0	16.0
coldspot	15	ACAN	HGNC:319	NM_001369268.1	1226	1752	0	9	0.724021268	18.0	0.0
hotspot	15	IVD	HGNC:6186	NM_002225.5	389	405	5	0	0.726582935	0.0	10.0
coldspot	15	TTBK2	HGNC:19141	NM_173500.4	363	803	0	5	0.68680244	10.0	0.0
coldspot	15	POLG	HGNC:9179	NM_002693.3	46	56	0	11	0.672099567	22.0	0.0
hotspot	15	MAP2K1	HGNC:6840	NM_002755.4	74	180	9	0	0.627680242	0.0	18.0
coldspot	15	CHD2	HGNC:1917	NM_001271.4	1529	1655	0	5	0.556152854	10.0	0.0
coldspot	15	HCN4	HGNC:16882	NM_005477.3	668	1112	0	9	0.54956707	18.0	0.0
hotspot	15	NR2E3	HGNC:7974	NM_014249.4	96	120	5	0	0.593328519	0.0	10.0
coldspot	15	HERC1	HGNC:4867	NM_003922.4	972	2324	0	11	0.530463746	22.0	0.0
coldspot	15	NIPA1	HGNC:17043	NM_144599.5	5	9	0	6	0.49451805	12.0	0.0
hotspot	15	CAPN3	HGNC:1480	NM_000070.3	746	791	6	1	0.535983182	0.166666667	6.0
coldspot	15	FMN1	HGNC:3768	NM_001277313.2	796	1154	0	9	0.454252697	18.0	0.0
coldspot	15	FMN1	HGNC:3768	NM_001277313.2	155	541	0	12	0.448410842	24.0	0.0
coldspot	15	ALPK3	HGNC:17574	NM_020778.5	947	1497	0	7	0.423135823	14.0	0.0
coldspot	15	KIF7	HGNC:30497	NM_198525.3	75	857	0	9	0.382343352	18.0	0.0
coldspot	15	USP8	HGNC:12631	NM_005154.5	339	617	0	6	0.345870914	12.0	0.0
coldspot	15	MAPKBP1	HGNC:29536	NM_014994.3	348	1088	0	6	0.344379391	12.0	0.0
coldspot	15	MESP2	HGNC:29659	NM_001039958.2	50	254	0	6	0.322714789	12.0	0.0
coldspot	15	FAN1	HGNC:29170	NM_014967.5	170	426	0	5	0.259711616	10.0	0.0
hotspot	15	GABRB3	HGNC:4083	NM_000814.6	241	293	5	0	0.339231056	0.0	10.0
hotspot	15	POLG	HGNC:9179	NM_002693.3	475	981	31	4	0.233264276	0.129032258	7.75
hotspot	15	IVD	HGNC:6186	NM_002225.5	164	346	9	1	0.229136161	0.111111111	9.0
coldspot	15	PLIN1	HGNC:9076	NM_002666.5	63	279	0	6	0.066838668	12.0	0.0
hotspot	15	CLN6	HGNC:2077	NM_017882.3	27	219	7	1	0.223796924	0.142857143	7.0
hotspot	15	CAPN3	HGNC:1480	NM_000070.3	94	494	45	5	0.18544608	0.111111111	9.0
hotspot	15	SMAD3	HGNC:6769	NM_005902.4	1	308	14	2	0.122313344	0.142857143	7.0
coldspot	15	VPS13C	HGNC:23594	NM_020821.3	1363	2977	1	20	0.214970041	20.0	0.05
coldspot	15	FANCI	HGNC:25568	NM_001113378.2	340	1100	1	12	0.42527024	12.0	0.083333333
hotspot	15	NR2E3	HGNC:7974	NM_014249.4	54	76	5	0	0.051832285	0.0	10.0
hotspot	15	TPM1	HGNC:12010	NM_001018005.2	41	215	11	0	-0.013305803	0.0	22.0
coldspot	15	UBR1	HGNC:16808	NM_174916.3	72	1248	1	7	-0.344421573	7.0	0.142857143
coldspot	15	KBTBD13	HGNC:37227	NM_001101362.3	203	435	1	6	0.458238903	6.0	0.166666667
hotspot	16	PALB2	HGNC:26144	NM_024675.4	1	3	5	0	0.998682473	0.0	10.0
hotspot	16	TSC2	HGNC:12363	NM_000548.5	1742	1748	6	0	0.993861437	0.0	12.0
coldspot	16	CREBBP	HGNC:2348	NM_004380.3	969	1013	0	6	0.962401045	12.0	0.0
hotspot	16	TSC2	HGNC:12363	NM_000548.5	598	618	5	1	0.960588495	0.2	5.0
coldspot	16	ANKRD11	HGNC:21316	NM_013275.6	1461	1489	0	5	0.952469547	10.0	0.0
coldspot	16	PIEZO1	HGNC:28993	NM_001142864.4	1839	1893	0	7	0.948560799	14.0	0.0
hotspot	16	CREBBP	HGNC:2348	NM_004380.3	1779	1787	5	0	0.948605469	0.0	10.0
coldspot	16	CDH1	HGNC:1748	NM_004360.5	376	404	0	5	0.930640992	10.0	0.0
hotspot	16	GRIN2A	HGNC:4585	NM_001134407.3	810	820	6	0	0.934004588	0.0	12.0
hotspot	16	GALNS	HGNC:4122	NM_000512.5	282	298	5	0	0.928041713	0.0	10.0
hotspot	16	GNAO1	HGNC:4389	NM_020988.3	39	51	7	0	0.925127774	0.0	14.0
coldspot	16	TSC2	HGNC:12363	NM_000548.5	235	265	0	5	0.908673672	10.0	0.0
coldspot	16	SLX4	HGNC:23845	NM_032444.4	926	964	0	5	0.904375262	10.0	0.0
coldspot	16	PIEZO1	HGNC:28993	NM_001142864.4	367	443	0	6	0.896605973	12.0	0.0
coldspot	16	CDH1	HGNC:1748	NM_004360.5	679	719	0	5	0.889721529	10.0	0.0
hotspot	16	ABCC6	HGNC:57	NM_001171.6	1113	1165	8	1	0.878332828	0.125	8.0
hotspot	16	FUS	HGNC:4010	NM_004960.4	514	525	5	0	0.873939394	0.0	10.0
hotspot	16	SLC12A3	HGNC:10912	NM_001126108.2	714	742	6	1	0.869143725	0.166666667	6.0
coldspot	16	CREBBP	HGNC:2348	NM_004380.3	2179	2245	0	7	0.847396302	14.0	0.0
hotspot	16	SLC12A3	HGNC:10912	NM_001126108.2	843	859	5	0	0.86048951	0.0	10.0
hotspot	16	SLC12A3	HGNC:10912	NM_001126108.2	294	332	7	0	0.858887368	0.0	14.0
hotspot	16	MEFV	HGNC:6998	NM_000243.3	667	697	6	0	0.851858647	0.0	12.0
coldspot	16	CREBBP	HGNC:2348	NM_004380.3	234	254	0	5	0.831345876	10.0	0.0
coldspot	16	PKD1	HGNC:9008	NM_001009944.3	1539	1849	0	7	0.825610736	14.0	0.0
coldspot	16	ANKRD11	HGNC:21316	NM_013275.6	2016	2076	0	12	0.820878087	24.0	0.0
hotspot	16	SLC12A3	HGNC:10912	NM_001126108.2	420	440	5	0	0.829994698	0.0	10.0
coldspot	16	TSC2	HGNC:12363	NM_000548.5	1127	1176	0	8	0.809705638	16.0	0.0
hotspot	16	SLC12A3	HGNC:10912	NM_001126108.2	636	664	7	0	0.82597262	0.0	14.0
coldspot	16	CCDC78	HGNC:14153	NM_001378030.1	331	413	0	5	0.805315475	10.0	0.0
hotspot	16	GALNS	HGNC:4122	NM_000512.5	140	162	9	0	0.811254569	0.0	18.0
coldspot	16	KATNIP	HGNC:29068	NM_015202.5	596	862	0	5	0.751762899	10.0	0.0
hotspot	16	CLCN7	HGNC:2025	NM_001287.6	136	288	5	0	0.759942652	0.0	10.0
coldspot	16	SLX4	HGNC:23845	NM_032444.4	1142	1364	0	6	0.718204577	12.0	0.0
hotspot	16	PMM2	HGNC:9115	NM_000303.3	235	243	5	0	0.755308729	0.0	10.0
coldspot	16	CDH1	HGNC:1748	NM_004360.5	30	42	0	5	0.711422116	10.0	0.0
hotspot	16	TUBB3	HGNC:20772	NM_006086.4	214	296	5	0	0.748937197	0.0	10.0
hotspot	16	TK2	HGNC:11831	NM_004614.5	89	138	9	0	0.728342474	0.0	18.0
hotspot	16	CREBBP	HGNC:2348	NM_004380.3	1858	1872	6	0	0.721882484	0.0	12.0
coldspot	16	CDH1	HGNC:1748	NM_004360.5	53	73	0	7	0.686008465	14.0	0.0
hotspot	16	GALNS	HGNC:4122	NM_000512.5	23	63	7	0	0.710020134	0.0	14.0
hotspot	16	GNAO1	HGNC:4389	NM_020988.3	180	322	12	0	0.708896866	0.0	24.0
hotspot	16	PMM2	HGNC:9115	NM_000303.3	108	156	17	0	0.700218681	0.0	34.0
coldspot	16	ANKRD11	HGNC:21316	NM_013275.6	2292	2352	0	5	0.619356889	10.0	0.0
hotspot	16	UMOD	HGNC:12559	NM_003361.4	210	384	8	1	0.66923557	0.125	8.0
coldspot	16	MC1R	HGNC:6929	NM_002386.4	125	261	0	5	0.599671243	10.0	0.0
hotspot	16	PMM2	HGNC:9115	NM_000303.3	221	231	5	0	0.638686395	0.0	10.0
coldspot	16	DNAAF1	HGNC:30539	NM_178452.6	364	580	0	7	0.594650447	14.0	0.0
hotspot	16	ABCA3	HGNC:33	NM_001089.3	81	273	6	0	0.629949089	0.0	12.0
coldspot	16	WWOX	HGNC:12799	NM_016373.4	260	344	0	5	0.57621379	10.0	0.0
hotspot	16	HBA2	HGNC:4824	NM_000517.6	11	99	9	1	0.559958649	0.111111111	9.0
hotspot	16	PMM2	HGNC:9115	NM_000303.3	4	28	5	0	0.559768908	0.0	10.0
coldspot	16	SRCAP	HGNC:16974	NM_006662.3	2554	3028	0	9	0.510240651	18.0	0.0
hotspot	16	CLN3	HGNC:2074	NM_001042432.2	41	230	6	1	0.547565174	0.166666667	6.0
coldspot	16	FUS	HGNC:4010	NM_004960.4	33	277	0	9	0.475362805	18.0	0.0
coldspot	16	CREBBP	HGNC:2348	NM_004380.3	112	166	0	5	0.474250024	10.0	0.0
coldspot	16	ANKRD11	HGNC:21316	NM_013275.6	2240	2274	0	8	0.460424728	16.0	0.0
coldspot	16	CTU2	HGNC:28005	NM_001012759.3	67	293	0	7	0.446126297	14.0	0.0
coldspot	16	SALL1	HGNC:10524	NM_002968.3	149	421	0	8	0.403164235	16.0	0.0
coldspot	16	SRCAP	HGNC:16974	NM_006662.3	1138	1826	0	9	0.387060418	18.0	0.0
coldspot	16	CACNA1H	HGNC:1395	NM_021098.3	549	1645	0	34	0.327352867	68.0	0.0
coldspot	16	ANKRD11	HGNC:21316	NM_013275.6	205	773	0	24	0.320739995	48.0	0.0
coldspot	16	PPL	HGNC:9273	NM_002705.5	351	1033	0	7	0.26562096	14.0	0.0
coldspot	16	TSC2	HGNC:12363	NM_000548.5	1302	1372	0	7	0.264195406	14.0	0.0
hotspot	16	GRIN2A	HGNC:4585	NM_001134407.3	142	754	30	6	0.354021107	0.2	5.0
coldspot	16	TRAP1	HGNC:16264	NM_016292.3	250	614	0	7	0.21722756	14.0	0.0
coldspot	16	ADAMTS18	HGNC:17110	NM_199355.4	63	675	0	8	0.117923662	16.0	0.0
coldspot	16	TSC2	HGNC:12363	NM_000548.5	1263	1295	0	6	0.10990109	12.0	0.0
coldspot	16	SLX4	HGNC:23845	NM_032444.4	211	503	0	5	-0.040528482	10.0	0.0
coldspot	16	TPSAB1	HGNC:12019	NM_003294.4	49	229	0	9	-0.08952389	18.0	0.0
coldspot	16	CETP	HGNC:1869	NM_000078.3	107	389	0	6	-0.093202014	12.0	0.0
coldspot	16	PLCG2	HGNC:9066	NM_002661.5	405	993	1	14	0.326083773	14.0	0.071428571
coldspot	16	TSC2	HGNC:12363	NM_000548.5	622	694	1	7	0.733341913	7.0	0.142857143
hotspot	16	CHST6	HGNC:6938	NM_021615.5	23	215	5	1	0.0174233	0.2	5.0
coldspot	16	TSC2	HGNC:12363	NM_000548.5	782	806	1	6	0.798730094	6.0	0.166666667
hotspot	16	BBS2	HGNC:967	NM_031885.5	92	338	5	1	-0.108232461	0.2	5.0
coldspot	17	RAI1	HGNC:9834	NM_030665.4	257	289	0	10	1.0	20.0	0.0
hotspot	17	NF1	HGNC:7765	NM_001042492.3	535	557	5	0	0.979953581	0.0	10.0
hotspot	17	NF1	HGNC:7765	NM_001042492.3	1275	1279	6	0	0.976967688	0.0	12.0
hotspot	17	KRT14	HGNC:6416	NM_000526.5	119	133	7	0	0.969198533	0.0	14.0
hotspot	17	SCN4A	HGNC:10591	NM_000334.4	668	694	10	0	0.962906678	0.0	20.0
hotspot	17	GFAP	HGNC:4235	NM_002055.5	68	104	8	0	0.957118668	0.0	16.0
hotspot	17	NAGLU	HGNC:7632	NM_000263.4	554	568	5	0	0.955964945	0.0	10.0
hotspot	17	SCN4A	HGNC:10591	NM_000334.4	1137	1161	7	0	0.953986941	0.0	14.0
hotspot	17	ASPA	HGNC:756	NM_000049.4	169	185	5	0	0.946071294	0.0	10.0
hotspot	17	PMP22	HGNC:9118	NM_000304.4	126	157	6	1	0.934285727	0.166666667	6.0
coldspot	17	RAI1	HGNC:9834	NM_030665.4	613	657	0	5	0.927914818	10.0	0.0
coldspot	17	BRCA1	HGNC:1100	NM_007294.4	270	294	0	5	0.918576243	10.0	0.0
coldspot	17	TP53	HGNC:11998	NM_000546.6	38	52	0	6	0.912141331	12.0	0.0
coldspot	17	TP53	HGNC:11998	NM_000546.6	65	81	0	6	0.911616162	12.0	0.0
hotspot	17	RAD51C	HGNC:9820	NM_058216.3	120	166	5	1	0.901438941	0.2	5.0
coldspot	17	BRCA1	HGNC:1100	NM_007294.4	1185	1217	0	6	0.885660982	12.0	0.0
hotspot	17	NF1	HGNC:7765	NM_001042492.3	839	849	13	0	0.895146441	0.0	26.0
hotspot	17	NF1	HGNC:7765	NM_001042492.3	1409	1417	8	0	0.892199248	0.0	16.0
hotspot	17	ITGB3	HGNC:6156	NM_000212.3	239	253	6	0	0.88877451	0.0	12.0
hotspot	17	KCNJ2	HGNC:6263	NM_000891.3	63	139	5	0	0.887736976	0.0	10.0
hotspot	17	ITGA2B	HGNC:6138	NM_000419.5	153	163	5	0	0.883561291	0.0	10.0
hotspot	17	ITGB3	HGNC:6156	NM_000212.3	128	150	9	0	0.883334091	0.0	18.0
hotspot	17	SGSH	HGNC:10818	NM_000199.5	373	389	5	1	0.881740325	0.2	5.0
hotspot	17	GAA	HGNC:4065	NM_000152.5	514	524	6	0	0.881515321	0.0	12.0
coldspot	17	BRCA1	HGNC:1100	NM_007294.4	1328	1370	0	6	0.862155205	12.0	0.0
hotspot	17	GAA	HGNC:4065	NM_000152.5	595	603	6	0	0.872420635	0.0	12.0
hotspot	17	ACADVL	HGNC:92	NM_000018.4	403	419	5	0	0.863415833	0.0	10.0
coldspot	17	BRCA1	HGNC:1100	NM_007294.4	472	502	0	9	0.832034719	18.0	0.0
hotspot	17	NF1	HGNC:7765	NM_001042492.3	761	787	13	0	0.845938248	0.0	26.0
coldspot	17	RAI1	HGNC:9834	NM_030665.4	941	1025	0	5	0.825742309	10.0	0.0
hotspot	17	NF1	HGNC:7765	NM_001042492.3	1442	1456	14	0	0.839036576	0.0	28.0
hotspot	17	ASPA	HGNC:756	NM_000049.4	1	52	5	1	0.832091182	0.2	5.0
hotspot	17	NF1	HGNC:7765	NM_001042492.3	1145	1155	8	0	0.826957826	0.0	16.0
hotspot	17	TP53	HGNC:11998	NM_000546.6	190	196	8	1	0.822728377	0.125	8.0
hotspot	17	HNF1B	HGNC:11630	NM_000458.4	161	171	5	0	0.819871509	0.0	10.0
hotspot	17	GAA	HGNC:4065	NM_000152.5	471	489	8	0	0.812582247	0.0	16.0
hotspot	17	PRPF8	HGNC:17340	NM_006445.4	2302	2324	7	0	0.808743012	0.0	14.0
hotspot	17	BRCA1	HGNC:1100	NM_007294.4	1832	1848	11	1	0.803984594	0.090909091	11.0
hotspot	17	ACADVL	HGNC:92	NM_000018.4	276	296	5	0	0.801705565	0.0	10.0
hotspot	17	NF1	HGNC:7765	NM_001042492.3	1912	1960	5	0	0.796245038	0.0	10.0
hotspot	17	ACADVL	HGNC:92	NM_000018.4	202	220	7	0	0.785788475	0.0	14.0
hotspot	17	NF1	HGNC:7765	NM_001042492.3	82	94	7	0	0.781672635	0.0	14.0
hotspot	17	SCN4A	HGNC:10591	NM_000334.4	1298	1314	5	0	0.768959276	0.0	10.0
hotspot	17	ACADVL	HGNC:92	NM_000018.4	452	468	6	0	0.768169911	0.0	12.0
hotspot	17	NF1	HGNC:7765	NM_001042492.3	994	1028	7	0	0.758475811	0.0	14.0
hotspot	17	ITGA2B	HGNC:6138	NM_000419.5	315	349	8	0	0.75746121	0.0	16.0
coldspot	17	BRCA1	HGNC:1100	NM_007294.4	355	383	0	5	0.705732124	10.0	0.0
hotspot	17	GAA	HGNC:4065	NM_000152.5	358	376	6	0	0.739660629	0.0	12.0
hotspot	17	BRCA1	HGNC:1100	NM_007294.4	1727	1755	15	2	0.711751366	0.133333333	7.5
hotspot	17	NF1	HGNC:7765	NM_001042492.3	1073	1099	6	0	0.697109825	0.0	12.0
hotspot	17	ITGB3	HGNC:6156	NM_000212.3	475	536	6	1	0.686992643	0.166666667	6.0
hotspot	17	CHRNE	HGNC:1966	NM_000080.4	126	184	6	0	0.682819528	0.0	12.0
hotspot	17	TP53	HGNC:11998	NM_000546.6	173	181	19	0	0.679493893	0.0	38.0
coldspot	17	WNK4	HGNC:14544	NM_032387.5	166	844	0	15	0.621116214	30.0	0.0
coldspot	17	ARSG	HGNC:24102	NM_001267727.2	63	363	0	5	0.604547775	10.0	0.0
hotspot	17	TP53	HGNC:11998	NM_000546.6	207	221	9	0	0.657642126	0.0	18.0
hotspot	17	GAA	HGNC:4065	NM_000152.5	735	818	11	2	0.646643408	0.181818182	5.5
hotspot	17	ALDH3A2	HGNC:403	NM_000382.3	268	438	6	1	0.641781877	0.166666667	6.0
hotspot	17	SCN4A	HGNC:10591	NM_000334.4	1327	1565	13	1	0.628032987	0.076923077	13.0
coldspot	17	KDM6B	HGNC:29012	NM_001348716.2	688	1050	0	8	0.582742202	16.0	0.0
coldspot	17	NLRP1	HGNC:14374	NM_033004.4	211	429	0	8	0.580145263	16.0	0.0
hotspot	17	GUCY2D	HGNC:4689	NM_000180.4	816	934	5	0	0.617920734	0.0	10.0
hotspot	17	SGSH	HGNC:10818	NM_000199.5	24	174	12	1	0.606700939	0.083333333	12.0
hotspot	17	HNF1B	HGNC:11630	NM_000458.4	276	296	5	0	0.606579031	0.0	10.0
coldspot	17	RAI1	HGNC:9834	NM_030665.4	1216	1282	0	8	0.549124709	16.0	0.0
hotspot	17	TP53	HGNC:11998	NM_000546.6	264	284	37	2	0.598375963	0.054054054	18.5
hotspot	17	KRT17	HGNC:6427	NM_000422.3	91	97	5	0	0.59792095	0.0	10.0
hotspot	17	KRT16	HGNC:6423	NM_005557.4	121	129	5	0	0.57374016	0.0	10.0
hotspot	17	KRT9	HGNC:6447	NM_000226.4	157	165	6	0	0.55547059	0.0	12.0
coldspot	17	RNF43	HGNC:18505	NM_017763.6	121	513	0	6	0.518900815	12.0	0.0
coldspot	17	RAI1	HGNC:9834	NM_030665.4	51	93	0	5	0.511208795	10.0	0.0
hotspot	17	NAGLU	HGNC:7632	NM_000263.4	45	207	11	1	0.547579211	0.090909091	11.0
coldspot	17	RAI1	HGNC:9834	NM_030665.4	1349	1561	0	10	0.504026056	20.0	0.0
hotspot	17	GAA	HGNC:4065	NM_000152.5	308	320	5	0	0.514459064	0.0	10.0
coldspot	17	FASN	HGNC:3594	NM_004104.5	1870	2244	0	8	0.453985402	16.0	0.0
coldspot	17	TP53	HGNC:11998	NM_000546.6	354	366	0	5	0.452361111	10.0	0.0
hotspot	17	BRCA1	HGNC:1100	NM_007294.4	1685	1711	24	1	0.496845702	0.041666667	24.0
hotspot	17	NF1	HGNC:7765	NM_001042492.3	1705	1903	13	0	0.493979261	0.0	26.0
hotspot	17	GAA	HGNC:4065	NM_000152.5	609	619	10	0	0.488800705	0.0	20.0
hotspot	17	KCNJ2	HGNC:6263	NM_000891.3	213	312	9	0	0.488491736	0.0	18.0
coldspot	17	MYH3	HGNC:7573	NM_002470.4	1153	1723	0	5	0.430162447	10.0	0.0
coldspot	17	CARD14	HGNC:16446	NM_001366385.1	289	797	0	9	0.428332094	18.0	0.0
hotspot	17	BRCA1	HGNC:1100	NM_007294.4	1758	1810	15	0	0.477531357	0.0	30.0
coldspot	17	MYBBP1A	HGNC:7546	NM_014520.4	643	1111	0	6	0.409715054	12.0	0.0
hotspot	17	ITGA2B	HGNC:6138	NM_000419.5	204	220	5	0	0.465223154	0.0	10.0
coldspot	17	TOP3A	HGNC:11992	NM_004618.5	312	682	0	5	0.377919776	10.0	0.0
coldspot	17	MYO1C	HGNC:7597	NM_001080779.2	522	886	0	9	0.349087801	18.0	0.0
hotspot	17	NF1	HGNC:7765	NM_001042492.3	1177	1217	15	0	0.416694208	0.0	30.0
hotspot	17	BRCA1	HGNC:1100	NM_007294.4	16	105	43	5	0.415466746	0.11627907	8.6
coldspot	17	TP53	HGNC:11998	NM_000546.6	375	387	0	5	0.325	10.0	0.0
hotspot	17	GAA	HGNC:4065	NM_000152.5	1	195	8	1	0.368355524	0.125	8.0
hotspot	17	NF1	HGNC:7765	NM_001042492.3	1	52	11	0	0.365855989	0.0	22.0
hotspot	17	GAA	HGNC:4065	NM_000152.5	282	298	8	0	0.360400682	0.0	16.0
hotspot	17	ITGA2B	HGNC:6138	NM_000419.5	171	195	7	0	0.354190951	0.0	14.0
coldspot	17	KDM6B	HGNC:29012	NM_001348716.2	245	459	0	5	0.254349851	10.0	0.0
coldspot	17	FSCN2	HGNC:3960	NM_012418.4	96	342	0	5	0.226076035	10.0	0.0
coldspot	17	MAPT	HGNC:6893	NM_001377265.1	98	548	0	13	0.219567341	26.0	0.0
hotspot	17	NAGLU	HGNC:7632	NM_000263.4	635	701	5	0	0.272205487	0.0	10.0
coldspot	17	FASN	HGNC:3594	NM_004104.5	781	1359	0	5	0.150196689	10.0	0.0
coldspot	17	KIAA0753	HGNC:29110	NM_014804.3	179	671	0	11	0.12551038	22.0	0.0
hotspot	17	GAA	HGNC:4065	NM_000152.5	655	673	5	0	0.251559252	0.0	10.0
hotspot	17	SLC4A1	HGNC:11027	NM_000342.4	419	755	7	0	0.244722725	0.0	14.0
hotspot	17	CHD3	HGNC:1918	NM_001005273.3	935	1287	11	0	0.228459135	0.0	22.0
coldspot	17	DNAH9	HGNC:2953	NM_001372.4	1076	3752	0	24	0.057943013	48.0	0.0
coldspot	17	CCDC40	HGNC:26090	NM_017950.4	336	886	0	13	0.042659956	26.0	0.0
hotspot	17	GAA	HGNC:4065	NM_000152.5	637	651	12	0	0.206300328	0.0	24.0
coldspot	17	ARHGEF15	HGNC:15590	NM_173728.4	62	418	0	5	0.025927384	10.0	0.0
coldspot	17	TBX4	HGNC:11603	NM_001321120.2	2	358	0	6	-0.004209933	12.0	0.0
coldspot	17	TMC6	HGNC:18021	NM_001127198.5	265	529	0	6	-0.027657118	12.0	0.0
hotspot	17	TP53	HGNC:11998	NM_000546.6	114	161	40	5	0.105569468	0.125	8.0
hotspot	17	ACADVL	HGNC:92	NM_000018.4	483	615	5	1	0.061866854	0.2	5.0
hotspot	17	TP53	HGNC:11998	NM_000546.6	233	253	45	1	0.047406267	0.022222222	45.0
coldspot	17	NLRP1	HGNC:14374	NM_033004.4	1000	1284	1	8	0.594499765	8.0	0.125
coldspot	17	BRCA1	HGNC:1100	NM_007294.4	1014	1044	1	6	0.889747233	6.0	0.166666667
coldspot	17	WDR81	HGNC:26600	NM_001163809.2	452	1536	1	6	0.480404347	6.0	0.166666667
coldspot	17	BRCA1	HGNC:1100	NM_007294.4	1606	1630	1	5	0.913450235	5.0	0.2
coldspot	17	BRCA1	HGNC:1100	NM_007294.4	129	149	1	5	0.869613847	5.0	0.2
hotspot	17	SGCA	HGNC:10805	NM_000023.4	25	267	21	1	-0.140313429	0.047619048	21.0
hotspot	18	SMAD4	HGNC:6770	NM_005359.6	351	371	7	0	0.950819175	0.0	14.0
coldspot	18	TCF4	HGNC:11634	NM_001083962.2	75	105	0	5	0.94169225	10.0	0.0
coldspot	18	SETBP1	HGNC:15573	NM_015559.3	586	700	0	6	0.912157615	12.0	0.0
hotspot	18	TCF4	HGNC:11634	NM_001083962.2	572	586	9	0	0.885025388	0.0	18.0
hotspot	18	NPC1	HGNC:7897	NM_000271.5	982	1006	5	0	0.841188382	0.0	10.0
hotspot	18	SETBP1	HGNC:15573	NM_015559.3	862	872	6	0	0.833047138	0.0	12.0
hotspot	18	TTR	HGNC:12405	NM_000371.4	77	81	5	0	0.82656446	0.0	10.0
hotspot	18	TTR	HGNC:12405	NM_000371.4	63	69	7	0	0.716770186	0.0	14.0
hotspot	18	TTR	HGNC:12405	NM_000371.4	103	111	5	0	0.698717949	0.0	10.0
coldspot	18	PIEZO2	HGNC:26270	NM_001378183.1	1190	1676	0	5	0.63514625	10.0	0.0
coldspot	18	LAMA1	HGNC:6481	NM_005559.4	1793	2295	0	5	0.626143684	10.0	0.0
hotspot	18	NPC1	HGNC:7897	NM_000271.5	1181	1237	7	0	0.665599079	0.0	14.0
hotspot	18	TTR	HGNC:12405	NM_000371.4	70	76	8	0	0.605190643	0.0	16.0
coldspot	18	RTTN	HGNC:18654	NM_173630.4	133	271	0	5	0.530719173	10.0	0.0
hotspot	18	NPC1	HGNC:7897	NM_000271.5	924	952	9	0	0.573506055	0.0	18.0
coldspot	18	ASXL3	HGNC:29357	NM_030632.3	2013	2175	0	5	0.48316516	10.0	0.0
coldspot	18	EPG5	HGNC:29331	NM_020964.3	366	1320	0	9	0.430447391	18.0	0.0
hotspot	18	TTR	HGNC:12405	NM_000371.4	82	92	7	0	0.423628554	0.0	14.0
coldspot	18	DSG1	HGNC:3048	NM_001942.4	226	826	0	17	0.34098088	34.0	0.0
coldspot	18	ASXL3	HGNC:29357	NM_030632.3	524	1480	0	28	0.222818558	56.0	0.0
coldspot	18	LAMA1	HGNC:6481	NM_005559.4	473	1295	0	12	0.19869749	24.0	0.0
coldspot	18	CTDP1	HGNC:2498	NM_004715.5	91	657	0	5	0.089773364	10.0	0.0
hotspot	18	TTR	HGNC:12405	NM_000371.4	35	59	15	0	-0.132768881	0.0	30.0
hotspot	19	COMP	HGNC:2227	NM_000095.3	431	443	5	0	0.993613752	0.0	10.0
coldspot	19	CACNA1A	HGNC:1388	NM_001127222.2	2318	2328	0	6	0.979594702	12.0	0.0
coldspot	19	CACNA1A	HGNC:1388	NM_001127222.2	889	921	0	6	0.96476901	12.0	0.0
hotspot	19	ATP1A3	HGNC:801	NM_152296.5	317	327	6	0	0.971821569	0.0	12.0
hotspot	19	DNM2	HGNC:2974	NM_001005361.3	357	371	5	0	0.966345988	0.0	10.0
hotspot	19	RYR1	HGNC:10483	NM_000540.3	4630	4640	6	0	0.965914922	0.0	12.0
hotspot	19	RYR1	HGNC:10483	NM_000540.3	516	580	5	0	0.964954086	0.0	10.0
hotspot	19	PPP2R1A	HGNC:9302	NM_014225.6	178	184	7	0	0.963528927	0.0	14.0
hotspot	19	NOTCH3	HGNC:7883	NM_000435.3	420	430	5	0	0.93197593	0.0	10.0
coldspot	19	GP6	HGNC:14388	NM_016363.5	311	323	0	6	0.902589461	12.0	0.0
hotspot	19	LDLR	HGNC:6547	NM_000527.5	821	837	6	0	0.904361598	0.0	12.0
hotspot	19	GCDH	HGNC:4189	NM_000159.4	292	298	5	1	0.899519542	0.2	5.0
hotspot	19	GCDH	HGNC:4189	NM_000159.4	86	94	7	0	0.867653351	0.0	14.0
hotspot	19	RYR1	HGNC:10483	NM_000540.3	2429	2453	5	0	0.850059441	0.0	10.0
hotspot	19	LDLR	HGNC:6547	NM_000527.5	519	529	5	0	0.845344575	0.0	10.0
hotspot	19	MAP2K2	HGNC:6842	NM_030662.4	107	203	6	1	0.843726639	0.166666667	6.0
coldspot	19	KMT2B	HGNC:15840	NM_014727.3	696	840	0	12	0.830727932	24.0	0.0
hotspot	19	GAMT	HGNC:4136	NM_000156.6	162	174	7	0	0.83896815	0.0	14.0
coldspot	19	KMT2B	HGNC:15840	NM_014727.3	360	392	0	5	0.822141438	10.0	0.0
hotspot	19	NOTCH3	HGNC:7883	NM_000435.3	990	1022	7	1	0.819288448	0.142857143	7.0
coldspot	19	SMARCA4	HGNC:11100	NM_003072.5	167	301	0	5	0.792215538	10.0	0.0
hotspot	19	LDLR	HGNC:6547	NM_000527.5	591	597	5	0	0.805681818	0.0	10.0
coldspot	19	CEACAM3	HGNC:1815	NM_001815.5	72	114	0	5	0.777623718	10.0	0.0
hotspot	19	GCDH	HGNC:4189	NM_000159.4	249	265	5	0	0.79	0.0	10.0
coldspot	19	CPAMD8	HGNC:23228	NM_015692.5	210	302	0	5	0.752608238	10.0	0.0
hotspot	19	LDLR	HGNC:6547	NM_000527.5	1	10	8	0	0.763986014	0.0	16.0
hotspot	19	STK11	HGNC:11389	NM_000455.5	82	240	9	0	0.75436176	0.0	18.0
coldspot	19	PLEKHG2	HGNC:29515	NM_022835.3	469	795	0	5	0.702729644	10.0	0.0
hotspot	19	LDLR	HGNC:6547	NM_000527.5	562	568	8	0	0.729960317	0.0	16.0
hotspot	19	ATP1A3	HGNC:801	NM_152296.5	744	947	21	0	0.729518674	0.0	42.0
hotspot	19	GCDH	HGNC:4189	NM_000159.4	342	360	5	0	0.723637453	0.0	10.0
hotspot	19	LDLR	HGNC:6547	NM_000527.5	335	343	15	1	0.717890982	0.066666667	15.0
hotspot	19	GCDH	HGNC:4189	NM_000159.4	130	142	5	0	0.702777778	0.0	10.0
hotspot	19	LDLR	HGNC:6547	NM_000527.5	350	358	16	0	0.673442835	0.0	32.0
hotspot	19	SMARCA4	HGNC:11100	NM_003072.5	844	1152	6	0	0.673315722	0.0	12.0
hotspot	19	FKRP	HGNC:17997	NM_024301.5	161	353	13	1	0.665763737	0.076923077	13.0
coldspot	19	DOCK6	HGNC:19189	NM_020812.4	465	953	0	5	0.602434236	10.0	0.0
hotspot	19	ELANE	HGNC:3309	NM_001972.4	29	115	9	0	0.635626575	0.0	18.0
hotspot	19	NOTCH3	HGNC:7883	NM_000435.3	102	124	7	1	0.614762238	0.142857143	7.0
hotspot	19	NFIX	HGNC:7788	NM_001365902.3	106	118	5	0	0.610895319	0.0	10.0
hotspot	19	NOTCH3	HGNC:7883	NM_000435.3	141	153	6	0	0.582861341	0.0	12.0
hotspot	19	RYR1	HGNC:10483	NM_000540.3	4820	4960	13	0	0.582477575	0.0	26.0
hotspot	19	LDLR	HGNC:6547	NM_000527.5	208	232	48	0	0.577946107	0.0	96.0
hotspot	19	LDLR	HGNC:6547	NM_000527.5	538	552	13	0	0.569585761	0.0	26.0
coldspot	19	MYH14	HGNC:23212	NM_001145809.2	124	534	0	7	0.522145098	14.0	0.0
coldspot	19	FBN3	HGNC:18794	NM_032447.5	288	772	0	10	0.491874492	20.0	0.0
coldspot	19	NLRP7	HGNC:22947	NM_001127255.2	161	511	0	6	0.477902897	12.0	0.0
hotspot	19	LDLR	HGNC:6547	NM_000527.5	320	330	11	1	0.527752087	0.090909091	11.0
hotspot	19	GCDH	HGNC:4189	NM_000159.4	151	163	6	0	0.523809524	0.0	12.0
coldspot	19	KMT2B	HGNC:15840	NM_014727.3	2099	2287	0	9	0.460266643	18.0	0.0
hotspot	19	TUBB4A	HGNC:20774	NM_006087.4	317	401	5	0	0.502567498	0.0	10.0
hotspot	19	LDLR	HGNC:6547	NM_000527.5	135	147	16	0	0.490039596	0.0	32.0
coldspot	19	GGN	HGNC:18869	NM_152657.4	247	635	0	5	0.425144861	10.0	0.0
hotspot	19	LDLR	HGNC:6547	NM_000527.5	157	181	32	0	0.477043199	0.0	64.0
coldspot	19	KLF1	HGNC:6345	NM_006563.5	82	214	0	5	0.400104245	10.0	0.0
hotspot	19	NOTCH3	HGNC:7883	NM_000435.3	176	200	11	2	0.461988951	0.181818182	5.5
coldspot	19	IFNL3	HGNC:18365	NM_172139.4	49	171	0	6	0.362395807	12.0	0.0
hotspot	19	NOTCH3	HGNC:7883	NM_000435.3	208	278	7	1	0.429601989	0.142857143	7.0
hotspot	19	MAP2K2	HGNC:6842	NM_030662.4	55	63	5	0	0.428571429	0.0	10.0
coldspot	19	KMT2B	HGNC:15840	NM_014727.3	160	239	0	9	0.349660585	18.0	0.0
hotspot	19	LDLR	HGNC:6547	NM_000527.5	366	380	18	0	0.423144532	0.0	36.0
hotspot	19	LDLR	HGNC:6547	NM_000527.5	300	314	16	0	0.419663569	0.0	32.0
hotspot	19	LDLR	HGNC:6547	NM_000527.5	475	503	21	0	0.417440708	0.0	42.0
hotspot	19	CACNA1A	HGNC:1388	NM_001127222.2	1344	1356	8	0	0.412546641	0.0	16.0
coldspot	19	NLRP2	HGNC:22948	NM_017852.5	277	881	0	8	0.340843169	16.0	0.0
coldspot	19	CCDC8	HGNC:25367	NM_032040.5	86	434	0	10	0.287325089	20.0	0.0
hotspot	19	RYR1	HGNC:10483	NM_000540.3	2344	2370	6	0	0.379945055	0.0	12.0
hotspot	19	LDLR	HGNC:6547	NM_000527.5	30	62	8	0	0.369978379	0.0	16.0
hotspot	19	GCDH	HGNC:4189	NM_000159.4	171	191	8	0	0.365051549	0.0	16.0
hotspot	19	LDLR	HGNC:6547	NM_000527.5	665	701	25	0	0.362546204	0.0	50.0
coldspot	19	APC2	HGNC:24036	NM_005883.3	75	487	0	6	0.24883695	12.0	0.0
hotspot	19	GCDH	HGNC:4189	NM_000159.4	381	428	17	0	0.30520038	0.0	34.0
hotspot	19	LDLR	HGNC:6547	NM_000527.5	575	585	13	0	0.291737429	0.0	26.0
coldspot	19	NOTCH3	HGNC:7883	NM_000435.3	1155	2099	0	15	0.161948682	30.0	0.0
hotspot	19	LDLR	HGNC:6547	NM_000527.5	252	299	28	1	0.246107577	0.035714286	28.0
coldspot	19	PRX	HGNC:13797	NM_181882.3	175	557	0	8	0.098276366	16.0	0.0
hotspot	19	LDLR	HGNC:6547	NM_000527.5	111	129	10	0	0.224108706	0.0	20.0
hotspot	19	LDLR	HGNC:6547	NM_000527.5	81	105	29	0	0.223653869	0.0	58.0
hotspot	19	LDLR	HGNC:6547	NM_000527.5	648	658	6	0	0.220887446	0.0	12.0
coldspot	19	AKAP8	HGNC:378	NM_005858.4	203	399	0	5	0.051778287	10.0	0.0
coldspot	19	CC2D1A	HGNC:30237	NM_017721.5	203	691	0	8	0.024614719	16.0	0.0
coldspot	19	AMH	HGNC:464	NM_000479.5	72	418	0	6	0.001083842	12.0	0.0
hotspot	19	LDLR	HGNC:6547	NM_000527.5	396	451	50	0	0.17854856	0.0	100.0
hotspot	19	NOTCH3	HGNC:7883	NM_000435.3	52	84	11	2	0.141182151	0.181818182	5.5
hotspot	19	LDLR	HGNC:6547	NM_000527.5	606	634	24	0	0.023152135	0.0	48.0
coldspot	19	IL12RB1	HGNC:5971	NM_005535.3	93	437	1	7	0.306165106	7.0	0.142857143
hotspot	19	CACNA1A	HGNC:1388	NM_001127222.2	1360	1700	12	1	-0.074537416	0.083333333	12.0
coldspot	19	PEPD	HGNC:8840	NM_000285.4	300	462	1	5	0.826765569	5.0	0.2
coldspot	19	COQ8B	HGNC:19041	NM_024876.4	37	269	1	5	0.720975303	5.0	0.2
coldspot	19	MAP2K2	HGNC:6842	NM_030662.4	159	335	1	5	0.495059233	5.0	0.2
coldspot	19	PIK3R2	HGNC:8980	NM_005027.4	90	438	2	10	0.251287968	5.0	0.2
coldspot	19	LMNB2	HGNC:6638	NM_032737.4	63	491	1	5	0.124511536	5.0	0.2
hotspot	20	HNF4A	HGNC:5024	NM_175914.5	243	247	5	0	0.976792096	0.0	10.0
coldspot	20	ADNP	HGNC:15766	NM_001282531.3	899	933	0	6	0.849683091	12.0	0.0
hotspot	20	KCNQ2	HGNC:6296	NM_172107.4	329	351	7	0	0.849567166	0.0	14.0
hotspot	20	HNF4A	HGNC:5024	NM_175914.5	92	114	9	0	0.845866162	0.0	18.0
hotspot	20	CSNK2A1	HGNC:2457	NM_177559.3	143	265	7	0	0.828276232	0.0	14.0
hotspot	20	HNF4A	HGNC:5024	NM_175914.5	293	319	10	0	0.812017948	0.0	20.0
coldspot	20	KCNB1	HGNC:6231	NM_004975.4	679	737	0	5	0.764481417	10.0	0.0
hotspot	20	KCNQ2	HGNC:6296	NM_172107.4	574	584	5	0	0.782931083	0.0	10.0
hotspot	20	KCNQ2	HGNC:6296	NM_172107.4	548	564	8	0	0.744046753	0.0	16.0
hotspot	20	ADA	HGNC:186	NM_000022.4	280	314	6	0	0.703365202	0.0	12.0
coldspot	20	CEP250	HGNC:1859	NM_007186.6	825	1825	0	6	0.552665545	12.0	0.0
coldspot	20	JPH2	HGNC:14202	NM_020433.5	172	408	0	6	0.544478166	12.0	0.0
hotspot	20	KCNQ2	HGNC:6296	NM_172107.4	192	202	11	0	0.564632035	0.0	22.0
hotspot	20	KCNQ2	HGNC:6296	NM_172107.4	208	216	9	0	0.536210317	0.0	18.0
hotspot	20	KCNQ2	HGNC:6296	NM_172107.4	3	179	8	1	0.475769478	0.125	8.0
coldspot	20	CHRNA4	HGNC:1958	NM_000744.7	310	546	0	17	0.407247739	34.0	0.0
coldspot	20	RIN2	HGNC:18750	NM_018993.4	31	287	0	7	0.335945889	14.0	0.0
hotspot	20	KCNB1	HGNC:6231	NM_004975.4	378	413	8	0	0.389386095	0.0	16.0
coldspot	20	LAMA5	HGNC:6485	NM_005560.6	55	1132	0	17	0.253208757	34.0	0.0
coldspot	20	TGM6	HGNC:16255	NM_198994.3	133	459	0	21	0.219756219	42.0	0.0
hotspot	20	GNAS	HGNC:4392	NM_016592.5	73	337	18	1	0.291154924	0.055555556	18.0
hotspot	20	KCNQ2	HGNC:6296	NM_172107.4	257	273	10	0	0.258397189	0.0	20.0
coldspot	20	COL9A3	HGNC:2219	NM_001853.4	125	477	0	8	-0.074303892	16.0	0.0
hotspot	20	KCNQ2	HGNC:6296	NM_172107.4	276	323	30	0	0.126010718	0.0	60.0
coldspot	20	RTEL1	HGNC:15888	NM_001283009.2	713	1077	1	14	0.536849489	14.0	0.071428571
coldspot	21	SIK1	HGNC:11142	NM_173354.5	286	296	0	5	0.96153102	10.0	0.0
hotspot	21	AIRE	HGNC:360	NM_000383.4	79	93	5	0	0.916763664	0.0	10.0
coldspot	21	RUNX1	HGNC:10471	NM_001754.5	317	339	0	6	0.904994134	12.0	0.0
coldspot	21	PCNT	HGNC:16068	NM_006031.6	1786	2020	0	9	0.848441306	18.0	0.0
hotspot	21	CBS	HGNC:1550	NM_000071.3	256	266	5	0	0.855042863	0.0	10.0
hotspot	21	SOD1	HGNC:11179	NM_000454.5	84	90	7	0	0.848788551	0.0	14.0
hotspot	21	COL6A1	HGNC:2211	NM_001848.3	202	364	25	2	0.84643972	0.08	12.5
hotspot	21	SOD1	HGNC:11179	NM_000454.5	37	47	7	0	0.776844669	0.0	14.0
coldspot	21	SON	HGNC:11183	NM_138927.4	1128	1576	0	22	0.704301033	44.0	0.0
hotspot	21	CBS	HGNC:1550	NM_000071.3	317	347	8	0	0.706887667	0.0	16.0
hotspot	21	APP	HGNC:620	NM_000484.4	692	717	9	0	0.701552876	0.0	18.0
coldspot	21	PCNT	HGNC:16068	NM_006031.6	878	1334	0	8	0.604042932	16.0	0.0
hotspot	21	CBS	HGNC:1550	NM_000071.3	108	126	9	0	0.605265619	0.0	18.0
coldspot	21	PCNT	HGNC:16068	NM_006031.6	82	248	0	5	0.550052996	10.0	0.0
hotspot	21	RUNX1	HGNC:10471	NM_001754.5	159	169	8	0	0.559432234	0.0	16.0
hotspot	21	SOD1	HGNC:11179	NM_000454.5	114	126	5	0	0.559091822	0.0	10.0
hotspot	21	CBS	HGNC:1550	NM_000071.3	139	157	6	0	0.554332011	0.0	12.0
hotspot	21	RUNX1	HGNC:10471	NM_001754.5	195	203	8	0	0.546897547	0.0	16.0
coldspot	21	MCM3AP	HGNC:6946	NM_003906.5	827	1663	0	6	0.383732668	12.0	0.0
coldspot	21	COL6A1	HGNC:2211	NM_001848.3	849	933	0	5	0.377501232	10.0	0.0
hotspot	21	SOD1	HGNC:11179	NM_000454.5	140	150	7	0	0.435968379	0.0	14.0
hotspot	21	RUNX1	HGNC:10471	NM_001754.5	100	142	13	1	0.416752022	0.076923077	13.0
hotspot	21	SOD1	HGNC:11179	NM_000454.5	92	108	6	0	0.397749796	0.0	12.0
coldspot	21	NRIP1	HGNC:8001	NM_003489.4	229	771	0	8	0.263726289	16.0	0.0
hotspot	21	SOD1	HGNC:11179	NM_000454.5	12	22	5	0	0.34469697	0.0	10.0
coldspot	21	PCNT	HGNC:16068	NM_006031.6	2542	3108	0	14	0.239300273	28.0	0.0
hotspot	21	COL6A2	HGNC:2212	NM_001849.4	268	306	15	1	0.250062401	0.066666667	15.0
coldspot	21	SIK1	HGNC:11142	NM_173354.5	406	716	0	16	-0.219635655	32.0	0.0
coldspot	21	TSPEAR	HGNC:1268	NM_144991.3	87	425	0	5	-0.231228588	10.0	0.0
hotspot	21	TMPRSS3	HGNC:11877	NM_001256317.3	201	403	10	1	-0.053947974	0.1	10.0
coldspot	22	TRIOBP	HGNC:17009	NM_001039141.3	1367	1389	0	6	0.913166299	12.0	0.0
coldspot	22	DEPDC5	HGNC:18423	NM_001242896.3	319	597	0	5	0.84398579	10.0	0.0
coldspot	22	EP300	HGNC:3373	NM_001429.4	266	346	0	5	0.826924109	10.0	0.0
coldspot	22	TCF20	HGNC:11631	NM_001378418.1	1038	1216	0	5	0.78777646	10.0	0.0
hotspot	22	ARSA	HGNC:713	NM_000487.6	244	256	5	0	0.7266857	0.0	10.0
coldspot	22	TBX1	HGNC:11592	NM_001379200.1	342	422	0	6	0.634710588	12.0	0.0
hotspot	22	ARSA	HGNC:713	NM_000487.6	389	455	6	1	0.67126336	0.166666667	6.0
hotspot	22	ARSA	HGNC:713	NM_000487.6	281	316	12	0	0.600577947	0.0	24.0
coldspot	22	TRIOBP	HGNC:17009	NM_001039141.3	432	798	0	10	0.48882911	20.0	0.0
coldspot	22	IGLL1	HGNC:5870	NM_020070.4	134	186	0	8	0.467691751	16.0	0.0
coldspot	22	TCF20	HGNC:11631	NM_001378418.1	53	83	0	5	0.447702074	10.0	0.0
coldspot	22	TUBGCP6	HGNC:18127	NM_020461.4	832	1696	0	14	0.401482678	28.0	0.0
hotspot	22	ARSA	HGNC:713	NM_000487.6	65	118	9	0	0.454040678	0.0	18.0
hotspot	22	MLC1	HGNC:17082	NM_015166.4	67	93	7	0	0.44832538	0.0	14.0
coldspot	22	NEFH	HGNC:7737	NM_021076.4	462	696	0	11	0.363455602	22.0	0.0
coldspot	22	MYO18B	HGNC:18150	NM_032608.7	431	1897	0	18	0.33333806	36.0	0.0
coldspot	22	TRIOBP	HGNC:17009	NM_001039141.3	1588	2180	0	8	0.251130141	16.0	0.0
coldspot	22	NEFH	HGNC:7737	NM_021076.4	837	949	0	5	0.215673704	10.0	0.0
coldspot	22	TCF20	HGNC:11631	NM_001378418.1	121	415	0	5	0.202009881	10.0	0.0
coldspot	22	HPS4	HGNC:15844	NM_022081.6	284	562	0	6	0.191170985	12.0	0.0
coldspot	22	SUN2	HGNC:14210	NM_015374.3	219	609	0	5	0.185505146	10.0	0.0
coldspot	22	APOL1	HGNC:618	NM_003661.4	132	304	0	7	0.168921971	14.0	0.0
hotspot	22	PLA2G6	HGNC:9039	NM_003560.4	116	598	16	1	0.237361342	0.0625	16.0
hotspot	22	ADA2	HGNC:1839	NM_001282225.2	18	170	8	0	0.187814506	0.0	16.0
coldspot	22	EP300	HGNC:3373	NM_001429.4	628	1028	1	22	0.611353666	22.0	0.045454545
hotspot	22	ADSL	HGNC:291	NM_000026.4	297	429	6	0	0.06369907	0.0	12.0
coldspot	22	CHCHD10	HGNC:15559	NM_213720.3	24	108	1	7	0.432220472	7.0	0.142857143
coldspot	X	AR	HGNC:644	NM_000044.6	55	59	0	20	1.0	40.0	0.0
coldspot	X	GPC3	HGNC:4451	NM_004484.4	118	124	0	5	0.984520125	10.0	0.0
hotspot	X	PCDH19	HGNC:14270	NM_001184880.2	232	238	5	0	0.967529753	0.0	10.0
hotspot	X	IDS	HGNC:5389	NM_000202.8	225	233	7	0	0.962205563	0.0	14.0
hotspot	X	MECP2	HGNC:6990	NM_004992.4	300	308	14	0	0.952382508	0.0	28.0
hotspot	X	PCDH19	HGNC:14270	NM_001184880.2	121	127	5	0	0.951766374	0.0	10.0
coldspot	X	AR	HGNC:644	NM_000044.6	423	539	0	11	0.942100905	22.0	0.0
coldspot	X	ALG13	HGNC:30881	NM_001099922.3	897	939	0	13	0.939295675	26.0	0.0
hotspot	X	RS1	HGNC:10457	NM_000330.4	139	143	6	0	0.941607143	0.0	12.0
hotspot	X	PHEX	HGNC:8918	NM_000444.6	555	585	13	0	0.936435853	0.0	26.0
coldspot	X	UPF3B	HGNC:20439	NM_080632.3	307	401	0	5	0.922856195	10.0	0.0
hotspot	X	GLA	HGNC:4296	NM_000169.3	109	115	6	0	0.906626247	0.0	12.0
coldspot	X	MED12	HGNC:11957	NM_005120.3	1851	1893	0	5	0.904012027	10.0	0.0
hotspot	X	F9	HGNC:3551	NM_000133.4	335	343	5	0	0.900974026	0.0	10.0
hotspot	X	IDS	HGNC:5389	NM_000202.8	464	480	7	0	0.898886481	0.0	14.0
hotspot	X	RS1	HGNC:10457	NM_000330.4	69	75	6	0	0.898507052	0.0	12.0
hotspot	X	OTC	HGNC:8512	NM_000531.6	205	211	5	0	0.896796052	0.0	10.0
coldspot	X	DMD	HGNC:2928	NM_004006.3	463	508	0	5	0.872937148	10.0	0.0
hotspot	X	MECP2	HGNC:6990	NM_004992.4	150	160	12	0	0.866332587	0.0	24.0
hotspot	X	OTC	HGNC:8512	NM_000531.6	266	278	5	1	0.866181897	0.2	5.0
hotspot	X	F9	HGNC:3551	NM_000133.4	435	445	7	0	0.862485808	0.0	14.0
hotspot	X	ABCD1	HGNC:61	NM_000033.4	500	524	7	0	0.858834608	0.0	14.0
hotspot	X	IDS	HGNC:5389	NM_000202.8	420	432	5	1	0.857089028	0.2	5.0
hotspot	X	F8	HGNC:3546	NM_000132.4	1698	1772	7	0	0.856985901	0.0	14.0
hotspot	X	CDKL5	HGNC:11411	NM_001323289.2	16	26	6	0	0.855886243	0.0	12.0
hotspot	X	DCX	HGNC:2714	NM_001195553.2	173	213	11	0	0.855855902	0.0	22.0
hotspot	X	IDS	HGNC:5389	NM_000202.8	264	276	7	0	0.848511394	0.0	14.0
hotspot	X	GLA	HGNC:4296	NM_000169.3	182	188	5	0	0.845993031	0.0	10.0
hotspot	X	GLA	HGNC:4296	NM_000169.3	202	208	7	0	0.844259139	0.0	14.0
coldspot	X	MECP2	HGNC:6990	NM_004992.4	226	234	0	6	0.828121304	12.0	0.0
hotspot	X	DDX3X	HGNC:2745	NM_001356.5	472	492	6	0	0.833306088	0.0	12.0
hotspot	X	GLA	HGNC:4296	NM_000169.3	87	97	7	0	0.824115326	0.0	14.0
coldspot	X	MECP2	HGNC:6990	NM_004992.4	475	484	0	6	0.800991285	12.0	0.0
hotspot	X	F8	HGNC:3546	NM_000132.4	2119	2187	8	0	0.808033087	0.0	16.0
coldspot	X	OPHN1	HGNC:8148	NM_002547.3	608	750	0	5	0.78298753	10.0	0.0
hotspot	X	PDHA1	HGNC:8806	NM_000284.4	273	305	5	1	0.7976874	0.2	5.0
hotspot	X	F8	HGNC:3546	NM_000132.4	382	426	6	0	0.792142118	0.0	12.0
coldspot	X	USP9X	HGNC:12632	NM_001039591.3	1	1076	0	7	0.75837885	14.0	0.0
hotspot	X	G6PD	HGNC:4057	NM_001360016.2	384	402	9	0	0.784681151	0.0	18.0
hotspot	X	G6PD	HGNC:4057	NM_001360016.2	345	369	6	0	0.779903506	0.0	12.0
coldspot	X	F8	HGNC:3546	NM_000132.4	921	1357	0	5	0.742490525	10.0	0.0
hotspot	X	F8	HGNC:3546	NM_000132.4	296	322	5	0	0.777113279	0.0	10.0
coldspot	X	HCFC1	HGNC:4839	NM_005334.3	1011	1407	0	14	0.72742205	28.0	0.0
hotspot	X	ABCD1	HGNC:61	NM_000033.4	290	300	5	0	0.762282664	0.0	10.0
coldspot	X	MECP2	HGNC:6990	NM_004992.4	354	366	0	6	0.721172513	12.0	0.0
hotspot	X	AR	HGNC:644	NM_000044.6	817	853	5	0	0.75826891	0.0	10.0
hotspot	X	GLA	HGNC:4296	NM_000169.3	354	364	7	0	0.756197071	0.0	14.0
coldspot	X	NEXMIF	HGNC:29433	NM_001008537.3	506	798	0	5	0.711898521	10.0	0.0
hotspot	X	IDS	HGNC:5389	NM_000202.8	303	313	5	1	0.743695652	0.2	5.0
hotspot	X	G6PD	HGNC:4057	NM_001360016.2	445	469	13	0	0.731583917	0.0	26.0
hotspot	X	G6PD	HGNC:4057	NM_001360016.2	128	138	5	0	0.721799078	0.0	10.0
hotspot	X	GJB1	HGNC:4283	NM_000166.6	157	165	5	0	0.716346154	0.0	10.0
hotspot	X	GJB1	HGNC:4283	NM_000166.6	9	25	8	0	0.698388572	0.0	16.0
hotspot	X	IDS	HGNC:5389	NM_000202.8	73	93	11	1	0.696341921	0.090909091	11.0
hotspot	X	EDA	HGNC:3157	NM_001399.5	104	236	14	0	0.695450629	0.0	28.0
coldspot	X	NHS	HGNC:7820	NM_001291867.2	1167	1499	0	12	0.643124914	24.0	0.0
hotspot	X	ABCD1	HGNC:61	NM_000033.4	593	617	7	1	0.675587037	0.142857143	7.0
hotspot	X	GLA	HGNC:4296	NM_000169.3	230	242	6	0	0.672255236	0.0	12.0
coldspot	X	FLNA	HGNC:3754	NM_001110556.2	379	509	0	5	0.620694444	10.0	0.0
hotspot	X	GJB1	HGNC:4283	NM_000166.6	88	104	8	0	0.665858781	0.0	16.0
hotspot	X	GLA	HGNC:4296	NM_000169.3	288	302	10	0	0.658055901	0.0	20.0
coldspot	X	NHS	HGNC:7820	NM_001291867.2	410	796	0	14	0.602056606	28.0	0.0
coldspot	X	ANOS1	HGNC:6211	NM_000216.4	480	636	0	5	0.594966814	10.0	0.0
hotspot	X	AR	HGNC:644	NM_000044.6	723	763	7	0	0.63614812	0.0	14.0
coldspot	X	IGSF1	HGNC:5948	NM_001555.5	506	1196	0	6	0.555634987	12.0	0.0
hotspot	X	MECP2	HGNC:6990	NM_004992.4	109	143	20	0	0.603047689	0.0	40.0
hotspot	X	NAA10	HGNC:18704	NM_003491.4	46	128	8	0	0.588411137	0.0	16.0
hotspot	X	RS1	HGNC:10457	NM_000330.4	186	204	10	0	0.570664034	0.0	20.0
hotspot	X	CDKL5	HGNC:11411	NM_001323289.2	90	250	22	0	0.570075405	0.0	44.0
hotspot	X	IDS	HGNC:5389	NM_000202.8	36	56	5	0	0.56967366	0.0	10.0
coldspot	X	KDM6A	HGNC:12637	NM_001291415.2	302	1234	0	15	0.51126962	30.0	0.0
hotspot	X	F8	HGNC:3546	NM_000132.4	695	731	5	0	0.538658217	0.0	10.0
coldspot	X	FLNA	HGNC:3754	NM_001110556.2	548	666	0	5	0.478498213	10.0	0.0
hotspot	X	ABCD1	HGNC:61	NM_000033.4	141	193	12	0	0.528195893	0.0	24.0
hotspot	X	GJB1	HGNC:4283	NM_000166.6	197	215	6	0	0.527781184	0.0	12.0
hotspot	X	GJB1	HGNC:4283	NM_000166.6	48	72	6	0	0.523248129	0.0	12.0
hotspot	X	F8	HGNC:3546	NM_000132.4	132	240	5	0	0.522250107	0.0	10.0
coldspot	X	SOX3	HGNC:11199	NM_005634.3	83	357	0	5	0.474027292	10.0	0.0
hotspot	X	GJB1	HGNC:4283	NM_000166.6	175	187	9	0	0.519330973	0.0	18.0
coldspot	X	FLNA	HGNC:3754	NM_001110556.2	1670	2130	0	15	0.464144423	30.0	0.0
hotspot	X	GLA	HGNC:4296	NM_000169.3	257	273	13	0	0.501881773	0.0	26.0
hotspot	X	EDA	HGNC:3157	NM_001399.5	333	375	8	1	0.495447876	0.125	8.0
hotspot	X	GLA	HGNC:4296	NM_000169.3	1	17	5	0	0.49108156	0.0	10.0
hotspot	X	ABCD1	HGNC:61	NM_000033.4	260	286	6	0	0.480442393	0.0	12.0
coldspot	X	MECP2	HGNC:6990	NM_004992.4	419	455	0	14	0.417955664	28.0	0.0
coldspot	X	MECP2	HGNC:6990	NM_004992.4	177	207	0	10	0.400461961	20.0	0.0
coldspot	X	TAF1	HGNC:11535	NM_004606.5	251	621	0	6	0.398633509	12.0	0.0
hotspot	X	GLA	HGNC:4296	NM_000169.3	215	229	8	0	0.461243455	0.0	16.0
coldspot	X	AMER1	HGNC:26837	NM_152424.4	601	895	0	11	0.397995452	22.0	0.0
hotspot	X	IL2RG	HGNC:6010	NM_000206.3	114	262	7	1	0.459746402	0.142857143	7.0
coldspot	X	BCOR	HGNC:20893	NM_001123385.2	478	1386	0	13	0.389863115	26.0	0.0
coldspot	X	BRWD3	HGNC:17342	NM_153252.5	119	901	0	5	0.378576356	10.0	0.0
coldspot	X	FLNA	HGNC:3754	NM_001110556.2	2391	2557	0	8	0.359651124	16.0	0.0
hotspot	X	GLA	HGNC:4296	NM_000169.3	33	57	15	0	0.40767658	0.0	30.0
hotspot	X	BTK	HGNC:1133	NM_000061.3	341	595	7	1	0.397023033	0.142857143	7.0
hotspot	X	G6PD	HGNC:4057	NM_001360016.2	155	177	6	0	0.396655054	0.0	12.0
hotspot	X	GLA	HGNC:4296	NM_000169.3	319	337	9	0	0.380685325	0.0	18.0
coldspot	X	OFD1	HGNC:2567	NM_003611.3	354	860	0	15	0.228473188	30.0	0.0
coldspot	X	FRMPD4	HGNC:29007	NM_001368397.1	135	891	0	5	0.228368824	10.0	0.0
hotspot	X	RS1	HGNC:10457	NM_000330.4	211	223	7	0	0.307482993	0.0	14.0
hotspot	X	WAS	HGNC:12731	NM_000377.3	44	116	5	0	0.281284183	0.0	10.0
hotspot	X	GLA	HGNC:4296	NM_000169.3	132	148	8	1	0.277879248	0.125	8.0
coldspot	X	GPC3	HGNC:4451	NM_004484.4	266	466	0	6	0.110121612	12.0	0.0
hotspot	X	PCDH19	HGNC:14270	NM_001184880.2	247	547	11	2	0.242943185	0.181818182	5.5
coldspot	X	POLA1	HGNC:9173	NM_001330360.2	396	1270	0	10	0.071958204	20.0	0.0
coldspot	X	RPGR	HGNC:10295	NM_001034853.2	287	887	0	23	0.043584495	46.0	0.0
hotspot	X	RS1	HGNC:10457	NM_000330.4	90	121	8	1	0.164546516	0.125	8.0
hotspot	X	ABCD1	HGNC:61	NM_000033.4	99	115	6	0	0.163834423	0.0	12.0
hotspot	X	IDS	HGNC:5389	NM_000202.8	332	346	15	0	0.153831872	0.0	30.0
coldspot	X	SHROOM4	HGNC:29215	NM_020717.5	302	1232	0	12	-0.092878166	24.0	0.0
coldspot	X	UBA1	HGNC:12469	NM_003334.4	162	808	0	9	-0.121326309	18.0	0.0
coldspot	X	DMD	HGNC:2928	NM_004006.3	1595	2812	2	42	0.325749668	21.0	0.047619048
coldspot	X	MECP2	HGNC:6990	NM_004992.4	376	400	2	32	0.246363143	16.0	0.0625
hotspot	X	PHEX	HGNC:8918	NM_000444.6	695	747	5	1	0.079326923	0.2	5.0
hotspot	X	F9	HGNC:3551	NM_000133.4	351	399	5	0	0.065237101	0.0	10.0
hotspot	X	RS1	HGNC:10457	NM_000330.4	1	63	5	1	0.045107169	0.2	5.0
coldspot	X	CDKL5	HGNC:11411	NM_001323289.2	258	686	3	20	0.521062667	6.666666667	0.15
hotspot	X	PRPS1	HGNC:9462	NM_002764.4	101	214	6	0	-0.054481473	0.0	12.0
coldspot	X	MECP2	HGNC:6990	NM_004992.4	286	296	1	5	0.822604908	5.0	0.2
hotspot	X	MTM1	HGNC:7448	NM_000252.3	136	450	13	2	-0.093869586	0.153846154	6.5
