vcv_accession	rcv_accession	gene_symbols	review_stars	review_status	clinical_significance	conditions
VCV000000009	RCV000000019	HFE	2	criteria provided, multiple submitters, no conflicts	Pathogenic	{'name': 'Hemochromatosis type 1', 'database': 'MedGen', 'id': 'C3469186'}
VCV000000009	RCV000178096	HFE	2	criteria provided, multiple submitters, no conflicts	Pathogenic	{'name': 'not provided', 'database': 'MedGen', 'id': 'C3661900'}
VCV000000009	RCV000210820	HFE	1	criteria provided, single submitter	Pathogenic	{'name': 'Hereditary cancer-predisposing syndrome', 'database': 'MedGen', 'id': 'C0027672'}
VCV000000009	RCV000308358	HFE	2	criteria provided, multiple submitters, no conflicts	Pathogenic/Pathogenic, low penetrance	{'name': 'Hereditary hemochromatosis', 'database': 'MedGen', 'id': 'C0392514'}
VCV000000009	RCV000414811	HFE	0	no classifications from unflagged records	no classifications from unflagged records	{'name': 'Cutaneous photosensitivity', 'database': 'MedGen', 'id': 'C0349506'};{'name': 'Porphyrinuria', 'database': 'MedGen', 'id': 'C0151861'}
VCV000000009	RCV001248830	HFE	0	no classification provided	not provided	{'name': 'Bronze diabetes', 'database': 'MedGen', 'id': 'C6022505'}
VCV000000009	RCV001270034	HFE	1	criteria provided, single submitter	Pathogenic	{'name': 'Abdominal pain', 'database': 'MedGen', 'id': 'C0000737'};{'name': 'Abnormal peripheral nervous system morphology', 'database': 'MedGen', 'id': 'C4025831'};{'name': 'Abnormality of the male genitalia', 'database': 'MedGen', 'id': 'C4023819'};{'name': 'Abnormality of the nervous system', 'database': 'MedGen', 'id': 'C0497552'};{'name': 'Atypical behavior', 'database': 'MedGen', 'id': 'C0004941'};{'name': 'Pain', 'database': 'MedGen', 'id': 'C0030193'};{'name': 'Peripheral neuropathy', 'database': 'MedGen', 'id': 'C0031117'}
VCV000000009	RCV001731264	HFE	1	criteria provided, single submitter	Pathogenic	{'name': 'Cardiomyopathy', 'database': 'MedGen', 'id': 'C0878544'}
VCV000000009	RCV002280089	HFE	1	criteria provided, single submitter	Pathogenic	{'name': 'HFE-related disorder'}
VCV000000009	RCV002512585	HFE	1	criteria provided, single submitter	Pathogenic	{'name': 'Inborn genetic diseases', 'database': 'MedGen', 'id': 'C0950123'}
VCV000000009	RCV003224084	HFE	1	criteria provided, single submitter	Pathogenic	{'name': 'Alzheimer disease type 1', 'database': 'MedGen', 'id': 'C1863052'};{'name': 'Familial porphyria cutanea tarda', 'database': 'MedGen', 'id': 'C0268323'};{'name': 'Hemochromatosis type 1', 'database': 'MedGen', 'id': 'C3469186'};{'name': 'Microvascular complications of diabetes, susceptibility to, 7', 'database': 'MedGen', 'id': 'C2673520'};{'name': 'TRANSFERRIN SERUM LEVEL QUANTITATIVE TRAIT LOCUS 2', 'database': 'MedGen', 'id': 'C3280096'};{'name': 'Variegate porphyria', 'database': 'MedGen', 'id': 'C0162532'}
VCV000000009	RCV003493406	HFE	1	criteria provided, single submitter	risk factor	{'name': 'Juvenile hemochromatosis', 'database': 'MedGen', 'id': 'C0268060'}
VCV000000009	RCV005621842	HFE	0	no classifications from unflagged records	no classifications from unflagged records	{'name': 'Neuroendocrine neoplasm', 'database': 'MedGen', 'id': 'C0206754'}
VCV000000288	RCV000000312	VWF	3	reviewed by expert panel	Pathogenic	{'name': 'Von Willebrand disease type 2B', 'database': 'MedGen', 'id': 'C1282971'}
VCV000000288	RCV000086699	VWF	2	criteria provided, multiple submitters, no conflicts	Pathogenic/Likely pathogenic	{'name': 'not provided', 'database': 'MedGen', 'id': 'C3661900'}
VCV000000288	RCV000851599	VWF	1	criteria provided, single submitter	Pathogenic	{'name': 'Hereditary von Willebrand disease', 'database': 'MedGen', 'id': 'C5703318'}
VCV000000288	RCV000851989	VWF	2	criteria provided, multiple submitters, no conflicts	Pathogenic	{'name': 'von Willebrand disease type 2', 'database': 'MedGen', 'id': 'C1264040'}
VCV000000288	RCV000851990	VWF	1	criteria provided, single submitter	Likely pathogenic	{'name': 'Abnormality of coagulation', 'database': 'MedGen', 'id': 'C1846821'}
VCV000000288	RCV005007800	VWF	1	criteria provided, single submitter	Pathogenic	{'name': 'von Willebrand disease type 1', 'database': 'MedGen', 'id': 'C1264039'};{'name': 'von Willebrand disease type 2', 'database': 'MedGen', 'id': 'C1264040'};{'name': 'von Willebrand disease type 3', 'database': 'MedGen', 'id': 'C1264041'}
VCV000000288	RCV006456589	VWF	1	criteria provided, single submitter	Pathogenic	{'name': 'von Willebrand disorder', 'database': 'MedGen', 'id': 'C0042974'}
VCV000000289	RCV000000313	VWF	3	reviewed by expert panel	Pathogenic	{'name': 'Von Willebrand disease type 2B', 'database': 'MedGen', 'id': 'C1282971'}
VCV000000289	RCV000086703	VWF	2	criteria provided, multiple submitters, no conflicts	Pathogenic	{'name': 'not provided', 'database': 'MedGen', 'id': 'C3661900'}
VCV000000289	RCV000851770	VWF	2	criteria provided, multiple submitters, no conflicts	Pathogenic	{'name': 'Hereditary von Willebrand disease', 'database': 'MedGen', 'id': 'C5703318'}
VCV000000289	RCV002225253	VWF	2	criteria provided, multiple submitters, no conflicts	Pathogenic	{'name': 'von Willebrand disease type 2', 'database': 'MedGen', 'id': 'C1264040'}
VCV000000290	RCV000000314	VWF	3	reviewed by expert panel	Pathogenic	{'name': 'Von Willebrand disease type 2B', 'database': 'MedGen', 'id': 'C1282971'}
VCV000000290	RCV000086715	VWF	2	criteria provided, multiple submitters, no conflicts	Pathogenic	{'name': 'not provided', 'database': 'MedGen', 'id': 'C3661900'}
VCV000000290	RCV000678767	VWF	1	criteria provided, single submitter	Pathogenic	{'name': 'Hereditary von Willebrand disease', 'database': 'MedGen', 'id': 'C5703318'}
VCV000000290	RCV000851771	VWF	2	criteria provided, multiple submitters, no conflicts	Pathogenic	{'name': 'von Willebrand disease type 2', 'database': 'MedGen', 'id': 'C1264040'}
VCV000000290	RCV002476901	VWF	1	criteria provided, single submitter	Pathogenic	{'name': 'von Willebrand disease type 1', 'database': 'MedGen', 'id': 'C1264039'};{'name': 'von Willebrand disease type 2', 'database': 'MedGen', 'id': 'C1264040'};{'name': 'von Willebrand disease type 3', 'database': 'MedGen', 'id': 'C1264041'}
VCV000000314	RCV000000342	VWF	0	no assertion criteria provided	Pathogenic	{'name': 'Von Willebrand disease type 2B', 'database': 'MedGen', 'id': 'C1282971'}
VCV000000314	RCV000086676	VWF	1	criteria provided, conflicting classifications	Conflicting classifications of pathogenicity	{'name': 'not provided', 'database': 'MedGen', 'id': 'C3661900'}
VCV000000314	RCV000314989	VWF	3	reviewed by expert panel	Likely benign	{'name': 'Hereditary von Willebrand disease', 'database': 'MedGen', 'id': 'C5703318'}
VCV000000314	RCV000853236	VWF	2	criteria provided, multiple submitters, no conflicts	Pathogenic/Likely pathogenic	{'name': 'von Willebrand disease type 2', 'database': 'MedGen', 'id': 'C1264040'}
VCV000000314	RCV002247228	VWF	2	criteria provided, multiple submitters, no conflicts	Pathogenic	{'name': 'von Willebrand disease type 1', 'database': 'MedGen', 'id': 'C1264039'}
VCV000000314	RCV003313771	VWF	1	criteria provided, single submitter	Pathogenic	{'name': 'Thrombocytopenia', 'database': 'MedGen', 'id': 'C0040034'}
VCV000000314	RCV004547449	VWF	0	no assertion criteria provided	Likely pathogenic	{'name': 'VWF-related disorder'}
VCV000000314	RCV005357048	VWF	1	criteria provided, single submitter	Likely pathogenic	{'name': 'von Willebrand disease type 1', 'database': 'MedGen', 'id': 'C1264039'};{'name': 'von Willebrand disease type 3', 'database': 'MedGen', 'id': 'C1264041'}
VCV000000314	RCV006268064	VWF	1	criteria provided, single submitter	Uncertain significance	{'name': 'not specified', 'database': 'MedGen', 'id': 'CN169374'}
VCV000000582	RCV000000612	PAH	3	reviewed by expert panel	Pathogenic	{'name': 'Phenylketonuria', 'database': 'MedGen', 'id': 'C0031485'}
VCV000000582	RCV000078530	PAH	2	criteria provided, multiple submitters, no conflicts	Pathogenic	{'name': 'not provided', 'database': 'MedGen', 'id': 'C3661900'}
VCV000000582	RCV003904790	PAH	0	no assertion criteria provided	Pathogenic	{'name': 'PAH-related disorder'}
VCV000000728	RCV000000764	TPCN2	0	no assertion criteria provided	association	{'name': 'SKIN/HAIR/EYE PIGMENTATION, VARIATION IN, 10', 'database': 'MedGen', 'id': 'C2677088'}
VCV000001169	RCV000001228	F12	1	criteria provided, single submitter	Pathogenic	{'name': 'Hereditary angioedema type 3', 'database': 'MedGen', 'id': 'C1857728'}
VCV000001169	RCV000222890	F12	1	criteria provided, single submitter	Pathogenic	{'name': 'Hereditary angioneurotic edema', 'database': 'MedGen', 'id': 'C0019243'}
VCV000001169	RCV000255869	F12	2	criteria provided, multiple submitters, no conflicts	Pathogenic	{'name': 'not provided', 'database': 'MedGen', 'id': 'C3661900'}
VCV000001169	RCV000763138	F12	1	criteria provided, single submitter	Pathogenic	{'name': 'Factor XII deficiency disease', 'database': 'MedGen', 'id': 'C0015526'};{'name': 'Hereditary angioedema type 3', 'database': 'MedGen', 'id': 'C1857728'}
VCV000001534	RCV000385586	LPL	1	criteria provided, single submitter	Benign	{'name': 'Hyperlipoproteinemia, type I', 'database': 'MedGen', 'id': 'C0023817'}
VCV000001534	RCV001511819	LPL	2	criteria provided, multiple submitters, no conflicts	Benign	{'name': 'not provided', 'database': 'MedGen', 'id': 'C3661900'}
VCV000001534	RCV001804709	LPL	2	criteria provided, multiple submitters, no conflicts	Benign	{'name': 'not specified', 'database': 'MedGen', 'id': 'CN169374'}
VCV000001534	RCV002390085	LPL	1	criteria provided, single submitter	Benign	{'name': 'Cardiovascular phenotype', 'database': 'MedGen', 'id': 'CN230736'}
VCV000001534	RCV002504735	LPL	1	criteria provided, single submitter	Benign	{'name': 'Hyperlipidemia, familial combined, LPL related', 'database': 'MedGen', 'id': 'C0020474'};{'name': 'Hyperlipoproteinemia, type I', 'database': 'MedGen', 'id': 'C0023817'}
VCV000001534	RCV003974788	LPL	0	no assertion criteria provided	Benign	{'name': 'LPL-related disorder'}
VCV000001936	RCV000002013	LRRK2	2	criteria provided, multiple submitters, no conflicts	Pathogenic	{'name': 'Autosomal dominant Parkinson disease 8', 'database': 'MedGen', 'id': 'C1846862'}
VCV000001936	RCV001659678	LRRK2	2	criteria provided, multiple submitters, no conflicts	Pathogenic	{'name': 'not provided', 'database': 'MedGen', 'id': 'C3661900'}
VCV000001937	RCV000002014	LRRK2	0	no assertion criteria provided	Pathogenic	{'name': 'Autosomal dominant Parkinson disease 8', 'database': 'MedGen', 'id': 'C1846862'}
VCV000001938	RCV000002015	LRRK2	2	criteria provided, multiple submitters, no conflicts	Pathogenic	{'name': 'Autosomal dominant Parkinson disease 8', 'database': 'MedGen', 'id': 'C1846862'}
VCV000001938	RCV002472921	LRRK2	2	criteria provided, multiple submitters, no conflicts	Pathogenic	{'name': 'not provided', 'database': 'MedGen', 'id': 'C3661900'}
VCV000001939	RCV000002016	LRRK2	0	no assertion criteria provided	Pathogenic	{'name': 'Autosomal dominant Parkinson disease 8', 'database': 'MedGen', 'id': 'C1846862'}
VCV000001940	RCV000002017	LRRK2	2	criteria provided, multiple submitters, no conflicts	Pathogenic/Likely pathogenic	{'name': 'Autosomal dominant Parkinson disease 8', 'database': 'MedGen', 'id': 'C1846862'}
VCV000001940	RCV000325492	LRRK2	2	criteria provided, multiple submitters, no conflicts	Pathogenic	{'name': 'not provided', 'database': 'MedGen', 'id': 'C3661900'}
VCV000001940	RCV000622347	LRRK2	1	criteria provided, single submitter	Pathogenic	{'name': 'Inborn genetic diseases', 'database': 'MedGen', 'id': 'C0950123'}
VCV000001940	RCV001195216	LRRK2	1	criteria provided, single submitter	risk factor	{'name': 'Young-onset Parkinson disease', 'database': 'MedGen', 'id': 'C4275179'}
VCV000001940	RCV001836691	LRRK2	1	criteria provided, single submitter	Pathogenic	{'name': 'Parkinson disease, late-onset', 'database': 'MedGen', 'id': 'C3160718'}
VCV000001940	RCV003407254	LRRK2	0	no assertion criteria provided	Pathogenic	{'name': 'LRRK2-related disorder'}
VCV000001940	RCV003993728	LRRK2	1	criteria provided, single submitter	Pathogenic	{'name': 'Parkinson disease', 'database': 'MedGen', 'id': 'C0030567'}
VCV000001941	RCV000002018	LRRK2	1	criteria provided, single submitter	Pathogenic	{'name': 'Autosomal dominant Parkinson disease 8', 'database': 'MedGen', 'id': 'C1846862'}
VCV000001941	RCV001311806	LRRK2	1	criteria provided, single submitter	Pathogenic	{'name': 'not provided', 'database': 'MedGen', 'id': 'C3661900'}
VCV000001942	RCV000002019	LRRK2	2	criteria provided, multiple submitters, no conflicts	Pathogenic/Likely pathogenic	{'name': 'Autosomal dominant Parkinson disease 8', 'database': 'MedGen', 'id': 'C1846862'}
VCV000001943	RCV000032508	LRRK2	1	criteria provided, conflicting classifications	Conflicting classifications of pathogenicity	{'name': 'Autosomal dominant Parkinson disease 8', 'database': 'MedGen', 'id': 'C1846862'}
VCV000001943	RCV001449818	LRRK2	1	criteria provided, single submitter	risk factor	{'name': 'Parkinson disease', 'database': 'MedGen', 'id': 'C0030567'}
VCV000001943	RCV003488320	LRRK2	1	criteria provided, single submitter	Uncertain significance	{'name': 'not provided', 'database': 'MedGen', 'id': 'C3661900'}
VCV000002192	RCV000002276	NPSR1	0	no assertion criteria provided	Benign	{'name': 'Asthma-related traits, susceptibility to, 2', 'database': 'MedGen', 'id': 'C1837811'}
VCV000002289	RCV000002379	SETX	0	no assertion criteria provided	Conflicting classifications of pathogenicity	{'name': 'Amyotrophic lateral sclerosis type 4', 'database': 'MedGen', 'id': 'C1865409'}
VCV000002289	RCV000644828	SETX	1	criteria provided, single submitter	Pathogenic	{'name': 'Amyotrophic lateral sclerosis type 4', 'database': 'MedGen', 'id': 'C1865409'};{'name': 'Spinocerebellar ataxia, autosomal recessive, with axonal neuropathy 2', 'database': 'MedGen', 'id': 'C1853761'}
VCV000002289	RCV000724322	SETX	2	criteria provided, multiple submitters, no conflicts	Pathogenic	{'name': 'not provided', 'database': 'MedGen', 'id': 'C3661900'}
VCV000002289	RCV000789615	SETX	0	no assertion criteria provided	Uncertain significance	{'name': 'Distal spinal muscular atrophy', 'database': 'MedGen', 'id': 'C0393541'}
VCV000002289	RCV003233065	SETX	1	criteria provided, single submitter	Pathogenic	{'name': 'Spinocerebellar ataxia, autosomal recessive, with axonal neuropathy 2', 'database': 'MedGen', 'id': 'C1853761'}
VCV000002436	RCV000002538	KIF21A	2	criteria provided, multiple submitters, no conflicts	Pathogenic	{'name': 'Congenital fibrosis of extraocular muscles type 1', 'database': 'MedGen', 'id': 'C1851102'}
VCV000002436	RCV000002539	KIF21A	0	no assertion criteria provided	Pathogenic	{'name': 'Fibrosis of extraocular muscles, congenital, 3b', 'database': 'MedGen', 'id': 'C2751105'}
VCV000002436	RCV000267056	KIF21A	2	criteria provided, multiple submitters, no conflicts	Pathogenic	{'name': 'not provided', 'database': 'MedGen', 'id': 'C3661900'}
VCV000002436	RCV003398420	KIF21A	0	no assertion criteria provided	Pathogenic	{'name': 'KIF21A-related disorder'}
VCV000002436	RCV006713084	KIF21A	1	criteria provided, single submitter	Pathogenic	{'name': 'Inborn genetic diseases', 'database': 'MedGen', 'id': 'C0950123'}
VCV000002746	RCV000002869	BEST1	0	no assertion criteria provided	Pathogenic	{'name': 'Autosomal dominant vitreoretinochoroidopathy', 'database': 'MedGen', 'id': 'C3888099'}
VCV000002746	RCV003555902	BEST1	1	criteria provided, single submitter	Uncertain significance	{'name': 'not provided', 'database': 'MedGen', 'id': 'C3661900'}
VCV000002747	RCV000002870	BEST1	0	no assertion criteria provided	Pathogenic	{'name': 'Retinitis pigmentosa 50', 'database': 'MedGen', 'id': 'C2750789'}
VCV000002747	RCV001382239	BEST1	1	criteria provided, single submitter	Pathogenic	{'name': 'not provided', 'database': 'MedGen', 'id': 'C3661900'}
VCV000002874	RCV000003008	PCSK9	0	no assertion criteria provided	Pathogenic	{'name': 'Hypercholesterolemia, autosomal dominant, 3', 'database': 'MedGen', 'id': 'C1863551'}
VCV000002875	RCV000003009	PCSK9	2	criteria provided, multiple submitters, no conflicts	Pathogenic	{'name': 'Hypercholesterolemia, autosomal dominant, 3', 'database': 'MedGen', 'id': 'C1863551'}
VCV000002875	RCV000505195	PCSK9	2	criteria provided, multiple submitters, no conflicts	Pathogenic/Likely pathogenic	{'name': 'Hypercholesterolemia, familial, 1', 'database': 'MedGen', 'id': 'C0745103'}
VCV000002875	RCV004017221	PCSK9	1	criteria provided, single submitter	Pathogenic	{'name': 'Homozygous familial hypercholesterolemia', 'database': 'MedGen', 'id': 'C0342881'}
VCV000002875	RCV004018541	PCSK9	1	criteria provided, single submitter	Pathogenic	{'name': 'Cardiovascular phenotype', 'database': 'MedGen', 'id': 'CN230736'}
VCV000002875	RCV005862692	PCSK9	1	criteria provided, single submitter	Pathogenic	{'name': 'Familial hypercholesterolemia', 'database': 'MedGen', 'id': 'C0020445'}
VCV000003143	RCV000003293	KCNQ1	0	no assertion criteria provided	Pathogenic	{'name': 'Atrial fibrillation, familial, 3', 'database': 'MedGen', 'id': 'C1837014'}
VCV000003143	RCV000057673	KCNQ1	0	no classification provided	not provided	{'name': 'Atrial fibrillation', 'database': 'MedGen', 'id': 'C0004238'}
VCV000003148	RCV000003298	KCNQ1	0	no assertion criteria provided	Pathogenic	{'name': 'Short QT syndrome type 2', 'database': 'MedGen', 'id': 'C1865019'}
VCV000003148	RCV000057800	KCNQ1	0	no classification provided	not provided	{'name': 'Short QT syndrome', 'database': 'MedGen', 'id': 'C2348199'}
VCV000003148	RCV003996077	KCNQ1	1	criteria provided, single submitter	Uncertain significance	{'name': 'Long QT syndrome', 'database': 'MedGen', 'id': 'C0023976'}
VCV000003770	RCV000003968	TRPM4	0	no assertion criteria provided	Pathogenic	{'name': 'Progressive familial heart block type IB', 'database': 'MedGen', 'id': 'C1970298'}
VCV000003770	RCV004532279	TRPM4	1	criteria provided, single submitter	Likely pathogenic	{'name': 'TRPM4-related disorder', 'database': 'MedGen', 'id': 'CN239424'}
VCV000004102	RCV000004318	TMC1	2	criteria provided, multiple submitters, no conflicts	Pathogenic/Likely pathogenic	{'name': 'Autosomal dominant nonsyndromic hearing loss 36', 'database': 'MedGen', 'id': 'C1847626'}
VCV000004102	RCV000217542	TMC1	1	criteria provided, single submitter	Pathogenic	{'name': 'Rare genetic deafness', 'database': 'MedGen', 'id': 'C5680250'}
VCV000004102	RCV001810830	TMC1	2	criteria provided, multiple submitters, no conflicts	Pathogenic	{'name': 'not provided', 'database': 'MedGen', 'id': 'C3661900'}
VCV000004153	RCV000004370	GP1BA	2	criteria provided, multiple submitters, no conflicts	Pathogenic/Likely pathogenic	{'name': 'Pseudo von Willebrand disease', 'database': 'MedGen', 'id': 'C1280798'}
VCV000004155	RCV000004372	GP1BA	1	criteria provided, single submitter	Pathogenic	{'name': 'Pseudo von Willebrand disease', 'database': 'MedGen', 'id': 'C1280798'}
VCV000004155	RCV000851872	GP1BA	1	criteria provided, single submitter	Likely pathogenic	{'name': 'Thrombocytopenia', 'database': 'MedGen', 'id': 'C0040034'}
VCV000004155	RCV000851873	GP1BA	1	criteria provided, single submitter	Likely pathogenic	{'name': 'Impaired ristocetin-induced platelet aggregation', 'database': 'MedGen', 'id': 'C4023154'}
VCV000004155	RCV001810831	GP1BA	2	criteria provided, multiple submitters, no conflicts	Pathogenic	{'name': 'not provided', 'database': 'MedGen', 'id': 'C3661900'}
VCV000004377	RCV000004626	NLRP3	0	no assertion criteria provided	Pathogenic	{'name': 'Chronic infantile neurological, cutaneous and articular syndrome', 'database': 'MedGen', 'id': 'C0409818'}
VCV000004377	RCV000004627	NLRP3	0	no assertion criteria provided	Pathogenic	{'name': 'Familial amyloid nephropathy with urticaria AND deafness', 'database': 'MedGen', 'id': 'C0268390'}
VCV000004377	RCV000084240	NLRP3	0	no classification provided	not provided	{'name': 'Familial cold autoinflammatory syndrome 1', 'database': 'MedGen', 'id': 'C4551895'}
VCV000004377	RCV000214348	NLRP3	2	criteria provided, multiple submitters, no conflicts	Pathogenic	{'name': 'not provided', 'database': 'MedGen', 'id': 'C3661900'}
VCV000004377	RCV000527671	NLRP3	1	criteria provided, single submitter	Pathogenic	{'name': 'Cryopyrin associated periodic syndrome', 'database': 'MedGen', 'id': 'C2316212'}
VCV000004634	RCV000004897	TBX20	0	no assertion criteria provided	Pathogenic	{'name': 'Atrial septal defect 4', 'database': 'MedGen', 'id': 'C1969657'}
VCV000004694	RCV000004958	NOD2	1	criteria provided, single submitter	Pathogenic	{'name': 'Blau syndrome', 'database': 'MedGen', 'id': 'C5201146'}
VCV000004694	RCV000482720	NOD2	2	criteria provided, multiple submitters, no conflicts	Pathogenic	{'name': 'not provided', 'database': 'MedGen', 'id': 'C3661900'}
VCV000004694	RCV002512784	NOD2	1	criteria provided, single submitter	Pathogenic	{'name': 'Blau syndrome', 'database': 'MedGen', 'id': 'C5201146'};{'name': 'Regional enteritis', 'database': 'MedGen', 'id': 'C0678202'}
VCV000004696	RCV000004960	NOD2	2	criteria provided, multiple submitters, no conflicts	Pathogenic	{'name': 'Blau syndrome', 'database': 'MedGen', 'id': 'C5201146'}
VCV000004696	RCV001509512	NOD2	2	criteria provided, multiple submitters, no conflicts	Pathogenic	{'name': 'not provided', 'database': 'MedGen', 'id': 'C3661900'}
VCV000004696	RCV002512785	NOD2	1	criteria provided, single submitter	Pathogenic	{'name': 'Blau syndrome', 'database': 'MedGen', 'id': 'C5201146'};{'name': 'Regional enteritis', 'database': 'MedGen', 'id': 'C0678202'}
VCV000004696	RCV006659124	NOD2	1	criteria provided, single submitter	Pathogenic	{'name': 'Inborn genetic diseases', 'database': 'MedGen', 'id': 'C0950123'}
VCV000004699	RCV000416482	NOD2	0	no assertion criteria provided	Pathogenic	{'name': 'Blau syndrome', 'database': 'MedGen', 'id': 'C5201146'}
VCV000004699	RCV003764528	NOD2	1	criteria provided, single submitter	Pathogenic	{'name': 'Blau syndrome', 'database': 'MedGen', 'id': 'C5201146'};{'name': 'Regional enteritis', 'database': 'MedGen', 'id': 'C0678202'}
VCV000004701	RCV000004966	NOD2	0	no assertion criteria provided	Pathogenic	{'name': 'Blau syndrome', 'database': 'MedGen', 'id': 'C5201146'}
VCV000004701	RCV002512788	NOD2	1	criteria provided, single submitter	Pathogenic	{'name': 'Blau syndrome', 'database': 'MedGen', 'id': 'C5201146'};{'name': 'Regional enteritis', 'database': 'MedGen', 'id': 'C0678202'}
VCV000004800	RCV000005067	SPTLC1	1	criteria provided, single submitter	Pathogenic	{'name': 'Hereditary sensory and autonomic neuropathy type 1', 'database': 'MedGen', 'id': 'C0020071'}
VCV000004800	RCV001027483	SPTLC1	0	no assertion criteria provided	Uncertain significance	{'name': 'Charcot-Marie-Tooth disease', 'database': 'MedGen', 'id': 'C0007959'}
VCV000004800	RCV001249800	SPTLC1	1	criteria provided, single submitter	Pathogenic	{'name': 'Neuropathy, hereditary sensory and autonomic, type 1A', 'database': 'MedGen', 'id': 'C5235211'}
VCV000004800	RCV002512792	SPTLC1	1	criteria provided, single submitter	Pathogenic	{'name': 'Inborn genetic diseases', 'database': 'MedGen', 'id': 'C0950123'}
VCV000004800	RCV004998075	SPTLC1	2	criteria provided, multiple submitters, no conflicts	Pathogenic	{'name': 'not provided', 'database': 'MedGen', 'id': 'C3661900'}
VCV000004803	RCV000005070	SPTLC1	1	criteria provided, single submitter	Pathogenic	{'name': 'Hereditary sensory and autonomic neuropathy type 1', 'database': 'MedGen', 'id': 'C0020071'}
VCV000004803	RCV001004021	SPTLC1	0	no assertion criteria provided	Pathogenic	{'name': 'Sensorimotor neuropathy', 'database': 'MedGen', 'id': 'C1112256'}
VCV000004803	RCV001174071	SPTLC1	1	criteria provided, single submitter	Pathogenic	{'name': 'Charcot-Marie-Tooth disease', 'database': 'MedGen', 'id': 'C0007959'}
VCV000004803	RCV001249798	SPTLC1	0	no assertion criteria provided	Pathogenic	{'name': 'Neuropathy, hereditary sensory and autonomic, type 1A', 'database': 'MedGen', 'id': 'C5235211'}
VCV000004803	RCV004597725	SPTLC1	1	criteria provided, single submitter	Pathogenic	{'name': 'not provided', 'database': 'MedGen', 'id': 'C3661900'}
VCV000004992	RCV000005280	TRPV4	0	no assertion criteria provided	Pathogenic	{'name': 'Brachyrachia (short spine dysplasia)', 'database': 'MedGen', 'id': 'C0432227'}
VCV000004992	RCV000202519	TRPV4	0	no classification provided	not provided	{'name': 'Skeletal dysplasia', 'database': 'MedGen', 'id': 'C0410528'}
VCV000004992	RCV001269634	TRPV4	1	criteria provided, single submitter	Pathogenic	{'name': 'not provided', 'database': 'MedGen', 'id': 'C3661900'}
VCV000004992	RCV003505079	TRPV4	1	criteria provided, single submitter	Pathogenic	{'name': 'Charcot-Marie-Tooth disease axonal type 2C', 'database': 'MedGen', 'id': 'C1853710'}
VCV000005025	RCV000005328	FGF23	0	no assertion criteria provided	Pathogenic	{'name': 'Autosomal dominant hypophosphatemic rickets', 'database': 'MedGen', 'id': 'C0342642'}
VCV000005025	RCV000254829	FGF23	1	criteria provided, single submitter	Pathogenic	{'name': 'not provided', 'database': 'MedGen', 'id': 'C3661900'}
VCV000005198	RCV000005508	ANKH	0	no assertion criteria provided	Pathogenic	{'name': 'Chondrocalcinosis 2', 'database': 'MedGen', 'id': 'C0856830'}
VCV000005198	RCV004719627	ANKH	1	criteria provided, single submitter	Likely pathogenic	{'name': 'not provided', 'database': 'MedGen', 'id': 'C3661900'}
VCV000005234	RCV000005545	TARDBP	2	criteria provided, multiple submitters, no conflicts	Pathogenic/Likely pathogenic	{'name': 'Amyotrophic lateral sclerosis type 10', 'database': 'MedGen', 'id': 'C2677565'}
VCV000005234	RCV000516886	TARDBP	2	criteria provided, multiple submitters, no conflicts	Pathogenic	{'name': 'not provided', 'database': 'MedGen', 'id': 'C3661900'}
VCV000005234	RCV001851671	TARDBP	1	criteria provided, single submitter	Pathogenic	{'name': 'Amyotrophic lateral sclerosis type 10', 'database': 'MedGen', 'id': 'C2677565'};{'name': 'FRONTOTEMPORAL LOBAR DEGENERATION WITH TDP43 INCLUSIONS, TARDBP-RELATED', 'database': 'MedGen', 'id': 'C3150169'}
VCV000005236	RCV000005547	TARDBP	2	criteria provided, multiple submitters, no conflicts	Pathogenic	{'name': 'Amyotrophic lateral sclerosis type 10', 'database': 'MedGen', 'id': 'C2677565'}
VCV000005236	RCV001384596	TARDBP	1	criteria provided, single submitter	Pathogenic	{'name': 'Amyotrophic lateral sclerosis type 10', 'database': 'MedGen', 'id': 'C2677565'};{'name': 'FRONTOTEMPORAL LOBAR DEGENERATION WITH TDP43 INCLUSIONS, TARDBP-RELATED', 'database': 'MedGen', 'id': 'C3150169'}
VCV000005236	RCV004546411	TARDBP	1	criteria provided, single submitter	Pathogenic	{'name': 'not provided', 'database': 'MedGen', 'id': 'C3661900'}
VCV000005284	RCV000005602	PRKAG3	0	no assertion criteria provided	association	{'name': 'SKELETAL MUSCLE GLYCOGEN CONTENT AND METABOLISM QUANTITATIVE TRAIT LOCUS', 'database': 'MedGen', 'id': 'C5436642'}
VCV000005391	RCV000005722	RRM2B	2	criteria provided, multiple submitters, no conflicts	Pathogenic	{'name': 'Progressive external ophthalmoplegia with mitochondrial DNA deletions, autosomal dominant 5', 'database': 'MedGen', 'id': 'C2751319'}
VCV000005391	RCV000119016	RRM2B	0	no classification provided	not provided	{'name': 'RRM2B-related mitochondrial disease', 'database': 'MedGen', 'id': 'CN187502'}
VCV000005391	RCV000197531	RRM2B	2	criteria provided, multiple submitters, no conflicts	Pathogenic	{'name': 'not provided', 'database': 'MedGen', 'id': 'C3661900'}
VCV000005391	RCV006635412	RRM2B	1	criteria provided, single submitter	Pathogenic	{'name': 'Mitochondrial DNA depletion syndrome 8a', 'database': 'MedGen', 'id': 'C2749861'}
VCV000005533	RCV000005871	NR2E3	2	criteria provided, multiple submitters, no conflicts	Pathogenic/Likely pathogenic	{'name': 'Retinitis pigmentosa 37', 'database': 'MedGen', 'id': 'C1970163'}
VCV000005533	RCV000286602	NR2E3	2	criteria provided, multiple submitters, no conflicts	Pathogenic	{'name': 'not provided', 'database': 'MedGen', 'id': 'C3661900'}
VCV000005533	RCV000787628	NR2E3	0	no assertion criteria provided	Pathogenic	{'name': 'Retinitis pigmentosa', 'database': 'MedGen', 'id': 'C0035334'}
VCV000005533	RCV001075751	NR2E3	2	criteria provided, multiple submitters, no conflicts	Pathogenic	{'name': 'Retinal dystrophy', 'database': 'MedGen', 'id': 'C0854723'}
VCV000005533	RCV006261933	NR2E3	1	criteria provided, single submitter	Pathogenic	{'name': 'Retinal disorder', 'database': 'MedGen', 'id': 'C0035309'}
VCV000005658	RCV000006012	SPAST	1	criteria provided, single submitter	Pathogenic	{'name': 'Hereditary spastic paraplegia 4', 'database': 'MedGen', 'id': 'C1866855'}
VCV000005658	RCV004589497	SPAST	1	criteria provided, single submitter	Pathogenic	{'name': 'not provided', 'database': 'MedGen', 'id': 'C3661900'}
VCV000005750	RCV000006106	SLC22A4	0	no assertion criteria provided	Benign	{'name': 'SLC22A4 POLYMORPHISM'}
VCV000005750	RCV001682707	SLC22A4	2	criteria provided, multiple submitters, no conflicts	Benign	{'name': 'not provided', 'database': 'MedGen', 'id': 'C3661900'}
VCV000005750	RCV006445459	SLC22A4	1	criteria provided, single submitter	Benign	{'name': 'not specified', 'database': 'MedGen', 'id': 'CN169374'}
VCV000005924	RCV000006287	SCN4A	0	no assertion criteria provided	Pathogenic	{'name': 'Paramyotonia congenita of Von Eulenburg', 'database': 'MedGen', 'id': 'C0221055'}
VCV000005941	RCV000006304	KCNMB1	0	no assertion criteria provided	protective	{'name': 'HYPERTENSION, DIASTOLIC, RESISTANCE TO', 'database': 'MedGen', 'id': 'C1837739'}
VCV000005941	RCV003982827	KCNMB1	0	no assertion criteria provided	Benign	{'name': 'KCNMB1-related disorder'}
VCV000006000	RCV000006366	SLC25A15	2	criteria provided, multiple submitters, no conflicts	Pathogenic	{'name': 'Hyperornithinemia-hyperammonemia-homocitrullinuria syndrome', 'database': 'MedGen', 'id': 'C0268540'}
VCV000006053	RCV000006425	KCNE2	2	criteria provided, multiple submitters, no conflicts	Uncertain significance; risk factor	{'name': 'Long QT syndrome 6', 'database': 'MedGen', 'id': 'C3150953'}
VCV000006053	RCV000058360	KCNE2	0	no classification provided	not provided	{'name': 'Congenital long QT syndrome', 'database': 'MedGen', 'id': 'C1141890'}
VCV000006053	RCV000212497	KCNE2	1	criteria provided, single submitter	Uncertain significance	{'name': 'not provided', 'database': 'MedGen', 'id': 'C3661900'}
VCV000006053	RCV000407848	KCNE2	1	criteria provided, single submitter	Likely pathogenic	{'name': 'KCNE2-related disorder', 'database': 'MedGen', 'id': 'CN239320'}
VCV000006053	RCV001841228	KCNE2	0	no assertion criteria provided	Likely pathogenic	{'name': 'Cardiac arrhythmia', 'database': 'MedGen', 'id': 'C0003811'}
VCV000006053	RCV002399310	KCNE2	1	criteria provided, single submitter	Likely benign	{'name': 'Cardiovascular phenotype', 'database': 'MedGen', 'id': 'CN230736'}
VCV000006053	RCV004772828	KCNE2	1	criteria provided, single submitter	Uncertain significance	{'name': 'Long QT syndrome', 'database': 'MedGen', 'id': 'C0023976'}
VCV000006053	RCV005237356	KCNE2	1	criteria provided, single submitter	Uncertain significance	{'name': 'not specified', 'database': 'MedGen', 'id': 'CN169374'}
VCV000006055	RCV000006427	KCNE2	0	no assertion criteria provided	Pathogenic	{'name': 'Atrial fibrillation, familial, 4', 'database': 'MedGen', 'id': 'C1862394'}
VCV000006055	RCV000058377	KCNE2	0	no classification provided	not provided	{'name': 'Atrial fibrillation', 'database': 'MedGen', 'id': 'C0004238'}
VCV000006055	RCV000157256	KCNE2	0	no assertion criteria provided	Uncertain significance	{'name': 'Long QT syndrome', 'database': 'MedGen', 'id': 'C0023976'};{'name': 'Primary familial hypertrophic cardiomyopathy', 'database': 'MedGen', 'id': 'C0949658'}
VCV000006055	RCV000490451	KCNE2	1	criteria provided, single submitter	Likely pathogenic	{'name': 'Atrial fibrillation, familial, 4', 'database': 'MedGen', 'id': 'C1862394'};{'name': 'Long QT syndrome 6', 'database': 'MedGen', 'id': 'C3150953'}
VCV000006055	RCV000756281	KCNE2	2	criteria provided, multiple submitters, no conflicts	Uncertain significance	{'name': 'not provided', 'database': 'MedGen', 'id': 'C3661900'}
VCV000006055	RCV001080271	KCNE2	1	criteria provided, single submitter	Likely benign	{'name': 'Long QT syndrome 6', 'database': 'MedGen', 'id': 'C3150953'}
VCV000006055	RCV004018576	KCNE2	1	criteria provided, single submitter	Benign	{'name': 'Cardiovascular phenotype', 'database': 'MedGen', 'id': 'CN230736'}
VCV000006080	RCV000006453	APOL1	0	no assertion criteria provided	risk factor	{'name': 'Focal segmental glomerulosclerosis 4, susceptibility to', 'database': 'MedGen', 'id': 'C2675525'}
VCV000006080	RCV001195215	APOL1	1	criteria provided, single submitter	risk factor	{'name': 'Hyalinosis, Segmental Glomerular', 'database': 'MedGen', 'id': 'C0086432'}
VCV000006080	RCV002468554	APOL1	0	no assertion criteria provided	Established risk allele	{'name': 'Focal segmental glomerulosclerosis, susceptibility to'}
VCV000006151	RCV000006526	TRPC6	1	criteria provided, single submitter	Pathogenic	{'name': 'Focal segmental glomerulosclerosis 2', 'database': 'MedGen', 'id': 'C1858915'}
VCV000006152	RCV000006527	TRPC6	0	no assertion criteria provided	Conflicting classifications of pathogenicity	{'name': 'Focal segmental glomerulosclerosis 2', 'database': 'MedGen', 'id': 'C1858915'}
VCV000006152	RCV000782220	TRPC6	1	criteria provided, single submitter	Uncertain significance	{'name': 'not provided', 'database': 'MedGen', 'id': 'C3661900'}
VCV000006154	RCV000006529	TRPC6	0	no assertion criteria provided	Pathogenic	{'name': 'Focal segmental glomerulosclerosis 2', 'database': 'MedGen', 'id': 'C1858915'}
VCV000006154	RCV005089193	TRPC6	1	criteria provided, conflicting classifications	Conflicting classifications of pathogenicity	{'name': 'not provided', 'database': 'MedGen', 'id': 'C3661900'}
VCV000006155	RCV000006530	TRPC6	2	criteria provided, multiple submitters, no conflicts	Pathogenic	{'name': 'Focal segmental glomerulosclerosis 2', 'database': 'MedGen', 'id': 'C1858915'}
VCV000006155	RCV000681872	TRPC6	2	criteria provided, multiple submitters, no conflicts	Pathogenic	{'name': 'not provided', 'database': 'MedGen', 'id': 'C3661900'}
VCV000006155	RCV001328174	TRPC6	0	no assertion criteria provided	Pathogenic	{'name': 'Nephrotic syndrome', 'database': 'MedGen', 'id': 'C0027726'}
VCV000006155	RCV004751205	TRPC6	0	no assertion criteria provided	Pathogenic	{'name': 'TRPC6-related disorder'}
VCV000006156	RCV000006531	TRPC6	0	no assertion criteria provided	Pathogenic	{'name': 'Focal segmental glomerulosclerosis 2', 'database': 'MedGen', 'id': 'C1858915'}
VCV000006156	RCV000681807	TRPC6	1	criteria provided, single submitter	Pathogenic	{'name': 'not provided', 'database': 'MedGen', 'id': 'C3661900'}
VCV000006156	RCV003362661	TRPC6	1	criteria provided, single submitter	Likely pathogenic	{'name': 'Inborn genetic diseases', 'database': 'MedGen', 'id': 'C0950123'}
VCV000006189	RCV000006566	YARS1	2	criteria provided, multiple submitters, no conflicts	Pathogenic/Likely pathogenic	{'name': 'Charcot-Marie-Tooth disease dominant intermediate C', 'database': 'MedGen', 'id': 'C1842237'}
VCV000006189	RCV000789621	YARS1	0	no assertion criteria provided	Uncertain significance	{'name': 'Charcot-Marie-Tooth disease', 'database': 'MedGen', 'id': 'C0007959'}
VCV000006189	RCV003328123	YARS1	1	criteria provided, single submitter	Pathogenic	{'name': 'Neurologic, endocrine, and pancreatic disease, multisystem, infantile-onset 2', 'database': 'MedGen', 'id': 'C5543623'}
VCV000006280	RCV000006658	LRP5	0	no assertion criteria provided	Pathogenic	{'name': 'High bone mass', 'database': 'MedGen', 'id': 'C1866080'}
VCV000006280	RCV002512843	LRP5	1	criteria provided, single submitter	Pathogenic	{'name': 'not provided', 'database': 'MedGen', 'id': 'C3661900'}
VCV000006280	RCV006268073	LRP5	1	criteria provided, single submitter	Pathogenic	{'name': 'Disorder of bone', 'database': 'MedGen', 'id': 'C0005940'}
VCV000006282	RCV000006660	LRP5	1	criteria provided, single submitter	Likely pathogenic	{'name': 'Worth disease', 'database': 'MedGen', 'id': 'C0432273'}
VCV000006282	RCV000006661	LRP5	0	no assertion criteria provided	Pathogenic	{'name': 'Autosomal dominant osteopetrosis 1', 'database': 'MedGen', 'id': 'C1843330'}
VCV000006282	RCV000383760	LRP5	2	criteria provided, multiple submitters, no conflicts	Pathogenic/Likely pathogenic	{'name': 'not provided', 'database': 'MedGen', 'id': 'C3661900'}
VCV000006282	RCV004742220	LRP5	0	no assertion criteria provided	Pathogenic	{'name': 'LRP5-related disorder'}
VCV000006282	RCV005624678	LRP5	1	criteria provided, single submitter	Pathogenic	{'name': 'Skeletal dysplasia', 'database': 'MedGen', 'id': 'C0410528'}
VCV000006283	RCV000006663	LRP5	0	no assertion criteria provided	Pathogenic	{'name': 'Worth disease', 'database': 'MedGen', 'id': 'C0432273'}
VCV000006283	RCV000786921	LRP5	0	no assertion criteria provided	Pathogenic	{'name': 'Autosomal dominant osteopetrosis 1', 'database': 'MedGen', 'id': 'C1843330'}
VCV000006283	RCV005229766	LRP5	2	criteria provided, multiple submitters, no conflicts	Pathogenic	{'name': 'not provided', 'database': 'MedGen', 'id': 'C3661900'}
VCV000006284	RCV000006664	LRP5	0	no assertion criteria provided	Pathogenic	{'name': 'Worth disease', 'database': 'MedGen', 'id': 'C0432273'}
VCV000006285	RCV000006665	LRP5	0	no assertion criteria provided	Pathogenic	{'name': 'Autosomal dominant osteopetrosis 1', 'database': 'MedGen', 'id': 'C1843330'}
VCV000006349	RCV000006721	SCN9A	1	criteria provided, single submitter	Pathogenic	{'name': 'Primary erythromelalgia', 'database': 'MedGen', 'id': 'C0014805'}
VCV000006349	RCV002512849	SCN9A	1	criteria provided, single submitter	Pathogenic	{'name': 'Generalized epilepsy with febrile seizures plus, type 7', 'database': 'MedGen', 'id': 'C2751778'};{'name': 'Neuropathy, hereditary sensory and autonomic, type 2A', 'database': 'MedGen', 'id': 'C2752089'}
VCV000006350	RCV000006722	SCN9A	0	no assertion criteria provided	Pathogenic	{'name': 'Primary erythromelalgia', 'database': 'MedGen', 'id': 'C0014805'}
VCV000006350	RCV001004018	SCN9A	0	no assertion criteria provided	Likely pathogenic	{'name': 'Abnormality of pain sensation', 'database': 'MedGen', 'id': 'C4023691'};{'name': 'Acute episodes of neuropathic symptoms', 'database': 'MedGen', 'id': 'C1867971'}
VCV000006350	RCV001067998	SCN9A	1	criteria provided, single submitter	Pathogenic	{'name': 'Generalized epilepsy with febrile seizures plus, type 7', 'database': 'MedGen', 'id': 'C2751778'};{'name': 'Neuropathy, hereditary sensory and autonomic, type 2A', 'database': 'MedGen', 'id': 'C2752089'}
VCV000006350	RCV001270748	SCN9A	1	criteria provided, single submitter	Pathogenic	{'name': 'SCN9A-related peripheral neuropathies associated with increased pain'}
VCV000006350	RCV001781194	SCN9A	2	criteria provided, multiple submitters, no conflicts	Pathogenic	{'name': 'not provided', 'database': 'MedGen', 'id': 'C3661900'}
VCV000006351	RCV000006723	SCN9A	0	no assertion criteria provided	Conflicting classifications of pathogenicity	{'name': 'Primary erythromelalgia', 'database': 'MedGen', 'id': 'C0014805'}
VCV000006352	RCV000006724	SCN9A	0	no assertion criteria provided	Pathogenic	{'name': 'Primary erythromelalgia', 'database': 'MedGen', 'id': 'C0014805'}
VCV000006364	RCV000006736	SCN9A	0	no assertion criteria provided	Pathogenic	{'name': 'Primary erythromelalgia', 'database': 'MedGen', 'id': 'C0014805'}
VCV000006370	RCV000006742	SCN9A	1	criteria provided, single submitter	Likely benign	{'name': 'Primary erythromelalgia', 'database': 'MedGen', 'id': 'C0014805'}
VCV000006370	RCV000309032	SCN9A	1	criteria provided, single submitter	Likely benign	{'name': 'Channelopathy-associated congenital insensitivity to pain, autosomal recessive', 'database': 'MedGen', 'id': 'C1855739'}
VCV000006370	RCV000402111	SCN9A	1	criteria provided, single submitter	Likely benign	{'name': 'Paroxysmal extreme pain disorder', 'database': 'MedGen', 'id': 'C1833661'}
VCV000006370	RCV000532835	SCN9A	1	criteria provided, single submitter	Likely benign	{'name': 'Generalized epilepsy with febrile seizures plus, type 7', 'database': 'MedGen', 'id': 'C2751778'};{'name': 'Neuropathy, hereditary sensory and autonomic, type 2A', 'database': 'MedGen', 'id': 'C2752089'}
VCV000006431	RCV000006800	TSHR	0	no assertion criteria provided	Pathogenic	{'name': 'Thyroid adenoma, hyperfunctioning, somatic', 'database': 'MedGen', 'id': 'C1863960'}
VCV000006450	RCV000006820	TSHR	0	no assertion criteria provided	Pathogenic	{'name': 'Familial hyperthyroidism due to mutations in TSH receptor', 'database': 'MedGen', 'id': 'C1836706'}
VCV000006450	RCV002468962	TSHR	1	criteria provided, single submitter	Likely pathogenic	{'name': 'not provided', 'database': 'MedGen', 'id': 'C3661900'}
VCV000006451	RCV000006821	TSHR	0	no assertion criteria provided	Pathogenic	{'name': 'Familial hyperthyroidism due to mutations in TSH receptor', 'database': 'MedGen', 'id': 'C1836706'}
VCV000006451	RCV000006822	TSHR	0	no assertion criteria provided	Pathogenic	{'name': 'Thyroid adenoma, hyperfunctioning, somatic', 'database': 'MedGen', 'id': 'C1863960'}
VCV000006452	RCV000006823	TSHR	0	no assertion criteria provided	Pathogenic	{'name': 'Familial hyperthyroidism due to mutations in TSH receptor', 'database': 'MedGen', 'id': 'C1836706'}
VCV000006453	RCV000006824	TSHR	0	no assertion criteria provided	Pathogenic	{'name': 'Familial gestational hyperthyroidism', 'database': 'MedGen', 'id': 'C1863959'}
VCV000006454	RCV000006825	TSHR	0	no assertion criteria provided	Pathogenic	{'name': 'Familial hyperthyroidism due to mutations in TSH receptor', 'database': 'MedGen', 'id': 'C1836706'}
VCV000006468	RCV000006841	EPAS1	0	no assertion criteria provided	Pathogenic	{'name': 'Erythrocytosis, familial, 4', 'database': 'MedGen', 'id': 'C2673187'}
VCV000006469	RCV000006842	EPAS1	1	criteria provided, single submitter	Pathogenic	{'name': 'Erythrocytosis, familial, 4', 'database': 'MedGen', 'id': 'C2673187'}
VCV000006469	RCV001532400	EPAS1	2	criteria provided, multiple submitters, no conflicts	Pathogenic	{'name': 'not provided', 'database': 'MedGen', 'id': 'C3661900'}
VCV000006470	RCV000006843	EPAS1	0	no assertion criteria provided	Pathogenic	{'name': 'Erythrocytosis, familial, 4', 'database': 'MedGen', 'id': 'C2673187'}
VCV000006724	RCV000007116	FAAH	0	no assertion criteria provided	Benign	{'name': 'FAAH POLYMORPHISM'}
VCV000006724	RCV002496290	FAAH	1	criteria provided, single submitter	Likely benign	{'name': 'Polysubstance abuse, susceptibility to', 'database': 'MedGen', 'id': 'C1847831'}
VCV000006724	RCV003974803	FAAH	0	no assertion criteria provided	Benign	{'name': 'FAAH-related disorder'}
VCV000006724	RCV004713166	FAAH	1	criteria provided, single submitter	Benign	{'name': 'not provided', 'database': 'MedGen', 'id': 'C3661900'}
VCV000006821	RCV000007223	SHOC2	3	reviewed by expert panel	Pathogenic	{'name': 'Noonan syndrome-like disorder with loose anagen hair 1', 'database': 'MedGen', 'id': 'C4478716'}
VCV000006821	RCV000149834	SHOC2	2	criteria provided, multiple submitters, no conflicts	Pathogenic	{'name': 'RASopathy', 'database': 'MedGen', 'id': 'C5555857'}
VCV000006821	RCV000208379	SHOC2	2	criteria provided, multiple submitters, no conflicts	Pathogenic	{'name': 'Noonan syndrome', 'database': 'MedGen', 'id': 'C0028326'}
VCV000006821	RCV000213000	SHOC2	2	criteria provided, multiple submitters, no conflicts	Pathogenic	{'name': 'not provided', 'database': 'MedGen', 'id': 'C3661900'}
VCV000006821	RCV000853278	SHOC2	1	criteria provided, single submitter	Pathogenic	{'name': 'Noonan syndrome-like disorder with loose anagen hair', 'database': 'MedGen', 'id': 'C1843181'}
VCV000006821	RCV001813181	SHOC2	1	criteria provided, single submitter	Pathogenic	{'name': 'Noonan syndrome and Noonan-related syndrome', 'database': 'MedGen', 'id': 'C5681679'}
VCV000006821	RCV002221469	SHOC2	1	criteria provided, single submitter	Pathogenic	{'name': 'Polycystic kidney disease 4', 'database': 'MedGen', 'id': 'C4540575'}
VCV000006821	RCV003330311	SHOC2	1	criteria provided, single submitter	Pathogenic	{'name': 'Noonan syndrome-like disorder with loose anagen hair 1', 'database': 'MedGen', 'id': 'C4478716'};{'name': 'Pectus excavatum', 'database': 'MedGen', 'id': 'C2051831'}
VCV000006821	RCV004752691	SHOC2	0	no assertion criteria provided	Pathogenic	{'name': 'SHOC2-related disorder'}
VCV000006821	RCV006261934	SHOC2	1	criteria provided, single submitter	Pathogenic	{'name': 'Houge-Janssens syndrome 2', 'database': 'MedGen', 'id': 'C4225352'}
VCV000006821	RCV006276134	SHOC2	1	criteria provided, single submitter	Pathogenic	{'name': 'Cardiovascular phenotype', 'database': 'MedGen', 'id': 'CN230736'}
VCV000007026	RCV000007441	SNCB	1	criteria provided, conflicting classifications	Conflicting classifications of pathogenicity	{'name': 'Lewy body dementia', 'database': 'MedGen', 'id': 'C0752347'}
VCV000007026	RCV002223754	SNCB	1	criteria provided, single submitter	Uncertain significance	{'name': 'not provided', 'database': 'MedGen', 'id': 'C3661900'}
VCV000007026	RCV003944805	SNCB	0	no assertion criteria provided	Pathogenic	{'name': 'SNCB-related disorder'}
VCV000007036	RCV000007452	PRKN	0	no assertion criteria provided	Pathogenic	{'name': 'Autosomal recessive juvenile Parkinson disease 2', 'database': 'MedGen', 'id': 'C1868675'}
VCV000007071	RCV000007487	TUBA1A	1	criteria provided, single submitter	Pathogenic	{'name': 'Lissencephaly due to TUBA1A mutation', 'database': 'MedGen', 'id': 'C4305153'}
VCV000007071	RCV000767403	TUBA1A	1	criteria provided, single submitter	Pathogenic	{'name': 'Tubulinopathy', 'database': 'MedGen', 'id': 'CN850169'}
VCV000007071	RCV001091238	TUBA1A	2	criteria provided, multiple submitters, no conflicts	Pathogenic	{'name': 'not provided', 'database': 'MedGen', 'id': 'C3661900'}
VCV000007071	RCV001291299	TUBA1A	0	no assertion criteria provided	Likely pathogenic	{'name': 'Lissencephaly', 'database': 'MedGen', 'id': 'C0266463'}
VCV000007071	RCV001801361	TUBA1A	1	criteria provided, single submitter	Pathogenic	{'name': 'Tubulinopathy-associated dysgyria', 'database': 'MedGen', 'id': 'C5568850'}
VCV000007277	RCV000007700	DNM2	0	no assertion criteria provided	Pathogenic	{'name': 'Charcot-Marie-Tooth disease, dominant intermediate B, with neutropenia', 'database': 'MedGen', 'id': 'C1847903'}
VCV000007277	RCV000789618	DNM2	0	no assertion criteria provided	Uncertain significance	{'name': 'Charcot-Marie-Tooth disease', 'database': 'MedGen', 'id': 'C0007959'}
VCV000007277	RCV003447076	DNM2	0	no assertion criteria provided	Uncertain significance	{'name': 'Charcot-Marie-Tooth disease dominant intermediate B', 'database': 'MedGen', 'id': 'C1847902'}
VCV000007279	RCV000007702	DNM2	1	criteria provided, single submitter	Pathogenic	{'name': 'Autosomal dominant centronuclear myopathy', 'database': 'MedGen', 'id': 'C4551952'}
VCV000007279	RCV000145900	DNM2	3	reviewed by expert panel	Pathogenic	{'name': 'Centronuclear myopathy', 'database': 'MedGen', 'id': 'C0175709'}
VCV000007279	RCV000701394	DNM2	2	criteria provided, multiple submitters, no conflicts	Pathogenic	{'name': 'Charcot-Marie-Tooth disease dominant intermediate B', 'database': 'MedGen', 'id': 'C1847902'}
VCV000007279	RCV001781202	DNM2	2	criteria provided, multiple submitters, no conflicts	Pathogenic/Likely pathogenic	{'name': 'not provided', 'database': 'MedGen', 'id': 'C3661900'}
VCV000007281	RCV000007704	DNM2	2	criteria provided, multiple submitters, no conflicts	Pathogenic	{'name': 'Autosomal dominant centronuclear myopathy', 'database': 'MedGen', 'id': 'C4551952'}
VCV000007281	RCV000145902	DNM2	3	reviewed by expert panel	Pathogenic	{'name': 'Centronuclear myopathy', 'database': 'MedGen', 'id': 'C0175709'}
VCV000007281	RCV000373773	DNM2	2	criteria provided, multiple submitters, no conflicts	Pathogenic	{'name': 'not provided', 'database': 'MedGen', 'id': 'C3661900'}
VCV000007281	RCV000641110	DNM2	1	criteria provided, single submitter	Pathogenic	{'name': 'Charcot-Marie-Tooth disease dominant intermediate B', 'database': 'MedGen', 'id': 'C1847902'}
VCV000007281	RCV001813964	DNM2	1	criteria provided, single submitter	Pathogenic	{'name': 'Abnormality of the musculature', 'database': 'MedGen', 'id': 'C4021745'}
VCV000007281	RCV004745149	DNM2	0	no assertion criteria provided	Pathogenic	{'name': 'DNM2-related disorder'}
VCV000007282	RCV000007705	DNM2	2	criteria provided, multiple submitters, no conflicts	Pathogenic	{'name': 'Autosomal dominant centronuclear myopathy', 'database': 'MedGen', 'id': 'C4551952'}
VCV000007282	RCV000145898	DNM2	3	reviewed by expert panel	Pathogenic	{'name': 'Centronuclear myopathy', 'database': 'MedGen', 'id': 'C0175709'}
VCV000007282	RCV000554046	DNM2	1	criteria provided, single submitter	Pathogenic	{'name': 'Charcot-Marie-Tooth disease dominant intermediate B', 'database': 'MedGen', 'id': 'C1847902'}
VCV000007282	RCV000626717	DNM2	1	criteria provided, single submitter	Pathogenic	{'name': 'Myopathy', 'database': 'MedGen', 'id': 'C0026848'}
VCV000007282	RCV000725988	DNM2	2	criteria provided, multiple submitters, no conflicts	Pathogenic	{'name': 'not provided', 'database': 'MedGen', 'id': 'C3661900'}
VCV000007282	RCV003914819	DNM2	0	no assertion criteria provided	Pathogenic	{'name': 'DNM2-related disorder'}
VCV000007285	RCV000007708	DNM2	0	no assertion criteria provided	Pathogenic	{'name': 'Severe X-linked myotubular myopathy', 'database': 'MedGen', 'id': 'C0410203'}
VCV000007285	RCV000145908	DNM2	3	reviewed by expert panel	Pathogenic	{'name': 'Centronuclear myopathy', 'database': 'MedGen', 'id': 'C0175709'}
VCV000007285	RCV000544279	DNM2	1	criteria provided, single submitter	Pathogenic	{'name': 'Charcot-Marie-Tooth disease dominant intermediate B', 'database': 'MedGen', 'id': 'C1847902'}
VCV000007285	RCV000656268	DNM2	1	criteria provided, single submitter	Pathogenic	{'name': 'not provided', 'database': 'MedGen', 'id': 'C3661900'}
VCV000007285	RCV000754751	DNM2	2	criteria provided, multiple submitters, no conflicts	Pathogenic/Likely pathogenic	{'name': 'Autosomal dominant centronuclear myopathy', 'database': 'MedGen', 'id': 'C4551952'}
VCV000007285	RCV002504764	DNM2	1	criteria provided, single submitter	Pathogenic	{'name': 'Autosomal dominant centronuclear myopathy', 'database': 'MedGen', 'id': 'C4551952'};{'name': 'Charcot-Marie-Tooth disease dominant intermediate B', 'database': 'MedGen', 'id': 'C1847902'};{'name': 'Fetal akinesia-cerebral and retinal hemorrhage syndrome', 'database': 'MedGen', 'id': 'C4706410'}
VCV000007285	RCV006636175	DNM2	1	criteria provided, single submitter	Pathogenic	{'name': 'DNM2-related disorders'}
VCV000007812	RCV000008255	PTEN	1	criteria provided, single submitter	Likely pathogenic	{'name': 'Cowden syndrome 1', 'database': 'MedGen', 'id': 'CN072330'}
VCV000007812	RCV000413815	PTEN	1	criteria provided, single submitter	Pathogenic	{'name': 'not provided', 'database': 'MedGen', 'id': 'C3661900'}
VCV000007812	RCV000490577	PTEN	2	criteria provided, multiple submitters, no conflicts	Pathogenic	{'name': 'PTEN hamartoma tumor syndrome', 'database': 'MedGen', 'id': 'C1959582'}
VCV000007812	RCV001021326	PTEN	1	criteria provided, single submitter	Pathogenic	{'name': 'Hereditary cancer-predisposing syndrome', 'database': 'MedGen', 'id': 'C0027672'}
VCV000007812	RCV003332076	PTEN	0	no assertion criteria provided	Pathogenic	{'name': 'Malignant tumor of urinary bladder', 'database': 'MedGen', 'id': 'C0005684'}
VCV000007813	RCV000008256	PTEN	2	criteria provided, multiple submitters, no conflicts	Pathogenic/Likely pathogenic	{'name': 'Cowden syndrome 1', 'database': 'MedGen', 'id': 'CN072330'}
VCV000007813	RCV000128455	PTEN	2	criteria provided, multiple submitters, no conflicts	Pathogenic	{'name': 'PTEN hamartoma tumor syndrome', 'database': 'MedGen', 'id': 'C1959582'}
VCV000007813	RCV000162649	PTEN	2	criteria provided, multiple submitters, no conflicts	Pathogenic	{'name': 'Hereditary cancer-predisposing syndrome', 'database': 'MedGen', 'id': 'C0027672'}
VCV000007813	RCV000212882	PTEN	2	criteria provided, multiple submitters, no conflicts	Pathogenic	{'name': 'not provided', 'database': 'MedGen', 'id': 'C3661900'}
VCV000007813	RCV000477737	PTEN	2	criteria provided, multiple submitters, no conflicts	Pathogenic	{'name': 'Macrocephaly-autism syndrome', 'database': 'MedGen', 'id': 'C1854416'}
VCV000007813	RCV000678740	PTEN	1	criteria provided, single submitter	Pathogenic	{'name': 'Cowden syndrome', 'database': 'MedGen', 'id': 'C0018553'}
VCV000007813	RCV000785383	PTEN	0	no assertion criteria provided	Pathogenic	{'name': 'Ovarian neoplasm', 'database': 'MedGen', 'id': 'C0919267'}
VCV000007813	RCV001327980	PTEN	0	no assertion criteria provided	Pathogenic	{'name': 'Abnormal cardiovascular system morphology', 'database': 'MedGen', 'id': 'C4049796'}
VCV000007813	RCV003162216	PTEN	0	no assertion criteria provided	Pathogenic	{'name': 'Gastric cancer', 'database': 'MedGen', 'id': 'C0024623'}
VCV000007813	RCV003466836	PTEN	1	criteria provided, single submitter	Pathogenic	{'name': 'Glioma susceptibility 2', 'database': 'MedGen', 'id': 'C2751642'}
VCV000007813	RCV004532309	PTEN	0	no assertion criteria provided	Pathogenic	{'name': 'PTEN-related disorder'}
VCV000008131	RCV000008604	PPARG	0	no assertion criteria provided	Benign	{'name': 'not provided'}
VCV000008323	RCV000008824	CASR	2	criteria provided, multiple submitters, no conflicts	Pathogenic	{'name': 'Autosomal dominant hypocalcemia 1', 'database': 'MedGen', 'id': 'C3715128'}
VCV000008323	RCV001818147	CASR	2	criteria provided, multiple submitters, no conflicts	Pathogenic	{'name': 'not provided', 'database': 'MedGen', 'id': 'C3661900'}
VCV000008323	RCV001851746	CASR	1	criteria provided, single submitter	Pathogenic	{'name': 'Autosomal dominant hypocalcemia 1', 'database': 'MedGen', 'id': 'C3715128'};{'name': 'Familial hypocalciuric hypercalcemia', 'database': 'MedGen', 'id': 'C1809471'}
VCV000008323	RCV006439565	CASR	1	criteria provided, single submitter	Pathogenic	{'name': 'Familial hypoparathyroidism', 'database': 'MedGen', 'id': 'C1832648'}
VCV000008323	RCV006688336	CASR	1	criteria provided, single submitter	Pathogenic	{'name': 'Autosomal dominant hypocalcemia', 'database': 'MedGen', 'id': 'C4048195'}
VCV000008326	RCV000008828	CASR	0	no assertion criteria provided	Pathogenic	{'name': 'Autosomal dominant hypocalcemia 1', 'database': 'MedGen', 'id': 'C3715128'}
VCV000008326	RCV005025034	CASR	1	criteria provided, single submitter	Likely pathogenic	{'name': 'Autosomal dominant hypocalcemia 1', 'database': 'MedGen', 'id': 'C3715128'};{'name': 'Epilepsy, idiopathic generalized, susceptibility to, 8', 'database': 'MedGen', 'id': 'C2752062'};{'name': 'Familial hypocalciuric hypercalcemia 1', 'database': 'MedGen', 'id': 'C0342637'};{'name': 'Neonatal severe primary hyperparathyroidism', 'database': 'MedGen', 'id': 'C1832615'}
VCV000008328	RCV000008830	CASR	0	no assertion criteria provided	Pathogenic	{'name': 'Autosomal dominant hypocalcemia 1', 'database': 'MedGen', 'id': 'C3715128'}
VCV000008336	RCV000008838	CASR	0	no assertion criteria provided	Pathogenic	{'name': 'Autosomal dominant hypocalcemia 1', 'database': 'MedGen', 'id': 'C3715128'}
VCV000008336	RCV001851748	CASR	1	criteria provided, single submitter	Pathogenic	{'name': 'Autosomal dominant hypocalcemia 1', 'database': 'MedGen', 'id': 'C3715128'};{'name': 'Familial hypocalciuric hypercalcemia', 'database': 'MedGen', 'id': 'C1809471'}
VCV000008336	RCV004018595	CASR	1	criteria provided, single submitter	Pathogenic	{'name': 'Nephrolithiasis/nephrocalcinosis', 'database': 'MedGen', 'id': 'CN580796'}
VCV000008336	RCV005630701	CASR	1	criteria provided, single submitter	Pathogenic	{'name': 'not provided', 'database': 'MedGen', 'id': 'C3661900'}
VCV000008343	RCV000008847	CASR	0	no assertion criteria provided	Pathogenic	{'name': 'Bartter syndrome with hypocalcemia', 'database': 'MedGen', 'id': 'C4552089'}
VCV000008343	RCV000054480	CASR	1	criteria provided, single submitter	Likely pathogenic	{'name': 'Autosomal dominant hypocalcemia 1', 'database': 'MedGen', 'id': 'C3715128'}
VCV000008346	RCV000008851	CASR	1	criteria provided, single submitter	Pathogenic	{'name': 'Autosomal dominant hypocalcemia 1', 'database': 'MedGen', 'id': 'C3715128'}
VCV000008346	RCV000190877	CASR	0	no assertion criteria provided	Pathogenic	{'name': 'Bartter syndrome with hypocalcemia', 'database': 'MedGen', 'id': 'C4552089'}
VCV000008346	RCV001781207	CASR	1	criteria provided, single submitter	Likely pathogenic	{'name': 'not provided', 'database': 'MedGen', 'id': 'C3661900'}
VCV000008346	RCV002482843	CASR	1	criteria provided, single submitter	Pathogenic	{'name': 'Autosomal dominant hypocalcemia 1', 'database': 'MedGen', 'id': 'C3715128'};{'name': 'Epilepsy, idiopathic generalized, susceptibility to, 8', 'database': 'MedGen', 'id': 'C2752062'};{'name': 'Familial hypocalciuric hypercalcemia 1', 'database': 'MedGen', 'id': 'C0342637'};{'name': 'Neonatal severe primary hyperparathyroidism', 'database': 'MedGen', 'id': 'C1832615'}
VCV000008346	RCV003764538	CASR	1	criteria provided, single submitter	Pathogenic	{'name': 'Autosomal dominant hypocalcemia 1', 'database': 'MedGen', 'id': 'C3715128'};{'name': 'Familial hypocalciuric hypercalcemia', 'database': 'MedGen', 'id': 'C1809471'}
VCV000008347	RCV000008852	CASR	0	no assertion criteria provided	Pathogenic	{'name': 'Autosomal dominant hypocalcemia 1', 'database': 'MedGen', 'id': 'C3715128'}
VCV000008386	RCV000008893	GDF5	0	no assertion criteria provided	Pathogenic	{'name': 'Symphalangism, proximal, 1B', 'database': 'MedGen', 'id': 'C3809104'}
VCV000008386	RCV000008894	GDF5	0	no assertion criteria provided	Pathogenic	{'name': 'Multiple synostoses syndrome 2', 'database': 'MedGen', 'id': 'C1832708'}
VCV000008386	RCV005089212	GDF5	1	criteria provided, single submitter	Pathogenic	{'name': 'not provided', 'database': 'MedGen', 'id': 'C3661900'}
VCV000008386	RCV005841519	GDF5	1	criteria provided, single submitter	Pathogenic	{'name': 'Inborn genetic diseases', 'database': 'MedGen', 'id': 'C0950123'}
VCV000008388	RCV000008896	GDF5	0	no assertion criteria provided	Pathogenic	{'name': 'Multiple synostoses syndrome 2', 'database': 'MedGen', 'id': 'C1832708'}
VCV000008388	RCV006258915	GDF5	1	criteria provided, single submitter	Pathogenic	{'name': 'not provided', 'database': 'MedGen', 'id': 'C3661900'}
VCV000008392	RCV000008900	GDF5	0	no assertion criteria provided	Pathogenic	{'name': 'Symphalangism, proximal, 1B', 'database': 'MedGen', 'id': 'C3809104'}
VCV000008487	RCV000009008	CACNA1A	0	no assertion criteria provided	Pathogenic	{'name': 'Migraine, familial hemiplegic, 1', 'database': 'MedGen', 'id': 'C1832884'}
VCV000008487	RCV001533156	CACNA1A	0	no classification provided	not provided	{'name': 'Familial hemiplegic migraine', 'database': 'MedGen', 'id': 'C0338484'}
VCV000008487	RCV002512926	CACNA1A	1	criteria provided, single submitter	Pathogenic	{'name': 'Developmental and epileptic encephalopathy, 42', 'database': 'MedGen', 'id': 'C4310716'};{'name': 'Episodic ataxia type 2', 'database': 'MedGen', 'id': 'C1720416'}
VCV000008487	RCV003231095	CACNA1A	2	criteria provided, multiple submitters, no conflicts	Pathogenic/Likely pathogenic	{'name': 'not provided', 'database': 'MedGen', 'id': 'C3661900'}
VCV000008504	RCV000009027	CACNA1A	0	no assertion criteria provided	Pathogenic	{'name': 'Migraine, familial hemiplegic, 1', 'database': 'MedGen', 'id': 'C1832884'}
VCV000008504	RCV000502832	CACNA1A	2	criteria provided, multiple submitters, no conflicts	Pathogenic	{'name': 'Episodic ataxia type 2', 'database': 'MedGen', 'id': 'C1720416'}
VCV000008504	RCV001390632	CACNA1A	1	criteria provided, single submitter	Pathogenic	{'name': 'Developmental and epileptic encephalopathy, 42', 'database': 'MedGen', 'id': 'C4310716'};{'name': 'Episodic ataxia type 2', 'database': 'MedGen', 'id': 'C1720416'}
VCV000008504	RCV001533157	CACNA1A	0	no classification provided	not provided	{'name': 'Familial hemiplegic migraine', 'database': 'MedGen', 'id': 'C0338484'}
VCV000008504	RCV002272012	CACNA1A	2	criteria provided, multiple submitters, no conflicts	Pathogenic	{'name': 'not provided', 'database': 'MedGen', 'id': 'C3661900'}
VCV000008504	RCV003150928	CACNA1A	2	criteria provided, multiple submitters, no conflicts	Pathogenic/Likely pathogenic	{'name': 'Developmental and epileptic encephalopathy, 42', 'database': 'MedGen', 'id': 'C4310716'}
VCV000008504	RCV006697850	CACNA1A	1	criteria provided, single submitter	Likely pathogenic	{'name': 'Developmental and epileptic encephalopathy', 'database': 'MedGen', 'id': 'C5779964'}
VCV000008557	RCV000009088	NR3C2	0	no assertion criteria provided	Pathogenic	{'name': 'Hypertension, early-onset, autosomal dominant, with exacerbation in pregnancy', 'database': 'MedGen', 'id': 'C4016708'}
VCV000008557	RCV004730839	NR3C2	0	no assertion criteria provided	Pathogenic	{'name': 'NR3C2-related disorder'}
VCV000008557	RCV005025042	NR3C2	1	criteria provided, single submitter	Uncertain significance	{'name': 'Autosomal dominant pseudohypoaldosteronism type 1', 'database': 'MedGen', 'id': 'C1449842'};{'name': 'Pseudohyperaldosteronism type 2', 'database': 'MedGen', 'id': 'C1854631'}
VCV000008666	RCV000009198	KCNJ11	1	criteria provided, single submitter	Pathogenic	{'name': 'Permanent neonatal diabetes mellitus', 'database': 'MedGen', 'id': 'C1833104'}
VCV000008666	RCV000009200	KCNJ11	0	no assertion criteria provided	Pathogenic	{'name': 'Diabetes mellitus, transient neonatal, 3', 'database': 'MedGen', 'id': 'C1864623'}
VCV000008666	RCV000146114	KCNJ11	1	criteria provided, single submitter	Pathogenic	{'name': 'Neonatal insulin-dependent diabetes mellitus', 'database': 'MedGen', 'id': 'C3278636'}
VCV000008666	RCV000712160	KCNJ11	2	criteria provided, multiple submitters, no conflicts	Pathogenic	{'name': 'not provided', 'database': 'MedGen', 'id': 'C3661900'}
VCV000008666	RCV001089463	KCNJ11	1	criteria provided, single submitter	Pathogenic	{'name': 'Diabetes mellitus, permanent neonatal 2', 'database': 'MedGen', 'id': 'C5394296'}
VCV000008666	RCV002051777	KCNJ11	1	criteria provided, single submitter	Pathogenic	{'name': 'Neonatal diabetes mellitus', 'database': 'MedGen', 'id': 'C0158981'}
VCV000008666	RCV002227021	KCNJ11	0	no classifications from unflagged records	no classifications from unflagged records	{'name': 'Hyperinsulinemia', 'database': 'MedGen', 'id': 'C0020459'}
VCV000008667	RCV000009201	KCNJ11	1	criteria provided, single submitter	Pathogenic	{'name': 'Diabetes mellitus, permanent neonatal 2', 'database': 'MedGen', 'id': 'C5394296'}
VCV000008667	RCV000030665	KCNJ11	0	no classification provided	not provided	{'name': 'Permanent neonatal diabetes mellitus', 'database': 'MedGen', 'id': 'C1833104'}
VCV000008667	RCV000146104	KCNJ11	1	criteria provided, single submitter	Pathogenic	{'name': 'Neonatal insulin-dependent diabetes mellitus', 'database': 'MedGen', 'id': 'C3278636'}
VCV000008667	RCV000724752	KCNJ11	2	criteria provided, multiple submitters, no conflicts	Pathogenic	{'name': 'not provided', 'database': 'MedGen', 'id': 'C3661900'}
VCV000008667	RCV002051778	KCNJ11	1	criteria provided, single submitter	Pathogenic	{'name': 'Neonatal diabetes mellitus', 'database': 'MedGen', 'id': 'C0158981'}
VCV000008667	RCV002227022	KCNJ11	0	no classifications from unflagged records	no classifications from unflagged records	{'name': 'Transitory neonatal diabetes mellitus', 'database': 'MedGen', 'id': 'C0342273'}
VCV000009106	RCV000009675	ABCC8	0	no assertion criteria provided	Pathogenic	{'name': 'Diabetes mellitus, transient neonatal, 2', 'database': 'MedGen', 'id': 'C1835887'}
VCV000009106	RCV000009676	ABCC8	0	no assertion criteria provided	Pathogenic	{'name': 'Type 2 diabetes mellitus', 'database': 'MedGen', 'id': 'C0011860'}
VCV000009107	RCV000009677	ABCC8	0	no classification provided	not provided	{'name': 'Permanent neonatal diabetes mellitus', 'database': 'MedGen', 'id': 'C1833104'}
VCV000009107	RCV001089459	ABCC8	0	no assertion criteria provided	Pathogenic	{'name': 'Diabetes mellitus, permanent neonatal 3', 'database': 'MedGen', 'id': 'C5394303'}
VCV000009107	RCV003473072	ABCC8	1	criteria provided, single submitter	Likely pathogenic	{'name': 'Type 2 diabetes mellitus', 'database': 'MedGen', 'id': 'C0011860'}
VCV000009107	RCV005430928	ABCC8	1	criteria provided, single submitter	Uncertain significance	{'name': 'not specified', 'database': 'MedGen', 'id': 'CN169374'}
VCV000009152	RCV001075676	GUCA1A	2	criteria provided, multiple submitters, no conflicts	Pathogenic	{'name': 'Retinal dystrophy', 'database': 'MedGen', 'id': 'C0854723'}
VCV000009152	RCV001383741	GUCA1A	2	criteria provided, multiple submitters, no conflicts	Pathogenic	{'name': 'not provided', 'database': 'MedGen', 'id': 'C3661900'}
VCV000009152	RCV004593960	GUCA1A	0	no assertion criteria provided	Pathogenic	{'name': 'Cone-rod dystrophy 14', 'database': 'MedGen', 'id': 'CN322944'}
VCV000009219	RCV000009800	NOTCH3	2	criteria provided, multiple submitters, no conflicts	Pathogenic/Likely pathogenic	{'name': 'Cerebral arteriopathy, autosomal dominant, with subcortical infarcts and leukoencephalopathy, type 1', 'database': 'MedGen', 'id': 'C4551768'}
VCV000009219	RCV000518159	NOTCH3	2	criteria provided, multiple submitters, no conflicts	Pathogenic	{'name': 'not provided', 'database': 'MedGen', 'id': 'C3661900'}
VCV000009219	RCV001003548	NOTCH3	0	no assertion criteria provided	Likely pathogenic	{'name': 'Migraine without aura', 'database': 'MedGen', 'id': 'C0338480'};{'name': 'Stroke disorder', 'database': 'MedGen', 'id': 'C0038454'}
VCV000009219	RCV002482849	NOTCH3	1	criteria provided, single submitter	Pathogenic	{'name': 'Cerebral arteriopathy, autosomal dominant, with subcortical infarcts and leukoencephalopathy, type 1', 'database': 'MedGen', 'id': 'C4551768'};{'name': 'Lateral meningocele syndrome', 'database': 'MedGen', 'id': 'C1851710'};{'name': 'Myofibromatosis, infantile, 2', 'database': 'MedGen', 'id': 'C3809084'}
VCV000009219	RCV004532317	NOTCH3	1	criteria provided, single submitter	Pathogenic	{'name': 'NOTCH3-related disorder'}
VCV000009219	RCV005859325	NOTCH3	1	criteria provided, single submitter	Pathogenic	{'name': 'Adult onset neurodegenerative disorder'}
VCV000009252	RCV000009834	SCN1B	2	criteria provided, multiple submitters, no conflicts	Pathogenic/Likely pathogenic	{'name': 'Generalized epilepsy with febrile seizures plus, type 1', 'database': 'MedGen', 'id': 'C1858672'}
VCV000009252	RCV000171041	SCN1B	2	criteria provided, multiple submitters, no conflicts	Pathogenic/Likely pathogenic	{'name': 'not provided', 'database': 'MedGen', 'id': 'C3661900'}
VCV000009252	RCV000184010	SCN1B	1	criteria provided, single submitter	Pathogenic	{'name': 'Atrial fibrillation, familial, 13', 'database': 'MedGen', 'id': 'C3809311'}
VCV000009252	RCV000646741	SCN1B	1	criteria provided, single submitter	Pathogenic	{'name': 'Brugada syndrome 5', 'database': 'MedGen', 'id': 'C2748541'}
VCV000009252	RCV000763042	SCN1B	2	criteria provided, multiple submitters, no conflicts	Pathogenic	{'name': 'Atrial fibrillation, familial, 13', 'database': 'MedGen', 'id': 'C3809311'};{'name': 'Brugada syndrome 5', 'database': 'MedGen', 'id': 'C2748541'};{'name': 'Developmental and epileptic encephalopathy, 52', 'database': 'MedGen', 'id': 'C4479236'};{'name': 'Generalized epilepsy with febrile seizures plus, type 1', 'database': 'MedGen', 'id': 'C1858672'}
VCV000009252	RCV002316188	SCN1B	1	criteria provided, single submitter	Pathogenic	{'name': 'Cardiovascular phenotype', 'database': 'MedGen', 'id': 'CN230736'}
VCV000009252	RCV004532319	SCN1B	2	criteria provided, multiple submitters, no conflicts	Pathogenic/Likely pathogenic	{'name': 'SCN1B-related disorder'}
VCV000009293	RCV000009876	TEK	2	criteria provided, multiple submitters, no conflicts	Pathogenic	{'name': 'Multiple cutaneous and mucosal venous malformations', 'database': 'MedGen', 'id': 'C1838437'}
VCV000009293	RCV001327969	TEK	0	no assertion criteria provided	Pathogenic	{'name': 'Abnormal cardiovascular system morphology', 'database': 'MedGen', 'id': 'C4049796'}
VCV000009293	RCV001705587	TEK	1	criteria provided, single submitter	Pathogenic	{'name': 'Segmental undergrowth associated with venous malformation without capillary component'}
VCV000009293	RCV001810841	TEK	2	criteria provided, multiple submitters, no conflicts	Pathogenic	{'name': 'not provided', 'database': 'MedGen', 'id': 'C3661900'}
VCV000009293	RCV004754251	TEK	0	no assertion criteria provided	Pathogenic	{'name': 'TEK-related disorder'}
VCV000009294	RCV000009877	TEK	0	no assertion criteria provided	Pathogenic	{'name': 'Multiple cutaneous and mucosal venous malformations', 'database': 'MedGen', 'id': 'C1838437'}
VCV000009294	RCV002254262	TEK	1	criteria provided, single submitter	Likely pathogenic	{'name': 'Blue rubber bleb nevus', 'database': 'MedGen', 'id': 'C0346072'}
VCV000009355	RCV000009949	GUCY2D	2	criteria provided, multiple submitters, no conflicts	Pathogenic	{'name': 'Cone-rod dystrophy 6', 'database': 'MedGen', 'id': 'C1866293'}
VCV000009355	RCV000084862	GUCY2D	2	criteria provided, multiple submitters, no conflicts	Pathogenic	{'name': 'not provided', 'database': 'MedGen', 'id': 'C3661900'}
VCV000009355	RCV001003042	GUCY2D	1	criteria provided, single submitter	Pathogenic	{'name': 'Cone dystrophy', 'database': 'MedGen', 'id': 'C0730290'}
VCV000009355	RCV001065465	GUCY2D	1	criteria provided, single submitter	Pathogenic	{'name': 'Cone-rod dystrophy 6', 'database': 'MedGen', 'id': 'C1866293'};{'name': 'Leber congenital amaurosis 1', 'database': 'MedGen', 'id': 'C2931258'}
VCV000009355	RCV001074299	GUCY2D	2	criteria provided, multiple submitters, no conflicts	Pathogenic	{'name': 'Retinal dystrophy', 'database': 'MedGen', 'id': 'C0854723'}
VCV000009355	RCV001197374	GUCY2D	1	criteria provided, single submitter	Likely pathogenic	{'name': 'Choroidal dystrophy, central areolar, 1', 'database': 'MedGen', 'id': 'C4551884'}
VCV000009355	RCV001376215	GUCY2D	1	criteria provided, single submitter	Pathogenic	{'name': 'Leber congenital amaurosis 1', 'database': 'MedGen', 'id': 'C2931258'}
VCV000009355	RCV006683847	GUCY2D	1	criteria provided, single submitter	Pathogenic	{'name': 'Retinal disorder', 'database': 'MedGen', 'id': 'C0035309'}
VCV000009370	RCV000009964	SCN5A	1	criteria provided, single submitter	Pathogenic	{'name': 'Long QT syndrome 3', 'database': 'MedGen', 'id': 'C1859062'}
VCV000009370	RCV000058618	SCN5A	0	no classification provided	not provided	{'name': 'Congenital long QT syndrome', 'database': 'MedGen', 'id': 'C1141890'}
VCV000009370	RCV002354154	SCN5A	1	criteria provided, single submitter	Likely pathogenic	{'name': 'Cardiovascular phenotype', 'database': 'MedGen', 'id': 'CN230736'}
VCV000009370	RCV003234898	SCN5A	2	criteria provided, multiple submitters, no conflicts	Pathogenic	{'name': 'not provided', 'database': 'MedGen', 'id': 'C3661900'}
VCV000009370	RCV005417427	SCN5A	1	criteria provided, single submitter	Pathogenic	{'name': 'Long QT syndrome', 'database': 'MedGen', 'id': 'C0023976'}
VCV000009370	RCV006547487	SCN5A	1	criteria provided, single submitter	Pathogenic	{'name': 'Cardiac arrhythmia', 'database': 'MedGen', 'id': 'C0003811'}
VCV000009375	RCV000009969	SCN5A	0	no assertion criteria provided	Pathogenic	{'name': 'Long QT syndrome 3', 'database': 'MedGen', 'id': 'C1859062'}
VCV000009375	RCV000058778	SCN5A	0	no classification provided	not provided	{'name': 'Congenital long QT syndrome', 'database': 'MedGen', 'id': 'C1141890'}
VCV000009375	RCV001561910	SCN5A	2	criteria provided, multiple submitters, no conflicts	Pathogenic	{'name': 'not provided', 'database': 'MedGen', 'id': 'C3661900'}
VCV000009375	RCV002345237	SCN5A	1	criteria provided, single submitter	Pathogenic	{'name': 'Cardiovascular phenotype', 'database': 'MedGen', 'id': 'CN230736'}
VCV000009376	RCV000009970	SCN5A	0	no assertion criteria provided	Pathogenic	{'name': 'Long QT syndrome 3', 'database': 'MedGen', 'id': 'C1859062'}
VCV000009376	RCV000009971	SCN5A	0	no assertion criteria provided	Pathogenic	{'name': 'Long QT syndrome 3/6, digenic', 'database': 'MedGen', 'id': 'C3276241'}
VCV000009376	RCV000058716	SCN5A	0	no classification provided	not provided	{'name': 'Congenital long QT syndrome', 'database': 'MedGen', 'id': 'C1141890'}
VCV000009376	RCV001588806	SCN5A	2	criteria provided, multiple submitters, no conflicts	Pathogenic	{'name': 'not provided', 'database': 'MedGen', 'id': 'C3661900'}
VCV000009376	RCV004984637	SCN5A	1	criteria provided, single submitter	Pathogenic	{'name': 'Cardiovascular phenotype', 'database': 'MedGen', 'id': 'CN230736'}
VCV000009377	RCV000009972	SCN5A	2	criteria provided, multiple submitters, no conflicts	Pathogenic/Likely pathogenic	{'name': 'Long QT syndrome 3', 'database': 'MedGen', 'id': 'C1859062'}
VCV000009377	RCV000009973	SCN5A	0	no assertion criteria provided	Pathogenic	{'name': 'Brugada syndrome 1', 'database': 'MedGen', 'id': 'C4551804'}
VCV000009377	RCV000009974	SCN5A	0	no assertion criteria provided	Pathogenic	{'name': 'Sinoatrial node disorder', 'database': 'MedGen', 'id': 'C0428908'}
VCV000009377	RCV000058773	SCN5A	0	no classification provided	not provided	{'name': 'Congenital long QT syndrome', 'database': 'MedGen', 'id': 'C1141890'}
VCV000009377	RCV000183117	SCN5A	2	criteria provided, multiple submitters, no conflicts	Pathogenic	{'name': 'not provided', 'database': 'MedGen', 'id': 'C3661900'}
VCV000009377	RCV000208193	SCN5A	2	criteria provided, multiple submitters, no conflicts	Pathogenic	{'name': 'Brugada syndrome', 'database': 'MedGen', 'id': 'C1142166'}
VCV000009377	RCV000245905	SCN5A	2	criteria provided, multiple submitters, no conflicts	Pathogenic	{'name': 'Cardiovascular phenotype', 'database': 'MedGen', 'id': 'CN230736'}
VCV000009377	RCV000588022	SCN5A	1	criteria provided, single submitter	Pathogenic	{'name': 'Long QT syndrome 1', 'database': 'MedGen', 'id': 'C4551647'}
VCV000009377	RCV000824758	SCN5A	1	criteria provided, single submitter	Pathogenic	{'name': 'Brugada syndrome', 'database': 'MedGen', 'id': 'C1142166'};{'name': 'Congenital long QT syndrome', 'database': 'MedGen', 'id': 'C1141890'}
VCV000009377	RCV003591625	SCN5A	1	criteria provided, single submitter	Pathogenic	{'name': 'Cardiac arrhythmia', 'database': 'MedGen', 'id': 'C0003811'}
VCV000009377	RCV004545722	SCN5A	1	criteria provided, single submitter	Pathogenic	{'name': 'SCN5A-related disorder'}
VCV000009377	RCV004795388	SCN5A	1	criteria provided, single submitter	Pathogenic	{'name': 'Atrial fibrillation, familial, 10', 'database': 'MedGen', 'id': 'C3151464'};{'name': 'Brugada syndrome 1', 'database': 'MedGen', 'id': 'C4551804'};{'name': 'Dilated cardiomyopathy 1E', 'database': 'MedGen', 'id': 'C1832680'};{'name': 'Long QT syndrome 3', 'database': 'MedGen', 'id': 'C1859062'};{'name': 'Progressive familial heart block, type 1A', 'database': 'MedGen', 'id': 'C1879286'};{'name': 'SUDDEN INFANT DEATH SYNDROME', 'database': 'MedGen', 'id': 'C0038644'};{'name': 'Sick sinus syndrome 1', 'database': 'MedGen', 'id': 'C1837845'};{'name': 'Ventricular fibrillation, paroxysmal familial, type 1', 'database': 'MedGen', 'id': 'C2751898'}
VCV000009427	RCV000010034	KCNMA1	0	no assertion criteria provided	Pathogenic	{'name': 'Generalized epilepsy-paroxysmal dyskinesia syndrome', 'database': 'MedGen', 'id': 'C5574945'}
VCV000009427	RCV001090819	KCNMA1	1	criteria provided, single submitter	Pathogenic	{'name': 'not provided', 'database': 'MedGen', 'id': 'C3661900'}
VCV000009441	RCV000010048	SLC1A3	0	no assertion criteria provided	Pathogenic	{'name': 'Episodic ataxia type 6', 'database': 'MedGen', 'id': 'C2675211'}
VCV000009447	RCV000010054	RRAS2	2	criteria provided, multiple submitters, no conflicts	Pathogenic	{'name': 'Noonan syndrome 12', 'database': 'MedGen', 'id': 'C5231432'}
VCV000009447	RCV000852398	RRAS2	3	reviewed by expert panel	Pathogenic	{'name': 'Noonan syndrome', 'database': 'MedGen', 'id': 'C0028326'}
VCV000009447	RCV001072115	RRAS2	0	no assertion criteria provided	Pathogenic	{'name': 'Ovarian neoplasm', 'database': 'MedGen', 'id': 'C0919267'}
VCV000010431	RCV000011176	GJB1	2	criteria provided, multiple submitters, no conflicts	Pathogenic	{'name': 'Charcot-Marie-Tooth disease X-linked dominant 1', 'database': 'MedGen', 'id': 'C0393808'}
VCV000010431	RCV000236641	GJB1	2	criteria provided, multiple submitters, no conflicts	Pathogenic	{'name': 'not provided', 'database': 'MedGen', 'id': 'C3661900'}
VCV000010431	RCV000474456	GJB1	1	criteria provided, single submitter	Pathogenic	{'name': 'Charcot-Marie-Tooth Neuropathy X', 'database': 'MedGen', 'id': 'CN118851'}
VCV000010483	RCV000011229	ALAS2	0	no assertion criteria provided	Pathogenic	{'name': 'X-linked erythropoietic protoporphyria', 'database': 'MedGen', 'id': 'C2677889'}
VCV000010615	RCV000011361	F9	0	no assertion criteria provided	Pathogenic	{'name': 'Hereditary factor IX deficiency disease', 'database': 'MedGen', 'id': 'C0008533'}
VCV000010615	RCV001000158	F9	1	criteria provided, single submitter	Pathogenic	{'name': 'not specified', 'database': 'MedGen', 'id': 'CN169374'}
VCV000010615	RCV001048961	F9	1	criteria provided, single submitter	Pathogenic	{'name': 'Hereditary factor IX deficiency disease', 'database': 'MedGen', 'id': 'C0008533'};{'name': 'Thrombophilia, X-linked, due to factor 9 defect', 'database': 'MedGen', 'id': 'C2749016'}
VCV000010615	RCV003398481	F9	1	criteria provided, single submitter	Pathogenic	{'name': 'F9-related disorder'}
VCV000010615	RCV006449928	F9	1	criteria provided, single submitter	Pathogenic	{'name': 'not provided', 'database': 'MedGen', 'id': 'C3661900'}
VCV000010715	RCV000011461	GLA	0	no assertion criteria provided	Pathogenic	{'name': 'Fabry disease, cardiac variant', 'database': 'MedGen', 'id': 'C1970820'}
VCV000010715	RCV000011462	GLA	2	criteria provided, multiple submitters, no conflicts	Pathogenic	{'name': 'Fabry disease', 'database': 'MedGen', 'id': 'C0002986'}
VCV000010715	RCV000244581	GLA	1	criteria provided, single submitter	Pathogenic	{'name': 'Cardiovascular phenotype', 'database': 'MedGen', 'id': 'CN230736'}
VCV000010715	RCV000723405	GLA	2	criteria provided, multiple submitters, no conflicts	Pathogenic	{'name': 'not provided', 'database': 'MedGen', 'id': 'C3661900'}
VCV000010715	RCV000845380	GLA	1	criteria provided, single submitter	Pathogenic	{'name': 'Primary familial hypertrophic cardiomyopathy', 'database': 'MedGen', 'id': 'C0949658'}
VCV000010854	RCV000011601	AVPR2	2	criteria provided, multiple submitters, no conflicts	Pathogenic	{'name': 'Nephrogenic syndrome of inappropriate antidiuresis', 'database': 'MedGen', 'id': 'C1845202'}
VCV000010854	RCV001171627	AVPR2	2	criteria provided, multiple submitters, no conflicts	Pathogenic	{'name': 'not provided', 'database': 'MedGen', 'id': 'C3661900'}
VCV000010855	RCV000011602	AVPR2	0	no assertion criteria provided	Pathogenic	{'name': 'Nephrogenic syndrome of inappropriate antidiuresis', 'database': 'MedGen', 'id': 'C1845202'}
VCV000011125	RCV000011874	WAS	0	no assertion criteria provided	Pathogenic	{'name': 'X-linked severe congenital neutropenia', 'database': 'MedGen', 'id': 'C1845987'}
VCV000011125	RCV001291553	WAS	1	criteria provided, single submitter	Likely pathogenic	{'name': 'not provided', 'database': 'MedGen', 'id': 'C3661900'}
VCV000011125	RCV001851800	WAS	1	criteria provided, single submitter	Pathogenic	{'name': 'Thrombocytopenia 1', 'database': 'MedGen', 'id': 'C1839163'};{'name': 'Wiskott-Aldrich syndrome', 'database': 'MedGen', 'id': 'C0043194'};{'name': 'X-linked severe congenital neutropenia', 'database': 'MedGen', 'id': 'C1845987'}
VCV000011327	RCV000032611	NLGN3	0	no assertion criteria provided	risk factor	{'name': 'Autism, susceptibility to, X-linked 1', 'database': 'MedGen', 'id': 'C1845540'}
VCV000011619	RCV000012385	CACNA1F	0	no assertion criteria provided	Pathogenic	{'name': 'Congenital stationary night blindness, type 2A, severe', 'database': 'MedGen', 'id': 'C4016457'}
VCV000011619	RCV002512984	CACNA1F	1	criteria provided, single submitter	Pathogenic	{'name': 'not provided', 'database': 'MedGen', 'id': 'C3661900'}
VCV000011756	RCV000012522	FLNA	0	no assertion criteria provided	Pathogenic	{'name': 'Oto-palato-digital syndrome, type II', 'database': 'MedGen', 'id': 'C1844696'}
VCV000011756	RCV000178843	FLNA	1	criteria provided, single submitter	Pathogenic	{'name': 'not provided', 'database': 'MedGen', 'id': 'C3661900'}
VCV000011756	RCV001851804	FLNA	1	criteria provided, single submitter	Pathogenic	{'name': 'Frontometaphyseal dysplasia', 'database': 'MedGen', 'id': 'C0265293'};{'name': 'Heterotopia, periventricular, X-linked dominant', 'database': 'MedGen', 'id': 'C1848213'};{'name': 'Melnick-Needles syndrome', 'database': 'MedGen', 'id': 'C0025237'};{'name': 'Oto-palato-digital syndrome, type II', 'database': 'MedGen', 'id': 'C1844696'}
VCV000011756	RCV006646391	FLNA	1	criteria provided, single submitter	Likely pathogenic	{'name': 'X-linked otopalatodigital spectrum disorders'}
VCV000011761	RCV000012527	FLNA	2	criteria provided, multiple submitters, no conflicts	Pathogenic/Likely pathogenic	{'name': 'Frontometaphyseal dysplasia 1', 'database': 'MedGen', 'id': 'C4281559'}
VCV000011761	RCV000414151	FLNA	1	criteria provided, single submitter	Likely pathogenic	{'name': 'not provided', 'database': 'MedGen', 'id': 'C3661900'}
VCV000011761	RCV002051782	FLNA	1	criteria provided, single submitter	Pathogenic	{'name': 'Oto-palato-digital syndrome, type II', 'database': 'MedGen', 'id': 'C1844696'}
VCV000011761	RCV002228026	FLNA	1	criteria provided, single submitter	Pathogenic	{'name': 'Frontometaphyseal dysplasia', 'database': 'MedGen', 'id': 'C0265293'};{'name': 'Heterotopia, periventricular, X-linked dominant', 'database': 'MedGen', 'id': 'C1848213'};{'name': 'Melnick-Needles syndrome', 'database': 'MedGen', 'id': 'C0025237'};{'name': 'Oto-palato-digital syndrome, type II', 'database': 'MedGen', 'id': 'C1844696'}
VCV000011876	RCV000012651	PRSS1	2	criteria provided, multiple submitters, no conflicts	Pathogenic/Likely pathogenic	{'name': 'Hereditary pancreatitis', 'database': 'MedGen', 'id': 'C0238339'}
VCV000011876	RCV000487005	PRSS1	2	criteria provided, multiple submitters, no conflicts	Pathogenic	{'name': 'not provided', 'database': 'MedGen', 'id': 'C3661900'}
VCV000011876	RCV003944816	PRSS1	0	no assertion criteria provided	Pathogenic	{'name': 'PRSS1-related disorder'}
VCV000012297	RCV000013091	UCHL1	0	no assertion criteria provided	risk factor	{'name': 'Parkinson disease 5, autosomal dominant, susceptibility to', 'database': 'MedGen', 'id': 'C3150899'}
VCV000012347	RCV000013140	TP53	2	criteria provided, multiple submitters, no conflicts	Pathogenic	{'name': 'Li-Fraumeni syndrome 1', 'database': 'MedGen', 'id': 'C1835398'}
VCV000012347	RCV000115735	TP53	2	criteria provided, multiple submitters, no conflicts	Pathogenic	{'name': 'Hereditary cancer-predisposing syndrome', 'database': 'MedGen', 'id': 'C0027672'}
VCV000012347	RCV000168242	TP53	3	reviewed by expert panel	Pathogenic	{'name': 'Li-Fraumeni syndrome', 'database': 'MedGen', 'id': 'C0085390'}
VCV000012347	RCV000213057	TP53	2	criteria provided, multiple submitters, no conflicts	Pathogenic	{'name': 'not provided', 'database': 'MedGen', 'id': 'C3661900'}
VCV000012347	RCV000785485	TP53	0	no assertion criteria provided	Pathogenic/Likely pathogenic	{'name': 'Ovarian neoplasm', 'database': 'MedGen', 'id': 'C0919267'}
VCV000012347	RCV001255674	TP53	0	no assertion criteria provided	Pathogenic	{'name': 'Lip and oral cavity carcinoma', 'database': 'MedGen', 'id': 'C0220641'}
VCV000012347	RCV001271100	TP53	0	no assertion criteria provided	Pathogenic	{'name': 'Choroid plexus carcinoma', 'database': 'MedGen', 'id': 'C0431109'}
VCV000012347	RCV001374442	TP53	0	no classifications from unflagged records	no classifications from unflagged records	{'name': 'Gallbladder cancer', 'database': 'MedGen', 'id': 'C0153452'}
VCV000012347	RCV003105772	TP53	0	no assertion criteria provided	Pathogenic	{'name': 'Congenital fibrosarcoma', 'database': 'MedGen', 'id': 'C0334459'}
VCV000012347	RCV003149569	TP53	1	criteria provided, single submitter	Pathogenic	{'name': 'Breast and/or ovarian cancer', 'database': 'MedGen', 'id': 'CN221562'}
VCV000012347	RCV003162243	TP53	0	no assertion criteria provided	Pathogenic	{'name': 'Gastric cancer', 'database': 'MedGen', 'id': 'C0024623'}
VCV000012347	RCV003318332	TP53	0	no assertion criteria provided	Pathogenic	{'name': 'Malignant lymphoma, large B-cell, diffuse', 'database': 'MedGen', 'id': 'C0079744'}
VCV000012347	RCV003460463	TP53	1	criteria provided, single submitter	Pathogenic	{'name': 'Adrenocortical carcinoma, hereditary', 'database': 'MedGen', 'id': 'C1859972'}
VCV000012347	RCV004745154	TP53	0	no assertion criteria provided	Pathogenic	{'name': 'TP53-related disorder'}
VCV000012347	RCV005357116	TP53	1	criteria provided, single submitter	Pathogenic	{'name': 'Familial pancreatic carcinoma', 'database': 'MedGen', 'id': 'C2931038'}
VCV000012349	RCV000013142	TP53	2	criteria provided, multiple submitters, no conflicts	Pathogenic	{'name': 'Li-Fraumeni syndrome 1', 'database': 'MedGen', 'id': 'C1835398'}
VCV000012349	RCV000161025	TP53	1	criteria provided, single submitter	Pathogenic	{'name': 'not provided', 'database': 'MedGen', 'id': 'C3661900'}
VCV000012349	RCV000492412	TP53	2	criteria provided, multiple submitters, no conflicts	Pathogenic	{'name': 'Hereditary cancer-predisposing syndrome', 'database': 'MedGen', 'id': 'C0027672'}
VCV000012349	RCV000633397	TP53	1	criteria provided, single submitter	Pathogenic	{'name': 'Li-Fraumeni syndrome', 'database': 'MedGen', 'id': 'C0085390'}
VCV000012349	RCV001271056	TP53	0	no assertion criteria provided	Pathogenic	{'name': 'Breast and/or ovarian cancer', 'database': 'MedGen', 'id': 'CN221562'}
VCV000012349	RCV006684137	TP53	1	criteria provided, single submitter	Pathogenic	{'name': 'Hereditary breast ovarian cancer syndrome', 'database': 'MedGen', 'id': 'C0677776'}
VCV000012351	RCV000013144	TP53	0	no assertion criteria provided	Benign	{'name': 'TP53 POLYMORPHISM'}
VCV000012351	RCV000034639	TP53	2	criteria provided, multiple submitters, no conflicts	Benign	{'name': 'not provided', 'database': 'MedGen', 'id': 'C3661900'}
VCV000012351	RCV000079202	TP53	2	criteria provided, multiple submitters, no conflicts	Benign	{'name': 'not specified', 'database': 'MedGen', 'id': 'CN169374'}
VCV000012351	RCV000132165	TP53	2	criteria provided, multiple submitters, no conflicts	Benign	{'name': 'Hereditary cancer-predisposing syndrome', 'database': 'MedGen', 'id': 'C0027672'}
VCV000012351	RCV000144668	TP53	2	criteria provided, multiple submitters, no conflicts	Benign	{'name': 'Li-Fraumeni syndrome 1', 'database': 'MedGen', 'id': 'C1835398'}
VCV000012351	RCV000300782	TP53	3	reviewed by expert panel	Benign	{'name': 'Li-Fraumeni syndrome', 'database': 'MedGen', 'id': 'C0085390'}
VCV000012351	RCV002225263	TP53	2	criteria provided, multiple submitters, no conflicts	Benign	{'name': 'Hereditary breast ovarian cancer syndrome', 'database': 'MedGen', 'id': 'C0677776'}
VCV000012351	RCV002496335	TP53	1	criteria provided, single submitter	Benign	{'name': 'Adrenocortical carcinoma, hereditary', 'database': 'MedGen', 'id': 'C1859972'};{'name': 'Basal cell carcinoma, susceptibility to, 7', 'database': 'MedGen', 'id': 'C3553606'};{'name': 'Bone marrow failure syndrome 5', 'database': 'MedGen', 'id': 'C4748488'};{'name': 'Bone osteosarcoma', 'database': 'MedGen', 'id': 'C0585442'};{'name': 'Carcinoma of pancreas', 'database': 'MedGen', 'id': 'C0235974'};{'name': 'Choroid plexus papilloma', 'database': 'MedGen', 'id': 'C0205770'};{'name': 'Colorectal cancer', 'database': 'MedGen', 'id': 'C0346629'};{'name': 'Familial cancer of breast', 'database': 'MedGen', 'id': 'C0346153'};{'name': 'Glioma susceptibility 1', 'database': 'MedGen', 'id': 'C2750850'};{'name': 'Hepatocellular carcinoma', 'database': 'MedGen', 'id': 'C2239176'};{'name': 'Li-Fraumeni syndrome 1', 'database': 'MedGen', 'id': 'C1835398'};{'name': 'Nasopharyngeal carcinoma', 'database': 'MedGen', 'id': 'C2931822'}
VCV000012351	RCV002510562	TP53	0	no assertion criteria provided	Benign	{'name': 'Acute myeloid leukemia', 'database': 'MedGen', 'id': 'C0023467'}
VCV000012353	RCV000013147	TP53	0	no assertion criteria provided	Pathogenic	{'name': 'Hepatocellular carcinoma', 'database': 'MedGen', 'id': 'C2239176'}
VCV000012353	RCV000566103	TP53	2	criteria provided, multiple submitters, no conflicts	Pathogenic/Likely pathogenic	{'name': 'Hereditary cancer-predisposing syndrome', 'database': 'MedGen', 'id': 'C0027672'}
VCV000012353	RCV000785500	TP53	0	no assertion criteria provided	Likely pathogenic	{'name': 'Ovarian neoplasm', 'database': 'MedGen', 'id': 'C0919267'}
VCV000012353	RCV000794324	TP53	1	criteria provided, single submitter	Likely pathogenic	{'name': 'Li-Fraumeni syndrome', 'database': 'MedGen', 'id': 'C0085390'}
VCV000012353	RCV001823095	TP53	2	criteria provided, multiple submitters, no conflicts	Pathogenic/Likely pathogenic	{'name': 'Li-Fraumeni syndrome 1', 'database': 'MedGen', 'id': 'C1835398'}
VCV000012353	RCV003128570	TP53	1	criteria provided, single submitter	Pathogenic	{'name': 'Squamous cell carcinoma', 'database': 'MedGen', 'id': 'C0007137'}
VCV000012353	RCV005229781	TP53	1	criteria provided, single submitter	Likely pathogenic	{'name': 'not provided', 'database': 'MedGen', 'id': 'C3661900'}
VCV000012355	RCV000013149	TP53	2	criteria provided, multiple submitters, no conflicts	Likely pathogenic	{'name': 'Li-Fraumeni syndrome 1', 'database': 'MedGen', 'id': 'C1835398'}
VCV000012355	RCV000164465	TP53	2	criteria provided, multiple submitters, no conflicts	Pathogenic/Likely pathogenic	{'name': 'Hereditary cancer-predisposing syndrome', 'database': 'MedGen', 'id': 'C0027672'}
VCV000012355	RCV000206683	TP53	1	criteria provided, single submitter	Pathogenic	{'name': 'Li-Fraumeni syndrome', 'database': 'MedGen', 'id': 'C0085390'}
VCV000012355	RCV000785472	TP53	0	no assertion criteria provided	Likely pathogenic	{'name': 'Ovarian neoplasm', 'database': 'MedGen', 'id': 'C0919267'}
VCV000012355	RCV000986053	TP53	2	criteria provided, multiple submitters, no conflicts	Pathogenic/Likely pathogenic	{'name': 'not provided', 'database': 'MedGen', 'id': 'C3661900'}
VCV000012355	RCV003473082	TP53	1	criteria provided, single submitter	Pathogenic	{'name': 'Adrenocortical carcinoma, hereditary', 'database': 'MedGen', 'id': 'C1859972'}
VCV000012356	RCV000013150	TP53	2	criteria provided, multiple submitters, no conflicts	Pathogenic	{'name': 'Li-Fraumeni syndrome 1', 'database': 'MedGen', 'id': 'C1835398'}
VCV000012356	RCV000115736	TP53	2	criteria provided, multiple submitters, no conflicts	Pathogenic/Likely pathogenic	{'name': 'Hereditary cancer-predisposing syndrome', 'database': 'MedGen', 'id': 'C0027672'}
VCV000012356	RCV000148913	TP53	0	no assertion criteria provided	Pathogenic	{'name': 'Sarcoma', 'database': 'MedGen', 'id': 'C1261473'}
VCV000012356	RCV000197114	TP53	3	reviewed by expert panel	Pathogenic	{'name': 'Li-Fraumeni syndrome', 'database': 'MedGen', 'id': 'C0085390'}
VCV000012356	RCV000235221	TP53	2	criteria provided, multiple submitters, no conflicts	Pathogenic/Likely pathogenic	{'name': 'not provided', 'database': 'MedGen', 'id': 'C3661900'}
VCV000012356	RCV000424869	TP53	0	no assertion criteria provided	Likely pathogenic	{'name': 'Multiple myeloma', 'database': 'MedGen', 'id': 'C0026764'}
VCV000012356	RCV000763417	TP53	1	criteria provided, single submitter	Pathogenic	{'name': 'Adrenocortical carcinoma, hereditary', 'database': 'MedGen', 'id': 'C1859972'};{'name': 'Basal cell carcinoma, susceptibility to, 7', 'database': 'MedGen', 'id': 'C3553606'};{'name': 'Bone osteosarcoma', 'database': 'MedGen', 'id': 'C0585442'};{'name': 'Carcinoma of colon', 'database': 'MedGen', 'id': 'C0699790'};{'name': 'Carcinoma of pancreas', 'database': 'MedGen', 'id': 'C0235974'};{'name': 'Choroid plexus papilloma', 'database': 'MedGen', 'id': 'C0205770'};{'name': 'Familial cancer of breast', 'database': 'MedGen', 'id': 'C0346153'};{'name': 'Glioma susceptibility 1', 'database': 'MedGen', 'id': 'C2750850'};{'name': 'Hepatocellular carcinoma', 'database': 'MedGen', 'id': 'C2239176'};{'name': 'Li-Fraumeni syndrome 1', 'database': 'MedGen', 'id': 'C1835398'};{'name': 'Nasopharyngeal carcinoma', 'database': 'MedGen', 'id': 'C2931822'}
VCV000012356	RCV000785344	TP53	0	no assertion criteria provided	Likely pathogenic	{'name': 'Ovarian neoplasm', 'database': 'MedGen', 'id': 'C0919267'}
VCV000012356	RCV000790860	TP53	0	no assertion criteria provided	Likely pathogenic	{'name': 'Lymphoma', 'database': 'MedGen', 'id': 'C0024299'}
VCV000012356	RCV001255671	TP53	0	no assertion criteria provided	Pathogenic	{'name': 'Lip and oral cavity carcinoma', 'database': 'MedGen', 'id': 'C0220641'}
VCV000012356	RCV001257519	TP53	0	no assertion criteria provided	Pathogenic	{'name': 'Rhabdomyosarcoma', 'database': 'MedGen', 'id': 'C0035412'}
VCV000012356	RCV001270275	TP53	1	criteria provided, single submitter	Pathogenic	{'name': 'Familial cancer of breast', 'database': 'MedGen', 'id': 'C0346153'}
VCV000012356	RCV001527465	TP53	0	no assertion criteria provided	Pathogenic	{'name': 'Ductal carcinoma in situ', 'database': 'MedGen', 'id': 'C0007124'}
VCV000012356	RCV001554245	TP53	0	no assertion criteria provided	Pathogenic	{'name': 'Breast carcinoma', 'database': 'MedGen', 'id': 'C0678222'}
VCV000012356	RCV003162244	TP53	0	no assertion criteria provided	Pathogenic	{'name': 'Gastric cancer', 'database': 'MedGen', 'id': 'C0024623'}
VCV000012356	RCV003332079	TP53	0	no assertion criteria provided	Pathogenic	{'name': 'Malignant tumor of urinary bladder', 'database': 'MedGen', 'id': 'C0005684'}
VCV000012356	RCV003466852	TP53	2	criteria provided, multiple submitters, no conflicts	Pathogenic	{'name': 'Adrenocortical carcinoma, hereditary', 'database': 'MedGen', 'id': 'C1859972'}
VCV000012356	RCV003996090	TP53	0	no assertion criteria provided	Likely pathogenic	{'name': 'Adrenal cortex carcinoma', 'database': 'MedGen', 'id': 'C0206686'}
VCV000012356	RCV004745155	TP53	1	criteria provided, single submitter	Pathogenic	{'name': 'TP53-related disorder'}
VCV000012356	RCV004794335	TP53	1	criteria provided, single submitter	Likely pathogenic	{'name': 'Hereditary breast ovarian cancer syndrome', 'database': 'MedGen', 'id': 'C0677776'}
VCV000012356	RCV005016259	TP53	1	criteria provided, single submitter	Pathogenic	{'name': 'Adrenocortical carcinoma, hereditary', 'database': 'MedGen', 'id': 'C1859972'};{'name': 'Basal cell carcinoma, susceptibility to, 7', 'database': 'MedGen', 'id': 'C3553606'};{'name': 'Bone marrow failure syndrome 5', 'database': 'MedGen', 'id': 'C4748488'};{'name': 'Bone osteosarcoma', 'database': 'MedGen', 'id': 'C0585442'};{'name': 'Choroid plexus papilloma', 'database': 'MedGen', 'id': 'C0205770'};{'name': 'Colorectal cancer', 'database': 'MedGen', 'id': 'C0346629'};{'name': 'Familial cancer of breast', 'database': 'MedGen', 'id': 'C0346153'};{'name': 'Familial pancreatic carcinoma', 'database': 'MedGen', 'id': 'C2931038'};{'name': 'Glioma susceptibility 1', 'database': 'MedGen', 'id': 'C2750850'};{'name': 'Hepatocellular carcinoma', 'database': 'MedGen', 'id': 'C2239176'};{'name': 'Li-Fraumeni syndrome 1', 'database': 'MedGen', 'id': 'C1835398'};{'name': 'Nasopharyngeal carcinoma', 'database': 'MedGen', 'id': 'C2931822'}
VCV000012356	RCV006454632	TP53	1	criteria provided, single submitter	Pathogenic	{'name': 'Anaplastic/large cell medulloblastoma', 'database': 'MedGen', 'id': 'C4330531'}
VCV000012359	RCV000013153	TP53	0	no assertion criteria provided	Pathogenic	{'name': 'Hepatoblastoma', 'database': 'MedGen', 'id': 'C0206624'}
VCV000012359	RCV000013154	TP53	0	no assertion criteria provided	Pathogenic	{'name': 'Bone osteosarcoma', 'database': 'MedGen', 'id': 'C0585442'}
VCV000012359	RCV000130168	TP53	2	criteria provided, multiple submitters, no conflicts	Pathogenic/Likely pathogenic	{'name': 'Hereditary cancer-predisposing syndrome', 'database': 'MedGen', 'id': 'C0027672'}
VCV000012359	RCV000559355	TP53	1	criteria provided, single submitter	Pathogenic	{'name': 'Li-Fraumeni syndrome', 'database': 'MedGen', 'id': 'C0085390'}
VCV000012359	RCV000785290	TP53	0	no assertion criteria provided	Likely pathogenic	{'name': 'Ovarian neoplasm', 'database': 'MedGen', 'id': 'C0919267'}
VCV000012359	RCV001255673	TP53	0	no assertion criteria provided	Pathogenic	{'name': 'Lip and oral cavity carcinoma', 'database': 'MedGen', 'id': 'C0220641'}
VCV000012359	RCV002288485	TP53	2	criteria provided, multiple submitters, no conflicts	Likely pathogenic	{'name': 'Li-Fraumeni syndrome 1', 'database': 'MedGen', 'id': 'C1835398'}
VCV000012359	RCV002496336	TP53	1	criteria provided, single submitter	Likely pathogenic	{'name': 'Adrenocortical carcinoma, hereditary', 'database': 'MedGen', 'id': 'C1859972'};{'name': 'Basal cell carcinoma, susceptibility to, 7', 'database': 'MedGen', 'id': 'C3553606'};{'name': 'Bone marrow failure syndrome 5', 'database': 'MedGen', 'id': 'C4748488'};{'name': 'Bone osteosarcoma', 'database': 'MedGen', 'id': 'C0585442'};{'name': 'Carcinoma of pancreas', 'database': 'MedGen', 'id': 'C0235974'};{'name': 'Choroid plexus papilloma', 'database': 'MedGen', 'id': 'C0205770'};{'name': 'Colorectal cancer', 'database': 'MedGen', 'id': 'C0346629'};{'name': 'Familial cancer of breast', 'database': 'MedGen', 'id': 'C0346153'};{'name': 'Glioma susceptibility 1', 'database': 'MedGen', 'id': 'C2750850'};{'name': 'Hepatocellular carcinoma', 'database': 'MedGen', 'id': 'C2239176'};{'name': 'Li-Fraumeni syndrome 1', 'database': 'MedGen', 'id': 'C1835398'};{'name': 'Nasopharyngeal carcinoma', 'database': 'MedGen', 'id': 'C2931822'}
VCV000012359	RCV003114189	TP53	2	criteria provided, multiple submitters, no conflicts	Pathogenic	{'name': 'not provided', 'database': 'MedGen', 'id': 'C3661900'}
VCV000012364	RCV000013161	TP53	0	no assertion criteria provided	Pathogenic	{'name': 'Li-fraumeni-like syndrome', 'database': 'MedGen', 'id': 'C2675080'}
VCV000012364	RCV000144670	TP53	2	criteria provided, multiple submitters, no conflicts	Pathogenic/Likely pathogenic	{'name': 'Li-Fraumeni syndrome 1', 'database': 'MedGen', 'id': 'C1835398'}
VCV000012364	RCV000148905	TP53	2	criteria provided, multiple submitters, no conflicts	Pathogenic	{'name': 'Li-Fraumeni syndrome', 'database': 'MedGen', 'id': 'C0085390'}
VCV000012364	RCV000210145	TP53	2	criteria provided, multiple submitters, no conflicts	Pathogenic/Likely pathogenic	{'name': 'Hereditary cancer-predisposing syndrome', 'database': 'MedGen', 'id': 'C0027672'}
VCV000012364	RCV000236400	TP53	2	criteria provided, multiple submitters, no conflicts	Pathogenic	{'name': 'not provided', 'database': 'MedGen', 'id': 'C3661900'}
VCV000012364	RCV000441472	TP53	1	criteria provided, single submitter	Pathogenic	{'name': 'Squamous cell carcinoma of the head and neck', 'database': 'MedGen', 'id': 'C1168401'}
VCV000012364	RCV000722016	TP53	1	criteria provided, single submitter	Pathogenic	{'name': 'Astrocytoma, anaplastic', 'database': 'MedGen', 'id': 'C0334579'};{'name': 'Pleomorphic xanthoastrocytoma', 'database': 'MedGen', 'id': 'C0334586'}
VCV000012364	RCV000785546	TP53	0	no assertion criteria provided	Likely pathogenic	{'name': 'Ovarian neoplasm', 'database': 'MedGen', 'id': 'C0919267'}
VCV000012364	RCV001270278	TP53	1	criteria provided, single submitter	Pathogenic	{'name': 'Colorectal cancer', 'database': 'MedGen', 'id': 'C0346629'}
VCV000012364	RCV003315223	TP53	1	criteria provided, single submitter	Likely pathogenic	{'name': 'Diffuse pediatric-type high-grade glioma, H3-wildtype and IDH-wildtype', 'database': 'MedGen', 'id': 'C5669918'}
VCV000012364	RCV004566738	TP53	1	criteria provided, single submitter	Pathogenic	{'name': 'Adrenocortical carcinoma, hereditary', 'database': 'MedGen', 'id': 'C1859972'}
VCV000012364	RCV004797589	TP53	0	no assertion criteria provided	Pathogenic	{'name': 'TP53-related disorder'}
VCV000012365	RCV000013162	TP53	0	no assertion criteria provided	Pathogenic	{'name': 'Li-fraumeni-like syndrome', 'database': 'MedGen', 'id': 'C2675080'}
VCV000012365	RCV000130147	TP53	2	criteria provided, multiple submitters, no conflicts	Pathogenic	{'name': 'Hereditary cancer-predisposing syndrome', 'database': 'MedGen', 'id': 'C0027672'}
VCV000012365	RCV000144669	TP53	2	criteria provided, multiple submitters, no conflicts	Pathogenic	{'name': 'Li-Fraumeni syndrome 1', 'database': 'MedGen', 'id': 'C1835398'}
VCV000012365	RCV000148909	TP53	0	no assertion criteria provided	Likely pathogenic	{'name': 'Adenocarcinoma', 'database': 'MedGen', 'id': 'C0001418'}
VCV000012365	RCV000154014	TP53	2	criteria provided, multiple submitters, no conflicts	Pathogenic/Likely pathogenic	{'name': 'not provided', 'database': 'MedGen', 'id': 'C3661900'}
VCV000012365	RCV000226657	TP53	3	reviewed by expert panel	Pathogenic	{'name': 'Li-Fraumeni syndrome', 'database': 'MedGen', 'id': 'C0085390'}
VCV000012365	RCV000587017	TP53	0	no assertion criteria provided	Pathogenic	{'name': 'Atypical teratoid rhabdoid tumor', 'database': 'MedGen', 'id': 'C1266184'}
VCV000012365	RCV000588736	TP53	0	no assertion criteria provided	Pathogenic	{'name': 'Astrocytoma, anaplastic', 'database': 'MedGen', 'id': 'C0334579'}
VCV000012365	RCV000785316	TP53	0	no assertion criteria provided	Pathogenic/Likely pathogenic	{'name': 'Ovarian neoplasm', 'database': 'MedGen', 'id': 'C0919267'}
VCV000012365	RCV001270274	TP53	1	criteria provided, single submitter	Pathogenic	{'name': 'Colorectal cancer', 'database': 'MedGen', 'id': 'C0346629'}
VCV000012365	RCV001354825	TP53	0	no assertion criteria provided	Pathogenic	{'name': 'Familial ovarian cancer', 'database': 'MedGen', 'id': 'C5679802'}
VCV000012365	RCV001642222	TP53	0	no assertion criteria provided	Pathogenic	{'name': 'Breast carcinoma', 'database': 'MedGen', 'id': 'C0678222'}
VCV000012365	RCV002496337	TP53	1	criteria provided, single submitter	Pathogenic	{'name': 'Adrenocortical carcinoma, hereditary', 'database': 'MedGen', 'id': 'C1859972'};{'name': 'Basal cell carcinoma, susceptibility to, 7', 'database': 'MedGen', 'id': 'C3553606'};{'name': 'Bone marrow failure syndrome 5', 'database': 'MedGen', 'id': 'C4748488'};{'name': 'Bone osteosarcoma', 'database': 'MedGen', 'id': 'C0585442'};{'name': 'Carcinoma of pancreas', 'database': 'MedGen', 'id': 'C0235974'};{'name': 'Choroid plexus papilloma', 'database': 'MedGen', 'id': 'C0205770'};{'name': 'Colorectal cancer', 'database': 'MedGen', 'id': 'C0346629'};{'name': 'Familial cancer of breast', 'database': 'MedGen', 'id': 'C0346153'};{'name': 'Glioma susceptibility 1', 'database': 'MedGen', 'id': 'C2750850'};{'name': 'Hepatocellular carcinoma', 'database': 'MedGen', 'id': 'C2239176'};{'name': 'Li-Fraumeni syndrome 1', 'database': 'MedGen', 'id': 'C1835398'};{'name': 'Nasopharyngeal carcinoma', 'database': 'MedGen', 'id': 'C2931822'}
VCV000012365	RCV003162245	TP53	0	no assertion criteria provided	Pathogenic	{'name': 'Gastric cancer', 'database': 'MedGen', 'id': 'C0024623'}
VCV000012365	RCV003332080	TP53	0	no assertion criteria provided	Pathogenic	{'name': 'Malignant tumor of urinary bladder', 'database': 'MedGen', 'id': 'C0005684'}
VCV000012365	RCV003460464	TP53	1	criteria provided, single submitter	Pathogenic	{'name': 'Adrenocortical carcinoma, hereditary', 'database': 'MedGen', 'id': 'C1859972'}
VCV000012365	RCV003914832	TP53	0	no assertion criteria provided	Pathogenic	{'name': 'TP53-related disorder'}
VCV000012365	RCV004797759	TP53	1	criteria provided, single submitter	Pathogenic	{'name': 'See cases'}
VCV000012366	RCV000013163	TP53	2	criteria provided, multiple submitters, no conflicts	Pathogenic	{'name': 'Li-Fraumeni syndrome 1', 'database': 'MedGen', 'id': 'C1835398'}
VCV000012366	RCV000013164	TP53	0	no assertion criteria provided	Pathogenic	{'name': 'Thyroid gland undifferentiated (anaplastic) carcinoma', 'database': 'MedGen', 'id': 'C0238461'}
VCV000012366	RCV000115738	TP53	2	criteria provided, multiple submitters, no conflicts	Pathogenic/Likely pathogenic	{'name': 'Hereditary cancer-predisposing syndrome', 'database': 'MedGen', 'id': 'C0027672'}
VCV000012366	RCV000254693	TP53	2	criteria provided, multiple submitters, no conflicts	Pathogenic	{'name': 'not provided', 'database': 'MedGen', 'id': 'C3661900'}
VCV000012366	RCV000422097	TP53	1	criteria provided, single submitter	Pathogenic	{'name': 'Squamous cell carcinoma of the head and neck', 'database': 'MedGen', 'id': 'C1168401'}
VCV000012366	RCV000431361	TP53	1	criteria provided, single submitter	Pathogenic	{'name': 'Lung adenocarcinoma', 'database': 'MedGen', 'id': 'C0152013'}
VCV000012366	RCV000463420	TP53	3	reviewed by expert panel	Pathogenic	{'name': 'Li-Fraumeni syndrome', 'database': 'MedGen', 'id': 'C0085390'}
VCV000012366	RCV000785345	TP53	0	no assertion criteria provided	Pathogenic/Likely pathogenic	{'name': 'Ovarian neoplasm', 'database': 'MedGen', 'id': 'C0919267'}
VCV000012366	RCV001257517	TP53	0	no assertion criteria provided	Pathogenic	{'name': 'Rhabdomyosarcoma', 'database': 'MedGen', 'id': 'C0035412'}
VCV000012366	RCV001358389	TP53	0	no assertion criteria provided	Pathogenic	{'name': 'Malignant tumor of breast', 'database': 'MedGen', 'id': 'C0006142'}
VCV000012366	RCV001527470	TP53	0	no assertion criteria provided	Pathogenic	{'name': 'Colorectal cancer', 'database': 'MedGen', 'id': 'C0346629'};{'name': 'Multiple myeloma', 'database': 'MedGen', 'id': 'C0026764'}
VCV000012366	RCV001527484	TP53	0	no assertion criteria provided	Pathogenic	{'name': 'Familial cancer of breast', 'database': 'MedGen', 'id': 'C0346153'}
VCV000012366	RCV003162246	TP53	0	no assertion criteria provided	Pathogenic	{'name': 'Gastric cancer', 'database': 'MedGen', 'id': 'C0024623'}
VCV000012366	RCV003466853	TP53	1	criteria provided, single submitter	Pathogenic	{'name': 'Adrenocortical carcinoma, hereditary', 'database': 'MedGen', 'id': 'C1859972'}
VCV000012366	RCV003492292	TP53	1	criteria provided, single submitter	Likely pathogenic	{'name': 'Breast and/or ovarian cancer', 'database': 'MedGen', 'id': 'CN221562'}
VCV000012366	RCV004797590	TP53	0	no assertion criteria provided	Pathogenic	{'name': 'TP53-related disorder'}
VCV000012366	RCV005003353	TP53	1	criteria provided, single submitter	Pathogenic	{'name': 'Adrenocortical carcinoma, hereditary', 'database': 'MedGen', 'id': 'C1859972'};{'name': 'Basal cell carcinoma, susceptibility to, 7', 'database': 'MedGen', 'id': 'C3553606'};{'name': 'Bone marrow failure syndrome 5', 'database': 'MedGen', 'id': 'C4748488'};{'name': 'Bone osteosarcoma', 'database': 'MedGen', 'id': 'C0585442'};{'name': 'Choroid plexus papilloma', 'database': 'MedGen', 'id': 'C0205770'};{'name': 'Colorectal cancer', 'database': 'MedGen', 'id': 'C0346629'};{'name': 'Familial cancer of breast', 'database': 'MedGen', 'id': 'C0346153'};{'name': 'Familial pancreatic carcinoma', 'database': 'MedGen', 'id': 'C2931038'};{'name': 'Glioma susceptibility 1', 'database': 'MedGen', 'id': 'C2750850'};{'name': 'Hepatocellular carcinoma', 'database': 'MedGen', 'id': 'C2239176'};{'name': 'Li-Fraumeni syndrome 1', 'database': 'MedGen', 'id': 'C1835398'};{'name': 'Nasopharyngeal carcinoma', 'database': 'MedGen', 'id': 'C2931822'}
VCV000012370	RCV000013169	TP53	0	no assertion criteria provided	Pathogenic	{'name': 'Breast adenocarcinoma', 'database': 'MedGen', 'id': 'C0858252'}
VCV000012370	RCV000079203	TP53	1	criteria provided, single submitter	Pathogenic	{'name': 'not provided', 'database': 'MedGen', 'id': 'C3661900'}
VCV000012370	RCV000219702	TP53	2	criteria provided, multiple submitters, no conflicts	Pathogenic/Likely pathogenic	{'name': 'Hereditary cancer-predisposing syndrome', 'database': 'MedGen', 'id': 'C0027672'}
VCV000012370	RCV000633355	TP53	2	criteria provided, multiple submitters, no conflicts	Pathogenic	{'name': 'Li-Fraumeni syndrome', 'database': 'MedGen', 'id': 'C0085390'}
VCV000012370	RCV000785532	TP53	0	no assertion criteria provided	Likely pathogenic	{'name': 'Ovarian neoplasm', 'database': 'MedGen', 'id': 'C0919267'}
VCV000012370	RCV001257523	TP53	0	no assertion criteria provided	Pathogenic	{'name': 'Rhabdomyosarcoma', 'database': 'MedGen', 'id': 'C0035412'}
VCV000012370	RCV002288487	TP53	2	criteria provided, multiple submitters, no conflicts	Pathogenic/Likely pathogenic	{'name': 'Li-Fraumeni syndrome 1', 'database': 'MedGen', 'id': 'C1835398'}
VCV000012374	RCV000013173	TP53	2	criteria provided, multiple submitters, no conflicts	Pathogenic	{'name': 'Li-Fraumeni syndrome 1', 'database': 'MedGen', 'id': 'C1835398'}
VCV000012374	RCV000131301	TP53	2	criteria provided, multiple submitters, no conflicts	Pathogenic	{'name': 'Hereditary cancer-predisposing syndrome', 'database': 'MedGen', 'id': 'C0027672'}
VCV000012374	RCV000204931	TP53	3	reviewed by expert panel	Pathogenic	{'name': 'Li-Fraumeni syndrome', 'database': 'MedGen', 'id': 'C0085390'}
VCV000012374	RCV000213054	TP53	2	criteria provided, multiple submitters, no conflicts	Pathogenic	{'name': 'not provided', 'database': 'MedGen', 'id': 'C3661900'}
VCV000012374	RCV000239398	TP53	0	no assertion criteria provided	Pathogenic	{'name': 'Malignant tumor of esophagus', 'database': 'MedGen', 'id': 'C0546837'}
VCV000012374	RCV000785352	TP53	0	no assertion criteria provided	Likely pathogenic	{'name': 'Ovarian neoplasm', 'database': 'MedGen', 'id': 'C0919267'}
VCV000012374	RCV001255668	TP53	0	no assertion criteria provided	Pathogenic	{'name': 'Lip and oral cavity carcinoma', 'database': 'MedGen', 'id': 'C0220641'}
VCV000012374	RCV001270268	TP53	1	criteria provided, single submitter	Pathogenic	{'name': 'Squamous cell carcinoma of the head and neck', 'database': 'MedGen', 'id': 'C1168401'}
VCV000012374	RCV001270269	TP53	1	criteria provided, single submitter	Pathogenic	{'name': 'Colorectal cancer', 'database': 'MedGen', 'id': 'C0346629'}
VCV000012374	RCV001527463	TP53	0	no assertion criteria provided	Pathogenic	{'name': 'Familial cancer of breast', 'database': 'MedGen', 'id': 'C0346153'}
VCV000012374	RCV002476956	TP53	1	criteria provided, single submitter	Pathogenic	{'name': 'Adrenocortical carcinoma, hereditary', 'database': 'MedGen', 'id': 'C1859972'};{'name': 'Basal cell carcinoma, susceptibility to, 7', 'database': 'MedGen', 'id': 'C3553606'};{'name': 'Bone marrow failure syndrome 5', 'database': 'MedGen', 'id': 'C4748488'};{'name': 'Bone osteosarcoma', 'database': 'MedGen', 'id': 'C0585442'};{'name': 'Carcinoma of pancreas', 'database': 'MedGen', 'id': 'C0235974'};{'name': 'Choroid plexus papilloma', 'database': 'MedGen', 'id': 'C0205770'};{'name': 'Colorectal cancer', 'database': 'MedGen', 'id': 'C0346629'};{'name': 'Familial cancer of breast', 'database': 'MedGen', 'id': 'C0346153'};{'name': 'Glioma susceptibility 1', 'database': 'MedGen', 'id': 'C2750850'};{'name': 'Hepatocellular carcinoma', 'database': 'MedGen', 'id': 'C2239176'};{'name': 'Li-Fraumeni syndrome 1', 'database': 'MedGen', 'id': 'C1835398'};{'name': 'Nasopharyngeal carcinoma', 'database': 'MedGen', 'id': 'C2931822'}
VCV000012374	RCV003162247	TP53	0	no assertion criteria provided	Pathogenic	{'name': 'Gastric cancer', 'database': 'MedGen', 'id': 'C0024623'}
VCV000012374	RCV003466854	TP53	1	criteria provided, single submitter	Pathogenic	{'name': 'Adrenocortical carcinoma, hereditary', 'database': 'MedGen', 'id': 'C1859972'}
VCV000012374	RCV004797760	TP53	1	criteria provided, single submitter	Pathogenic	{'name': 'TP53-related disorder'}
VCV000012534	RCV000013360	TGFB1	0	no assertion criteria provided	risk factor	{'name': 'Cystic fibrosis', 'database': 'MedGen', 'id': 'C0010674'}
VCV000012534	RCV000013361	TGFB1	0	no assertion criteria provided	risk factor	{'name': 'Breast cancer, invasive, susceptibility to'}
VCV000012534	RCV000242872	TGFB1	2	criteria provided, multiple submitters, no conflicts	Benign	{'name': 'not specified', 'database': 'MedGen', 'id': 'CN169374'}
VCV000012534	RCV001516678	TGFB1	2	criteria provided, multiple submitters, no conflicts	Benign	{'name': 'not provided', 'database': 'MedGen', 'id': 'C3661900'}
VCV000012534	RCV001838525	TGFB1	1	criteria provided, single submitter	Benign	{'name': 'Diaphyseal dysplasia', 'database': 'MedGen', 'id': 'C0011989'}
VCV000012534	RCV001838526	TGFB1	1	criteria provided, single submitter	Benign	{'name': 'Inflammatory bowel disease, immunodeficiency, and encephalopathy', 'database': 'MedGen', 'id': 'C4748708'}
VCV000012534	RCV002496341	TGFB1	1	criteria provided, single submitter	Benign	{'name': 'Meckel syndrome, type 10', 'database': 'MedGen', 'id': 'C3280036'}
VCV000012578	RCV000013406	KRAS	0	no assertion criteria provided	Pathogenic	{'name': 'Lung carcinoma', 'database': 'MedGen', 'id': 'C0684249'}
VCV000012578	RCV000038265	KRAS	0	no assertion criteria provided	Pathogenic	{'name': 'Non-small cell lung carcinoma', 'database': 'MedGen', 'id': 'C0007131'}
VCV000012578	RCV000119791	KRAS	0	no classification provided	not provided	{'name': 'Endometrial carcinoma', 'database': 'MedGen', 'id': 'C0476089'}
VCV000012578	RCV000431049	KRAS	0	no assertion criteria provided	Pathogenic	{'name': 'Lung adenocarcinoma', 'database': 'MedGen', 'id': 'C0152013'}
VCV000012578	RCV001292543	KRAS	0	no assertion criteria provided	Pathogenic	{'name': 'Gallbladder cancer', 'database': 'MedGen', 'id': 'C0153452'}
VCV000012578	RCV001355787	KRAS	0	no assertion criteria provided	Pathogenic	{'name': 'not provided', 'database': 'MedGen', 'id': 'C3661900'}
VCV000012578	RCV003654176	KRAS	1	criteria provided, single submitter	Likely pathogenic	{'name': 'RASopathy', 'database': 'MedGen', 'id': 'C5555857'}
VCV000012578	RCV003996092	KRAS	0	no assertion criteria provided	Likely pathogenic	{'name': 'Lung cancer', 'database': 'MedGen', 'id': 'C0242379'}
VCV000012580	RCV000013409	KRAS	0	no assertion criteria provided	Pathogenic	{'name': 'Breast adenocarcinoma', 'database': 'MedGen', 'id': 'C0858252'}
VCV000012580	RCV000038269	KRAS	1	criteria provided, single submitter	Pathogenic	{'name': 'Non-small cell lung carcinoma', 'database': 'MedGen', 'id': 'C0007131'}
VCV000012580	RCV000144967	KRAS	0	no assertion criteria provided	Pathogenic	{'name': 'Juvenile myelomonocytic leukemia', 'database': 'MedGen', 'id': 'C0349639'}
VCV000012580	RCV000791297	KRAS	0	no assertion criteria provided	Pathogenic	{'name': 'OCULOECTODERMAL SYNDROME, SOMATIC'}
VCV000012580	RCV001092389	KRAS	2	criteria provided, multiple submitters, no conflicts	Pathogenic	{'name': 'not provided', 'database': 'MedGen', 'id': 'C3661900'}
VCV000012580	RCV001266168	KRAS	1	criteria provided, single submitter	Pathogenic	{'name': 'Inborn genetic diseases', 'database': 'MedGen', 'id': 'C0950123'}
VCV000012580	RCV001526657	KRAS	1	criteria provided, single submitter	Pathogenic	{'name': 'Nevus sebaceous', 'database': 'MedGen', 'id': 'C3854181'}
VCV000012580	RCV001813183	KRAS	1	criteria provided, single submitter	Pathogenic	{'name': 'Noonan syndrome and Noonan-related syndrome', 'database': 'MedGen', 'id': 'C5681679'}
VCV000012580	RCV001839444	KRAS	0	no classification provided	not provided	{'name': 'Encephalocraniocutaneous lipomatosis', 'database': 'MedGen', 'id': 'C0406612'}
VCV000012580	RCV001857340	KRAS	1	criteria provided, single submitter	Pathogenic	{'name': 'RASopathy', 'database': 'MedGen', 'id': 'C5555857'}
VCV000012580	RCV004549358	KRAS	0	no assertion criteria provided	Pathogenic	{'name': 'KRAS-related disorder'}
VCV000012580	RCV004813034	KRAS	1	criteria provided, single submitter	Pathogenic	{'name': 'Familial pancreatic carcinoma', 'database': 'MedGen', 'id': 'C2931038'}
VCV000012580	RCV006688345	KRAS	0	no assertion criteria provided	Pathogenic	{'name': 'RAS-ASSOCIATED AUTOIMMUNE LEUKOPROLIFERATIVE DISORDER 2, SOMATIC'}
VCV000012582	RCV000013411	KRAS	0	no assertion criteria provided	Pathogenic	{'name': 'Carcinoma of pancreas', 'database': 'MedGen', 'id': 'C0235974'}
VCV000012582	RCV000022799	KRAS	0	no assertion criteria provided	Pathogenic	{'name': 'Epidermal nevus', 'database': 'MedGen', 'id': 'C0334082'}
VCV000012582	RCV000029214	KRAS	0	no assertion criteria provided	Pathogenic	{'name': 'Nevus sebaceous', 'database': 'MedGen', 'id': 'C3854181'}
VCV000012582	RCV000029215	KRAS	2	criteria provided, multiple submitters, no conflicts	Pathogenic/Likely pathogenic	{'name': 'Linear nevus sebaceous syndrome', 'database': 'MedGen', 'id': 'C4552097'}
VCV000012582	RCV000144969	KRAS	0	no assertion criteria provided	Pathogenic	{'name': 'Juvenile myelomonocytic leukemia', 'database': 'MedGen', 'id': 'C0349639'}
VCV000012582	RCV000150896	KRAS	0	no assertion criteria provided	Pathogenic	{'name': 'Non-small cell lung carcinoma', 'database': 'MedGen', 'id': 'C0007131'}
VCV000012582	RCV000150897	KRAS	0	no assertion criteria provided	Pathogenic	{'name': 'Ovarian neoplasm', 'database': 'MedGen', 'id': 'C0919267'}
VCV000012582	RCV000272938	KRAS	2	criteria provided, multiple submitters, no conflicts	Pathogenic	{'name': 'not provided', 'database': 'MedGen', 'id': 'C3661900'}
VCV000012582	RCV000433573	KRAS	0	no assertion criteria provided	Pathogenic	{'name': 'Acute myeloid leukemia', 'database': 'MedGen', 'id': 'C0023467'}
VCV000012582	RCV000548006	KRAS	2	criteria provided, multiple submitters, no conflicts	Pathogenic	{'name': 'RASopathy', 'database': 'MedGen', 'id': 'C5555857'}
VCV000012582	RCV000585796	KRAS	1	criteria provided, single submitter	Pathogenic	{'name': 'Cerebral arteriovenous malformation', 'database': 'MedGen', 'id': 'C0917804'}
VCV000012582	RCV000662266	KRAS	0	no assertion criteria provided	Likely pathogenic	{'name': 'Vascular Tumors Including Pyogenic Granuloma'}
VCV000012582	RCV000856666	KRAS	0	no assertion criteria provided	Pathogenic	{'name': 'Primary low grade serous adenocarcinoma of ovary', 'database': 'MedGen', 'id': 'C4302356'}
VCV000012582	RCV001799604	KRAS	0	no assertion criteria provided	Pathogenic	{'name': 'Capillary malformation-arteriovenous malformation 1', 'database': 'MedGen', 'id': 'C4747394'}
VCV000012582	RCV001839445	KRAS	0	no classification provided	not provided	{'name': 'Encephalocraniocutaneous lipomatosis', 'database': 'MedGen', 'id': 'C0406612'}
VCV000012582	RCV002508117	KRAS	0	no assertion criteria provided	Pathogenic	{'name': 'Gastric cancer', 'database': 'MedGen', 'id': 'C0024623'}
VCV000012582	RCV003327361	KRAS	0	no assertion criteria provided	association	{'name': 'Atypical endometrial hyperplasia', 'database': 'MedGen', 'id': 'C0349579'};{'name': 'Endometrial hyperplasia without atypia', 'database': 'MedGen', 'id': 'C1516855'}
VCV000012582	RCV004018620	KRAS	1	criteria provided, single submitter	Likely pathogenic	{'name': 'Cardiovascular phenotype', 'database': 'MedGen', 'id': 'CN230736'}
VCV000012582	RCV004554600	KRAS	1	criteria provided, single submitter	Pathogenic	{'name': 'Congenital Pulmonary Airway Malformations'}
VCV000012582	RCV005007840	KRAS	1	criteria provided, single submitter	Pathogenic	{'name': 'Acute myeloid leukemia', 'database': 'MedGen', 'id': 'C0023467'};{'name': 'Autoimmune lymphoproliferative syndrome type 4', 'database': 'MedGen', 'id': 'C2674723'};{'name': 'Cardiofaciocutaneous syndrome 2', 'database': 'MedGen', 'id': 'C3809005'};{'name': 'Cerebral arteriovenous malformation', 'database': 'MedGen', 'id': 'C0917804'};{'name': 'Familial cancer of breast', 'database': 'MedGen', 'id': 'C0346153'};{'name': 'Familial pancreatic carcinoma', 'database': 'MedGen', 'id': 'C2931038'};{'name': 'Gastric cancer', 'database': 'MedGen', 'id': 'C0024623'};{'name': 'Linear nevus sebaceous syndrome', 'database': 'MedGen', 'id': 'C4552097'};{'name': 'Lung cancer', 'database': 'MedGen', 'id': 'C0242379'};{'name': 'Malignant tumor of urinary bladder', 'database': 'MedGen', 'id': 'C0005684'};{'name': 'Noonan syndrome 3', 'database': 'MedGen', 'id': 'C1860991'};{'name': 'Toriello-Lacassie-Droste syndrome', 'database': 'MedGen', 'id': 'C1838329'}
VCV000012582	RCV006688346	KRAS	0	no assertion criteria provided	Pathogenic	{'name': 'RAS-ASSOCIATED AUTOIMMUNE LEUKOPROLIFERATIVE DISORDER 2, SOMATIC'}
VCV000012583	RCV000013413	KRAS	0	no assertion criteria provided	Pathogenic	{'name': 'Carcinoma of pancreas', 'database': 'MedGen', 'id': 'C0235974'}
VCV000012583	RCV000029216	KRAS	0	no assertion criteria provided	Pathogenic	{'name': 'Nevus sebaceous', 'database': 'MedGen', 'id': 'C3854181'}
VCV000012583	RCV000150895	KRAS	1	criteria provided, single submitter	Pathogenic	{'name': 'Juvenile myelomonocytic leukemia', 'database': 'MedGen', 'id': 'C0349639'}
VCV000012583	RCV000154262	KRAS	1	criteria provided, single submitter	Pathogenic	{'name': 'Non-small cell lung carcinoma', 'database': 'MedGen', 'id': 'C0007131'}
VCV000012583	RCV000157944	KRAS	2	criteria provided, multiple submitters, no conflicts	Pathogenic	{'name': 'not provided', 'database': 'MedGen', 'id': 'C3661900'}
VCV000012583	RCV000585801	KRAS	1	criteria provided, single submitter	Pathogenic	{'name': 'Cerebral arteriovenous malformation', 'database': 'MedGen', 'id': 'C0917804'}
VCV000012583	RCV002291496	KRAS	0	no assertion criteria provided	Pathogenic	{'name': 'Chronic myeloid leukemia', 'database': 'MedGen', 'id': 'C0279543'}
VCV000012583	RCV003322589	KRAS	0	no assertion criteria provided	Pathogenic	{'name': 'Lung sarcomatoid carcinoma', 'database': 'MedGen', 'id': 'C1708781'}
VCV000012583	RCV003455987	KRAS	1	criteria provided, single submitter	Pathogenic	{'name': 'Linear nevus sebaceous syndrome', 'database': 'MedGen', 'id': 'C4552097'}
VCV000012583	RCV003539760	KRAS	1	criteria provided, single submitter	Pathogenic	{'name': 'RASopathy', 'database': 'MedGen', 'id': 'C5555857'}
VCV000012602	RCV000013435	HRAS	3	reviewed by expert panel	Pathogenic	{'name': 'Costello syndrome', 'database': 'MedGen', 'id': 'C0587248'}
VCV000012602	RCV000013436	HRAS	0	no assertion criteria provided	Pathogenic	{'name': 'Myopathy, congenital, with excess of muscle spindles', 'database': 'MedGen', 'id': 'C1968782'}
VCV000012602	RCV000022796	HRAS	0	no assertion criteria provided	Pathogenic	{'name': 'EPIDERMAL NEVUS WITH UROTHELIAL CANCER, SOMATIC', 'database': 'MedGen', 'id': 'C3277679'}
VCV000012602	RCV000029209	HRAS	0	no assertion criteria provided	Pathogenic	{'name': 'Nevus sebaceous', 'database': 'MedGen', 'id': 'C3854181'}
VCV000012602	RCV000081295	HRAS	2	criteria provided, multiple submitters, no conflicts	Pathogenic	{'name': 'not provided', 'database': 'MedGen', 'id': 'C3661900'}
VCV000012602	RCV000149828	HRAS	0	no assertion criteria provided	Pathogenic	{'name': 'RASopathy', 'database': 'MedGen', 'id': 'C5555857'}
VCV000012602	RCV000487471	HRAS	0	no assertion criteria provided	Pathogenic	{'name': 'Wooly hair nevus', 'database': 'MedGen', 'id': 'C0343114'}
VCV000012602	RCV001255689	HRAS	0	no assertion criteria provided	Pathogenic	{'name': 'Lip and oral cavity carcinoma', 'database': 'MedGen', 'id': 'C0220641'}
VCV000012602	RCV001257537	HRAS	0	no assertion criteria provided	Pathogenic	{'name': 'Rhabdomyosarcoma', 'database': 'MedGen', 'id': 'C0035412'}
VCV000012602	RCV001813185	HRAS	1	criteria provided, single submitter	Pathogenic	{'name': 'Noonan syndrome and Noonan-related syndrome', 'database': 'MedGen', 'id': 'C5681679'}
VCV000012602	RCV002453256	HRAS	1	criteria provided, single submitter	Pathogenic	{'name': 'Cardiovascular phenotype', 'database': 'MedGen', 'id': 'CN230736'}
VCV000012602	RCV003156059	HRAS	1	criteria provided, single submitter	Pathogenic	{'name': 'See cases'}
VCV000012602	RCV003398496	HRAS	0	no assertion criteria provided	Pathogenic	{'name': 'HRAS-related disorder'}
VCV000012602	RCV003450635	HRAS	1	criteria provided, single submitter	Pathogenic	{'name': 'Noonan syndrome 1', 'database': 'MedGen', 'id': 'C4551602'}
VCV000012602	RCV003450636	HRAS	1	criteria provided, single submitter	Pathogenic	{'name': 'Epidermal nevus', 'database': 'MedGen', 'id': 'C0334082'}
VCV000012602	RCV006688347	HRAS	1	criteria provided, single submitter	Pathogenic	{'name': 'Fetal anomalies with a likely genetic cause'}
VCV000012610	RCV000013444	HRAS	2	criteria provided, multiple submitters, no conflicts	Pathogenic	{'name': 'Costello syndrome', 'database': 'MedGen', 'id': 'C0587248'}
VCV000012610	RCV003221783	HRAS	1	criteria provided, single submitter	Pathogenic	{'name': 'not provided', 'database': 'MedGen', 'id': 'C3661900'}
VCV000012610	RCV004724738	HRAS	0	no assertion criteria provided	Pathogenic	{'name': 'HRAS-related disorder'}
VCV000012610	RCV005252034	HRAS	3	reviewed by expert panel	Pathogenic	{'name': 'RASopathy', 'database': 'MedGen', 'id': 'C5555857'}
VCV000012813	RCV000013661	KITLG	0	no assertion criteria provided	Pathogenic	{'name': 'Hyperpigmentation with or without hypopigmentation, familial progressive', 'database': 'MedGen', 'id': 'C1840392'}
VCV000012870	RCV000013730	SOS1	2	criteria provided, multiple submitters, no conflicts	Pathogenic	{'name': 'Noonan syndrome 4', 'database': 'MedGen', 'id': 'C1853120'}
VCV000012870	RCV000157691	SOS1	2	criteria provided, multiple submitters, no conflicts	Pathogenic	{'name': 'not provided', 'database': 'MedGen', 'id': 'C3661900'}
VCV000012870	RCV000211854	SOS1	1	criteria provided, single submitter	Pathogenic	{'name': 'Noonan syndrome', 'database': 'MedGen', 'id': 'C0028326'}
VCV000012870	RCV000554031	SOS1	2	criteria provided, multiple submitters, no conflicts	Pathogenic	{'name': 'RASopathy', 'database': 'MedGen', 'id': 'C5555857'}
VCV000012870	RCV000856805	SOS1	1	criteria provided, single submitter	Pathogenic	{'name': 'Noonan syndrome 1', 'database': 'MedGen', 'id': 'C4551602'}
VCV000012870	RCV002415412	SOS1	1	criteria provided, single submitter	Pathogenic	{'name': 'Cardiovascular phenotype', 'database': 'MedGen', 'id': 'CN230736'}
VCV000012871	RCV000013731	SOS1	2	criteria provided, multiple submitters, no conflicts	Pathogenic	{'name': 'Noonan syndrome 4', 'database': 'MedGen', 'id': 'C1853120'}
VCV000012871	RCV000156980	SOS1	3	reviewed by expert panel	Pathogenic	{'name': 'Noonan syndrome', 'database': 'MedGen', 'id': 'C0028326'}
VCV000012871	RCV000157693	SOS1	2	criteria provided, multiple submitters, no conflicts	Pathogenic	{'name': 'not provided', 'database': 'MedGen', 'id': 'C3661900'}
VCV000012871	RCV000159174	SOS1	2	criteria provided, multiple submitters, no conflicts	Pathogenic	{'name': 'RASopathy', 'database': 'MedGen', 'id': 'C5555857'}
VCV000012871	RCV000515160	SOS1	2	criteria provided, multiple submitters, no conflicts	Pathogenic	{'name': 'Fibromatosis, gingival, 1', 'database': 'MedGen', 'id': 'C4551558'};{'name': 'Noonan syndrome 4', 'database': 'MedGen', 'id': 'C1853120'}
VCV000012871	RCV002399321	SOS1	1	criteria provided, single submitter	Pathogenic	{'name': 'Cardiovascular phenotype', 'database': 'MedGen', 'id': 'CN230736'}
VCV000012891	RCV000013751	SCN1A	0	no assertion criteria provided	Pathogenic	{'name': 'Generalized epilepsy with febrile seizures plus, type 2', 'database': 'MedGen', 'id': 'C1858673'}
VCV000012891	RCV000059501	SCN1A	0	no classification provided	not provided	{'name': 'Generalized epilepsy with febrile seizures plus, type 1', 'database': 'MedGen', 'id': 'C1858672'}
VCV000012891	RCV005268548	SCN1A	1	criteria provided, single submitter	Pathogenic	{'name': 'Inborn genetic diseases', 'database': 'MedGen', 'id': 'C0950123'}
VCV000012891	RCV006461151	SCN1A	1	criteria provided, single submitter	Pathogenic	{'name': 'Early-infantile DEE', 'database': 'MedGen', 'id': 'C0393706'}
VCV000012935	RCV000013798	SLC6A4	0	no assertion criteria provided	risk factor	{'name': 'Obsessive-compulsive disorder, susceptibility to'}
VCV000012935	RCV001127236	SLC6A4	1	criteria provided, single submitter	Uncertain significance	{'name': 'Behavior disorder', 'database': 'MedGen', 'id': 'C0004930'}
VCV000012955	RCV000013821	RYR2	0	no assertion criteria provided	Pathogenic	{'name': 'Catecholaminergic polymorphic ventricular tachycardia 1', 'database': 'MedGen', 'id': 'C1631597'}
VCV000012960	RCV000013826	RYR2	1	criteria provided, single submitter	Pathogenic	{'name': 'Catecholaminergic polymorphic ventricular tachycardia 1', 'database': 'MedGen', 'id': 'C1631597'}
VCV000012961	RCV000013827	RYR2	1	criteria provided, single submitter	Pathogenic	{'name': 'Catecholaminergic polymorphic ventricular tachycardia 1', 'database': 'MedGen', 'id': 'C1631597'}
VCV000012962	RCV000013828	RYR2	1	criteria provided, single submitter	Pathogenic	{'name': 'Catecholaminergic polymorphic ventricular tachycardia 1', 'database': 'MedGen', 'id': 'C1631597'}
VCV000012967	RCV000013833	RYR1	3	reviewed by expert panel	Pathogenic	{'name': 'Malignant hyperthermia, susceptibility to, 1', 'database': 'MedGen', 'id': 'C2930980'}
VCV000012967	RCV000013834	RYR1	0	no assertion criteria provided	risk factor	{'name': 'Central core myopathy', 'database': 'MedGen', 'id': 'C5830701'}
VCV000012967	RCV000119625	RYR1	2	criteria provided, multiple submitters, no conflicts	Pathogenic	{'name': 'not provided', 'database': 'MedGen', 'id': 'C3661900'}
VCV000012967	RCV000806352	RYR1	1	criteria provided, single submitter	Pathogenic	{'name': 'RYR1-related disorder', 'database': 'MedGen', 'id': 'CN239331'}
VCV000012967	RCV001787402	RYR1	3	reviewed by expert panel	drug response	{'name': 'desflurane response - Toxicity'}
VCV000012967	RCV001787706	RYR1	3	reviewed by expert panel	drug response	{'name': 'enflurane response - Toxicity'}
VCV000012967	RCV001787707	RYR1	3	reviewed by expert panel	drug response	{'name': 'halothane response - Toxicity'}
VCV000012967	RCV001787708	RYR1	3	reviewed by expert panel	drug response	{'name': 'isoflurane response - Toxicity'}
VCV000012967	RCV001787709	RYR1	3	reviewed by expert panel	drug response	{'name': 'methoxyflurane response - Toxicity'}
VCV000012967	RCV001787710	RYR1	3	reviewed by expert panel	drug response	{'name': 'sevoflurane response - Toxicity'}
VCV000012967	RCV001787711	RYR1	3	reviewed by expert panel	drug response	{'name': 'succinylcholine response - Toxicity'}
VCV000012967	RCV004017239	RYR1	1	criteria provided, single submitter	Pathogenic	{'name': 'Malignant hyperthermia of anesthesia', 'database': 'MedGen', 'id': 'C0024591'}
VCV000012968	RCV000013835	RYR1	1	criteria provided, single submitter	Likely pathogenic	{'name': 'Central core myopathy', 'database': 'MedGen', 'id': 'C5830701'}
VCV000012968	RCV000119453	RYR1	0	no classification provided	not provided	{'name': 'not provided', 'database': 'MedGen', 'id': 'C3661900'}
VCV000012968	RCV001787712	RYR1	3	reviewed by expert panel	drug response	{'name': 'desflurane response - Toxicity'}
VCV000012968	RCV001787713	RYR1	3	reviewed by expert panel	drug response	{'name': 'enflurane response - Toxicity'}
VCV000012968	RCV001787714	RYR1	3	reviewed by expert panel	drug response	{'name': 'halothane response - Toxicity'}
VCV000012968	RCV001787715	RYR1	3	reviewed by expert panel	drug response	{'name': 'isoflurane response - Toxicity'}
VCV000012968	RCV001787716	RYR1	3	reviewed by expert panel	drug response	{'name': 'methoxyflurane response - Toxicity'}
VCV000012968	RCV001787717	RYR1	3	reviewed by expert panel	drug response	{'name': 'sevoflurane response - Toxicity'}
VCV000012968	RCV001787718	RYR1	3	reviewed by expert panel	drug response	{'name': 'succinylcholine response - Toxicity'}
VCV000012968	RCV003231102	RYR1	3	reviewed by expert panel	Uncertain significance	{'name': 'Malignant hyperthermia, susceptibility to, 1', 'database': 'MedGen', 'id': 'C2930980'}
VCV000012968	RCV003591629	RYR1	1	criteria provided, single submitter	Uncertain significance	{'name': 'RYR1-related disorder', 'database': 'MedGen', 'id': 'CN239331'}
VCV000012968	RCV004782014	RYR1	1	criteria provided, single submitter	Uncertain significance	{'name': 'not specified', 'database': 'MedGen', 'id': 'CN169374'}
VCV000012978	RCV000013847	RYR1	3	reviewed by expert panel	Pathogenic	{'name': 'Malignant hyperthermia, susceptibility to, 1', 'database': 'MedGen', 'id': 'C2930980'}
VCV000012978	RCV000119520	RYR1	1	criteria provided, single submitter	Pathogenic	{'name': 'not provided', 'database': 'MedGen', 'id': 'C3661900'}
VCV000012978	RCV001787768	RYR1	3	reviewed by expert panel	drug response	{'name': 'desflurane response - Toxicity'}
VCV000012978	RCV001787769	RYR1	3	reviewed by expert panel	drug response	{'name': 'enflurane response - Toxicity'}
VCV000012978	RCV001787770	RYR1	3	reviewed by expert panel	drug response	{'name': 'halothane response - Toxicity'}
VCV000012978	RCV001787771	RYR1	3	reviewed by expert panel	drug response	{'name': 'isoflurane response - Toxicity'}
VCV000012978	RCV001787772	RYR1	3	reviewed by expert panel	drug response	{'name': 'methoxyflurane response - Toxicity'}
VCV000012978	RCV001787773	RYR1	3	reviewed by expert panel	drug response	{'name': 'sevoflurane response - Toxicity'}
VCV000012978	RCV001787774	RYR1	3	reviewed by expert panel	drug response	{'name': 'succinylcholine response - Toxicity'}
VCV000012978	RCV003591630	RYR1	1	criteria provided, single submitter	Pathogenic	{'name': 'RYR1-related disorder', 'database': 'MedGen', 'id': 'CN239331'}
VCV000012993	RCV000013865	RYR1	3	reviewed by expert panel	Pathogenic	{'name': 'Malignant hyperthermia, susceptibility to, 1', 'database': 'MedGen', 'id': 'C2930980'}
VCV000012993	RCV000119574	RYR1	0	no classification provided	not provided	{'name': 'not provided', 'database': 'MedGen', 'id': 'C3661900'}
VCV000012993	RCV001787796	RYR1	3	reviewed by expert panel	drug response	{'name': 'desflurane response - Toxicity'}
VCV000012993	RCV001787797	RYR1	3	reviewed by expert panel	drug response	{'name': 'enflurane response - Toxicity'}
VCV000012993	RCV001787798	RYR1	3	reviewed by expert panel	drug response	{'name': 'halothane response - Toxicity'}
VCV000012993	RCV001787799	RYR1	3	reviewed by expert panel	drug response	{'name': 'isoflurane response - Toxicity'}
VCV000012993	RCV001787800	RYR1	3	reviewed by expert panel	drug response	{'name': 'methoxyflurane response - Toxicity'}
VCV000012993	RCV001787801	RYR1	3	reviewed by expert panel	drug response	{'name': 'sevoflurane response - Toxicity'}
VCV000012993	RCV001787802	RYR1	3	reviewed by expert panel	drug response	{'name': 'succinylcholine response - Toxicity'}
VCV000013208	RCV000014095	SFTPC	2	criteria provided, multiple submitters, no conflicts	Pathogenic/Likely pathogenic	{'name': 'Surfactant metabolism dysfunction, pulmonary, 2', 'database': 'MedGen', 'id': 'C1970470'}
VCV000013208	RCV000731190	SFTPC	2	criteria provided, multiple submitters, no conflicts	Pathogenic	{'name': 'not provided', 'database': 'MedGen', 'id': 'C3661900'}
VCV000013208	RCV002415413	SFTPC	1	criteria provided, single submitter	Pathogenic	{'name': 'Hereditary pulmonary alveolar proteinosis', 'database': 'MedGen', 'id': 'C3711368'}
VCV000013208	RCV002509156	SFTPC	0	no assertion criteria provided	Likely risk allele	{'name': 'Pulmonary fibrosis', 'database': 'MedGen', 'id': 'C0034069'}
VCV000013263	RCV000014173	FGFR2	2	criteria provided, multiple submitters, no conflicts	Pathogenic	{'name': 'Crouzon syndrome', 'database': 'MedGen', 'id': 'C0010273'}
VCV000013263	RCV000014174	FGFR2	1	criteria provided, single submitter	Pathogenic	{'name': 'Pfeiffer syndrome', 'database': 'MedGen', 'id': 'C0220658'}
VCV000013263	RCV000547490	FGFR2	2	criteria provided, multiple submitters, no conflicts	Pathogenic	{'name': 'FGFR2-related craniosynostosis', 'database': 'MedGen', 'id': 'CN231480'}
VCV000013263	RCV000762801	FGFR2	1	criteria provided, single submitter	Pathogenic	{'name': 'Acrocephalosyndactyly type I', 'database': 'MedGen', 'id': 'C0001193'};{'name': 'Antley-Bixler syndrome without genital anomalies or disordered steroidogenesis', 'database': 'MedGen', 'id': 'C2936791'};{'name': 'Beare-Stevenson cutis gyrata syndrome', 'database': 'MedGen', 'id': 'C1852406'};{'name': 'Bent bone dysplasia syndrome 1', 'database': 'MedGen', 'id': 'C3281247'};{'name': 'Crouzon syndrome', 'database': 'MedGen', 'id': 'C0010273'};{'name': 'Familial scaphocephaly syndrome, McGillivray type', 'database': 'MedGen', 'id': 'C1865070'};{'name': 'Jackson-Weiss syndrome', 'database': 'MedGen', 'id': 'C0795998'};{'name': 'Levy-Hollister syndrome', 'database': 'MedGen', 'id': 'C0265269'};{'name': 'Neoplasm of stomach', 'database': 'MedGen', 'id': 'C0038356'};{'name': 'Pfeiffer syndrome', 'database': 'MedGen', 'id': 'C0220658'};{'name': 'Saethre-Chotzen syndrome', 'database': 'MedGen', 'id': 'C0175699'}
VCV000013263	RCV001090933	FGFR2	2	criteria provided, multiple submitters, no conflicts	Pathogenic	{'name': 'not provided', 'database': 'MedGen', 'id': 'C3661900'}
VCV000013263	RCV001196204	FGFR2	1	criteria provided, single submitter	Likely pathogenic	{'name': 'Antley-Bixler syndrome without genital anomalies or disordered steroidogenesis', 'database': 'MedGen', 'id': 'C2936791'}
VCV000013263	RCV001730471	FGFR2	1	criteria provided, single submitter	Pathogenic	{'name': 'Craniosynostosis syndrome', 'database': 'MedGen', 'id': 'C0010278'}
VCV000013263	RCV004795406	FGFR2	1	criteria provided, single submitter	Pathogenic	{'name': 'Acrocephalosyndactyly type I', 'database': 'MedGen', 'id': 'C0001193'};{'name': 'Antley-Bixler syndrome without genital anomalies or disordered steroidogenesis', 'database': 'MedGen', 'id': 'C2936791'};{'name': 'Beare-Stevenson cutis gyrata syndrome', 'database': 'MedGen', 'id': 'C1852406'};{'name': 'Bent bone dysplasia syndrome 1', 'database': 'MedGen', 'id': 'C3281247'};{'name': 'Crouzon syndrome', 'database': 'MedGen', 'id': 'C0010273'};{'name': 'Familial scaphocephaly syndrome, McGillivray type', 'database': 'MedGen', 'id': 'C1865070'};{'name': 'Gastric cancer', 'database': 'MedGen', 'id': 'C0024623'};{'name': 'Jackson-Weiss syndrome', 'database': 'MedGen', 'id': 'C0795998'};{'name': 'LADD syndrome 1', 'database': 'MedGen', 'id': 'C5774323'};{'name': 'Pfeiffer syndrome', 'database': 'MedGen', 'id': 'C0220658'};{'name': 'Saethre-Chotzen syndrome', 'database': 'MedGen', 'id': 'C0175699'}
VCV000013263	RCV006605188	FGFR2	1	criteria provided, single submitter	Pathogenic	{'name': 'Common craniosynostosis syndromes'}
VCV000013272	RCV000014191	FGFR2	2	criteria provided, multiple submitters, no conflicts	Pathogenic	{'name': 'Acrocephalosyndactyly type I', 'database': 'MedGen', 'id': 'C0001193'}
VCV000013272	RCV000014192	FGFR2	0	no assertion criteria provided	Pathogenic	{'name': 'Endometrial carcinoma', 'database': 'MedGen', 'id': 'C0476089'}
VCV000013272	RCV000263144	FGFR2	2	criteria provided, multiple submitters, no conflicts	Pathogenic	{'name': 'not provided', 'database': 'MedGen', 'id': 'C3661900'}
VCV000013272	RCV000552015	FGFR2	2	criteria provided, multiple submitters, no conflicts	Pathogenic	{'name': 'FGFR2-related craniosynostosis', 'database': 'MedGen', 'id': 'CN231480'}
VCV000013272	RCV002476961	FGFR2	1	criteria provided, single submitter	Pathogenic	{'name': 'Acrocephalosyndactyly type I', 'database': 'MedGen', 'id': 'C0001193'};{'name': 'Antley-Bixler syndrome without genital anomalies or disordered steroidogenesis', 'database': 'MedGen', 'id': 'C2936791'};{'name': 'Beare-Stevenson cutis gyrata syndrome', 'database': 'MedGen', 'id': 'C1852406'};{'name': 'Bent bone dysplasia syndrome 1', 'database': 'MedGen', 'id': 'C3281247'};{'name': 'Crouzon syndrome', 'database': 'MedGen', 'id': 'C0010273'};{'name': 'Familial scaphocephaly syndrome, McGillivray type', 'database': 'MedGen', 'id': 'C1865070'};{'name': 'Gastric cancer', 'database': 'MedGen', 'id': 'C0024623'};{'name': 'Jackson-Weiss syndrome', 'database': 'MedGen', 'id': 'C0795998'};{'name': 'Levy-Hollister syndrome', 'database': 'MedGen', 'id': 'C0265269'};{'name': 'Pfeiffer syndrome', 'database': 'MedGen', 'id': 'C0220658'};{'name': 'Saethre-Chotzen syndrome', 'database': 'MedGen', 'id': 'C0175699'}
VCV000013272	RCV004527288	FGFR2	1	criteria provided, single submitter	Pathogenic	{'name': 'Pfeiffer syndrome', 'database': 'MedGen', 'id': 'C0220658'}
VCV000013272	RCV004532334	FGFR2	2	criteria provided, multiple submitters, no conflicts	Pathogenic	{'name': 'FGFR2-related disorder', 'database': 'MedGen', 'id': 'CN380096'}
VCV000013272	RCV005841520	FGFR2	1	criteria provided, single submitter	Pathogenic	{'name': 'Inborn genetic diseases', 'database': 'MedGen', 'id': 'C0950123'}
VCV000013273	RCV000014193	FGFR2	2	criteria provided, multiple submitters, no conflicts	Pathogenic	{'name': 'Acrocephalosyndactyly type I', 'database': 'MedGen', 'id': 'C0001193'}
VCV000013273	RCV000489611	FGFR2	2	criteria provided, multiple submitters, no conflicts	Pathogenic/Likely pathogenic	{'name': 'not provided', 'database': 'MedGen', 'id': 'C3661900'}
VCV000013273	RCV000532721	FGFR2	1	criteria provided, single submitter	Pathogenic	{'name': 'FGFR2-related craniosynostosis', 'database': 'MedGen', 'id': 'CN231480'}
VCV000013273	RCV000762803	FGFR2	1	criteria provided, single submitter	Pathogenic	{'name': 'Acrocephalosyndactyly type I', 'database': 'MedGen', 'id': 'C0001193'};{'name': 'Antley-Bixler syndrome without genital anomalies or disordered steroidogenesis', 'database': 'MedGen', 'id': 'C2936791'};{'name': 'Beare-Stevenson cutis gyrata syndrome', 'database': 'MedGen', 'id': 'C1852406'};{'name': 'Bent bone dysplasia syndrome 1', 'database': 'MedGen', 'id': 'C3281247'};{'name': 'Crouzon syndrome', 'database': 'MedGen', 'id': 'C0010273'};{'name': 'Familial scaphocephaly syndrome, McGillivray type', 'database': 'MedGen', 'id': 'C1865070'};{'name': 'Jackson-Weiss syndrome', 'database': 'MedGen', 'id': 'C0795998'};{'name': 'Levy-Hollister syndrome', 'database': 'MedGen', 'id': 'C0265269'};{'name': 'Neoplasm of stomach', 'database': 'MedGen', 'id': 'C0038356'};{'name': 'Pfeiffer syndrome', 'database': 'MedGen', 'id': 'C0220658'};{'name': 'Saethre-Chotzen syndrome', 'database': 'MedGen', 'id': 'C0175699'}
VCV000013273	RCV001197223	FGFR2	1	criteria provided, single submitter	Pathogenic	{'name': 'Antley-Bixler syndrome without genital anomalies or disordered steroidogenesis', 'database': 'MedGen', 'id': 'C2936791'}
VCV000013273	RCV004532335	FGFR2	0	no assertion criteria provided	Pathogenic	{'name': 'FGFR2-related disorder', 'database': 'MedGen', 'id': 'CN380096'}
VCV000013273	RCV005859461	FGFR2	1	criteria provided, single submitter	Pathogenic	{'name': 'Pfeiffer syndrome', 'database': 'MedGen', 'id': 'C0220658'}
VCV000013277	RCV000014198	FGFR2	2	criteria provided, multiple submitters, no conflicts	Pathogenic/Likely pathogenic	{'name': 'Beare-Stevenson cutis gyrata syndrome', 'database': 'MedGen', 'id': 'C1852406'}
VCV000013277	RCV000014199	FGFR2	0	no assertion criteria provided	Pathogenic	{'name': 'Endometrial carcinoma', 'database': 'MedGen', 'id': 'C0476089'}
VCV000013277	RCV000224124	FGFR2	2	criteria provided, multiple submitters, no conflicts	Pathogenic	{'name': 'not provided', 'database': 'MedGen', 'id': 'C3661900'}
VCV000013277	RCV000549100	FGFR2	1	criteria provided, single submitter	Pathogenic	{'name': 'FGFR2-related craniosynostosis', 'database': 'MedGen', 'id': 'CN231480'}
VCV000013277	RCV000762799	FGFR2	1	criteria provided, single submitter	Pathogenic	{'name': 'Acrocephalosyndactyly type I', 'database': 'MedGen', 'id': 'C0001193'};{'name': 'Antley-Bixler syndrome without genital anomalies or disordered steroidogenesis', 'database': 'MedGen', 'id': 'C2936791'};{'name': 'Beare-Stevenson cutis gyrata syndrome', 'database': 'MedGen', 'id': 'C1852406'};{'name': 'Bent bone dysplasia syndrome 1', 'database': 'MedGen', 'id': 'C3281247'};{'name': 'Crouzon syndrome', 'database': 'MedGen', 'id': 'C0010273'};{'name': 'Familial scaphocephaly syndrome, McGillivray type', 'database': 'MedGen', 'id': 'C1865070'};{'name': 'Jackson-Weiss syndrome', 'database': 'MedGen', 'id': 'C0795998'};{'name': 'Levy-Hollister syndrome', 'database': 'MedGen', 'id': 'C0265269'};{'name': 'Neoplasm of stomach', 'database': 'MedGen', 'id': 'C0038356'};{'name': 'Pfeiffer syndrome', 'database': 'MedGen', 'id': 'C0220658'};{'name': 'Saethre-Chotzen syndrome', 'database': 'MedGen', 'id': 'C0175699'}
VCV000013277	RCV004532336	FGFR2	0	no assertion criteria provided	Pathogenic	{'name': 'FGFR2-related disorder', 'database': 'MedGen', 'id': 'CN380096'}
VCV000013293	RCV000014217	FGFR2	2	criteria provided, multiple submitters, no conflicts	Pathogenic	{'name': 'Pfeiffer syndrome', 'database': 'MedGen', 'id': 'C0220658'}
VCV000013293	RCV000014218	FGFR2	0	no assertion criteria provided	Pathogenic	{'name': 'CRANIOFACIAL-SKELETAL-DERMATOLOGIC DYSPLASIA', 'database': 'MedGen', 'id': 'CN042705'}
VCV000013293	RCV000655418	FGFR2	2	criteria provided, multiple submitters, no conflicts	Pathogenic	{'name': 'FGFR2-related craniosynostosis', 'database': 'MedGen', 'id': 'CN231480'}
VCV000013293	RCV001268882	FGFR2	2	criteria provided, multiple submitters, no conflicts	Pathogenic	{'name': 'not provided', 'database': 'MedGen', 'id': 'C3661900'}
VCV000013293	RCV002490362	FGFR2	1	criteria provided, single submitter	Pathogenic	{'name': 'Acrocephalosyndactyly type I', 'database': 'MedGen', 'id': 'C0001193'};{'name': 'Antley-Bixler syndrome without genital anomalies or disordered steroidogenesis', 'database': 'MedGen', 'id': 'C2936791'};{'name': 'Beare-Stevenson cutis gyrata syndrome', 'database': 'MedGen', 'id': 'C1852406'};{'name': 'Bent bone dysplasia syndrome 1', 'database': 'MedGen', 'id': 'C3281247'};{'name': 'Crouzon syndrome', 'database': 'MedGen', 'id': 'C0010273'};{'name': 'Familial scaphocephaly syndrome, McGillivray type', 'database': 'MedGen', 'id': 'C1865070'};{'name': 'Gastric cancer', 'database': 'MedGen', 'id': 'C0024623'};{'name': 'Jackson-Weiss syndrome', 'database': 'MedGen', 'id': 'C0795998'};{'name': 'Levy-Hollister syndrome', 'database': 'MedGen', 'id': 'C0265269'};{'name': 'Pfeiffer syndrome', 'database': 'MedGen', 'id': 'C0220658'};{'name': 'Saethre-Chotzen syndrome', 'database': 'MedGen', 'id': 'C0175699'}
VCV000013310	RCV000014238	F2	0	no assertion criteria provided	risk factor	{'name': 'Ischemic stroke', 'database': 'MedGen', 'id': 'C0948008'}
VCV000013310	RCV000022729	F2	0	no assertion criteria provided	risk factor	{'name': 'Pregnancy loss, recurrent, susceptibility to, 2', 'database': 'MedGen', 'id': 'C3280672'}
VCV000013310	RCV000205022	F2	2	criteria provided, multiple submitters, no conflicts	Pathogenic/Pathogenic, low penetrance	{'name': 'Congenital prothrombin deficiency', 'database': 'MedGen', 'id': 'C0272317'}
VCV000013310	RCV000826090	F2	1	criteria provided, single submitter	risk factor	{'name': 'Venous thromboembolism', 'database': 'MedGen', 'id': 'C1861172'}
VCV000013310	RCV001091960	F2	2	criteria provided, multiple submitters, no conflicts	Pathogenic/Likely pathogenic	{'name': 'not provided', 'database': 'MedGen', 'id': 'C3661900'}
VCV000013310	RCV001794446	F2	1	criteria provided, single submitter	risk factor	{'name': 'Cerebral palsy', 'database': 'MedGen', 'id': 'C0007789'}
VCV000013310	RCV002468555	F2	0	no assertion criteria provided	Established risk allele	{'name': 'Thrombophilia caused by F2 prothrombin deficiency'}
VCV000013310	RCV005042047	F2	1	criteria provided, single submitter	Pathogenic	{'name': 'Congenital prothrombin deficiency', 'database': 'MedGen', 'id': 'C0272317'};{'name': 'Ischemic stroke', 'database': 'MedGen', 'id': 'C0948008'};{'name': 'Pregnancy loss, recurrent, susceptibility to, 2', 'database': 'MedGen', 'id': 'C3280672'};{'name': 'Thrombophilia due to thrombin defect', 'database': 'MedGen', 'id': 'C3160733'}
VCV000013310	RCV005419865	F2	2	criteria provided, multiple submitters, no conflicts	Pathogenic	{'name': 'Thrombophilia due to thrombin defect', 'database': 'MedGen', 'id': 'C3160733'}
VCV000013310	RCV006362020	F2	1	criteria provided, single submitter	Established risk allele	{'name': 'Inborn genetic diseases', 'database': 'MedGen', 'id': 'C0950123'}
VCV000013324	RCV000014252	PTPN11	2	criteria provided, multiple submitters, no conflicts	Pathogenic	{'name': 'Noonan syndrome 1', 'database': 'MedGen', 'id': 'C4551602'}
VCV000013324	RCV000033471	PTPN11	2	criteria provided, multiple submitters, no conflicts	Pathogenic	{'name': 'RASopathy', 'database': 'MedGen', 'id': 'C5555857'}
VCV000013324	RCV000157001	PTPN11	1	criteria provided, single submitter	Pathogenic	{'name': 'Noonan syndrome', 'database': 'MedGen', 'id': 'C0028326'}
VCV000013324	RCV000212890	PTPN11	2	criteria provided, multiple submitters, no conflicts	Pathogenic	{'name': 'not provided', 'database': 'MedGen', 'id': 'C3661900'}
VCV000013324	RCV000576667	PTPN11	1	criteria provided, single submitter	Pathogenic	{'name': 'LEOPARD syndrome 1', 'database': 'MedGen', 'id': 'C4551484'};{'name': 'Noonan syndrome 1', 'database': 'MedGen', 'id': 'C4551602'}
VCV000013324	RCV000762883	PTPN11	1	criteria provided, single submitter	Pathogenic	{'name': 'Juvenile myelomonocytic leukemia', 'database': 'MedGen', 'id': 'C0349639'};{'name': 'LEOPARD syndrome 1', 'database': 'MedGen', 'id': 'C4551484'};{'name': 'Metachondromatosis', 'database': 'MedGen', 'id': 'C0410530'};{'name': 'Noonan syndrome 1', 'database': 'MedGen', 'id': 'C4551602'}
VCV000013324	RCV001813190	PTPN11	1	criteria provided, single submitter	Pathogenic	{'name': 'Noonan syndrome and Noonan-related syndrome', 'database': 'MedGen', 'id': 'C5681679'}
VCV000013324	RCV005462887	PTPN11	1	criteria provided, single submitter	Pathogenic	{'name': 'Cardiovascular phenotype', 'database': 'MedGen', 'id': 'CN230736'}
VCV000013326	RCV000014254	PTPN11	2	criteria provided, multiple submitters, no conflicts	Pathogenic	{'name': 'Noonan syndrome 1', 'database': 'MedGen', 'id': 'C4551602'}
VCV000013326	RCV000033516	PTPN11	2	criteria provided, multiple submitters, no conflicts	Pathogenic	{'name': 'RASopathy', 'database': 'MedGen', 'id': 'C5555857'}
VCV000013326	RCV000077863	PTPN11	2	criteria provided, multiple submitters, no conflicts	Pathogenic	{'name': 'not provided', 'database': 'MedGen', 'id': 'C3661900'}
VCV000013326	RCV000156977	PTPN11	3	reviewed by expert panel	Pathogenic	{'name': 'Noonan syndrome', 'database': 'MedGen', 'id': 'C0028326'}
VCV000013326	RCV000515324	PTPN11	2	criteria provided, multiple submitters, no conflicts	Pathogenic	{'name': 'Juvenile myelomonocytic leukemia', 'database': 'MedGen', 'id': 'C0349639'};{'name': 'LEOPARD syndrome 1', 'database': 'MedGen', 'id': 'C4551484'};{'name': 'Metachondromatosis', 'database': 'MedGen', 'id': 'C0410530'};{'name': 'Noonan syndrome 1', 'database': 'MedGen', 'id': 'C4551602'}
VCV000013326	RCV000576594	PTPN11	1	criteria provided, single submitter	Pathogenic	{'name': 'LEOPARD syndrome 1', 'database': 'MedGen', 'id': 'C4551484'};{'name': 'Noonan syndrome 1', 'database': 'MedGen', 'id': 'C4551602'}
VCV000013326	RCV000621227	PTPN11	2	criteria provided, multiple submitters, no conflicts	Pathogenic	{'name': 'Cardiovascular phenotype', 'database': 'MedGen', 'id': 'CN230736'}
VCV000013326	RCV000850589	PTPN11	2	criteria provided, multiple submitters, no conflicts	Pathogenic	{'name': 'LEOPARD syndrome 1', 'database': 'MedGen', 'id': 'C4551484'};{'name': 'Metachondromatosis', 'database': 'MedGen', 'id': 'C0410530'};{'name': 'Noonan syndrome 1', 'database': 'MedGen', 'id': 'C4551602'}
VCV000013326	RCV001253546	PTPN11	2	criteria provided, multiple submitters, no conflicts	Pathogenic	{'name': 'LEOPARD syndrome 1', 'database': 'MedGen', 'id': 'C4551484'}
VCV000013326	RCV001270562	PTPN11	0	no assertion criteria provided	Likely pathogenic	{'name': 'Abnormal bleeding', 'database': 'MedGen', 'id': 'C1458140'};{'name': 'Thrombocytopenia', 'database': 'MedGen', 'id': 'C0040034'}
VCV000013326	RCV001293867	PTPN11	1	criteria provided, single submitter	Pathogenic	{'name': 'Hereditary cancer-predisposing syndrome', 'database': 'MedGen', 'id': 'C0027672'}
VCV000013326	RCV001813192	PTPN11	1	criteria provided, single submitter	Pathogenic	{'name': 'Noonan syndrome and Noonan-related syndrome', 'database': 'MedGen', 'id': 'C5681679'}
VCV000013326	RCV003147284	PTPN11	1	criteria provided, single submitter	Pathogenic	{'name': 'Metachondromatosis', 'database': 'MedGen', 'id': 'C0410530'}
VCV000013326	RCV003991568	PTPN11	1	criteria provided, single submitter	Pathogenic	{'name': 'Male infertility with azoospermia or oligozoospermia due to single gene mutation', 'database': 'MedGen', 'id': 'C5681165'}
VCV000013326	RCV004541002	PTPN11	0	no assertion criteria provided	Pathogenic	{'name': 'PTPN11-related disorder'}
VCV000013330	RCV000014258	PTPN11	2	criteria provided, multiple submitters, no conflicts	Pathogenic	{'name': 'Noonan syndrome 1', 'database': 'MedGen', 'id': 'C4551602'}
VCV000013330	RCV000033464	PTPN11	2	criteria provided, multiple submitters, no conflicts	Pathogenic	{'name': 'RASopathy', 'database': 'MedGen', 'id': 'C5555857'}
VCV000013330	RCV000077856	PTPN11	2	criteria provided, multiple submitters, no conflicts	Pathogenic	{'name': 'not provided', 'database': 'MedGen', 'id': 'C3661900'}
VCV000013330	RCV000626829	PTPN11	1	criteria provided, single submitter	Pathogenic	{'name': 'Abnormal cardiovascular system morphology', 'database': 'MedGen', 'id': 'C4049796'};{'name': 'Short stature', 'database': 'MedGen', 'id': 'C0349588'}
VCV000013330	RCV000824738	PTPN11	1	criteria provided, single submitter	Pathogenic	{'name': 'Juvenile myelomonocytic leukemia', 'database': 'MedGen', 'id': 'C0349639'};{'name': 'Noonan syndrome', 'database': 'MedGen', 'id': 'C0028326'}
VCV000013330	RCV001270166	PTPN11	2	criteria provided, multiple submitters, no conflicts	Pathogenic	{'name': 'LEOPARD syndrome 1', 'database': 'MedGen', 'id': 'C4551484'}
VCV000013330	RCV001376030	PTPN11	1	criteria provided, single submitter	Pathogenic	{'name': 'Non-immune hydrops fetalis', 'database': 'MedGen', 'id': 'C0455988'}
VCV000013330	RCV001813196	PTPN11	1	criteria provided, single submitter	Pathogenic	{'name': 'Noonan syndrome and Noonan-related syndrome', 'database': 'MedGen', 'id': 'C5681679'}
VCV000013330	RCV002490363	PTPN11	1	criteria provided, single submitter	Pathogenic	{'name': 'Juvenile myelomonocytic leukemia', 'database': 'MedGen', 'id': 'C0349639'};{'name': 'LEOPARD syndrome 1', 'database': 'MedGen', 'id': 'C4551484'};{'name': 'Metachondromatosis', 'database': 'MedGen', 'id': 'C0410530'};{'name': 'Noonan syndrome 1', 'database': 'MedGen', 'id': 'C4551602'}
VCV000013330	RCV003147285	PTPN11	1	criteria provided, single submitter	Pathogenic	{'name': 'Metachondromatosis', 'database': 'MedGen', 'id': 'C0410530'}
VCV000013330	RCV004532341	PTPN11	0	no assertion criteria provided	Pathogenic	{'name': 'PTPN11-related disorder'}
VCV000013332	RCV000014260	PTPN11	2	criteria provided, multiple submitters, no conflicts	Pathogenic	{'name': 'Noonan syndrome 1', 'database': 'MedGen', 'id': 'C4551602'}
VCV000013332	RCV000033543	PTPN11	0	no assertion criteria provided	Pathogenic	{'name': 'Juvenile myelomonocytic leukemia', 'database': 'MedGen', 'id': 'C0349639'};{'name': 'Noonan syndrome', 'database': 'MedGen', 'id': 'C0028326'}
VCV000013332	RCV000156995	PTPN11	1	criteria provided, single submitter	Pathogenic	{'name': 'Noonan syndrome', 'database': 'MedGen', 'id': 'C0028326'}
VCV000013332	RCV000212897	PTPN11	2	criteria provided, multiple submitters, no conflicts	Pathogenic	{'name': 'not provided', 'database': 'MedGen', 'id': 'C3661900'}
VCV000013332	RCV001851849	PTPN11	1	criteria provided, single submitter	Pathogenic	{'name': 'RASopathy', 'database': 'MedGen', 'id': 'C5555857'}
VCV000013332	RCV002490364	PTPN11	1	criteria provided, single submitter	Pathogenic	{'name': 'Juvenile myelomonocytic leukemia', 'database': 'MedGen', 'id': 'C0349639'};{'name': 'LEOPARD syndrome 1', 'database': 'MedGen', 'id': 'C4551484'};{'name': 'Metachondromatosis', 'database': 'MedGen', 'id': 'C0410530'};{'name': 'Noonan syndrome 1', 'database': 'MedGen', 'id': 'C4551602'}
VCV000013332	RCV004532342	PTPN11	0	no assertion criteria provided	Pathogenic	{'name': 'PTPN11-related disorder'}
VCV000013332	RCV004984639	PTPN11	1	criteria provided, single submitter	Pathogenic	{'name': 'Cardiovascular phenotype', 'database': 'MedGen', 'id': 'CN230736'}
VCV000013333	RCV000014261	PTPN11	2	criteria provided, multiple submitters, no conflicts	Pathogenic	{'name': 'Noonan syndrome 1', 'database': 'MedGen', 'id': 'C4551602'}
VCV000013333	RCV000033468	PTPN11	2	criteria provided, multiple submitters, no conflicts	Pathogenic	{'name': 'RASopathy', 'database': 'MedGen', 'id': 'C5555857'}
VCV000013333	RCV000077857	PTPN11	2	criteria provided, multiple submitters, no conflicts	Pathogenic	{'name': 'not provided', 'database': 'MedGen', 'id': 'C3661900'}
VCV000013333	RCV000157000	PTPN11	3	reviewed by expert panel	Pathogenic	{'name': 'Noonan syndrome', 'database': 'MedGen', 'id': 'C0028326'}
VCV000013333	RCV000515408	PTPN11	2	criteria provided, multiple submitters, no conflicts	Pathogenic	{'name': 'Juvenile myelomonocytic leukemia', 'database': 'MedGen', 'id': 'C0349639'};{'name': 'LEOPARD syndrome 1', 'database': 'MedGen', 'id': 'C4551484'};{'name': 'Metachondromatosis', 'database': 'MedGen', 'id': 'C0410530'};{'name': 'Noonan syndrome 1', 'database': 'MedGen', 'id': 'C4551602'}
VCV000013333	RCV000588678	PTPN11	1	criteria provided, single submitter	Pathogenic	{'name': 'Noonan syndrome 3', 'database': 'MedGen', 'id': 'C1860991'}
VCV000013333	RCV000722014	PTPN11	1	criteria provided, single submitter	Pathogenic	{'name': 'B lymphoblastic leukemia lymphoma, no ICD-O subtype', 'database': 'MedGen', 'id': 'C3472624'};{'name': 'Lymphoma', 'database': 'MedGen', 'id': 'C0024299'}
VCV000013333	RCV001249667	PTPN11	1	criteria provided, single submitter	Pathogenic	{'name': 'LEOPARD syndrome 1', 'database': 'MedGen', 'id': 'C4551484'};{'name': 'Metachondromatosis', 'database': 'MedGen', 'id': 'C0410530'};{'name': 'Noonan syndrome 1', 'database': 'MedGen', 'id': 'C4551602'}
VCV000013333	RCV001813198	PTPN11	1	criteria provided, single submitter	Pathogenic	{'name': 'Noonan syndrome and Noonan-related syndrome', 'database': 'MedGen', 'id': 'C5681679'}
VCV000013333	RCV003137518	PTPN11	2	criteria provided, multiple submitters, no conflicts	Pathogenic	{'name': 'LEOPARD syndrome 1', 'database': 'MedGen', 'id': 'C4551484'}
VCV000013333	RCV003147286	PTPN11	1	criteria provided, single submitter	Pathogenic	{'name': 'Metachondromatosis', 'database': 'MedGen', 'id': 'C0410530'}
VCV000013333	RCV004528109	PTPN11	1	criteria provided, single submitter	Pathogenic	{'name': 'PTPN11-related disorder'}
VCV000013333	RCV005251036	PTPN11	1	criteria provided, single submitter	Pathogenic	{'name': 'Hereditary cancer-predisposing syndrome', 'database': 'MedGen', 'id': 'C0027672'}
VCV000013333	RCV006629056	PTPN11	1	criteria provided, single submitter	Pathogenic	{'name': 'Monogenic short stature'}
VCV000013334	RCV000014262	PTPN11	2	criteria provided, multiple submitters, no conflicts	Pathogenic	{'name': 'Noonan syndrome 1', 'database': 'MedGen', 'id': 'C4551602'}
VCV000013334	RCV000033475	PTPN11	1	criteria provided, single submitter	Pathogenic	{'name': 'RASopathy', 'database': 'MedGen', 'id': 'C5555857'}
VCV000013334	RCV000156985	PTPN11	2	criteria provided, multiple submitters, no conflicts	Pathogenic	{'name': 'Noonan syndrome', 'database': 'MedGen', 'id': 'C0028326'}
VCV000013334	RCV000212891	PTPN11	2	criteria provided, multiple submitters, no conflicts	Pathogenic	{'name': 'not provided', 'database': 'MedGen', 'id': 'C3661900'}
VCV000013334	RCV000515312	PTPN11	1	criteria provided, single submitter	Pathogenic	{'name': 'Juvenile myelomonocytic leukemia', 'database': 'MedGen', 'id': 'C0349639'};{'name': 'LEOPARD syndrome 1', 'database': 'MedGen', 'id': 'C4551484'};{'name': 'Metachondromatosis', 'database': 'MedGen', 'id': 'C0410530'};{'name': 'Noonan syndrome 1', 'database': 'MedGen', 'id': 'C4551602'}
VCV000013334	RCV001813199	PTPN11	1	criteria provided, single submitter	Pathogenic	{'name': 'Noonan syndrome and Noonan-related syndrome', 'database': 'MedGen', 'id': 'C5681679'}
VCV000013334	RCV002415414	PTPN11	1	criteria provided, single submitter	Pathogenic	{'name': 'Cardiovascular phenotype', 'database': 'MedGen', 'id': 'CN230736'}
VCV000013334	RCV003147287	PTPN11	1	criteria provided, single submitter	Pathogenic	{'name': 'Metachondromatosis', 'database': 'MedGen', 'id': 'C0410530'}
VCV000013334	RCV003147288	PTPN11	1	criteria provided, single submitter	Pathogenic	{'name': 'LEOPARD syndrome 1', 'database': 'MedGen', 'id': 'C4551484'}
VCV000013334	RCV005624686	PTPN11	1	criteria provided, single submitter	Pathogenic	{'name': 'Intellectual disability', 'database': 'MedGen', 'id': 'C3714756'}
VCV000013334	RCV005624687	PTPN11	1	criteria provided, single submitter	Pathogenic	{'name': 'Vascular disorder', 'database': 'MedGen', 'id': 'C0042373'}
VCV000013334	RCV005887497	PTPN11	1	criteria provided, single submitter	Pathogenic	{'name': 'See cases'}
VCV000013335	RCV000014263	PTPN11	2	criteria provided, multiple submitters, no conflicts	Pathogenic	{'name': 'Noonan syndrome 1', 'database': 'MedGen', 'id': 'C4551602'}
VCV000013335	RCV000037663	PTPN11	2	criteria provided, multiple submitters, no conflicts	Pathogenic	{'name': 'Noonan syndrome', 'database': 'MedGen', 'id': 'C0028326'}
VCV000013335	RCV000077862	PTPN11	2	criteria provided, multiple submitters, no conflicts	Pathogenic	{'name': 'not provided', 'database': 'MedGen', 'id': 'C3661900'}
VCV000013335	RCV000190417	PTPN11	0	no assertion criteria provided	Pathogenic	{'name': 'Early T cell progenitor acute lymphoblastic leukemia', 'database': 'MedGen', 'id': 'C4329780'}
VCV000013335	RCV000458650	PTPN11	2	criteria provided, multiple submitters, no conflicts	Pathogenic	{'name': 'RASopathy', 'database': 'MedGen', 'id': 'C5555857'}
VCV000013335	RCV001376066	PTPN11	1	criteria provided, single submitter	Pathogenic	{'name': 'Non-immune hydrops fetalis', 'database': 'MedGen', 'id': 'C0455988'}
VCV000013335	RCV001813200	PTPN11	1	criteria provided, single submitter	Pathogenic	{'name': 'Noonan syndrome and Noonan-related syndrome', 'database': 'MedGen', 'id': 'C5681679'}
VCV000013335	RCV004532343	PTPN11	2	criteria provided, multiple submitters, no conflicts	Pathogenic	{'name': 'PTPN11-related disorder'}
VCV000013335	RCV004562207	PTPN11	1	criteria provided, single submitter	Pathogenic	{'name': 'Metachondromatosis', 'database': 'MedGen', 'id': 'C0410530'}
VCV000013335	RCV004562208	PTPN11	1	criteria provided, single submitter	Pathogenic	{'name': 'LEOPARD syndrome 1', 'database': 'MedGen', 'id': 'C4551484'}
VCV000013335	RCV006695510	PTPN11	1	criteria provided, single submitter	Pathogenic	{'name': 'Autosomal dominant PTPN11-related disorders'}
VCV000013336	RCV000014264	PTPN11	1	criteria provided, single submitter	Pathogenic	{'name': 'Juvenile myelomonocytic leukemia', 'database': 'MedGen', 'id': 'C0349639'}
VCV000013336	RCV000033476	PTPN11	1	criteria provided, single submitter	Uncertain significance	{'name': 'RASopathy', 'database': 'MedGen', 'id': 'C5555857'}
VCV000013336	RCV000156974	PTPN11	0	no assertion criteria provided	Pathogenic	{'name': 'Noonan syndrome', 'database': 'MedGen', 'id': 'C0028326'}
VCV000013336	RCV000212892	PTPN11	2	criteria provided, multiple submitters, no conflicts	Pathogenic	{'name': 'not provided', 'database': 'MedGen', 'id': 'C3661900'}
VCV000013336	RCV001254876	PTPN11	0	no assertion criteria provided	Uncertain significance	{'name': 'Malignant neoplastic disease', 'database': 'MedGen', 'id': 'C0006826'}
VCV000013336	RCV004545728	PTPN11	1	criteria provided, single submitter	Pathogenic	{'name': 'PTPN11-related disorder'}
VCV000013336	RCV004813039	PTPN11	1	criteria provided, single submitter	Pathogenic	{'name': 'Noonan syndrome 1', 'database': 'MedGen', 'id': 'C4551602'}
VCV000013337	RCV000014265	PTPN11	0	no assertion criteria provided	Pathogenic	{'name': 'Juvenile myelomonocytic leukemia', 'database': 'MedGen', 'id': 'C0349639'}
VCV000013337	RCV000781775	PTPN11	1	criteria provided, single submitter	Pathogenic	{'name': 'RASopathy', 'database': 'MedGen', 'id': 'C5555857'}
VCV000013337	RCV000788241	PTPN11	1	criteria provided, single submitter	Pathogenic	{'name': 'not provided', 'database': 'MedGen', 'id': 'C3661900'}
VCV000013337	RCV001813201	PTPN11	1	criteria provided, single submitter	Pathogenic	{'name': 'Noonan syndrome and Noonan-related syndrome', 'database': 'MedGen', 'id': 'C5681679'}
VCV000013337	RCV005887498	PTPN11	1	criteria provided, single submitter	Pathogenic	{'name': 'See cases'}
VCV000013337	RCV006695511	PTPN11	1	criteria provided, single submitter	Pathogenic	{'name': 'Autosomal dominant PTPN11-related disorders'}
VCV000013339	RCV000014267	PTPN11	0	no assertion criteria provided	Pathogenic	{'name': 'Juvenile myelomonocytic leukemia', 'database': 'MedGen', 'id': 'C0349639'}
VCV000013339	RCV000033477	PTPN11	1	criteria provided, single submitter	Pathogenic	{'name': 'not provided', 'database': 'MedGen', 'id': 'C3661900'}
VCV000013339	RCV006635919	PTPN11	1	criteria provided, single submitter	Pathogenic	{'name': 'Noonan syndrome 1', 'database': 'MedGen', 'id': 'C4551602'}
VCV000013339	RCV006695512	PTPN11	1	criteria provided, single submitter	Pathogenic	{'name': 'Autosomal dominant PTPN11-related disorders'}
VCV000013340	RCV000014268	PTPN11	2	criteria provided, multiple submitters, no conflicts	Pathogenic	{'name': 'Noonan syndrome 1', 'database': 'MedGen', 'id': 'C4551602'}
VCV000013340	RCV000033480	PTPN11	1	criteria provided, single submitter	Pathogenic	{'name': 'RASopathy', 'database': 'MedGen', 'id': 'C5555857'}
VCV000013340	RCV000037641	PTPN11	1	criteria provided, single submitter	Pathogenic	{'name': 'Noonan syndrome', 'database': 'MedGen', 'id': 'C0028326'}
VCV000013340	RCV000157680	PTPN11	2	criteria provided, multiple submitters, no conflicts	Pathogenic	{'name': 'not provided', 'database': 'MedGen', 'id': 'C3661900'}
VCV000013340	RCV000515381	PTPN11	2	criteria provided, multiple submitters, no conflicts	Pathogenic	{'name': 'Juvenile myelomonocytic leukemia', 'database': 'MedGen', 'id': 'C0349639'};{'name': 'LEOPARD syndrome 1', 'database': 'MedGen', 'id': 'C4551484'};{'name': 'Metachondromatosis', 'database': 'MedGen', 'id': 'C0410530'};{'name': 'Noonan syndrome 1', 'database': 'MedGen', 'id': 'C4551602'}
VCV000013340	RCV000590740	PTPN11	1	criteria provided, single submitter	Pathogenic	{'name': 'Noonan syndrome 3', 'database': 'MedGen', 'id': 'C1860991'}
VCV000013340	RCV001813202	PTPN11	1	criteria provided, single submitter	Pathogenic	{'name': 'Noonan syndrome and Noonan-related syndrome', 'database': 'MedGen', 'id': 'C5681679'}
VCV000013340	RCV002453257	PTPN11	1	criteria provided, single submitter	Pathogenic	{'name': 'Cardiovascular phenotype', 'database': 'MedGen', 'id': 'CN230736'}
VCV000013340	RCV004532344	PTPN11	1	criteria provided, single submitter	Pathogenic	{'name': 'PTPN11-related disorder'}
VCV000013340	RCV005865179	PTPN11	1	criteria provided, single submitter	Pathogenic	{'name': 'Monogenic short statue'}
VCV000013340	RCV006634292	PTPN11	1	criteria provided, single submitter	Uncertain significance	{'name': 'Congenital portosystemic shunt', 'database': 'MedGen', 'id': 'C1290495'}
VCV000013543	RCV000014501	PDGFRA	0	no assertion criteria provided	Pathogenic	{'name': 'Gastrointestinal stromal tumor', 'database': 'MedGen', 'id': 'C0238198'}
VCV000013543	RCV001355194	PDGFRA	0	no assertion criteria provided	Uncertain significance	{'name': 'not provided', 'database': 'MedGen', 'id': 'C3661900'}
VCV000013546	RCV000014504	PDGFRA	0	no assertion criteria provided	Pathogenic	{'name': 'Gastrointestinal stromal tumor', 'database': 'MedGen', 'id': 'C0238198'}
VCV000013546	RCV000787298	PDGFRA	0	no assertion criteria provided	Pathogenic	{'name': 'Polyps, multiple and recurrent inflammatory fibroid, gastrointestinal', 'database': 'MedGen', 'id': 'C5193005'}
VCV000013546	RCV001357690	PDGFRA	0	no assertion criteria provided	Uncertain significance	{'name': 'not provided', 'database': 'MedGen', 'id': 'C3661900'}
VCV000013551	RCV000014510	PDGFRA	0	no assertion criteria provided	Pathogenic	{'name': 'Polyps, multiple and recurrent inflammatory fibroid, gastrointestinal', 'database': 'MedGen', 'id': 'C5193005'}
VCV000013551	RCV000442350	PDGFRA	1	criteria provided, single submitter	Uncertain significance	{'name': 'Gastrointestinal stromal tumor', 'database': 'MedGen', 'id': 'C0238198'}
VCV000013551	RCV004943732	PDGFRA	1	criteria provided, single submitter	Likely pathogenic	{'name': 'Hereditary cancer-predisposing syndrome', 'database': 'MedGen', 'id': 'C0027672'}
VCV000013558	RCV000014519	ITGB3	0	no assertion criteria provided	Benign	{'name': 'PL(A1)/(A2) ALLOANTIGEN POLYMORPHISM'}
VCV000013558	RCV000246922	ITGB3	2	criteria provided, multiple submitters, no conflicts	Benign/Likely benign	{'name': 'not specified', 'database': 'MedGen', 'id': 'CN169374'}
VCV000013558	RCV000383813	ITGB3	3	reviewed by expert panel	Benign	{'name': 'Glanzmann thrombasthenia', 'database': 'MedGen', 'id': 'C0040015'}
VCV000013558	RCV001517663	ITGB3	2	criteria provided, multiple submitters, no conflicts	Benign	{'name': 'not provided', 'database': 'MedGen', 'id': 'C3661900'}
VCV000013652	RCV000014622	PIK3CA	0	no assertion criteria provided	Pathogenic	{'name': 'Breast adenocarcinoma', 'database': 'MedGen', 'id': 'C0858252'}
VCV000013652	RCV000014623	PIK3CA	0	no assertion criteria provided	Pathogenic	{'name': 'OVARIAN CANCER, EPITHELIAL, SOMATIC', 'database': 'MedGen', 'id': 'C1868358'}
VCV000013652	RCV000014624	PIK3CA	0	no assertion criteria provided	Pathogenic	{'name': 'Carcinoma of colon', 'database': 'MedGen', 'id': 'C0699790'}
VCV000013652	RCV000014626	PIK3CA	0	no assertion criteria provided	Pathogenic	{'name': 'Hepatocellular carcinoma', 'database': 'MedGen', 'id': 'C2239176'}
VCV000013652	RCV000014627	PIK3CA	0	no assertion criteria provided	Pathogenic	{'name': 'Non-small cell lung carcinoma', 'database': 'MedGen', 'id': 'C0007131'}
VCV000013652	RCV000014628	PIK3CA	0	no assertion criteria provided	Pathogenic	{'name': 'Seborrheic keratosis', 'database': 'MedGen', 'id': 'C0022603'}
VCV000013652	RCV000024621	PIK3CA	2	criteria provided, multiple submitters, no conflicts	Pathogenic	{'name': 'CLOVES syndrome', 'database': 'MedGen', 'id': 'C2752042'}
VCV000013652	RCV000154516	PIK3CA	0	no assertion criteria provided	Pathogenic	{'name': 'Ovarian neoplasm', 'database': 'MedGen', 'id': 'C0919267'}
VCV000013652	RCV000201231	PIK3CA	1	criteria provided, single submitter	Pathogenic	{'name': 'PIK3CA related overgrowth syndrome', 'database': 'MedGen', 'id': 'C4728213'}
VCV000013652	RCV000487449	PIK3CA	1	criteria provided, single submitter	Pathogenic	{'name': 'Rosette-forming glioneuronal tumor', 'database': 'MedGen', 'id': 'C4331262'}
VCV000013652	RCV000709691	PIK3CA	0	no assertion criteria provided	Pathogenic	{'name': 'MACRODACTYLY, SOMATIC'}
VCV000013652	RCV001092442	PIK3CA	2	criteria provided, multiple submitters, no conflicts	Pathogenic/Likely pathogenic	{'name': 'not provided', 'database': 'MedGen', 'id': 'C3661900'}
VCV000013652	RCV001255686	PIK3CA	0	no assertion criteria provided	Pathogenic	{'name': 'Lip and oral cavity carcinoma', 'database': 'MedGen', 'id': 'C0220641'}
VCV000013652	RCV001327968	PIK3CA	0	no assertion criteria provided	Pathogenic	{'name': 'Abnormal cardiovascular system morphology', 'database': 'MedGen', 'id': 'C4049796'}
VCV000013652	RCV001526648	PIK3CA	1	criteria provided, single submitter	Pathogenic	{'name': 'Congenital macrodactylia', 'database': 'MedGen', 'id': 'C0265552'}
VCV000013652	RCV001705589	PIK3CA	1	criteria provided, single submitter	Pathogenic	{'name': 'Segmental undergrowth associated with mainly venous malformation with capillary component'}
VCV000013652	RCV001705590	PIK3CA	1	criteria provided, single submitter	Pathogenic	{'name': 'Segmental undergrowth associated with lymphatic malformation'}
VCV000013652	RCV001728091	PIK3CA	0	no assertion criteria provided	Pathogenic	{'name': 'CEREBRAL CAVERNOUS MALFORMATIONS 4, SOMATIC'}
VCV000013652	RCV001729349	PIK3CA	2	criteria provided, multiple submitters, no conflicts	Pathogenic	{'name': 'CLAPO syndrome', 'database': 'MedGen', 'id': 'C2751313'}
VCV000013652	RCV001730472	PIK3CA	0	no assertion criteria provided	Pathogenic	{'name': 'Cerebrofacial Vascular Metameric Syndrome (CVMS)'}
VCV000013652	RCV001807727	PIK3CA	1	criteria provided, single submitter	Pathogenic	{'name': 'Megalencephaly-capillary malformation-polymicrogyria syndrome', 'database': 'MedGen', 'id': 'C1865285'}
VCV000013652	RCV001836707	PIK3CA	3	reviewed by expert panel	Pathogenic	{'name': 'Overgrowth syndrome and/or cerebral malformations due to abnormalities in MTOR pathway genes', 'database': 'MedGen', 'id': 'CN300503'}
VCV000013652	RCV002508124	PIK3CA	0	no assertion criteria provided	Pathogenic	{'name': 'Gastric cancer', 'database': 'MedGen', 'id': 'C0024623'}
VCV000013652	RCV003128082	PIK3CA	0	no assertion criteria provided	Pathogenic	{'name': 'Breast carcinoma', 'database': 'MedGen', 'id': 'C0678222'}
VCV000013652	RCV003325939	PIK3CA	1	criteria provided, single submitter	Pathogenic	{'name': 'Klippel-Trenaunay-like-Syndrome'}
VCV000013652	RCV004527290	PIK3CA	0	no assertion criteria provided	Likely pathogenic	{'name': 'Rare venous malformation', 'database': 'MedGen', 'id': 'C0265950'}
VCV000013652	RCV004527291	PIK3CA	0	no assertion criteria provided	Likely pathogenic	{'name': 'Rare combined vascular malformation', 'database': 'MedGen', 'id': 'C5681115'}
VCV000013652	RCV004737153	PIK3CA	0	no assertion criteria provided	Pathogenic	{'name': 'PIK3CA-related disorder'}
VCV000013652	RCV005051734	PIK3CA	1	criteria provided, single submitter	Pathogenic	{'name': 'PIK3CA-Related Overgrowth Spectrum Disorders'}
VCV000013653	RCV000014629	PIK3CA	0	no assertion criteria provided	Pathogenic	{'name': 'Breast adenocarcinoma', 'database': 'MedGen', 'id': 'C0858252'}
VCV000013653	RCV000032905	PIK3CA	0	no assertion criteria provided	Pathogenic	{'name': 'CLOVES syndrome', 'database': 'MedGen', 'id': 'C2752042'}
VCV000013653	RCV000201235	PIK3CA	0	no assertion criteria provided	Pathogenic	{'name': 'PIK3CA related overgrowth syndrome', 'database': 'MedGen', 'id': 'C4728213'}
VCV000013653	RCV000422323	PIK3CA	0	no assertion criteria provided	Pathogenic	{'name': 'Ovarian neoplasm', 'database': 'MedGen', 'id': 'C0919267'}
VCV000013653	RCV000626894	PIK3CA	1	criteria provided, single submitter	Pathogenic	{'name': 'Macrodactyly of toe', 'database': 'MedGen', 'id': 'C0158768'};{'name': 'Stroke disorder', 'database': 'MedGen', 'id': 'C0038454'}
VCV000013653	RCV000709692	PIK3CA	0	no assertion criteria provided	Pathogenic	{'name': 'CLAPO syndrome', 'database': 'MedGen', 'id': 'C2751313'}
VCV000013653	RCV000987367	PIK3CA	1	criteria provided, single submitter	Pathogenic	{'name': 'Cowden syndrome 1', 'database': 'MedGen', 'id': 'CN072330'}
VCV000013653	RCV001253236	PIK3CA	1	criteria provided, single submitter	Pathogenic	{'name': 'Megalencephaly-capillary malformation-polymicrogyria syndrome', 'database': 'MedGen', 'id': 'C1865285'}
VCV000013653	RCV001526597	PIK3CA	1	criteria provided, single submitter	Pathogenic	{'name': 'Hemihypertrophy', 'database': 'MedGen', 'id': 'C0332890'}
VCV000013653	RCV001728092	PIK3CA	0	no assertion criteria provided	Pathogenic	{'name': 'CEREBRAL CAVERNOUS MALFORMATIONS 4, SOMATIC'}
VCV000013653	RCV001807728	PIK3CA	1	criteria provided, single submitter	Pathogenic	{'name': 'Colorectal cancer', 'database': 'MedGen', 'id': 'C0346629'}
VCV000013653	RCV002254265	PIK3CA	1	criteria provided, single submitter	Pathogenic	{'name': 'not provided', 'database': 'MedGen', 'id': 'C3661900'}
VCV000013653	RCV004527292	PIK3CA	0	no assertion criteria provided	Likely pathogenic	{'name': 'Cavernous lymphangioma', 'database': 'MedGen', 'id': 'C0205828'}
VCV000013653	RCV004649064	PIK3CA	1	criteria provided, single submitter	Pathogenic	{'name': 'Inborn genetic diseases', 'database': 'MedGen', 'id': 'C0950123'}
VCV000013655	RCV000014631	PIK3CA	0	no assertion criteria provided	Pathogenic	{'name': 'Breast adenocarcinoma', 'database': 'MedGen', 'id': 'C0858252'}
VCV000013655	RCV000014632	PIK3CA	0	no assertion criteria provided	Pathogenic	{'name': 'OVARIAN CANCER, EPITHELIAL, SOMATIC', 'database': 'MedGen', 'id': 'C1868358'}
VCV000013655	RCV000014633	PIK3CA	0	no assertion criteria provided	Pathogenic	{'name': 'Carcinoma of colon', 'database': 'MedGen', 'id': 'C0699790'}
VCV000013655	RCV000014636	PIK3CA	0	no assertion criteria provided	Pathogenic	{'name': 'Seborrheic keratosis', 'database': 'MedGen', 'id': 'C0022603'}
VCV000013655	RCV000038671	PIK3CA	0	no assertion criteria provided	Pathogenic	{'name': 'Non-small cell lung carcinoma', 'database': 'MedGen', 'id': 'C0007131'}
VCV000013655	RCV000055930	PIK3CA	1	criteria provided, single submitter	Pathogenic	{'name': 'Megalencephaly-capillary malformation-polymicrogyria syndrome', 'database': 'MedGen', 'id': 'C1865285'}
VCV000013655	RCV000119356	PIK3CA	0	no classification provided	not provided	{'name': 'Sarcoma', 'database': 'MedGen', 'id': 'C1261473'}
VCV000013655	RCV000422210	PIK3CA	0	no assertion criteria provided	Likely pathogenic	{'name': 'Ovarian neoplasm', 'database': 'MedGen', 'id': 'C0919267'}
VCV000013655	RCV001092440	PIK3CA	2	criteria provided, multiple submitters, no conflicts	Pathogenic	{'name': 'not provided', 'database': 'MedGen', 'id': 'C3661900'}
VCV000013655	RCV001262721	PIK3CA	2	criteria provided, multiple submitters, no conflicts	Pathogenic/Likely pathogenic	{'name': 'CLOVES syndrome', 'database': 'MedGen', 'id': 'C2752042'}
VCV000013655	RCV001290591	PIK3CA	2	criteria provided, multiple submitters, no conflicts	Pathogenic	{'name': 'PIK3CA related overgrowth syndrome', 'database': 'MedGen', 'id': 'C4728213'}
VCV000013655	RCV001327963	PIK3CA	0	no assertion criteria provided	Pathogenic	{'name': 'Abnormal cardiovascular system morphology', 'database': 'MedGen', 'id': 'C4049796'}
VCV000013655	RCV001374447	PIK3CA	0	no assertion criteria provided	Pathogenic	{'name': 'Gallbladder cancer', 'database': 'MedGen', 'id': 'C0153452'}
VCV000013655	RCV001705591	PIK3CA	1	criteria provided, single submitter	Pathogenic	{'name': 'Segmental undergrowth associated with lymphatic malformation'}
VCV000013655	RCV001730473	PIK3CA	0	no assertion criteria provided	Pathogenic	{'name': 'Cerebrofacial Vascular Metameric Syndrome (CVMS)'}
VCV000013655	RCV001786329	PIK3CA	1	criteria provided, single submitter	Pathogenic	{'name': 'Eccrine angiomatous hamartoma', 'database': 'MedGen', 'id': 'C0406801'}
VCV000013655	RCV002508125	PIK3CA	0	no assertion criteria provided	Pathogenic	{'name': 'Gastric cancer', 'database': 'MedGen', 'id': 'C0024623'}
VCV000013655	RCV003764575	PIK3CA	0	no assertion criteria provided	Pathogenic	{'name': 'HEMIFACIAL MYOHYPERPLASIA, SOMATIC'}
VCV000013655	RCV004527293	PIK3CA	0	no assertion criteria provided	Likely pathogenic	{'name': 'Angioosteohypertrophic syndrome', 'database': 'MedGen', 'id': 'C0022739'}
VCV000013655	RCV004527294	PIK3CA	0	no assertion criteria provided	Likely pathogenic	{'name': 'Rare venous malformation', 'database': 'MedGen', 'id': 'C0265950'}
VCV000013655	RCV004527295	PIK3CA	0	no assertion criteria provided	Likely pathogenic	{'name': 'Rare combined vascular malformation', 'database': 'MedGen', 'id': 'C5681115'}
VCV000013655	RCV004698419	PIK3CA	1	criteria provided, single submitter	Pathogenic	{'name': 'PIK3CA overgrowth syndrome'}
VCV000013655	RCV005867755	PIK3CA	1	criteria provided, single submitter	Pathogenic	{'name': 'PIK3CA-related disorder'}
VCV000013742	RCV000014749	PTH1R	0	no assertion criteria provided	Pathogenic	{'name': 'Metaphyseal chondrodysplasia, Jansen type', 'database': 'MedGen', 'id': 'C0265295'}
VCV000013742	RCV002247338	PTH1R	1	criteria provided, single submitter	Pathogenic	{'name': 'Primary failure of tooth eruption', 'database': 'MedGen', 'id': 'C1852222'}
VCV000013742	RCV003317036	PTH1R	2	criteria provided, multiple submitters, no conflicts	Pathogenic	{'name': 'not provided', 'database': 'MedGen', 'id': 'C3661900'}
VCV000013811	RCV000014822	CBL	0	no assertion criteria provided	Pathogenic	{'name': 'Noonan syndrome-like disorder with juvenile myelomonocytic leukemia', 'database': 'MedGen', 'id': 'C4016301'}
VCV000013811	RCV000441724	CBL	2	criteria provided, multiple submitters, no conflicts	Pathogenic	{'name': 'not provided', 'database': 'MedGen', 'id': 'C3661900'}
VCV000013811	RCV000691502	CBL	1	criteria provided, single submitter	Pathogenic	{'name': 'RASopathy', 'database': 'MedGen', 'id': 'C5555857'}
VCV000013811	RCV001527385	CBL	1	criteria provided, single submitter	Pathogenic	{'name': 'CBL-related disorder', 'database': 'MedGen', 'id': 'C3150803'};{'name': 'Juvenile myelomonocytic leukemia', 'database': 'MedGen', 'id': 'C0349639'}
VCV000013811	RCV002274879	CBL	1	criteria provided, single submitter	Pathogenic	{'name': 'See cases'}
VCV000013811	RCV003315401	CBL	2	criteria provided, multiple submitters, no conflicts	Pathogenic	{'name': 'Juvenile myelomonocytic leukemia', 'database': 'MedGen', 'id': 'C0349639'}
VCV000013811	RCV003387502	CBL	2	criteria provided, multiple submitters, no conflicts	Pathogenic/Likely pathogenic	{'name': 'CBL-related disorder', 'database': 'MedGen', 'id': 'C3150803'}
VCV000013811	RCV005791808	CBL	1	criteria provided, single submitter	Pathogenic	{'name': 'Cardiovascular phenotype', 'database': 'MedGen', 'id': 'CN230736'}
VCV000013852	RCV000431704	KIT	2	criteria provided, multiple submitters, no conflicts	Uncertain significance	{'name': 'Gastrointestinal stromal tumor', 'database': 'MedGen', 'id': 'C0238198'}
VCV000013852	RCV000505554	KIT	0	no assertion criteria provided	other	{'name': 'Dysgerminoma', 'database': 'MedGen', 'id': 'C0013377'}
VCV000013852	RCV000656673	KIT	0	no assertion criteria provided	Pathogenic	{'name': 'MAST CELL LEUKEMIA, SOMATIC'}
VCV000013852	RCV000656674	KIT	0	no assertion criteria provided	Pathogenic	{'name': 'MASTOCYTOSIS WITH ASSOCIATED HEMATOLOGIC DISORDER, SOMATIC'}
VCV000013852	RCV000656675	KIT	0	no assertion criteria provided	Pathogenic	{'name': 'MASTOCYTOSIS, SYSTEMIC, SOMATIC'}
VCV000013852	RCV000656676	KIT	1	criteria provided, conflicting classifications	Conflicting classifications of pathogenicity	{'name': 'Cutaneous mastocytosis', 'database': 'MedGen', 'id': 'C1136033'}
VCV000013852	RCV001269832	KIT	1	criteria provided, single submitter	Pathogenic	{'name': 'not provided', 'database': 'MedGen', 'id': 'C3661900'}
VCV000013852	RCV002453261	KIT	1	criteria provided, single submitter	Uncertain significance	{'name': 'Hereditary cancer-predisposing syndrome', 'database': 'MedGen', 'id': 'C0027672'}
VCV000013856	RCV000014870	KIT	0	no assertion criteria provided	Pathogenic	{'name': 'Gastrointestinal stromal tumor', 'database': 'MedGen', 'id': 'C0238198'}
VCV000013863	RCV000014877	KIT	0	no assertion criteria provided	Pathogenic	{'name': 'Germ cell tumor of testis', 'database': 'MedGen', 'id': 'C1336708'}
VCV000013863	RCV000379347	KIT	2	criteria provided, multiple submitters, no conflicts	Pathogenic	{'name': 'not provided', 'database': 'MedGen', 'id': 'C3661900'}
VCV000013863	RCV000505647	KIT	0	no assertion criteria provided	other	{'name': 'Dysgerminoma', 'database': 'MedGen', 'id': 'C0013377'}
VCV000013865	RCV000014879	KIT	0	no assertion criteria provided	Pathogenic	{'name': 'Gastrointestinal stromal tumor, familial', 'database': 'MedGen', 'id': 'C2674636'}
VCV000013865	RCV000663345	KIT	0	no assertion criteria provided	Pathogenic	{'name': 'Cutaneous mastocytosis', 'database': 'MedGen', 'id': 'C1136033'}
VCV000013865	RCV004794341	KIT	1	criteria provided, single submitter	Likely pathogenic	{'name': 'not provided', 'database': 'MedGen', 'id': 'C3661900'}
VCV000013865	RCV004948135	KIT	1	criteria provided, single submitter	Likely pathogenic	{'name': 'Hereditary cancer-predisposing syndrome', 'database': 'MedGen', 'id': 'C0027672'}
VCV000013865	RCV005089256	KIT	1	criteria provided, single submitter	Pathogenic	{'name': 'Gastrointestinal stromal tumor', 'database': 'MedGen', 'id': 'C0238198'}
VCV000013866	RCV000014880	KIT	0	no assertion criteria provided	Pathogenic	{'name': 'Gastrointestinal stromal tumor, familial', 'database': 'MedGen', 'id': 'C2674636'}
VCV000013866	RCV000418637	KIT	2	criteria provided, multiple submitters, no conflicts	Pathogenic	{'name': 'Gastrointestinal stromal tumor', 'database': 'MedGen', 'id': 'C0238198'}
VCV000013900	RCV000014914	NRAS	0	no assertion criteria provided	Pathogenic	{'name': 'Thyroid cancer, nonmedullary, 2', 'database': 'MedGen', 'id': 'C4225426'}
VCV000013900	RCV000032847	NRAS	0	no assertion criteria provided	Pathogenic	{'name': 'Epidermal nevus', 'database': 'MedGen', 'id': 'C0334082'}
VCV000013900	RCV000037574	NRAS	1	criteria provided, single submitter	Pathogenic	{'name': 'Non-small cell lung carcinoma', 'database': 'MedGen', 'id': 'C0007131'}
VCV000013900	RCV000114744	NRAS	0	no assertion criteria provided	Pathogenic	{'name': 'Large congenital melanocytic nevus', 'database': 'MedGen', 'id': 'C1842036'}
VCV000013900	RCV000114745	NRAS	0	no assertion criteria provided	Pathogenic	{'name': 'Neurocutaneous melanocytosis', 'database': 'MedGen', 'id': 'C0544862'}
VCV000013900	RCV000148032	NRAS	0	no assertion criteria provided	Pathogenic	{'name': 'Linear nevus sebaceous syndrome', 'database': 'MedGen', 'id': 'C4552097'}
VCV000013900	RCV000413804	NRAS	2	criteria provided, multiple submitters, no conflicts	Pathogenic	{'name': 'not provided', 'database': 'MedGen', 'id': 'C3661900'}
VCV000013900	RCV003992155	NRAS	1	criteria provided, single submitter	Pathogenic	{'name': 'Noonan syndrome 6', 'database': 'MedGen', 'id': 'C2750732'}
VCV000013900	RCV005251039	NRAS	1	criteria provided, single submitter	Pathogenic	{'name': 'Vascular malformation', 'database': 'MedGen', 'id': 'C0158570'}
VCV000013900	RCV005603586	NRAS	1	criteria provided, single submitter	Pathogenic	{'name': 'Colorectal cancer', 'database': 'MedGen', 'id': 'C0346629'}
VCV000013901	RCV000014915	NRAS	0	no assertion criteria provided	Pathogenic	{'name': 'Juvenile myelomonocytic leukemia', 'database': 'MedGen', 'id': 'C0349639'}
VCV000013901	RCV000022690	NRAS	2	criteria provided, multiple submitters, no conflicts	Pathogenic	{'name': 'Noonan syndrome 6', 'database': 'MedGen', 'id': 'C2750732'}
VCV000013901	RCV000144962	NRAS	1	criteria provided, single submitter	Likely pathogenic	{'name': 'Autoimmune lymphoproliferative syndrome type 4', 'database': 'MedGen', 'id': 'C2674723'}
VCV000013901	RCV000157672	NRAS	1	criteria provided, single submitter	Pathogenic	{'name': 'not provided', 'database': 'MedGen', 'id': 'C3661900'}
VCV000013901	RCV001293767	NRAS	1	criteria provided, single submitter	Likely pathogenic	{'name': 'Acute megakaryoblastic leukemia in down syndrome', 'database': 'MedGen', 'id': 'C5925108'}
VCV000013901	RCV005089258	NRAS	1	criteria provided, single submitter	Likely pathogenic	{'name': 'RASopathy', 'database': 'MedGen', 'id': 'C5555857'}
VCV000013901	RCV005867758	NRAS	2	criteria provided, multiple submitters, no conflicts	Pathogenic/Likely pathogenic	{'name': 'NRAS-related disorder'}
VCV000013901	RCV006697854	NRAS	0	no assertion criteria provided	Pathogenic	{'name': 'RAS-ASSOCIATED AUTOIMMUNE LEUKOPROLIFERATIVE DISORDER 1, SOMATIC'}
VCV000013906	RCV000014920	RET	0	no assertion criteria provided	Pathogenic	{'name': 'Multiple endocrine neoplasia type 2A', 'database': 'MedGen', 'id': 'C0025268'}
VCV000013909	RCV000014924	RET	2	criteria provided, multiple submitters, no conflicts	Pathogenic	{'name': 'Multiple endocrine neoplasia type 2A', 'database': 'MedGen', 'id': 'C0025268'}
VCV000013909	RCV000014925	RET	0	no assertion criteria provided	Pathogenic	{'name': 'Pheochromocytoma', 'database': 'MedGen', 'id': 'C0031511'}
VCV000013909	RCV000129490	RET	2	criteria provided, multiple submitters, no conflicts	Pathogenic	{'name': 'Hereditary cancer-predisposing syndrome', 'database': 'MedGen', 'id': 'C0027672'}
VCV000013909	RCV000182582	RET	2	criteria provided, multiple submitters, no conflicts	Pathogenic	{'name': 'not provided', 'database': 'MedGen', 'id': 'C3661900'}
VCV000013909	RCV000425364	RET	2	criteria provided, multiple submitters, no conflicts	Pathogenic	{'name': 'Multiple endocrine neoplasia type 2B', 'database': 'MedGen', 'id': 'C0025269'}
VCV000013909	RCV000476408	RET	1	criteria provided, single submitter	Pathogenic	{'name': 'Multiple endocrine neoplasia, type 2', 'database': 'MedGen', 'id': 'C4048306'}
VCV000013909	RCV003989285	RET	2	criteria provided, multiple submitters, no conflicts	Pathogenic	{'name': 'Hirschsprung disease, susceptibility to, 1', 'database': 'MedGen', 'id': 'C3888239'}
VCV000013909	RCV004739307	RET	0	no assertion criteria provided	Pathogenic	{'name': 'RET-related disorder'}
VCV000013909	RCV005394154	RET	1	criteria provided, single submitter	Pathogenic	{'name': 'Familial medullary thyroid carcinoma', 'database': 'MedGen', 'id': 'C1833921'};{'name': 'Hirschsprung disease, susceptibility to, 1', 'database': 'MedGen', 'id': 'C3888239'};{'name': 'Multiple endocrine neoplasia type 2A', 'database': 'MedGen', 'id': 'C0025268'};{'name': 'Multiple endocrine neoplasia type 2B', 'database': 'MedGen', 'id': 'C0025269'};{'name': 'Pheochromocytoma', 'database': 'MedGen', 'id': 'C0031511'}
VCV000013911	RCV000014928	RET	2	criteria provided, multiple submitters, no conflicts	Pathogenic	{'name': 'Multiple endocrine neoplasia type 2A', 'database': 'MedGen', 'id': 'C0025268'}
VCV000013911	RCV000014929	RET	0	no assertion criteria provided	Pathogenic	{'name': 'Familial medullary thyroid carcinoma', 'database': 'MedGen', 'id': 'C1833921'}
VCV000013911	RCV000014930	RET	0	no assertion criteria provided	Pathogenic	{'name': 'Pheochromocytoma', 'database': 'MedGen', 'id': 'C0031511'}
VCV000013911	RCV000471652	RET	1	criteria provided, single submitter	Pathogenic	{'name': 'Multiple endocrine neoplasia, type 2', 'database': 'MedGen', 'id': 'C4048306'}
VCV000013911	RCV002408463	RET	1	criteria provided, single submitter	Pathogenic	{'name': 'Hereditary cancer-predisposing syndrome', 'database': 'MedGen', 'id': 'C0027672'}
VCV000013911	RCV003237413	RET	2	criteria provided, multiple submitters, no conflicts	Pathogenic	{'name': 'not provided', 'database': 'MedGen', 'id': 'C3661900'}
VCV000013915	RCV000014935	RET	2	criteria provided, multiple submitters, no conflicts	Pathogenic	{'name': 'Multiple endocrine neoplasia type 2A', 'database': 'MedGen', 'id': 'C0025268'}
VCV000013915	RCV000182580	RET	2	criteria provided, multiple submitters, no conflicts	Pathogenic	{'name': 'not provided', 'database': 'MedGen', 'id': 'C3661900'}
VCV000013915	RCV000232285	RET	2	criteria provided, multiple submitters, no conflicts	Pathogenic	{'name': 'Multiple endocrine neoplasia, type 2', 'database': 'MedGen', 'id': 'C4048306'}
VCV000013915	RCV000568259	RET	1	criteria provided, single submitter	Pathogenic	{'name': 'Hereditary cancer-predisposing syndrome', 'database': 'MedGen', 'id': 'C0027672'}
VCV000013915	RCV000736276	RET	0	no assertion criteria provided	Likely pathogenic	{'name': 'Aganglionic megacolon', 'database': 'MedGen', 'id': 'C0019569'}
VCV000013915	RCV000826204	RET	1	criteria provided, single submitter	Pathogenic	{'name': 'Aganglionic megacolon', 'database': 'MedGen', 'id': 'C0019569'};{'name': 'Multiple endocrine neoplasia, type 2', 'database': 'MedGen', 'id': 'C4048306'}
VCV000013915	RCV003324711	RET	2	criteria provided, multiple submitters, no conflicts	Pathogenic	{'name': 'Hirschsprung disease, susceptibility to, 1', 'database': 'MedGen', 'id': 'C3888239'}
VCV000013917	RCV000014937	RET	2	criteria provided, multiple submitters, no conflicts	Pathogenic	{'name': 'Multiple endocrine neoplasia type 2A', 'database': 'MedGen', 'id': 'C0025268'}
VCV000013917	RCV000014938	RET	0	no assertion criteria provided	Pathogenic	{'name': 'Pheochromocytoma', 'database': 'MedGen', 'id': 'C0031511'}
VCV000013917	RCV000082051	RET	2	criteria provided, multiple submitters, no conflicts	Pathogenic	{'name': 'not provided', 'database': 'MedGen', 'id': 'C3661900'}
VCV000013917	RCV000163338	RET	1	criteria provided, single submitter	Pathogenic	{'name': 'Hereditary cancer-predisposing syndrome', 'database': 'MedGen', 'id': 'C0027672'}
VCV000013917	RCV000552504	RET	2	criteria provided, multiple submitters, no conflicts	Pathogenic	{'name': 'Multiple endocrine neoplasia, type 2', 'database': 'MedGen', 'id': 'C4048306'}
VCV000013917	RCV000677899	RET	1	criteria provided, single submitter	Pathogenic	{'name': 'Thyroid gland carcinoma', 'database': 'MedGen', 'id': 'C0549473'}
VCV000013917	RCV003460479	RET	2	criteria provided, multiple submitters, no conflicts	Pathogenic/Likely pathogenic	{'name': 'Hirschsprung disease, susceptibility to, 1', 'database': 'MedGen', 'id': 'C3888239'}
VCV000013917	RCV004739308	RET	0	no assertion criteria provided	Pathogenic	{'name': 'RET-related disorder'}
VCV000013917	RCV004795411	RET	1	criteria provided, single submitter	Pathogenic	{'name': 'Multiple endocrine neoplasia type 2A', 'database': 'MedGen', 'id': 'C0025268'};{'name': 'Multiple endocrine neoplasia type 2B', 'database': 'MedGen', 'id': 'C0025269'};{'name': 'Pheochromocytoma', 'database': 'MedGen', 'id': 'C0031511'}
VCV000013918	RCV000014939	RET	1	criteria provided, single submitter	Pathogenic	{'name': 'Multiple endocrine neoplasia type 2A', 'database': 'MedGen', 'id': 'C0025268'}
VCV000013918	RCV000014940	RET	0	no assertion criteria provided	Pathogenic	{'name': 'Pheochromocytoma', 'database': 'MedGen', 'id': 'C0031511'}
VCV000013918	RCV000405235	RET	2	criteria provided, multiple submitters, no conflicts	Pathogenic	{'name': 'not provided', 'database': 'MedGen', 'id': 'C3661900'}
VCV000013918	RCV000459040	RET	1	criteria provided, single submitter	Pathogenic	{'name': 'Multiple endocrine neoplasia, type 2', 'database': 'MedGen', 'id': 'C4048306'}
VCV000013918	RCV001013621	RET	1	criteria provided, single submitter	Pathogenic	{'name': 'Hereditary cancer-predisposing syndrome', 'database': 'MedGen', 'id': 'C0027672'}
VCV000013919	RCV000014941	RET	2	criteria provided, multiple submitters, no conflicts	Pathogenic	{'name': 'Multiple endocrine neoplasia type 2B', 'database': 'MedGen', 'id': 'C0025269'}
VCV000013919	RCV000014942	RET	0	no assertion criteria provided	Pathogenic	{'name': 'Thyroid carcinoma, sporadic medullary', 'database': 'MedGen', 'id': 'C1833929'}
VCV000013919	RCV000014943	RET	0	no assertion criteria provided	Pathogenic	{'name': 'Pheochromocytoma', 'database': 'MedGen', 'id': 'C0031511'}
VCV000013919	RCV000082054	RET	2	criteria provided, multiple submitters, no conflicts	Pathogenic	{'name': 'not provided', 'database': 'MedGen', 'id': 'C3661900'}
VCV000013919	RCV000161926	RET	2	criteria provided, multiple submitters, no conflicts	Pathogenic	{'name': 'Multiple endocrine neoplasia, type 2', 'database': 'MedGen', 'id': 'C4048306'}
VCV000013919	RCV000175096	RET	2	criteria provided, multiple submitters, no conflicts	Pathogenic	{'name': 'Multiple endocrine neoplasia type 2A', 'database': 'MedGen', 'id': 'C0025268'}
VCV000013919	RCV000415312	RET	1	criteria provided, single submitter	Pathogenic	{'name': 'Constipation', 'database': 'MedGen', 'id': 'C0009806'};{'name': 'Gingival overgrowth', 'database': 'MedGen', 'id': 'C0376480'};{'name': 'Hypertelorism', 'database': 'MedGen', 'id': 'C0020534'};{'name': 'Hypothyroidism', 'database': 'MedGen', 'id': 'C0020676'};{'name': 'Joint hypermobility', 'database': 'MedGen', 'id': 'C1862377'};{'name': 'Short stature', 'database': 'MedGen', 'id': 'C0349588'};{'name': 'Tetralogy of Fallot', 'database': 'MedGen', 'id': 'C0039685'};{'name': 'Thick vermilion border', 'database': 'MedGen', 'id': 'C1836543'}
VCV000013919	RCV000417859	RET	1	criteria provided, single submitter	Pathogenic	{'name': 'Medullary thyroid carcinoma', 'database': 'MedGen', 'id': 'C0238462'}
VCV000013919	RCV001292662	RET	2	criteria provided, multiple submitters, no conflicts	Pathogenic	{'name': 'Familial medullary thyroid carcinoma', 'database': 'MedGen', 'id': 'C1833921'}
VCV000013919	RCV001542764	RET	2	criteria provided, multiple submitters, no conflicts	Pathogenic/Likely pathogenic	{'name': 'Hirschsprung disease, susceptibility to, 1', 'database': 'MedGen', 'id': 'C3888239'}
VCV000013919	RCV002255998	RET	2	criteria provided, multiple submitters, no conflicts	Pathogenic	{'name': 'Hereditary cancer-predisposing syndrome', 'database': 'MedGen', 'id': 'C0027672'}
VCV000013919	RCV004532351	RET	0	no assertion criteria provided	Pathogenic	{'name': 'RET-related disorder'}
VCV000013919	RCV005394156	RET	1	criteria provided, single submitter	Pathogenic	{'name': 'Familial medullary thyroid carcinoma', 'database': 'MedGen', 'id': 'C1833921'};{'name': 'Hirschsprung disease, susceptibility to, 1', 'database': 'MedGen', 'id': 'C3888239'};{'name': 'Multiple endocrine neoplasia type 2A', 'database': 'MedGen', 'id': 'C0025268'};{'name': 'Multiple endocrine neoplasia type 2B', 'database': 'MedGen', 'id': 'C0025269'};{'name': 'Pheochromocytoma', 'database': 'MedGen', 'id': 'C0031511'}
VCV000013919	RCV005865181	RET	1	criteria provided, single submitter	Pathogenic	{'name': 'Inherited phaeochromocytoma and paraganglioma excluding NF1'}
VCV000013919	RCV005887525	RET	1	criteria provided, single submitter	Pathogenic	{'name': 'See cases'}
VCV000013931	RCV000014956	RET	0	no assertion criteria provided	Pathogenic	{'name': 'Familial medullary thyroid carcinoma', 'database': 'MedGen', 'id': 'C1833921'}
VCV000013931	RCV000021842	RET	2	criteria provided, multiple submitters, no conflicts	Pathogenic	{'name': 'Multiple endocrine neoplasia, type 2', 'database': 'MedGen', 'id': 'C4048306'}
VCV000013931	RCV001015022	RET	1	criteria provided, single submitter	Pathogenic	{'name': 'Hereditary cancer-predisposing syndrome', 'database': 'MedGen', 'id': 'C0027672'}
VCV000013931	RCV001811141	RET	2	criteria provided, multiple submitters, no conflicts	Pathogenic	{'name': 'not provided', 'database': 'MedGen', 'id': 'C3661900'}
VCV000013931	RCV002280861	RET	0	no assertion criteria provided	Likely pathogenic	{'name': 'Hepatocellular carcinoma', 'database': 'MedGen', 'id': 'C2239176'}
VCV000013945	RCV000014972	RET	0	no assertion criteria provided	Pathogenic	{'name': 'Multiple endocrine neoplasia type 2B', 'database': 'MedGen', 'id': 'C0025269'}
VCV000013950	RCV000014977	RET	0	no assertion criteria provided	Pathogenic	{'name': 'Familial medullary thyroid carcinoma', 'database': 'MedGen', 'id': 'C1833921'}
VCV000013950	RCV000182579	RET	2	criteria provided, multiple submitters, no conflicts	Pathogenic	{'name': 'not provided', 'database': 'MedGen', 'id': 'C3661900'}
VCV000013950	RCV000469127	RET	1	criteria provided, single submitter	Pathogenic	{'name': 'Multiple endocrine neoplasia, type 2', 'database': 'MedGen', 'id': 'C4048306'}
VCV000013950	RCV001012358	RET	1	criteria provided, single submitter	Pathogenic	{'name': 'Hereditary cancer-predisposing syndrome', 'database': 'MedGen', 'id': 'C0027672'}
VCV000013950	RCV003335040	RET	1	criteria provided, single submitter	Pathogenic	{'name': 'Multiple endocrine neoplasia type 2A', 'database': 'MedGen', 'id': 'C0025268'}
VCV000013957	RCV000014985	RAF1	2	criteria provided, multiple submitters, no conflicts	Pathogenic/Likely pathogenic	{'name': 'Noonan syndrome 5', 'database': 'MedGen', 'id': 'C1969057'}
VCV000013957	RCV000014986	RAF1	1	criteria provided, single submitter	Pathogenic	{'name': 'LEOPARD syndrome 2', 'database': 'MedGen', 'id': 'C1969056'}
VCV000013957	RCV000020509	RAF1	0	no classification provided	not provided	{'name': 'Noonan syndrome with multiple lentigines', 'database': 'MedGen', 'id': 'C0175704'}
VCV000013957	RCV000149826	RAF1	2	criteria provided, multiple submitters, no conflicts	Pathogenic	{'name': 'RASopathy', 'database': 'MedGen', 'id': 'C5555857'}
VCV000013957	RCV000157426	RAF1	3	reviewed by expert panel	Pathogenic	{'name': 'Noonan syndrome', 'database': 'MedGen', 'id': 'C0028326'}
VCV000013957	RCV000157685	RAF1	2	criteria provided, multiple submitters, no conflicts	Pathogenic	{'name': 'not provided', 'database': 'MedGen', 'id': 'C3661900'}
VCV000013957	RCV000515222	RAF1	2	criteria provided, multiple submitters, no conflicts	Pathogenic	{'name': 'Dilated cardiomyopathy 1NN', 'database': 'MedGen', 'id': 'C4014656'};{'name': 'LEOPARD syndrome 2', 'database': 'MedGen', 'id': 'C1969056'};{'name': 'Noonan syndrome 5', 'database': 'MedGen', 'id': 'C1969057'}
VCV000013957	RCV000824754	RAF1	1	criteria provided, single submitter	Pathogenic	{'name': 'Noonan syndrome', 'database': 'MedGen', 'id': 'C0028326'};{'name': 'Noonan syndrome with multiple lentigines', 'database': 'MedGen', 'id': 'C0175704'}
VCV000013957	RCV000856803	RAF1	2	criteria provided, multiple submitters, no conflicts	Pathogenic/Likely pathogenic	{'name': 'Noonan syndrome 1', 'database': 'MedGen', 'id': 'C4551602'}
VCV000013957	RCV001731288	RAF1	1	criteria provided, single submitter	Pathogenic	{'name': 'RAF1-related disorder'}
VCV000013957	RCV001813205	RAF1	1	criteria provided, single submitter	Pathogenic	{'name': 'Noonan syndrome and Noonan-related syndrome', 'database': 'MedGen', 'id': 'C5681679'}
VCV000013957	RCV002399323	RAF1	1	criteria provided, single submitter	Pathogenic	{'name': 'Cardiovascular phenotype', 'database': 'MedGen', 'id': 'CN230736'}
VCV000013957	RCV003231105	RAF1	1	criteria provided, single submitter	Pathogenic	{'name': 'See cases'}
VCV000013958	RCV000014987	RAF1	2	criteria provided, multiple submitters, no conflicts	Pathogenic	{'name': 'Noonan syndrome 5', 'database': 'MedGen', 'id': 'C1969057'}
VCV000013958	RCV000159076	RAF1	2	criteria provided, multiple submitters, no conflicts	Pathogenic	{'name': 'not provided', 'database': 'MedGen', 'id': 'C3661900'}
VCV000013958	RCV000208421	RAF1	1	criteria provided, single submitter	Pathogenic	{'name': 'Primary familial hypertrophic cardiomyopathy', 'database': 'MedGen', 'id': 'C0949658'}
VCV000013958	RCV000211849	RAF1	3	reviewed by expert panel	Pathogenic	{'name': 'Noonan syndrome', 'database': 'MedGen', 'id': 'C0028326'}
VCV000013958	RCV000468714	RAF1	2	criteria provided, multiple submitters, no conflicts	Pathogenic	{'name': 'RASopathy', 'database': 'MedGen', 'id': 'C5555857'}
VCV000013958	RCV000618568	RAF1	1	criteria provided, single submitter	Pathogenic	{'name': 'Cardiovascular phenotype', 'database': 'MedGen', 'id': 'CN230736'}
VCV000013958	RCV000622893	RAF1	1	criteria provided, single submitter	Pathogenic	{'name': 'Inborn genetic diseases', 'database': 'MedGen', 'id': 'C0950123'}
VCV000013958	RCV001813206	RAF1	1	criteria provided, single submitter	Pathogenic	{'name': 'Noonan syndrome and Noonan-related syndrome', 'database': 'MedGen', 'id': 'C5681679'}
VCV000013958	RCV003450640	RAF1	0	no assertion criteria provided	Pathogenic	{'name': 'Noonan syndrome 1', 'database': 'MedGen', 'id': 'C4551602'}
VCV000013960	RCV000014989	RAF1	0	no assertion criteria provided	Pathogenic	{'name': 'LEOPARD syndrome 2', 'database': 'MedGen', 'id': 'C1969056'}
VCV000013960	RCV000014990	RAF1	0	no assertion criteria provided	Pathogenic/Likely pathogenic	{'name': 'Noonan syndrome 5', 'database': 'MedGen', 'id': 'C1969057'}
VCV000013960	RCV000020508	RAF1	0	no classification provided	not provided	{'name': 'Noonan syndrome with multiple lentigines', 'database': 'MedGen', 'id': 'C0175704'}
VCV000013960	RCV000159089	RAF1	3	reviewed by expert panel	Pathogenic	{'name': 'RASopathy', 'database': 'MedGen', 'id': 'C5555857'}
VCV000013960	RCV000254689	RAF1	2	criteria provided, multiple submitters, no conflicts	Pathogenic	{'name': 'not provided', 'database': 'MedGen', 'id': 'C3661900'}
VCV000013960	RCV000824753	RAF1	1	criteria provided, single submitter	Pathogenic	{'name': 'Noonan syndrome', 'database': 'MedGen', 'id': 'C0028326'};{'name': 'Noonan syndrome with multiple lentigines', 'database': 'MedGen', 'id': 'C0175704'}
VCV000013960	RCV001256891	RAF1	1	criteria provided, single submitter	Pathogenic	{'name': 'Hypertrophic cardiomyopathy 1', 'database': 'MedGen', 'id': 'C3495498'}
VCV000013960	RCV004532353	RAF1	1	criteria provided, single submitter	Pathogenic	{'name': 'RAF1-related disorder'}
VCV000013961	RCV000014992	BRAF	0	no assertion criteria provided	Pathogenic	{'name': 'Carcinoma of colon', 'database': 'MedGen', 'id': 'C0699790'}
VCV000013961	RCV000014993	BRAF	0	no assertion criteria provided	Pathogenic	{'name': 'Papillary thyroid carcinoma', 'database': 'MedGen', 'id': 'C0238463'}
VCV000013961	RCV000014994	BRAF	0	no assertion criteria provided	Pathogenic	{'name': 'Astrocytoma, low-grade, somatic', 'database': 'MedGen', 'id': 'C2674727'}
VCV000013961	RCV000022677	BRAF	0	no assertion criteria provided	Pathogenic	{'name': 'Nongerminomatous germ cell tumor', 'database': 'MedGen', 'id': 'C1266158'}
VCV000013961	RCV000037936	BRAF	0	no assertion criteria provided	Pathogenic	{'name': 'Non-small cell lung carcinoma', 'database': 'MedGen', 'id': 'C0007131'}
VCV000013961	RCV000067669	BRAF	0	no assertion criteria provided	Pathogenic	{'name': 'Melanoma', 'database': 'MedGen', 'id': 'C0025202'}
VCV000013961	RCV000080903	BRAF	2	criteria provided, multiple submitters, no conflicts	Pathogenic	{'name': 'not provided', 'database': 'MedGen', 'id': 'C3661900'}
VCV000013961	RCV000208763	BRAF	0	no classification provided	not provided	{'name': 'Cardio-facio-cutaneous syndrome', 'database': 'MedGen', 'id': 'C1275081'}
VCV000013961	RCV000430562	BRAF	0	no assertion criteria provided	Likely pathogenic	{'name': 'Multiple myeloma', 'database': 'MedGen', 'id': 'C0026764'}
VCV000013961	RCV000662278	BRAF	0	no assertion criteria provided	Pathogenic	{'name': 'Cystic epithelial invagination containing papillae lined by columnar epithelium'}
VCV000013961	RCV000860020	BRAF	0	no assertion criteria provided	Pathogenic	{'name': 'Cerebral arteriovenous malformation', 'database': 'MedGen', 'id': 'C0917804'}
VCV000013961	RCV001248834	BRAF	0	no assertion criteria provided	Pathogenic	{'name': 'Nephroblastoma', 'database': 'MedGen', 'id': 'C0027708'}
VCV000013961	RCV001254874	BRAF	0	no assertion criteria provided	Likely pathogenic	{'name': 'Malignant neoplastic disease', 'database': 'MedGen', 'id': 'C0006826'}
VCV000013961	RCV002051586	BRAF	0	no assertion criteria provided	Pathogenic	{'name': 'Lymphangioma', 'database': 'MedGen', 'id': 'C0024221'}
VCV000013961	RCV003458334	BRAF	1	criteria provided, single submitter	Pathogenic	{'name': 'Vascular malformation', 'database': 'MedGen', 'id': 'C0158570'}
VCV000013961	RCV004018627	BRAF	1	criteria provided, single submitter	Likely pathogenic	{'name': 'Cardiovascular phenotype', 'database': 'MedGen', 'id': 'CN230736'}
VCV000013961	RCV005089260	BRAF	1	criteria provided, single submitter	Uncertain significance	{'name': 'RASopathy', 'database': 'MedGen', 'id': 'C5555857'}
VCV000013961	RCV006713108	BRAF	1	criteria provided, single submitter	Pathogenic	{'name': 'BRAF-related glioma susceptibility'}
VCV000013965	RCV000014998	BRAF	1	criteria provided, single submitter	Pathogenic	{'name': 'Cardiofaciocutaneous syndrome 1', 'database': 'MedGen', 'id': 'CN029449'}
VCV000013965	RCV000033285	BRAF	1	criteria provided, single submitter	Pathogenic	{'name': 'Cardio-facio-cutaneous syndrome', 'database': 'MedGen', 'id': 'C1275081'};{'name': 'Noonan syndrome', 'database': 'MedGen', 'id': 'C0028326'}
VCV000013965	RCV000208416	BRAF	3	reviewed by expert panel	Pathogenic	{'name': 'Cardio-facio-cutaneous syndrome', 'database': 'MedGen', 'id': 'C1275081'}
VCV000013965	RCV000235118	BRAF	2	criteria provided, multiple submitters, no conflicts	Pathogenic	{'name': 'not provided', 'database': 'MedGen', 'id': 'C3661900'}
VCV000013965	RCV000678900	BRAF	0	no assertion criteria provided	Pathogenic	{'name': 'Noonan syndrome', 'database': 'MedGen', 'id': 'C0028326'}
VCV000013965	RCV001047900	BRAF	1	criteria provided, single submitter	Pathogenic	{'name': 'RASopathy', 'database': 'MedGen', 'id': 'C5555857'}
VCV000013965	RCV003150930	BRAF	0	no assertion criteria provided	Pathogenic	{'name': 'Noonan syndrome 1', 'database': 'MedGen', 'id': 'C4551602'}
VCV000013965	RCV003338381	BRAF	1	criteria provided, single submitter	Pathogenic	{'name': 'Noonan syndrome 7', 'database': 'MedGen', 'id': 'C3150970'}
VCV000013966	RCV000014999	BRAF	0	no assertion criteria provided	Pathogenic	{'name': 'Carcinoma of colon', 'database': 'MedGen', 'id': 'C0699790'}
VCV000013966	RCV000015000	BRAF	0	no assertion criteria provided	Pathogenic	{'name': 'Thyroid cancer, nonmedullary, 2', 'database': 'MedGen', 'id': 'C4225426'}
VCV000013966	RCV000037938	BRAF	1	criteria provided, single submitter	Pathogenic	{'name': 'Non-small cell lung carcinoma', 'database': 'MedGen', 'id': 'C0007131'}
VCV000013966	RCV000433498	BRAF	0	no assertion criteria provided	Likely pathogenic	{'name': 'Lung adenocarcinoma', 'database': 'MedGen', 'id': 'C0152013'}
VCV000013969	RCV000015003	BRAF	0	no assertion criteria provided	Pathogenic	{'name': 'Non-small cell lung carcinoma', 'database': 'MedGen', 'id': 'C0007131'}
VCV000013969	RCV000030948	BRAF	1	criteria provided, single submitter	Pathogenic	{'name': 'Noonan syndrome 7', 'database': 'MedGen', 'id': 'C3150970'}
VCV000013969	RCV000033333	BRAF	1	criteria provided, single submitter	Pathogenic	{'name': 'Cardio-facio-cutaneous syndrome', 'database': 'MedGen', 'id': 'C1275081'};{'name': 'Noonan syndrome', 'database': 'MedGen', 'id': 'C0028326'}
VCV000013969	RCV000208539	BRAF	0	no classification provided	not provided	{'name': 'Noonan syndrome 1', 'database': 'MedGen', 'id': 'C4551602'}
VCV000013969	RCV000505705	BRAF	2	criteria provided, multiple submitters, no conflicts	Pathogenic	{'name': 'not provided', 'database': 'MedGen', 'id': 'C3661900'}
VCV000013969	RCV001813207	BRAF	1	criteria provided, single submitter	Pathogenic	{'name': 'Noonan syndrome and Noonan-related syndrome', 'database': 'MedGen', 'id': 'C5681679'}
VCV000013969	RCV002271369	BRAF	2	criteria provided, multiple submitters, no conflicts	Pathogenic	{'name': 'Cardio-facio-cutaneous syndrome', 'database': 'MedGen', 'id': 'C1275081'}
VCV000013969	RCV002513056	BRAF	1	criteria provided, single submitter	Pathogenic	{'name': 'RASopathy', 'database': 'MedGen', 'id': 'C5555857'}
VCV000013969	RCV005222683	BRAF	0	no classification provided	not provided	{'name': 'Cardiofaciocutaneous syndrome 1', 'database': 'MedGen', 'id': 'CN029449'};{'name': 'LEOPARD syndrome 3', 'database': 'MedGen', 'id': 'C3150971'};{'name': 'Noonan syndrome 7', 'database': 'MedGen', 'id': 'C3150970'}
VCV000013973	RCV000015007	BRAF	2	criteria provided, multiple submitters, no conflicts	Pathogenic	{'name': 'Cardiofaciocutaneous syndrome 1', 'database': 'MedGen', 'id': 'CN029449'}
VCV000013973	RCV000033289	BRAF	2	criteria provided, multiple submitters, no conflicts	Pathogenic	{'name': 'RASopathy', 'database': 'MedGen', 'id': 'C5555857'}
VCV000013973	RCV000080904	BRAF	2	criteria provided, multiple submitters, no conflicts	Pathogenic	{'name': 'not provided', 'database': 'MedGen', 'id': 'C3661900'}
VCV000013973	RCV000208766	BRAF	3	reviewed by expert panel	Pathogenic	{'name': 'Cardio-facio-cutaneous syndrome', 'database': 'MedGen', 'id': 'C1275081'}
VCV000013973	RCV001027771	BRAF	1	criteria provided, single submitter	Pathogenic	{'name': 'Cardiofaciocutaneous syndrome 1', 'database': 'MedGen', 'id': 'CN029449'};{'name': 'LEOPARD syndrome 3', 'database': 'MedGen', 'id': 'C3150971'};{'name': 'Noonan syndrome 7', 'database': 'MedGen', 'id': 'C3150970'}
VCV000013973	RCV001261967	BRAF	2	criteria provided, multiple submitters, no conflicts	Pathogenic	{'name': 'Noonan syndrome 7', 'database': 'MedGen', 'id': 'C3150970'}
VCV000013973	RCV001329219	BRAF	1	criteria provided, single submitter	Pathogenic	{'name': 'LEOPARD syndrome 3', 'database': 'MedGen', 'id': 'C3150971'}
VCV000013973	RCV001813208	BRAF	1	criteria provided, single submitter	Pathogenic	{'name': 'Noonan syndrome and Noonan-related syndrome', 'database': 'MedGen', 'id': 'C5681679'}
VCV000013973	RCV001813744	BRAF	1	criteria provided, single submitter	Pathogenic	{'name': 'Noonan syndrome 1', 'database': 'MedGen', 'id': 'C4551602'}
VCV000013973	RCV003224098	BRAF	1	criteria provided, single submitter	Pathogenic	{'name': 'Cardiofaciocutaneous syndrome 1', 'database': 'MedGen', 'id': 'CN029449'};{'name': 'Colorectal cancer', 'database': 'MedGen', 'id': 'C0346629'};{'name': 'LEOPARD syndrome 3', 'database': 'MedGen', 'id': 'C3150971'};{'name': 'Lung cancer', 'database': 'MedGen', 'id': 'C0242379'};{'name': 'Melanoma, cutaneous malignant, susceptibility to, 1', 'database': 'MedGen', 'id': 'C1835047'};{'name': 'Noonan syndrome 7', 'database': 'MedGen', 'id': 'C3150970'}
VCV000013973	RCV004018628	BRAF	1	criteria provided, single submitter	Pathogenic	{'name': 'Cardiovascular phenotype', 'database': 'MedGen', 'id': 'CN230736'}
VCV000013973	RCV004752707	BRAF	0	no assertion criteria provided	Pathogenic	{'name': 'BRAF-related disorder'}
VCV000013974	RCV000015008	BRAF	2	criteria provided, multiple submitters, no conflicts	Pathogenic	{'name': 'Cardiofaciocutaneous syndrome 1', 'database': 'MedGen', 'id': 'CN029449'}
VCV000013974	RCV000033307	BRAF	3	reviewed by expert panel	Pathogenic	{'name': 'RASopathy', 'database': 'MedGen', 'id': 'C5555857'}
VCV000013974	RCV000211748	BRAF	2	criteria provided, multiple submitters, no conflicts	Pathogenic	{'name': 'Cardio-facio-cutaneous syndrome', 'database': 'MedGen', 'id': 'C1275081'}
VCV000013974	RCV000212152	BRAF	2	criteria provided, multiple submitters, no conflicts	Pathogenic	{'name': 'not provided', 'database': 'MedGen', 'id': 'C3661900'}
VCV000013974	RCV000506575	BRAF	1	criteria provided, single submitter	Pathogenic	{'name': 'not specified', 'database': 'MedGen', 'id': 'CN169374'}
VCV000013974	RCV001813209	BRAF	1	criteria provided, single submitter	Pathogenic	{'name': 'Noonan syndrome and Noonan-related syndrome', 'database': 'MedGen', 'id': 'C5681679'}
VCV000013974	RCV002287336	BRAF	1	criteria provided, single submitter	Pathogenic	{'name': 'Noonan syndrome 7', 'database': 'MedGen', 'id': 'C3150970'}
VCV000013974	RCV003450641	BRAF	0	no assertion criteria provided	Pathogenic	{'name': 'Noonan syndrome 1', 'database': 'MedGen', 'id': 'C4551602'}
VCV000013975	RCV000015009	BRAF	0	no assertion criteria provided	Pathogenic	{'name': 'Cardiofaciocutaneous syndrome 1', 'database': 'MedGen', 'id': 'CN029449'}
VCV000013975	RCV000208764	BRAF	1	criteria provided, single submitter	Pathogenic	{'name': 'Cardio-facio-cutaneous syndrome', 'database': 'MedGen', 'id': 'C1275081'}
VCV000013975	RCV000211749	BRAF	0	no assertion criteria provided	Pathogenic	{'name': 'Cardio-facio-cutaneous syndrome', 'database': 'MedGen', 'id': 'C1275081'};{'name': 'Noonan syndrome', 'database': 'MedGen', 'id': 'C0028326'}
VCV000013975	RCV000680805	BRAF	2	criteria provided, multiple submitters, no conflicts	Pathogenic	{'name': 'not provided', 'database': 'MedGen', 'id': 'C3661900'}
VCV000013975	RCV001172276	BRAF	3	reviewed by expert panel	Pathogenic	{'name': 'RASopathy', 'database': 'MedGen', 'id': 'C5555857'}
VCV000013975	RCV001849264	BRAF	1	criteria provided, single submitter	Pathogenic	{'name': 'Ataxia-telangiectasia syndrome', 'database': 'MedGen', 'id': 'C0004135'}
VCV000013975	RCV003415705	BRAF	1	criteria provided, single submitter	Pathogenic	{'name': 'BRAF-related disorder'}
VCV000013975	RCV004018629	BRAF	1	criteria provided, single submitter	Pathogenic	{'name': 'Cardiovascular phenotype', 'database': 'MedGen', 'id': 'CN230736'}
VCV000013977	RCV000015011	BRAF	2	criteria provided, multiple submitters, no conflicts	Pathogenic	{'name': 'Cardiofaciocutaneous syndrome 1', 'database': 'MedGen', 'id': 'CN029449'}
VCV000013977	RCV000033315	BRAF	1	criteria provided, single submitter	Pathogenic	{'name': 'RASopathy', 'database': 'MedGen', 'id': 'C5555857'}
VCV000013977	RCV000207513	BRAF	2	criteria provided, multiple submitters, no conflicts	Pathogenic/Likely pathogenic	{'name': 'not provided', 'database': 'MedGen', 'id': 'C3661900'}
VCV000013977	RCV000844616	BRAF	0	no assertion criteria provided	Pathogenic	{'name': 'Cardio-facio-cutaneous syndrome', 'database': 'MedGen', 'id': 'C1275081'};{'name': 'Noonan syndrome', 'database': 'MedGen', 'id': 'C0028326'}
VCV000013977	RCV004018630	BRAF	1	criteria provided, single submitter	Pathogenic	{'name': 'Cardiovascular phenotype', 'database': 'MedGen', 'id': 'CN230736'}
VCV000013981	RCV000015015	BRAF	2	criteria provided, multiple submitters, no conflicts	Pathogenic/Likely pathogenic	{'name': 'Cardiofaciocutaneous syndrome 1', 'database': 'MedGen', 'id': 'CN029449'}
VCV000013981	RCV000033337	BRAF	1	criteria provided, single submitter	Pathogenic	{'name': 'not provided', 'database': 'MedGen', 'id': 'C3661900'}
VCV000013981	RCV000622900	BRAF	1	criteria provided, single submitter	Pathogenic	{'name': 'Inborn genetic diseases', 'database': 'MedGen', 'id': 'C0950123'}
VCV000013981	RCV000763164	BRAF	1	criteria provided, single submitter	Likely pathogenic	{'name': 'Cardiofaciocutaneous syndrome 1', 'database': 'MedGen', 'id': 'CN029449'};{'name': 'LEOPARD syndrome 3', 'database': 'MedGen', 'id': 'C3150971'};{'name': 'Lung carcinoma', 'database': 'MedGen', 'id': 'C0684249'};{'name': 'Noonan syndrome 1', 'database': 'MedGen', 'id': 'C4551602'};{'name': 'Noonan syndrome 7', 'database': 'MedGen', 'id': 'C3150970'}
VCV000013981	RCV001851863	BRAF	1	criteria provided, single submitter	Pathogenic	{'name': 'RASopathy', 'database': 'MedGen', 'id': 'C5555857'}
VCV000013983	RCV000015017	AKT1	0	no assertion criteria provided	Pathogenic	{'name': 'Breast adenocarcinoma', 'database': 'MedGen', 'id': 'C0858252'}
VCV000013983	RCV000015018	AKT1	0	no assertion criteria provided	Pathogenic	{'name': 'Carcinoma of colon', 'database': 'MedGen', 'id': 'C0699790'}
VCV000013983	RCV000015019	AKT1	0	no assertion criteria provided	Pathogenic	{'name': 'Ovarian neoplasm', 'database': 'MedGen', 'id': 'C0919267'}
VCV000013983	RCV000031926	AKT1	2	criteria provided, multiple submitters, no conflicts	Pathogenic	{'name': 'Proteus syndrome', 'database': 'MedGen', 'id': 'C0085261'}
VCV000013983	RCV000795313	AKT1	1	criteria provided, single submitter	Pathogenic	{'name': 'Cowden syndrome 6', 'database': 'MedGen', 'id': 'C3554519'}
VCV000013983	RCV001813745	AKT1	1	criteria provided, single submitter	Pathogenic	{'name': 'not provided', 'database': 'MedGen', 'id': 'C3661900'}
VCV000014004	RCV000015041	NFKBIA	1	criteria provided, single submitter	Uncertain significance	{'name': 'Ectodermal dysplasia and immunodeficiency 2', 'database': 'MedGen', 'id': 'C2677481'}
VCV000014004	RCV001027609	NFKBIA	1	criteria provided, single submitter	Pathogenic	{'name': 'Inherited Immunodeficiency Diseases', 'database': 'MedGen', 'id': 'C5197805'}
VCV000014005	RCV000015042	NFKBIA	0	no assertion criteria provided	Pathogenic	{'name': 'Ectodermal dysplasia and immunodeficiency 2', 'database': 'MedGen', 'id': 'C2677481'}
VCV000014007	RCV000015044	SNCA	0	no assertion criteria provided	Pathogenic	{'name': 'Autosomal dominant Parkinson disease 1', 'database': 'MedGen', 'id': 'C1868595'}
VCV000014007	RCV000526380	SNCA	1	criteria provided, single submitter	Pathogenic	{'name': 'Autosomal dominant Parkinson disease 1', 'database': 'MedGen', 'id': 'C1868595'};{'name': 'Lewy body dementia', 'database': 'MedGen', 'id': 'C0752347'}
VCV000014007	RCV004786261	SNCA	1	criteria provided, single submitter	Pathogenic	{'name': 'Autosomal dominant Parkinson disease 4', 'database': 'MedGen', 'id': 'C1854182'}
VCV000014007	RCV005031438	SNCA	1	criteria provided, single submitter	Pathogenic	{'name': 'Autosomal dominant Parkinson disease 1', 'database': 'MedGen', 'id': 'C1868595'};{'name': 'Autosomal dominant Parkinson disease 4', 'database': 'MedGen', 'id': 'C1854182'};{'name': 'Lewy body dementia', 'database': 'MedGen', 'id': 'C0752347'}
VCV000014007	RCV005430932	SNCA	1	criteria provided, single submitter	Pathogenic	{'name': 'not provided', 'database': 'MedGen', 'id': 'C3661900'}
VCV000014008	RCV000015045	SNCA	1	criteria provided, single submitter	Likely pathogenic	{'name': 'Autosomal dominant Parkinson disease 1', 'database': 'MedGen', 'id': 'C1868595'}
VCV000014010	RCV000015047	SNCA	0	no assertion criteria provided	Pathogenic	{'name': 'Lewy body dementia', 'database': 'MedGen', 'id': 'C0752347'}
VCV000014010	RCV002514100	SNCA	1	criteria provided, single submitter	Pathogenic	{'name': 'Autosomal dominant Parkinson disease 1', 'database': 'MedGen', 'id': 'C1868595'};{'name': 'Lewy body dementia', 'database': 'MedGen', 'id': 'C0752347'}
VCV000014020	RCV000015063	CXCR4	2	criteria provided, multiple submitters, no conflicts	Pathogenic	{'name': 'Warts, hypogammaglobulinemia, infections, and myelokathexis', 'database': 'MedGen', 'id': 'C0472817'}
VCV000014020	RCV001509163	CXCR4	2	criteria provided, multiple submitters, no conflicts	Pathogenic	{'name': 'not provided', 'database': 'MedGen', 'id': 'C3661900'}
VCV000014020	RCV001801237	CXCR4	2	criteria provided, multiple submitters, no conflicts	Pathogenic	{'name': 'WHIM syndrome 1', 'database': 'MedGen', 'id': 'C5542296'}
VCV000014023	RCV000015067	CXCR4	1	criteria provided, single submitter	Pathogenic	{'name': 'Warts, hypogammaglobulinemia, infections, and myelokathexis', 'database': 'MedGen', 'id': 'C0472817'}
VCV000014023	RCV001568992	CXCR4	2	criteria provided, multiple submitters, no conflicts	Pathogenic	{'name': 'not provided', 'database': 'MedGen', 'id': 'C3661900'}
VCV000014023	RCV001801240	CXCR4	2	criteria provided, multiple submitters, no conflicts	Pathogenic	{'name': 'WHIM syndrome 1', 'database': 'MedGen', 'id': 'C5542296'}
VCV000014024	RCV000015068	NPY	0	no assertion criteria provided	Benign	{'name': 'NPY POLYMORPHISM'}
VCV000014024	RCV002054440	NPY	1	criteria provided, single submitter	Benign	{'name': 'not provided', 'database': 'MedGen', 'id': 'C3661900'}
VCV000014164	RCV000015227	MPL	0	no assertion criteria provided	Pathogenic	{'name': 'Myelofibrosis with myeloid metaplasia', 'database': 'MedGen', 'id': 'CN077888'}
VCV000014164	RCV000022668	MPL	0	no assertion criteria provided	Pathogenic	{'name': 'Thrombocythemia 2, somatic', 'database': 'MedGen', 'id': 'C3277190'}
VCV000014164	RCV000501989	MPL	1	criteria provided, single submitter	Pathogenic	{'name': 'Congenital amegakaryocytic thrombocytopenia', 'database': 'MedGen', 'id': 'C1327915'}
VCV000014164	RCV001361128	MPL	1	criteria provided, single submitter	Uncertain significance	{'name': 'Congenital amegakaryocytic thrombocytopenia', 'database': 'MedGen', 'id': 'C1327915'};{'name': 'Essential thrombocythemia', 'database': 'MedGen', 'id': 'C0040028'}
VCV000014165	RCV000015228	MPL	0	no assertion criteria provided	Pathogenic	{'name': 'Myelofibrosis with myeloid metaplasia', 'database': 'MedGen', 'id': 'CN077888'}
VCV000014263	RCV000084498	MAPT	0	no classification provided	not provided	{'name': 'not provided', 'database': 'MedGen', 'id': 'C3661900'}
VCV000014263	RCV002508758	MAPT	0	no assertion criteria provided	Pathogenic	{'name': 'Supranuclear palsy, progressive, 1', 'database': 'MedGen', 'id': 'C4551863'}
VCV000014384	RCV000015461	LHCGR	0	no assertion criteria provided	Pathogenic	{'name': 'Gonadotropin-independent familial sexual precocity', 'database': 'MedGen', 'id': 'C0342549'}
VCV000014384	RCV000517056	LHCGR	2	criteria provided, multiple submitters, no conflicts	Pathogenic	{'name': 'not provided', 'database': 'MedGen', 'id': 'C3661900'}
VCV000014384	RCV000583503	LHCGR	0	no assertion criteria provided	Pathogenic	{'name': 'Precocious puberty in males', 'database': 'MedGen', 'id': 'C1859979'}
VCV000014384	RCV000763499	LHCGR	1	criteria provided, single submitter	Pathogenic	{'name': 'Gonadotropin-independent familial sexual precocity', 'database': 'MedGen', 'id': 'C0342549'};{'name': 'Leydig cell agenesis', 'database': 'MedGen', 'id': 'C0266432'}
VCV000014403	RCV000015484	LHCGR	0	no assertion criteria provided	Pathogenic	{'name': 'Leydig cell adenoma, somatic, with male-limited precocious puberty', 'database': 'MedGen', 'id': 'C2674612'}
VCV000014408	RCV000015489	LHCGR	0	no assertion criteria provided	Pathogenic	{'name': 'Gonadotropin-independent familial sexual precocity', 'database': 'MedGen', 'id': 'C0342549'}
VCV000014436	RCV000015517	KCNH2	0	no assertion criteria provided	Pathogenic	{'name': 'Short QT syndrome type 1', 'database': 'MedGen', 'id': 'C1865020'}
VCV000014436	RCV000057981	KCNH2	0	no classification provided	not provided	{'name': 'Short QT syndrome', 'database': 'MedGen', 'id': 'C2348199'}
VCV000014436	RCV004991976	KCNH2	1	criteria provided, single submitter	Likely pathogenic	{'name': 'Cardiovascular phenotype', 'database': 'MedGen', 'id': 'CN230736'}
VCV000014662	RCV000015769	JAK2	2	criteria provided, multiple submitters, no conflicts	Pathogenic/Likely pathogenic	{'name': 'Acquired polycythemia vera', 'database': 'MedGen', 'id': 'C0032463'}
VCV000014662	RCV000015770	JAK2	2	criteria provided, multiple submitters, no conflicts	Pathogenic	{'name': 'Primary myelofibrosis', 'database': 'MedGen', 'id': 'C0001815'}
VCV000014662	RCV000015771	JAK2	1	criteria provided, single submitter	Pathogenic	{'name': 'Acute myeloid leukemia', 'database': 'MedGen', 'id': 'C0023467'}
VCV000014662	RCV000015772	JAK2	0	no assertion criteria provided	risk factor	{'name': 'Budd-Chiari syndrome, susceptibility to, somatic'}
VCV000014662	RCV000022627	JAK2	1	criteria provided, single submitter	Likely pathogenic	{'name': 'Thrombocythemia 3', 'database': 'MedGen', 'id': 'C3281125'}
VCV000014662	RCV000022628	JAK2	0	no assertion criteria provided	Affects	{'name': 'Primary familial polycythemia due to EPO receptor mutation', 'database': 'MedGen', 'id': 'C4551637'}
VCV000014662	RCV000427081	JAK2	0	no assertion criteria provided	Pathogenic	{'name': 'Myeloproliferative disorder', 'database': 'MedGen', 'id': 'C0027022'}
VCV000014662	RCV000763621	JAK2	2	criteria provided, multiple submitters, no conflicts	Pathogenic	{'name': 'Acquired polycythemia vera', 'database': 'MedGen', 'id': 'C0032463'};{'name': 'Acute myeloid leukemia', 'database': 'MedGen', 'id': 'C0023467'};{'name': 'Budd-Chiari syndrome', 'database': 'MedGen', 'id': 'C0856761'};{'name': 'Primary familial polycythemia due to EPO receptor mutation', 'database': 'MedGen', 'id': 'C4551637'};{'name': 'Primary myelofibrosis', 'database': 'MedGen', 'id': 'C0001815'};{'name': 'Thrombocythemia 3', 'database': 'MedGen', 'id': 'C3281125'}
VCV000014662	RCV001003803	JAK2	0	no assertion criteria provided	Likely pathogenic	{'name': 'Primary myelofibrosis', 'database': 'MedGen', 'id': 'C0001815'};{'name': 'Splenomegaly', 'database': 'MedGen', 'id': 'C0038002'}
VCV000014662	RCV001003804	JAK2	0	no assertion criteria provided	Pathogenic	{'name': 'Polycythemia', 'database': 'MedGen', 'id': 'C0032461'}
VCV000014662	RCV001092995	JAK2	2	criteria provided, multiple submitters, no conflicts	Pathogenic/Likely pathogenic	{'name': 'not provided', 'database': 'MedGen', 'id': 'C3661900'}
VCV000014662	RCV004751211	JAK2	1	criteria provided, single submitter	Pathogenic	{'name': 'JAK2-related disorder'}
VCV000014716	RCV000015831	IDH2	2	criteria provided, multiple submitters, no conflicts	Pathogenic/Likely pathogenic	{'name': 'D-2-hydroxyglutaric aciduria 2', 'database': 'MedGen', 'id': 'C3150909'}
VCV000014716	RCV000292094	IDH2	2	criteria provided, multiple submitters, no conflicts	Pathogenic/Likely pathogenic	{'name': 'not provided', 'database': 'MedGen', 'id': 'C3661900'}
VCV000014716	RCV002513067	IDH2	1	criteria provided, single submitter	Pathogenic	{'name': 'Inborn genetic diseases', 'database': 'MedGen', 'id': 'C0950123'}
VCV000014716	RCV006636185	IDH2	1	criteria provided, single submitter	Likely pathogenic	{'name': 'IDH2-related mitochondrial disease'}
VCV000014758	RCV000015880	SOD1	2	criteria provided, multiple submitters, no conflicts	Pathogenic	{'name': 'Amyotrophic lateral sclerosis type 1', 'database': 'MedGen', 'id': 'C1862939'}
VCV000014758	RCV004745157	SOD1	0	no assertion criteria provided	Pathogenic	{'name': 'SOD1-related disorder'}
VCV000015933	RCV000017287	GNAS	2	criteria provided, multiple submitters, no conflicts	Pathogenic	{'name': 'McCune-Albright syndrome', 'database': 'MedGen', 'id': 'C0242292'}
VCV000015933	RCV000017289	GNAS	0	no assertion criteria provided	Pathogenic	{'name': 'Sex cord-stromal tumor', 'database': 'MedGen', 'id': 'C0206724'}
VCV000015933	RCV000508635	GNAS	0	no assertion criteria provided	Pathogenic	{'name': 'Pituitary adenoma 3, multiple types', 'database': 'MedGen', 'id': 'C4540135'}
VCV000015933	RCV002513071	GNAS	2	criteria provided, multiple submitters, no conflicts	Pathogenic	{'name': 'not provided', 'database': 'MedGen', 'id': 'C3661900'}
VCV000015933	RCV004558264	GNAS	0	no assertion criteria provided	Pathogenic	{'name': 'ACTH-independent macronodular adrenal hyperplasia 1', 'database': 'MedGen', 'id': 'C1857451'}
VCV000015933	RCV004760335	GNAS	1	criteria provided, single submitter	Likely pathogenic	{'name': 'Pseudohypoparathyroidism type 1B', 'database': 'MedGen', 'id': 'C1864100'}
VCV000015934	RCV000017290	GNAS	2	criteria provided, multiple submitters, no conflicts	Pathogenic/Likely pathogenic	{'name': 'McCune-Albright syndrome', 'database': 'MedGen', 'id': 'C0242292'}
VCV000015934	RCV000017293	GNAS	0	no assertion criteria provided	Pathogenic	{'name': 'Sex cord-stromal tumor', 'database': 'MedGen', 'id': 'C0206724'}
VCV000015934	RCV000508670	GNAS	0	no assertion criteria provided	Pathogenic	{'name': 'Pituitary adenoma 3, multiple types', 'database': 'MedGen', 'id': 'C4540135'}
VCV000015934	RCV001804738	GNAS	2	criteria provided, multiple submitters, no conflicts	Pathogenic	{'name': 'not provided', 'database': 'MedGen', 'id': 'C3661900'}
VCV000015934	RCV001813747	GNAS	1	criteria provided, single submitter	Pathogenic	{'name': 'Pseudohypoparathyroidism type I A', 'database': 'MedGen', 'id': 'C3494506'}
VCV000015934	RCV004018636	GNAS	1	criteria provided, single submitter	Pathogenic	{'name': 'Inborn genetic diseases', 'database': 'MedGen', 'id': 'C0950123'}
VCV000015934	RCV004558265	GNAS	0	no assertion criteria provided	Pathogenic	{'name': 'ACTH-independent macronodular adrenal hyperplasia 1', 'database': 'MedGen', 'id': 'C1857451'}
VCV000015934	RCV005025061	GNAS	1	criteria provided, single submitter	Likely pathogenic	{'name': 'ACTH-independent macronodular adrenal hyperplasia 1', 'database': 'MedGen', 'id': 'C1857451'};{'name': 'McCune-Albright syndrome', 'database': 'MedGen', 'id': 'C0242292'};{'name': 'Pituitary adenoma 3, multiple types', 'database': 'MedGen', 'id': 'C4540135'};{'name': 'Progressive osseous heteroplasia', 'database': 'MedGen', 'id': 'C0334041'};{'name': 'Pseudohypoparathyroidism type 1B', 'database': 'MedGen', 'id': 'C1864100'};{'name': 'Pseudohypoparathyroidism type 1C', 'database': 'MedGen', 'id': 'C2932716'};{'name': 'Pseudohypoparathyroidism type I A', 'database': 'MedGen', 'id': 'C3494506'};{'name': 'Pseudopseudohypoparathyroidism', 'database': 'MedGen', 'id': 'C0033835'}
VCV000016080	RCV000017460	CFB	0	no assertion criteria provided	risk factor	{'name': 'Atypical hemolytic-uremic syndrome with B factor anomaly', 'database': 'MedGen', 'id': 'C2752038'}
VCV000016080	RCV005864443	CFB	1	criteria provided, single submitter	Pathogenic	{'name': 'Atypical hemolytic-uremic syndrome', 'database': 'MedGen', 'id': 'C2931788'}
VCV000016168	RCV000017551	GFAP	2	criteria provided, multiple submitters, no conflicts	Pathogenic	{'name': 'Alexander disease', 'database': 'MedGen', 'id': 'C0270726'}
VCV000016168	RCV000056899	GFAP	2	criteria provided, multiple submitters, no conflicts	Pathogenic	{'name': 'not provided', 'database': 'MedGen', 'id': 'C3661900'}
VCV000016168	RCV004786269	GFAP	1	criteria provided, single submitter	Pathogenic	{'name': 'Spastic paraplegia, intellectual disability, nystagmus, and obesity', 'database': 'MedGen', 'id': 'C4284592'}
VCV000016171	RCV000017554	GFAP	2	criteria provided, multiple submitters, no conflicts	Pathogenic	{'name': 'Alexander disease', 'database': 'MedGen', 'id': 'C0270726'}
VCV000016171	RCV000056868	GFAP	2	criteria provided, multiple submitters, no conflicts	Pathogenic	{'name': 'not provided', 'database': 'MedGen', 'id': 'C3661900'}
VCV000016224	RCV000017611	FUS	0	no assertion criteria provided	Pathogenic	{'name': 'Amyotrophic lateral sclerosis type 6', 'database': 'MedGen', 'id': 'C2931786'}
VCV000016224	RCV001701569	FUS	2	criteria provided, multiple submitters, no conflicts	Pathogenic	{'name': 'not provided', 'database': 'MedGen', 'id': 'C3661900'}
VCV000016224	RCV001851894	FUS	1	criteria provided, single submitter	Pathogenic	{'name': 'Amyotrophic lateral sclerosis type 6', 'database': 'MedGen', 'id': 'C2931786'};{'name': 'Tremor, hereditary essential, 4', 'database': 'MedGen', 'id': 'C3539195'}
VCV000016224	RCV004745160	FUS	0	no assertion criteria provided	Pathogenic	{'name': 'FUS-related disorder'}
VCV000016276	RCV000017665	FLT3	0	no assertion criteria provided	Pathogenic	{'name': 'Acute myeloid leukemia', 'database': 'MedGen', 'id': 'C0023467'}
VCV000016276	RCV000017666	FLT3	0	no assertion criteria provided	Pathogenic	{'name': 'Acute lymphoid leukemia', 'database': 'MedGen', 'id': 'C0023449'}
VCV000016326	RCV000017723	FGFR4	0	no classifications from unflagged records	no classifications from unflagged records	{'name': 'Cancer progression and tumor cell motility', 'database': 'MedGen', 'id': 'C4016099'}
VCV000016326	RCV001196704	FGFR4	1	criteria provided, single submitter	Benign	{'name': 'See cases'}
VCV000016326	RCV001777142	FGFR4	2	criteria provided, multiple submitters, no conflicts	Benign	{'name': 'not specified', 'database': 'MedGen', 'id': 'CN169374'}
VCV000016326	RCV003974837	FGFR4	0	no assertion criteria provided	Benign	{'name': 'FGFR4-related disorder'}
VCV000016327	RCV000017724	FGFR3	2	criteria provided, multiple submitters, no conflicts	Pathogenic	{'name': 'Achondroplasia', 'database': 'MedGen', 'id': 'C0001080'}
VCV000016327	RCV000029207	FGFR3	0	no assertion criteria provided	Pathogenic	{'name': 'Epidermal nevus', 'database': 'MedGen', 'id': 'C0334082'}
VCV000016327	RCV000255750	FGFR3	2	criteria provided, multiple submitters, no conflicts	Pathogenic	{'name': 'not provided', 'database': 'MedGen', 'id': 'C3661900'}
VCV000016327	RCV000763121	FGFR3	1	criteria provided, single submitter	Pathogenic	{'name': 'Achondroplasia', 'database': 'MedGen', 'id': 'C0001080'};{'name': 'Camptodactyly-tall stature-scoliosis-hearing loss syndrome', 'database': 'MedGen', 'id': 'C1864852'};{'name': 'Carcinoma of colon', 'database': 'MedGen', 'id': 'C0699790'};{'name': 'Cervical cancer', 'database': 'MedGen', 'id': 'C4048328'};{'name': 'Crouzon syndrome-acanthosis nigricans syndrome', 'database': 'MedGen', 'id': 'C2677099'};{'name': 'Epidermal nevus', 'database': 'MedGen', 'id': 'C0334082'};{'name': 'Hypochondroplasia', 'database': 'MedGen', 'id': 'C0410529'};{'name': 'Levy-Hollister syndrome', 'database': 'MedGen', 'id': 'C0265269'};{'name': 'Malignant tumor of testis', 'database': 'MedGen', 'id': 'C0153594'};{'name': 'Malignant tumor of urinary bladder', 'database': 'MedGen', 'id': 'C0005684'};{'name': 'Muenke syndrome', 'database': 'MedGen', 'id': 'C1864436'};{'name': 'Severe achondroplasia-developmental delay-acanthosis nigricans syndrome', 'database': 'MedGen', 'id': 'C2674173'};{'name': 'Thanatophoric dysplasia type 1', 'database': 'MedGen', 'id': 'C1868678'};{'name': 'Thanatophoric dysplasia, type 2', 'database': 'MedGen', 'id': 'C1300257'}
VCV000016327	RCV001266979	FGFR3	1	criteria provided, single submitter	Pathogenic	{'name': 'Inborn genetic diseases', 'database': 'MedGen', 'id': 'C0950123'}
VCV000016327	RCV001807732	FGFR3	1	criteria provided, single submitter	Pathogenic	{'name': 'Hypochondroplasia', 'database': 'MedGen', 'id': 'C0410529'}
VCV000016327	RCV002276551	FGFR3	1	criteria provided, single submitter	Pathogenic	{'name': 'Connective tissue disorder', 'database': 'MedGen', 'id': 'C0009782'}
VCV000016327	RCV003227605	FGFR3	1	criteria provided, single submitter	Pathogenic	{'name': 'Camptodactyly-tall stature-scoliosis-hearing loss syndrome', 'database': 'MedGen', 'id': 'C1864852'}
VCV000016327	RCV004545731	FGFR3	2	criteria provided, multiple submitters, no conflicts	Pathogenic	{'name': 'FGFR3-related disorder'}
VCV000016327	RCV004783725	FGFR3	1	criteria provided, single submitter	Pathogenic	{'name': 'Severe achondroplasia-developmental delay-acanthosis nigricans syndrome', 'database': 'MedGen', 'id': 'C2674173'}
VCV000016327	RCV004798732	FGFR3	1	criteria provided, single submitter	Pathogenic	{'name': 'Muenke syndrome', 'database': 'MedGen', 'id': 'C1864436'}
VCV000016327	RCV005624694	FGFR3	1	criteria provided, single submitter	Pathogenic	{'name': 'Intellectual disability', 'database': 'MedGen', 'id': 'C3714756'}
VCV000016327	RCV006451899	FGFR3	1	criteria provided, single submitter	Pathogenic	{'name': 'Crouzon syndrome-acanthosis nigricans syndrome', 'database': 'MedGen', 'id': 'C2677099'}
VCV000016327	RCV006454634	FGFR3	1	criteria provided, single submitter	Pathogenic	{'name': 'Thanatophoric dysplasia type 1', 'database': 'MedGen', 'id': 'C1868678'}
VCV000016327	RCV006713110	FGFR3	1	criteria provided, single submitter	Pathogenic	{'name': 'FGFR3-related chondrodysplasia', 'database': 'MedGen', 'id': 'C5681604'}
VCV000016329	RCV000017726	FGFR3	2	criteria provided, multiple submitters, no conflicts	Pathogenic	{'name': 'Crouzon syndrome-acanthosis nigricans syndrome', 'database': 'MedGen', 'id': 'C2677099'}
VCV000016329	RCV000194803	FGFR3	1	criteria provided, single submitter	Pathogenic	{'name': 'Craniosynostosis syndrome', 'database': 'MedGen', 'id': 'C0010278'}
VCV000016329	RCV000414319	FGFR3	2	criteria provided, multiple submitters, no conflicts	Pathogenic	{'name': 'not provided', 'database': 'MedGen', 'id': 'C3661900'}
VCV000016329	RCV000623005	FGFR3	1	criteria provided, single submitter	Pathogenic	{'name': 'Inborn genetic diseases', 'database': 'MedGen', 'id': 'C0950123'}
VCV000016329	RCV006704482	FGFR3	1	criteria provided, single submitter	Pathogenic	{'name': 'FGFR3-related disorder'}
VCV000016329	RCV006707579	FGFR3	1	criteria provided, single submitter	Pathogenic	{'name': 'Common craniosynostosis syndromes'}
VCV000016330	RCV000017727	FGFR3	1	criteria provided, single submitter	Pathogenic	{'name': 'Achondroplasia', 'database': 'MedGen', 'id': 'C0001080'}
VCV000016330	RCV002228031	FGFR3	1	criteria provided, single submitter	Pathogenic	{'name': 'not provided', 'database': 'MedGen', 'id': 'C3661900'}
VCV000016330	RCV006697999	FGFR3	1	criteria provided, single submitter	Pathogenic	{'name': 'Thanatophoric dysplasia type 1', 'database': 'MedGen', 'id': 'C1868678'}
VCV000016330	RCV006713112	FGFR3	1	criteria provided, single submitter	Pathogenic	{'name': 'FGFR3-related chondrodysplasia', 'database': 'MedGen', 'id': 'C5681604'}
VCV000016331	RCV000017728	FGFR3	2	criteria provided, multiple submitters, no conflicts	Pathogenic	{'name': 'Thanatophoric dysplasia, type 2', 'database': 'MedGen', 'id': 'C1300257'}
VCV000016331	RCV000017729	FGFR3	0	no assertion criteria provided	Pathogenic	{'name': 'Multiple myeloma', 'database': 'MedGen', 'id': 'C0026764'}
VCV000016331	RCV000017730	FGFR3	0	no assertion criteria provided	Pathogenic	{'name': 'Spermatocytic seminoma', 'database': 'MedGen', 'id': 'C0334517'}
VCV000016331	RCV000255799	FGFR3	2	criteria provided, multiple submitters, no conflicts	Pathogenic	{'name': 'not provided', 'database': 'MedGen', 'id': 'C3661900'}
VCV000016331	RCV003155029	FGFR3	0	no assertion criteria provided	Pathogenic	{'name': 'See cases'}
VCV000016331	RCV003234912	FGFR3	1	criteria provided, single submitter	Pathogenic	{'name': 'Thanatophoric dysplasia type 1', 'database': 'MedGen', 'id': 'C1868678'}
VCV000016331	RCV003317039	FGFR3	2	criteria provided, multiple submitters, no conflicts	Pathogenic	{'name': 'Thanatophoric dysplasia', 'database': 'MedGen', 'id': 'C0039743'}
VCV000016331	RCV004532376	FGFR3	0	no assertion criteria provided	Pathogenic	{'name': 'FGFR3-related disorder'}
VCV000016331	RCV005031441	FGFR3	1	criteria provided, single submitter	Pathogenic	{'name': 'Achondroplasia', 'database': 'MedGen', 'id': 'C0001080'};{'name': 'Camptodactyly-tall stature-scoliosis-hearing loss syndrome', 'database': 'MedGen', 'id': 'C1864852'};{'name': 'Cervical cancer', 'database': 'MedGen', 'id': 'C4048328'};{'name': 'Colorectal cancer', 'database': 'MedGen', 'id': 'C0346629'};{'name': 'Crouzon syndrome-acanthosis nigricans syndrome', 'database': 'MedGen', 'id': 'C2677099'};{'name': 'Epidermal nevus', 'database': 'MedGen', 'id': 'C0334082'};{'name': 'Germ cell tumor of testis', 'database': 'MedGen', 'id': 'C1336708'};{'name': 'Hypochondroplasia', 'database': 'MedGen', 'id': 'C0410529'};{'name': 'Lacrimoauriculodentodigital syndrome 2', 'database': 'MedGen', 'id': 'C5774286'};{'name': 'Malignant tumor of urinary bladder', 'database': 'MedGen', 'id': 'C0005684'};{'name': 'Muenke syndrome', 'database': 'MedGen', 'id': 'C1864436'};{'name': 'Severe achondroplasia-developmental delay-acanthosis nigricans syndrome', 'database': 'MedGen', 'id': 'C2674173'};{'name': 'Thanatophoric dysplasia type 1', 'database': 'MedGen', 'id': 'C1868678'};{'name': 'Thanatophoric dysplasia, type 2', 'database': 'MedGen', 'id': 'C1300257'}
VCV000016338	RCV000017741	FGFR3	2	criteria provided, multiple submitters, no conflicts	Pathogenic/Likely pathogenic	{'name': 'Hypochondroplasia', 'database': 'MedGen', 'id': 'C0410529'}
VCV000016338	RCV000255372	FGFR3	2	criteria provided, multiple submitters, no conflicts	Pathogenic	{'name': 'not provided', 'database': 'MedGen', 'id': 'C3661900'}
VCV000016338	RCV000415460	FGFR3	1	criteria provided, single submitter	Pathogenic	{'name': 'Short stature', 'database': 'MedGen', 'id': 'C0349588'}
VCV000016338	RCV000622950	FGFR3	1	criteria provided, single submitter	Pathogenic	{'name': 'Inborn genetic diseases', 'database': 'MedGen', 'id': 'C0950123'}
VCV000016338	RCV000763122	FGFR3	1	criteria provided, single submitter	Pathogenic	{'name': 'Achondroplasia', 'database': 'MedGen', 'id': 'C0001080'};{'name': 'Camptodactyly-tall stature-scoliosis-hearing loss syndrome', 'database': 'MedGen', 'id': 'C1864852'};{'name': 'Carcinoma of colon', 'database': 'MedGen', 'id': 'C0699790'};{'name': 'Cervical cancer', 'database': 'MedGen', 'id': 'C4048328'};{'name': 'Crouzon syndrome-acanthosis nigricans syndrome', 'database': 'MedGen', 'id': 'C2677099'};{'name': 'Epidermal nevus', 'database': 'MedGen', 'id': 'C0334082'};{'name': 'Hypochondroplasia', 'database': 'MedGen', 'id': 'C0410529'};{'name': 'Levy-Hollister syndrome', 'database': 'MedGen', 'id': 'C0265269'};{'name': 'Malignant tumor of testis', 'database': 'MedGen', 'id': 'C0153594'};{'name': 'Malignant tumor of urinary bladder', 'database': 'MedGen', 'id': 'C0005684'};{'name': 'Muenke syndrome', 'database': 'MedGen', 'id': 'C1864436'};{'name': 'Severe achondroplasia-developmental delay-acanthosis nigricans syndrome', 'database': 'MedGen', 'id': 'C2674173'};{'name': 'Thanatophoric dysplasia type 1', 'database': 'MedGen', 'id': 'C1868678'};{'name': 'Thanatophoric dysplasia, type 2', 'database': 'MedGen', 'id': 'C1300257'}
VCV000016338	RCV001332222	FGFR3	2	criteria provided, multiple submitters, no conflicts	Pathogenic	{'name': 'Achondroplasia', 'database': 'MedGen', 'id': 'C0001080'}
VCV000016338	RCV001804740	FGFR3	1	criteria provided, single submitter	Pathogenic	{'name': 'Larsen syndrome', 'database': 'MedGen', 'id': 'C0175778'}
VCV000016338	RCV002276553	FGFR3	1	criteria provided, single submitter	Pathogenic	{'name': 'Connective tissue disorder', 'database': 'MedGen', 'id': 'C0009782'}
VCV000016338	RCV004737156	FGFR3	1	criteria provided, single submitter	Pathogenic	{'name': 'FGFR3-related disorder'}
VCV000016338	RCV006713118	FGFR3	1	criteria provided, single submitter	Pathogenic	{'name': 'FGFR3-related chondrodysplasia', 'database': 'MedGen', 'id': 'C5681604'}
VCV000016339	RCV000017742	FGFR3	2	criteria provided, multiple submitters, no conflicts	Pathogenic	{'name': 'Thanatophoric dysplasia type 1', 'database': 'MedGen', 'id': 'C1868678'}
VCV000016339	RCV000017743	FGFR3	1	criteria provided, single submitter	Pathogenic	{'name': 'Cervical cancer', 'database': 'MedGen', 'id': 'C4048328'}
VCV000016339	RCV000017744	FGFR3	1	criteria provided, single submitter	Pathogenic	{'name': 'Malignant tumor of urinary bladder', 'database': 'MedGen', 'id': 'C0005684'}
VCV000016339	RCV000017745	FGFR3	0	no assertion criteria provided	Pathogenic	{'name': 'Seborrheic keratosis', 'database': 'MedGen', 'id': 'C0022603'}
VCV000016339	RCV000297175	FGFR3	2	criteria provided, multiple submitters, no conflicts	Pathogenic	{'name': 'not provided', 'database': 'MedGen', 'id': 'C3661900'}
VCV000016339	RCV000420501	FGFR3	0	no assertion criteria provided	Likely pathogenic	{'name': 'Squamous cell lung carcinoma', 'database': 'MedGen', 'id': 'C0149782'}
VCV000016339	RCV000763119	FGFR3	1	criteria provided, single submitter	Pathogenic	{'name': 'Achondroplasia', 'database': 'MedGen', 'id': 'C0001080'};{'name': 'Camptodactyly-tall stature-scoliosis-hearing loss syndrome', 'database': 'MedGen', 'id': 'C1864852'};{'name': 'Carcinoma of colon', 'database': 'MedGen', 'id': 'C0699790'};{'name': 'Cervical cancer', 'database': 'MedGen', 'id': 'C4048328'};{'name': 'Crouzon syndrome-acanthosis nigricans syndrome', 'database': 'MedGen', 'id': 'C2677099'};{'name': 'Epidermal nevus', 'database': 'MedGen', 'id': 'C0334082'};{'name': 'Hypochondroplasia', 'database': 'MedGen', 'id': 'C0410529'};{'name': 'Levy-Hollister syndrome', 'database': 'MedGen', 'id': 'C0265269'};{'name': 'Malignant tumor of testis', 'database': 'MedGen', 'id': 'C0153594'};{'name': 'Malignant tumor of urinary bladder', 'database': 'MedGen', 'id': 'C0005684'};{'name': 'Muenke syndrome', 'database': 'MedGen', 'id': 'C1864436'};{'name': 'Severe achondroplasia-developmental delay-acanthosis nigricans syndrome', 'database': 'MedGen', 'id': 'C2674173'};{'name': 'Thanatophoric dysplasia type 1', 'database': 'MedGen', 'id': 'C1868678'};{'name': 'Thanatophoric dysplasia, type 2', 'database': 'MedGen', 'id': 'C1300257'}
VCV000016339	RCV002276554	FGFR3	1	criteria provided, single submitter	Pathogenic	{'name': 'Connective tissue disorder', 'database': 'MedGen', 'id': 'C0009782'}
VCV000016339	RCV003155033	FGFR3	0	no assertion criteria provided	Pathogenic	{'name': 'See cases'}
VCV000016339	RCV003989294	FGFR3	1	criteria provided, single submitter	Pathogenic	{'name': 'Achondroplasia', 'database': 'MedGen', 'id': 'C0001080'}
VCV000016339	RCV004532377	FGFR3	1	criteria provided, single submitter	Pathogenic	{'name': 'FGFR3-related disorder'}
VCV000016339	RCV004795921	FGFR3	1	criteria provided, single submitter	Pathogenic	{'name': 'Thanatophoric dysplasia type 1', 'database': 'MedGen', 'id': 'C1868678'};{'name': 'Thanatophoric dysplasia, type 2', 'database': 'MedGen', 'id': 'C1300257'}
VCV000016339	RCV006713119	FGFR3	1	criteria provided, single submitter	Pathogenic	{'name': 'FGFR3-related chondrodysplasia', 'database': 'MedGen', 'id': 'C5681604'}
VCV000016341	RCV000017750	FGFR3	0	no assertion criteria provided	Pathogenic	{'name': 'Thanatophoric dysplasia type 1', 'database': 'MedGen', 'id': 'C1868678'}
VCV000016341	RCV001574416	FGFR3	2	criteria provided, multiple submitters, no conflicts	Pathogenic	{'name': 'not provided', 'database': 'MedGen', 'id': 'C3661900'}
VCV000016341	RCV002310592	FGFR3	1	criteria provided, single submitter	Pathogenic	{'name': 'Hypochondroplasia', 'database': 'MedGen', 'id': 'C0410529'}
VCV000016341	RCV002496392	FGFR3	1	criteria provided, single submitter	Pathogenic	{'name': 'Achondroplasia', 'database': 'MedGen', 'id': 'C0001080'};{'name': 'Camptodactyly-tall stature-scoliosis-hearing loss syndrome', 'database': 'MedGen', 'id': 'C1864852'};{'name': 'Cervical cancer', 'database': 'MedGen', 'id': 'C4048328'};{'name': 'Colorectal cancer', 'database': 'MedGen', 'id': 'C0346629'};{'name': 'Crouzon syndrome-acanthosis nigricans syndrome', 'database': 'MedGen', 'id': 'C2677099'};{'name': 'Epidermal nevus', 'database': 'MedGen', 'id': 'C0334082'};{'name': 'Germ cell tumor of testis', 'database': 'MedGen', 'id': 'C1336708'};{'name': 'Hypochondroplasia', 'database': 'MedGen', 'id': 'C0410529'};{'name': 'Levy-Hollister syndrome', 'database': 'MedGen', 'id': 'C0265269'};{'name': 'Malignant tumor of urinary bladder', 'database': 'MedGen', 'id': 'C0005684'};{'name': 'Muenke syndrome', 'database': 'MedGen', 'id': 'C1864436'};{'name': 'Severe achondroplasia-developmental delay-acanthosis nigricans syndrome', 'database': 'MedGen', 'id': 'C2674173'};{'name': 'Thanatophoric dysplasia type 1', 'database': 'MedGen', 'id': 'C1868678'};{'name': 'Thanatophoric dysplasia, type 2', 'database': 'MedGen', 'id': 'C1300257'}
VCV000016341	RCV004558267	FGFR3	0	no assertion criteria provided	Pathogenic	{'name': 'Severe achondroplasia-developmental delay-acanthosis nigricans syndrome', 'database': 'MedGen', 'id': 'C2674173'}
VCV000016341	RCV006713120	FGFR3	1	criteria provided, single submitter	Pathogenic	{'name': 'FGFR3-related chondrodysplasia', 'database': 'MedGen', 'id': 'C5681604'}
VCV000016342	RCV000017751	FGFR3	2	criteria provided, multiple submitters, no conflicts	Pathogenic	{'name': 'Thanatophoric dysplasia type 1', 'database': 'MedGen', 'id': 'C1868678'}
VCV000016342	RCV000255235	FGFR3	2	criteria provided, multiple submitters, no conflicts	Pathogenic	{'name': 'not provided', 'database': 'MedGen', 'id': 'C3661900'}
VCV000016342	RCV003155034	FGFR3	0	no assertion criteria provided	Pathogenic	{'name': 'See cases'}
VCV000016342	RCV004737157	FGFR3	1	criteria provided, single submitter	Pathogenic	{'name': 'FGFR3-related disorder'}
VCV000016342	RCV005859467	FGFR3	2	criteria provided, multiple submitters, no conflicts	Pathogenic	{'name': 'Achondroplasia', 'database': 'MedGen', 'id': 'C0001080'}
VCV000016342	RCV006695519	FGFR3	1	criteria provided, single submitter	Pathogenic	{'name': 'Achondroplasia', 'database': 'MedGen', 'id': 'C0001080'};{'name': 'Thanatophoric dysplasia type 1', 'database': 'MedGen', 'id': 'C1868678'}
VCV000016342	RCV006713121	FGFR3	1	criteria provided, single submitter	Pathogenic	{'name': 'FGFR3-related chondrodysplasia', 'database': 'MedGen', 'id': 'C5681604'}
VCV000016600	RCV000018071	EPOR	0	no assertion criteria provided	Affects	{'name': 'Primary familial polycythemia due to EPO receptor mutation', 'database': 'MedGen', 'id': 'C4551637'}
VCV000016609	RCV000018083	EGFR	0	no assertion criteria provided	drug response	{'name': 'Nonsmall cell lung cancer, response to tyrosine kinase inhibitor in, somatic', 'database': 'MedGen', 'id': 'C4016032'}
VCV000016609	RCV000018084	EGFR	0	no assertion criteria provided	drug response	{'name': 'Adenocarcinoma of lung, response to tyrosine kinase inhibitor in, somatic', 'database': 'MedGen', 'id': 'C1851577'}
VCV000016609	RCV000150629	EGFR	0	no assertion criteria provided	drug response	{'name': 'Tyrosine kinase inhibitor response', 'database': 'MedGen', 'id': 'CN225347'}
VCV000016609	RCV000211323	EGFR	3	reviewed by expert panel	drug response	{'name': 'gefitinib response - Efficacy', 'database': 'MedGen', 'id': 'CN322733'}
VCV000016609	RCV000418019	EGFR	1	criteria provided, single submitter	Pathogenic	{'name': 'Lung adenocarcinoma', 'database': 'MedGen', 'id': 'C0152013'}
VCV000016609	RCV000987885	EGFR	1	criteria provided, single submitter	Pathogenic	{'name': 'Lung carcinoma', 'database': 'MedGen', 'id': 'C0684249'}
VCV000016609	RCV005328198	EGFR	1	criteria provided, single submitter	Uncertain significance	{'name': 'Hereditary cancer-predisposing syndrome', 'database': 'MedGen', 'id': 'C0027672'}
VCV000016611	RCV000018086	EGFR	0	no assertion criteria provided	drug response	{'name': 'Nonsmall cell lung cancer, response to tyrosine kinase inhibitor in, somatic', 'database': 'MedGen', 'id': 'C4016032'}
VCV000016611	RCV000038380	EGFR	0	no assertion criteria provided	Pathogenic	{'name': 'Non-small cell lung carcinoma', 'database': 'MedGen', 'id': 'C0007131'}
VCV000016613	RCV000154232	EGFR	0	no assertion criteria provided	drug response	{'name': 'Tyrosine kinase inhibitor response', 'database': 'MedGen', 'id': 'CN225347'}
VCV000016613	RCV000154233	EGFR	0	no assertion criteria provided	Likely pathogenic	{'name': 'Non-small cell lung carcinoma', 'database': 'MedGen', 'id': 'C0007131'}
VCV000016613	RCV000211319	EGFR	3	reviewed by expert panel	drug response	{'name': 'erlotinib response - Efficacy', 'database': 'MedGen', 'id': 'CN322731'}
VCV000016613	RCV000557450	EGFR	1	criteria provided, single submitter	Pathogenic	{'name': 'EGFR-related lung cancer', 'database': 'MedGen', 'id': 'CN130014'}
VCV000016613	RCV001015308	EGFR	1	criteria provided, single submitter	Likely pathogenic	{'name': 'Hereditary cancer-predisposing syndrome', 'database': 'MedGen', 'id': 'C0027672'}
VCV000016613	RCV001588815	EGFR	2	criteria provided, multiple submitters, no conflicts	Likely pathogenic	{'name': 'not provided', 'database': 'MedGen', 'id': 'C3661900'}
VCV000016613	RCV001787805	EGFR	3	reviewed by expert panel	drug response	{'name': 'gefitinib response - Efficacy', 'database': 'MedGen', 'id': 'CN322733'}
VCV000016613	RCV001823098	EGFR	1	criteria provided, single submitter	Pathogenic	{'name': 'Lung cancer', 'database': 'MedGen', 'id': 'C0242379'}
VCV000016613	RCV003466864	EGFR	1	criteria provided, single submitter	Pathogenic	{'name': 'Inflammatory skin and bowel disease, neonatal, 2', 'database': 'MedGen', 'id': 'C4015130'}
VCV000016613	RCV003996105	EGFR	0	no assertion criteria provided	Likely pathogenic	{'name': 'Lung adenocarcinoma', 'database': 'MedGen', 'id': 'C0152013'}
VCV000016613	RCV004752710	EGFR	0	no assertion criteria provided	Likely pathogenic	{'name': 'EGFR-related disorder'}
VCV000016812	RCV000018305	DSG2	2	criteria provided, multiple submitters, no conflicts	Pathogenic	{'name': 'Arrhythmogenic right ventricular dysplasia 10', 'database': 'MedGen', 'id': 'C1857777'}
VCV000016812	RCV000181197	DSG2	1	criteria provided, single submitter	Pathogenic	{'name': 'not provided', 'database': 'MedGen', 'id': 'C3661900'}
VCV000016812	RCV000211714	DSG2	2	criteria provided, multiple submitters, no conflicts	Pathogenic	{'name': 'Arrhythmogenic right ventricular cardiomyopathy', 'database': 'MedGen', 'id': 'C0349788'}
VCV000016812	RCV001798008	DSG2	2	criteria provided, multiple submitters, no conflicts	Pathogenic/Likely pathogenic	{'name': 'Cardiomyopathy', 'database': 'MedGen', 'id': 'C0878544'}
VCV000016812	RCV002381255	DSG2	1	criteria provided, single submitter	Pathogenic	{'name': 'Cardiovascular phenotype', 'database': 'MedGen', 'id': 'CN230736'}
VCV000016812	RCV002482885	DSG2	1	criteria provided, single submitter	Pathogenic	{'name': 'Arrhythmogenic right ventricular dysplasia 10', 'database': 'MedGen', 'id': 'C1857777'};{'name': 'Dilated cardiomyopathy 1BB', 'database': 'MedGen', 'id': 'C2752072'}
VCV000016953	RCV000018465	CRYAB	0	no assertion criteria provided	Pathogenic	{'name': 'Myofibrillar myopathy 2', 'database': 'MedGen', 'id': 'C1837317'}
VCV000016961	RCV000018474	MSX2	0	no assertion criteria provided	Pathogenic	{'name': 'Craniosynostosis 2', 'database': 'MedGen', 'id': 'C1858160'}
VCV000016961	RCV001210266	MSX2	1	criteria provided, single submitter	Pathogenic	{'name': 'Cranium bifidum occultum', 'database': 'MedGen', 'id': 'C1868598'}
VCV000017021	RCV000018548	GJB2	0	no assertion criteria provided	Pathogenic	{'name': 'Autosomal dominant keratitis-ichthyosis-hearing loss syndrome', 'database': 'MedGen', 'id': 'C0265336'}
VCV000017021	RCV006638639	GJB2	1	criteria provided, single submitter	Likely pathogenic	{'name': 'Autosomal recessive nonsyndromic hearing loss 1A', 'database': 'MedGen', 'id': 'C2673759'}
VCV000017033	RCV000018561	GJB2	1	criteria provided, single submitter	Pathogenic	{'name': 'Autosomal dominant keratitis-ichthyosis-hearing loss syndrome', 'database': 'MedGen', 'id': 'C0265336'}
VCV000017033	RCV000022510	GJB2	2	criteria provided, multiple submitters, no conflicts	Pathogenic	{'name': 'Autosomal recessive nonsyndromic hearing loss 1A', 'database': 'MedGen', 'id': 'C2673759'}
VCV000017033	RCV001851914	GJB2	2	criteria provided, multiple submitters, no conflicts	Pathogenic	{'name': 'not provided', 'database': 'MedGen', 'id': 'C3661900'}
VCV000017033	RCV005007870	GJB2	1	criteria provided, single submitter	Pathogenic	{'name': 'Autosomal dominant keratitis-ichthyosis-hearing loss syndrome', 'database': 'MedGen', 'id': 'C0265336'};{'name': 'Autosomal dominant nonsyndromic hearing loss 3A', 'database': 'MedGen', 'id': 'C2675750'};{'name': 'Autosomal recessive nonsyndromic hearing loss 1A', 'database': 'MedGen', 'id': 'C2673759'};{'name': 'Ichthyosis, hystrix-like, with hearing loss', 'database': 'MedGen', 'id': 'C1865234'};{'name': 'Knuckle pads, deafness AND leukonychia syndrome', 'database': 'MedGen', 'id': 'C0266004'};{'name': 'Mutilating keratoderma', 'database': 'MedGen', 'id': 'C0265964'};{'name': 'Palmoplantar keratoderma-deafness syndrome', 'database': 'MedGen', 'id': 'C1835672'}
VCV000017060	RCV000018589	C3	0	no assertion criteria provided	risk factor	{'name': 'Atypical hemolytic-uremic syndrome with C3 anomaly', 'database': 'MedGen', 'id': 'C2752037'}
VCV000017060	RCV001507917	C3	2	criteria provided, multiple submitters, no conflicts	Pathogenic/Likely pathogenic	{'name': 'not provided', 'database': 'MedGen', 'id': 'C3661900'}
VCV000017060	RCV001844014	C3	1	criteria provided, single submitter	Likely pathogenic	{'name': 'Familial Atypical Hemolytic-Uremic Syndrome', 'database': 'MedGen', 'id': 'C4055018'}
VCV000017060	RCV002496404	C3	1	criteria provided, single submitter	Likely pathogenic	{'name': 'Age related macular degeneration 9', 'database': 'MedGen', 'id': 'C1969651'};{'name': 'Atypical hemolytic-uremic syndrome with C3 anomaly', 'database': 'MedGen', 'id': 'C2752037'};{'name': 'Complement component 3 deficiency', 'database': 'MedGen', 'id': 'C3151071'}
VCV000017060	RCV004751217	C3	0	no assertion criteria provided	Likely pathogenic	{'name': 'C3-related disorder'}
VCV000017060	RCV005862725	C3	1	criteria provided, single submitter	Likely pathogenic	{'name': 'Atypical hemolytic-uremic syndrome', 'database': 'MedGen', 'id': 'C2931788'};{'name': 'C3 glomerulonephritis', 'database': 'MedGen', 'id': 'C4055342'}
VCV000017500	RCV000019052	CHRNA4	2	criteria provided, multiple submitters, no conflicts	Pathogenic	{'name': 'Autosomal dominant nocturnal frontal lobe epilepsy 1', 'database': 'MedGen', 'id': 'C1838049'}
VCV000017500	RCV000186931	CHRNA4	1	criteria provided, single submitter	Pathogenic	{'name': 'not provided', 'database': 'MedGen', 'id': 'C3661900'}
VCV000017500	RCV002316197	CHRNA4	1	criteria provided, single submitter	Pathogenic	{'name': 'Inborn genetic diseases', 'database': 'MedGen', 'id': 'C0950123'}
VCV000017500	RCV006647181	CHRNA4	1	criteria provided, single submitter	Pathogenic	{'name': 'Familial sleep-related hypermotor epilepsy', 'database': 'MedGen', 'id': 'C3696898'}
VCV000017504	RCV000019056	CHRNA2	0	no assertion criteria provided	Pathogenic	{'name': 'Autosomal dominant nocturnal frontal lobe epilepsy 4', 'database': 'MedGen', 'id': 'C1835905'}
VCV000017578	RCV000019140	CTNNB1	0	no assertion criteria provided	Pathogenic	{'name': 'Pilomatrixoma', 'database': 'MedGen', 'id': 'C0206711'}
VCV000017578	RCV000087199	CTNNB1	0	no assertion criteria provided	Likely pathogenic	{'name': 'not provided', 'database': 'MedGen', 'id': 'C3661900'}
VCV000017579	RCV000019141	CTNNB1	0	no assertion criteria provided	Pathogenic	{'name': 'Ovarian neoplasm', 'database': 'MedGen', 'id': 'C0919267'}
VCV000017579	RCV000030945	CTNNB1	0	no assertion criteria provided	Pathogenic	{'name': 'Pilomatrixoma', 'database': 'MedGen', 'id': 'C0206711'}
VCV000017579	RCV000087195	CTNNB1	0	no assertion criteria provided	Likely pathogenic	{'name': 'not provided', 'database': 'MedGen', 'id': 'C3661900'}
VCV000017580	RCV000019142	CTNNB1	0	no assertion criteria provided	Pathogenic; other	{'name': 'Hepatoblastoma', 'database': 'MedGen', 'id': 'C0206624'}
VCV000017580	RCV000019143	CTNNB1	0	no assertion criteria provided	Pathogenic	{'name': 'Desmoid tumor caused by somatic mutation', 'database': 'MedGen', 'id': 'C2675440'}
VCV000017580	RCV000087196	CTNNB1	0	no assertion criteria provided	Likely pathogenic	{'name': 'not provided', 'database': 'MedGen', 'id': 'C3661900'}
VCV000017580	RCV003327294	CTNNB1	0	no assertion criteria provided	association	{'name': 'Atypical endometrial hyperplasia', 'database': 'MedGen', 'id': 'C0349579'}
VCV000017580	RCV003447477	CTNNB1	1	criteria provided, single submitter	Likely pathogenic	{'name': 'Desmoid tumor', 'database': 'MedGen', 'id': 'C0079218'}
VCV000017580	RCV004795930	CTNNB1	1	criteria provided, single submitter	Likely pathogenic	{'name': 'Colorectal cancer', 'database': 'MedGen', 'id': 'C0346629'};{'name': 'Exudative vitreoretinopathy 7', 'database': 'MedGen', 'id': 'C4539767'};{'name': 'Hepatocellular carcinoma', 'database': 'MedGen', 'id': 'C2239176'};{'name': 'Medulloblastoma', 'database': 'MedGen', 'id': 'C0025149'};{'name': 'Ovarian cancer', 'database': 'MedGen', 'id': 'C1140680'};{'name': 'Pilomatrixoma', 'database': 'MedGen', 'id': 'C0206711'};{'name': 'Severe intellectual disability-progressive spastic diplegia syndrome', 'database': 'MedGen', 'id': 'C3554449'}
VCV000017583	RCV000019147	CTNNB1	0	no assertion criteria provided	Pathogenic	{'name': 'Pilomatrixoma', 'database': 'MedGen', 'id': 'C0206711'}
VCV000017583	RCV000019148	CTNNB1	0	no assertion criteria provided	Pathogenic	{'name': 'Medulloblastoma', 'database': 'MedGen', 'id': 'C0025149'}
VCV000017583	RCV003332083	CTNNB1	0	no assertion criteria provided	Pathogenic	{'name': 'Malignant tumor of urinary bladder', 'database': 'MedGen', 'id': 'C0005684'}
VCV000017583	RCV004808527	CTNNB1	0	no assertion criteria provided	other	{'name': 'Adrenal cortex neoplasm', 'database': 'MedGen', 'id': 'C0001618'}
VCV000017587	RCV000019152	CTNNB1	0	no assertion criteria provided	Pathogenic	{'name': 'Pilomatrixoma', 'database': 'MedGen', 'id': 'C0206711'}
VCV000017587	RCV004562216	CTNNB1	1	criteria provided, single submitter	Likely pathogenic	{'name': 'Desmoid disease, hereditary', 'database': 'MedGen', 'id': 'C1851124'}
VCV000017588	RCV000019153	CTNNB1	0	no assertion criteria provided	Pathogenic	{'name': 'Hepatocellular carcinoma', 'database': 'MedGen', 'id': 'C2239176'}
VCV000017588	RCV000505673	CTNNB1	0	no assertion criteria provided	other	{'name': 'Nephroblastoma', 'database': 'MedGen', 'id': 'C0027708'}
VCV000017588	RCV001374445	CTNNB1	0	no assertion criteria provided	Pathogenic	{'name': 'Gallbladder cancer', 'database': 'MedGen', 'id': 'C0153452'}
VCV000017589	RCV000019154	CTNNB1	0	no assertion criteria provided	Pathogenic	{'name': 'Hepatocellular carcinoma', 'database': 'MedGen', 'id': 'C2239176'}
VCV000017589	RCV000087197	CTNNB1	0	no assertion criteria provided	Likely pathogenic	{'name': 'not provided', 'database': 'MedGen', 'id': 'C3661900'}
VCV000017608	RCV000019174	CA4	0	no assertion criteria provided	Uncertain significance	{'name': 'Retinitis pigmentosa 17', 'database': 'MedGen', 'id': 'C1833245'}
VCV000017609	RCV000019175	CA4	0	no assertion criteria provided	Uncertain significance	{'name': 'Retinitis pigmentosa 17', 'database': 'MedGen', 'id': 'C1833245'}
VCV000017609	RCV002513116	CA4	1	criteria provided, single submitter	Pathogenic	{'name': 'not provided', 'database': 'MedGen', 'id': 'C3661900'}
VCV000017609	RCV003887874	CA4	1	criteria provided, single submitter	Uncertain significance	{'name': 'Retinal dystrophy', 'database': 'MedGen', 'id': 'C0854723'}
VCV000018068	RCV000019691	AGT	0	no assertion criteria provided	Benign	{'name': 'Hypertension, essential, susceptibility to'}
VCV000018068	RCV000242838	AGT	2	criteria provided, multiple submitters, no conflicts	Benign	{'name': 'not specified', 'database': 'MedGen', 'id': 'CN169374'}
VCV000018068	RCV000405686	AGT	2	criteria provided, multiple submitters, no conflicts	Benign	{'name': 'Renal tubular dysgenesis', 'database': 'MedGen', 'id': 'C0266313'}
VCV000018068	RCV000835695	AGT	2	criteria provided, multiple submitters, no conflicts	Benign	{'name': 'not provided', 'database': 'MedGen', 'id': 'C3661900'}
VCV000018068	RCV002259306	AGT	0	no assertion criteria provided	Benign	{'name': 'Hypertensive disorder', 'database': 'MedGen', 'id': 'C0020538'}
VCV000018084	RCV000019710	ALK	0	no assertion criteria provided	Pathogenic; risk factor	{'name': 'Neuroblastoma, susceptibility to, 3', 'database': 'MedGen', 'id': 'C2751681'}
VCV000018304	RCV000019966	STAT3	2	criteria provided, multiple submitters, no conflicts	Pathogenic	{'name': 'Hyper-IgE recurrent infection syndrome 1, autosomal dominant', 'database': 'MedGen', 'id': 'C2936739'}
VCV000018304	RCV000259784	STAT3	2	criteria provided, multiple submitters, no conflicts	Pathogenic	{'name': 'not provided', 'database': 'MedGen', 'id': 'C3661900'}
VCV000018304	RCV000814004	STAT3	1	criteria provided, single submitter	Pathogenic	{'name': 'Hyper-IgE recurrent infection syndrome 1, autosomal dominant', 'database': 'MedGen', 'id': 'C2936739'};{'name': 'STAT3 gain of function', 'database': 'MedGen', 'id': 'C4288261'}
VCV000018304	RCV003149573	STAT3	1	criteria provided, single submitter	Pathogenic	{'name': 'STAT3-related early-onset multisystem autoimmune disease', 'database': 'MedGen', 'id': 'C4014795'}
VCV000018304	RCV004795931	STAT3	1	criteria provided, single submitter	Pathogenic	{'name': 'Hyper-IgE recurrent infection syndrome 1, autosomal dominant', 'database': 'MedGen', 'id': 'C2936739'};{'name': 'STAT3-related early-onset multisystem autoimmune disease', 'database': 'MedGen', 'id': 'C4014795'}
VCV000018305	RCV000019967	STAT3	2	criteria provided, multiple submitters, no conflicts	Pathogenic	{'name': 'Hyper-IgE recurrent infection syndrome 1, autosomal dominant', 'database': 'MedGen', 'id': 'C2936739'}
VCV000018305	RCV001027632	STAT3	1	criteria provided, single submitter	Pathogenic	{'name': 'Inherited Immunodeficiency Diseases', 'database': 'MedGen', 'id': 'C5197805'}
VCV000018305	RCV001059385	STAT3	1	criteria provided, single submitter	Pathogenic	{'name': 'Hyper-IgE recurrent infection syndrome 1, autosomal dominant', 'database': 'MedGen', 'id': 'C2936739'};{'name': 'STAT3 gain of function', 'database': 'MedGen', 'id': 'C4288261'}
VCV000018305	RCV001311887	STAT3	2	criteria provided, multiple submitters, no conflicts	Pathogenic	{'name': 'not provided', 'database': 'MedGen', 'id': 'C3661900'}
VCV000018309	RCV000019971	ACVR1	2	criteria provided, multiple submitters, no conflicts	Pathogenic	{'name': 'Progressive myositis ossificans', 'database': 'MedGen', 'id': 'C0016037'}
VCV000018309	RCV000422441	ACVR1	2	criteria provided, multiple submitters, no conflicts	Pathogenic	{'name': 'not provided', 'database': 'MedGen', 'id': 'C3661900'}
VCV000018309	RCV001267285	ACVR1	1	criteria provided, single submitter	Pathogenic	{'name': 'Inborn genetic diseases', 'database': 'MedGen', 'id': 'C0950123'}
VCV000018309	RCV001823099	ACVR1	1	criteria provided, single submitter	Pathogenic	{'name': 'Epicanthus', 'database': 'MedGen', 'id': 'C0678230'}
VCV000018309	RCV003904851	ACVR1	0	no assertion criteria provided	Pathogenic	{'name': 'ACVR1-related disorder'}
VCV000018311	RCV000019973	ACVR1	0	no assertion criteria provided	Pathogenic	{'name': 'Progressive myositis ossificans', 'database': 'MedGen', 'id': 'C0016037'}
VCV000021196	RCV000020348	KCNJ11	0	no classification provided	not provided	{'name': 'Permanent neonatal diabetes mellitus', 'database': 'MedGen', 'id': 'C1833104'}
VCV000021196	RCV002227044	KCNJ11	1	criteria provided, single submitter	Benign	{'name': 'Transitory neonatal diabetes mellitus', 'database': 'MedGen', 'id': 'C0342273'}
VCV000021348	RCV000020515	SCN9A	0	no classification provided	not provided	{'name': 'Primary erythromelalgia', 'database': 'MedGen', 'id': 'C0014805'}
VCV000021474	RCV000020663	TARDBP	2	criteria provided, multiple submitters, no conflicts	Pathogenic/Likely pathogenic	{'name': 'Amyotrophic lateral sclerosis type 10', 'database': 'MedGen', 'id': 'C2677565'}
VCV000021474	RCV000106321	TARDBP	0	no assertion criteria provided	Pathogenic	{'name': 'FRONTOTEMPORAL DEMENTIA WITH TDP43 INCLUSIONS, TARDBP-RELATED', 'database': 'MedGen', 'id': 'C3148872'}
VCV000021474	RCV000413910	TARDBP	2	criteria provided, multiple submitters, no conflicts	Pathogenic/Likely pathogenic	{'name': 'not provided', 'database': 'MedGen', 'id': 'C3661900'}
VCV000021474	RCV002513146	TARDBP	1	criteria provided, single submitter	Pathogenic	{'name': 'Amyotrophic lateral sclerosis type 10', 'database': 'MedGen', 'id': 'C2677565'};{'name': 'FRONTOTEMPORAL LOBAR DEGENERATION WITH TDP43 INCLUSIONS, TARDBP-RELATED', 'database': 'MedGen', 'id': 'C3150169'}
VCV000021474	RCV003944833	TARDBP	0	no assertion criteria provided	Pathogenic	{'name': 'TARDBP-related disorder'}
VCV000024892	RCV001013292	RET	1	criteria provided, single submitter	Likely pathogenic	{'name': 'Hereditary cancer-predisposing syndrome', 'database': 'MedGen', 'id': 'C0027672'}
VCV000024892	RCV003531905	RET	1	criteria provided, single submitter	Uncertain significance	{'name': 'Multiple endocrine neoplasia, type 2', 'database': 'MedGen', 'id': 'C4048306'}
VCV000024902	RCV000255102	RET	2	criteria provided, multiple submitters, no conflicts	Pathogenic	{'name': 'not provided', 'database': 'MedGen', 'id': 'C3661900'}
VCV000024902	RCV000548660	RET	1	criteria provided, single submitter	Pathogenic	{'name': 'Multiple endocrine neoplasia, type 2', 'database': 'MedGen', 'id': 'C4048306'}
VCV000024902	RCV000571381	RET	1	criteria provided, single submitter	Pathogenic	{'name': 'Hereditary cancer-predisposing syndrome', 'database': 'MedGen', 'id': 'C0027672'}
VCV000024902	RCV004018656	RET	1	criteria provided, single submitter	Pathogenic	{'name': 'Multiple endocrine neoplasia type 2A', 'database': 'MedGen', 'id': 'C0025268'}
VCV000024931	RCV000021838	RET	2	criteria provided, multiple submitters, no conflicts	Pathogenic/Likely pathogenic	{'name': 'Multiple endocrine neoplasia, type 2', 'database': 'MedGen', 'id': 'C4048306'}
VCV000024931	RCV000148771	RET	0	no assertion criteria provided	Likely benign	{'name': 'Medullary thyroid carcinoma', 'database': 'MedGen', 'id': 'C0238462'}
VCV000024931	RCV000567780	RET	2	criteria provided, multiple submitters, no conflicts	Pathogenic	{'name': 'Hereditary cancer-predisposing syndrome', 'database': 'MedGen', 'id': 'C0027672'}
VCV000024931	RCV001582493	RET	2	criteria provided, multiple submitters, no conflicts	Pathogenic/Likely pathogenic	{'name': 'not provided', 'database': 'MedGen', 'id': 'C3661900'}
VCV000024931	RCV002466411	RET	2	criteria provided, multiple submitters, no conflicts	Pathogenic/Likely pathogenic	{'name': 'Hirschsprung disease, susceptibility to, 1', 'database': 'MedGen', 'id': 'C3888239'}
VCV000024931	RCV002496436	RET	1	criteria provided, single submitter	Pathogenic	{'name': 'Familial medullary thyroid carcinoma', 'database': 'MedGen', 'id': 'C1833921'};{'name': 'Hirschsprung disease, susceptibility to, 1', 'database': 'MedGen', 'id': 'C3888239'};{'name': 'Multiple endocrine neoplasia type 2A', 'database': 'MedGen', 'id': 'C0025268'};{'name': 'Multiple endocrine neoplasia type 2B', 'database': 'MedGen', 'id': 'C0025269'};{'name': 'Pheochromocytoma', 'database': 'MedGen', 'id': 'C0031511'}
VCV000024931	RCV004018657	RET	1	criteria provided, single submitter	Likely pathogenic	{'name': 'Multiple endocrine neoplasia type 2A', 'database': 'MedGen', 'id': 'C0025268'}
VCV000024934	RCV000034769	RET	2	criteria provided, multiple submitters, no conflicts	Benign	{'name': 'not provided', 'database': 'MedGen', 'id': 'C3661900'}
VCV000024934	RCV000039052	RET	2	criteria provided, multiple submitters, no conflicts	Benign	{'name': 'not specified', 'database': 'MedGen', 'id': 'CN169374'}
VCV000024934	RCV000162947	RET	2	criteria provided, multiple submitters, no conflicts	Benign	{'name': 'Hereditary cancer-predisposing syndrome', 'database': 'MedGen', 'id': 'C0027672'}
VCV000024934	RCV000290703	RET	1	criteria provided, single submitter	Likely benign	{'name': 'Renal hypodysplasia/aplasia 1', 'database': 'MedGen', 'id': 'C1619700'}
VCV000024934	RCV000340996	RET	1	criteria provided, single submitter	Likely benign	{'name': 'Hirschsprung disease, susceptibility to, 1', 'database': 'MedGen', 'id': 'C3888239'}
VCV000024934	RCV000376859	RET	2	criteria provided, multiple submitters, no conflicts	Benign/Likely benign	{'name': 'Pheochromocytoma', 'database': 'MedGen', 'id': 'C0031511'}
VCV000024934	RCV000385080	RET	1	criteria provided, single submitter	Likely benign	{'name': 'Multiple endocrine neoplasia', 'database': 'MedGen', 'id': 'C0027662'}
VCV000024934	RCV000660243	RET	1	criteria provided, conflicting classifications	Conflicting classifications of pathogenicity	{'name': 'Multiple endocrine neoplasia type 2A', 'database': 'MedGen', 'id': 'C0025268'}
VCV000024934	RCV001083339	RET	2	criteria provided, multiple submitters, no conflicts	Benign	{'name': 'Multiple endocrine neoplasia, type 2', 'database': 'MedGen', 'id': 'C4048306'}
VCV000024934	RCV003315508	RET	1	criteria provided, single submitter	Benign	{'name': 'Multiple endocrine neoplasia type 2B', 'database': 'MedGen', 'id': 'C0025269'}
VCV000024934	RCV005628136	RET	1	criteria provided, single submitter	Likely benign	{'name': 'Prostate neoplasm', 'database': 'MedGen', 'id': 'C0033578'}
VCV000024946	RCV000151741	RET	2	criteria provided, multiple submitters, no conflicts	Benign	{'name': 'not specified', 'database': 'MedGen', 'id': 'CN169374'}
VCV000024946	RCV000203081	RET	2	criteria provided, multiple submitters, no conflicts	Benign/Likely benign	{'name': 'Multiple endocrine neoplasia', 'database': 'MedGen', 'id': 'C0027662'}
VCV000024946	RCV000264509	RET	1	criteria provided, single submitter	Likely benign	{'name': 'Hirschsprung disease, susceptibility to, 1', 'database': 'MedGen', 'id': 'C3888239'}
VCV000024946	RCV000327711	RET	2	criteria provided, multiple submitters, no conflicts	Benign/Likely benign	{'name': 'Pheochromocytoma', 'database': 'MedGen', 'id': 'C0031511'}
VCV000024946	RCV000359214	RET	1	criteria provided, single submitter	Likely benign	{'name': 'Renal hypodysplasia/aplasia 1', 'database': 'MedGen', 'id': 'C1619700'}
VCV000024946	RCV000712296	RET	2	criteria provided, multiple submitters, no conflicts	Benign/Likely benign	{'name': 'not provided', 'database': 'MedGen', 'id': 'C3661900'}
VCV000024946	RCV001015789	RET	1	criteria provided, single submitter	Benign	{'name': 'Hereditary cancer-predisposing syndrome', 'database': 'MedGen', 'id': 'C0027672'}
VCV000024946	RCV001080523	RET	2	criteria provided, multiple submitters, no conflicts	Benign	{'name': 'Multiple endocrine neoplasia, type 2', 'database': 'MedGen', 'id': 'C4048306'}
VCV000024946	RCV003315509	RET	1	criteria provided, single submitter	Benign	{'name': 'Multiple endocrine neoplasia type 2B', 'database': 'MedGen', 'id': 'C0025269'}
VCV000024946	RCV005357158	RET	1	criteria provided, single submitter	Benign	{'name': 'Familial medullary thyroid carcinoma', 'database': 'MedGen', 'id': 'C1833921'};{'name': 'Multiple endocrine neoplasia type 2A', 'database': 'MedGen', 'id': 'C0025268'};{'name': 'Multiple endocrine neoplasia type 2B', 'database': 'MedGen', 'id': 'C0025269'}
VCV000024946	RCV005425704	RET	1	criteria provided, single submitter	Benign	{'name': 'Multiple endocrine neoplasia type 2A', 'database': 'MedGen', 'id': 'C0025268'}
VCV000029593	RCV000022430	ACVR1	0	no assertion criteria provided	Pathogenic	{'name': 'Progressive myositis ossificans', 'database': 'MedGen', 'id': 'C0016037'}
VCV000029593	RCV005089296	ACVR1	1	criteria provided, single submitter	Pathogenic	{'name': 'not provided', 'database': 'MedGen', 'id': 'C3661900'}
VCV000029594	RCV000022431	ACVR1	0	no assertion criteria provided	Pathogenic	{'name': 'Progressive myositis ossificans', 'database': 'MedGen', 'id': 'C0016037'}
VCV000029595	RCV000022432	ACVR1	1	criteria provided, single submitter	Likely pathogenic	{'name': 'Progressive myositis ossificans', 'database': 'MedGen', 'id': 'C0016037'}
VCV000029595	RCV000624246	ACVR1	1	criteria provided, single submitter	Pathogenic	{'name': 'Inborn genetic diseases', 'database': 'MedGen', 'id': 'C0950123'}
VCV000029595	RCV003556067	ACVR1	2	criteria provided, multiple submitters, no conflicts	Pathogenic	{'name': 'not provided', 'database': 'MedGen', 'id': 'C3661900'}
VCV000029596	RCV000022433	ACVR1	0	no assertion criteria provided	Pathogenic	{'name': 'Progressive myositis ossificans', 'database': 'MedGen', 'id': 'C0016037'}
VCV000029632	RCV000022472	COL10A1	0	no assertion criteria provided	Pathogenic	{'name': 'Metaphyseal chondrodysplasia, Schmid type', 'database': 'MedGen', 'id': 'C0265289'}
VCV000029707	RCV000022556	FUS	1	criteria provided, single submitter	Pathogenic	{'name': 'Amyotrophic lateral sclerosis type 6', 'database': 'MedGen', 'id': 'C2931786'}
VCV000029707	RCV002247377	FUS	1	criteria provided, single submitter	Pathogenic	{'name': 'not provided', 'database': 'MedGen', 'id': 'C3661900'}
VCV000029707	RCV003764624	FUS	1	criteria provided, single submitter	Pathogenic	{'name': 'Amyotrophic lateral sclerosis type 6', 'database': 'MedGen', 'id': 'C2931786'};{'name': 'Tremor, hereditary essential, 4', 'database': 'MedGen', 'id': 'C3539195'}
VCV000029763	RCV000022629	JAK2	0	no assertion criteria provided	Pathogenic	{'name': 'Thrombocythemia 3', 'database': 'MedGen', 'id': 'C3281125'}
VCV000029792	RCV000022661	MITF	2	criteria provided, multiple submitters, no conflicts	Pathogenic/Likely pathogenic	{'name': 'Melanoma, cutaneous malignant, susceptibility to, 8', 'database': 'MedGen', 'id': 'C3152204'}
VCV000029792	RCV000129682	MITF	2	criteria provided, multiple submitters, no conflicts	Pathogenic/Likely pathogenic	{'name': 'Hereditary cancer-predisposing syndrome', 'database': 'MedGen', 'id': 'C0027672'}
VCV000029792	RCV000222278	MITF	0	no assertion criteria provided	risk factor	{'name': 'not specified', 'database': 'MedGen', 'id': 'CN169374'}
VCV000029792	RCV000484916	MITF	2	criteria provided, multiple submitters, no conflicts	Pathogenic/Likely pathogenic	{'name': 'not provided', 'database': 'MedGen', 'id': 'C3661900'}
VCV000029792	RCV000627790	MITF	1	criteria provided, single submitter	Pathogenic	{'name': 'Melanoma, cutaneous malignant, susceptibility to, 8', 'database': 'MedGen', 'id': 'C3152204'};{'name': 'Tietz syndrome', 'database': 'MedGen', 'id': 'C0391816'};{'name': 'Waardenburg syndrome type 2A', 'database': 'MedGen', 'id': 'C1860339'}
VCV000029792	RCV001195106	MITF	1	criteria provided, single submitter	risk factor	{'name': 'Melanoma', 'database': 'MedGen', 'id': 'C0025202'}
VCV000029792	RCV001535706	MITF	1	criteria provided, single submitter	Likely pathogenic	{'name': 'Melanoma, cutaneous malignant, susceptibility to, 8', 'database': 'MedGen', 'id': 'C3152204'};{'name': 'Waardenburg syndrome type 2A', 'database': 'MedGen', 'id': 'C1860339'}
VCV000029792	RCV002247378	MITF	1	criteria provided, single submitter	Pathogenic	{'name': 'Tietz syndrome', 'database': 'MedGen', 'id': 'C0391816'}
VCV000029792	RCV002490402	MITF	1	criteria provided, single submitter	Pathogenic	{'name': 'Coloboma, osteopetrosis, microphthalmia, macrocephaly, albinism, and deafness', 'database': 'MedGen', 'id': 'C4310625'};{'name': 'Melanoma, cutaneous malignant, susceptibility to, 8', 'database': 'MedGen', 'id': 'C3152204'};{'name': 'Tietz syndrome', 'database': 'MedGen', 'id': 'C0391816'};{'name': 'Waardenburg syndrome type 2A', 'database': 'MedGen', 'id': 'C1860339'}
VCV000029792	RCV005249995	MITF	1	criteria provided, single submitter	Pathogenic	{'name': 'MITF-related disorder'}
VCV000029792	RCV005364885	MITF	2	criteria provided, multiple submitters, no conflicts	Pathogenic	{'name': 'Familial melanoma', 'database': 'MedGen', 'id': 'C1512419'}
VCV000029792	RCV006684515	MITF	1	criteria provided, single submitter	Pathogenic	{'name': 'Coloboma, osteopetrosis, microphthalmia, macrocephaly, albinism, and deafness', 'database': 'MedGen', 'id': 'C4310625'}
VCV000029804	RCV000022676	AKT2	0	no assertion criteria provided	Pathogenic	{'name': 'Hypoinsulinemic hypoglycemia and body hemihypertrophy', 'database': 'MedGen', 'id': 'C3278384'}
VCV000029804	RCV005222699	AKT2	1	criteria provided, single submitter	Pathogenic	{'name': 'Hypoinsulinemic hypoglycemia and body hemihypertrophy', 'database': 'MedGen', 'id': 'C3278384'};{'name': 'Type 2 diabetes mellitus', 'database': 'MedGen', 'id': 'C0011860'}
VCV000029805	RCV000022678	BRAF	2	criteria provided, multiple submitters, no conflicts	Pathogenic/Likely pathogenic	{'name': 'Noonan syndrome 7', 'database': 'MedGen', 'id': 'C3150970'}
VCV000029805	RCV000033281	BRAF	2	criteria provided, multiple submitters, no conflicts	Pathogenic	{'name': 'not provided', 'database': 'MedGen', 'id': 'C3661900'}
VCV000029805	RCV000208540	BRAF	1	criteria provided, single submitter	Pathogenic	{'name': 'Noonan syndrome 1', 'database': 'MedGen', 'id': 'C4551602'}
VCV000029805	RCV000211753	BRAF	1	criteria provided, single submitter	Pathogenic	{'name': 'Noonan syndrome', 'database': 'MedGen', 'id': 'C0028326'}
VCV000029805	RCV000515432	BRAF	1	criteria provided, single submitter	Pathogenic	{'name': 'Cardiofaciocutaneous syndrome 1', 'database': 'MedGen', 'id': 'CN029449'};{'name': 'LEOPARD syndrome 3', 'database': 'MedGen', 'id': 'C3150971'};{'name': 'Lung carcinoma', 'database': 'MedGen', 'id': 'C0684249'};{'name': 'Noonan syndrome 1', 'database': 'MedGen', 'id': 'C4551602'};{'name': 'Noonan syndrome 7', 'database': 'MedGen', 'id': 'C3150970'}
VCV000029805	RCV000545320	BRAF	1	criteria provided, single submitter	Pathogenic	{'name': 'RASopathy', 'database': 'MedGen', 'id': 'C5555857'}
VCV000029805	RCV001329218	BRAF	1	criteria provided, single submitter	Pathogenic	{'name': 'Cardiofaciocutaneous syndrome 1', 'database': 'MedGen', 'id': 'CN029449'}
VCV000029805	RCV003230371	BRAF	1	criteria provided, single submitter	Pathogenic	{'name': 'Cardio-facio-cutaneous syndrome', 'database': 'MedGen', 'id': 'C1275081'}
VCV000029805	RCV003398558	BRAF	1	criteria provided, single submitter	Pathogenic	{'name': 'BRAF-related disorder'}
VCV000029806	RCV000022679	BRAF	0	no assertion criteria provided	Pathogenic	{'name': 'Noonan syndrome 7', 'database': 'MedGen', 'id': 'C3150970'}
VCV000029806	RCV000208548	BRAF	0	no classification provided	not provided	{'name': 'Noonan syndrome 1', 'database': 'MedGen', 'id': 'C4551602'}
VCV000029806	RCV000624512	BRAF	1	criteria provided, single submitter	Pathogenic	{'name': 'Inborn genetic diseases', 'database': 'MedGen', 'id': 'C0950123'}
VCV000029806	RCV001703420	BRAF	1	criteria provided, single submitter	Pathogenic	{'name': 'not provided', 'database': 'MedGen', 'id': 'C3661900'}
VCV000029806	RCV002513171	BRAF	1	criteria provided, single submitter	Pathogenic	{'name': 'RASopathy', 'database': 'MedGen', 'id': 'C5555857'}
VCV000029807	RCV000022680	BRAF	0	no assertion criteria provided	Pathogenic	{'name': 'Cardiofaciocutaneous syndrome 1', 'database': 'MedGen', 'id': 'CN029449'}
VCV000029807	RCV000022681	BRAF	0	no assertion criteria provided	Pathogenic	{'name': 'LEOPARD syndrome 3', 'database': 'MedGen', 'id': 'C3150971'}
VCV000029807	RCV000055896	BRAF	0	no classification provided	not provided	{'name': 'Noonan syndrome with multiple lentigines', 'database': 'MedGen', 'id': 'C0175704'}
VCV000029807	RCV000207516	BRAF	2	criteria provided, multiple submitters, no conflicts	Pathogenic/Likely pathogenic	{'name': 'not provided', 'database': 'MedGen', 'id': 'C3661900'}
VCV000029807	RCV000211752	BRAF	2	criteria provided, multiple submitters, no conflicts	Pathogenic	{'name': 'Cardio-facio-cutaneous syndrome', 'database': 'MedGen', 'id': 'C1275081'}
VCV000029807	RCV000515363	BRAF	1	criteria provided, single submitter	Pathogenic	{'name': 'Cardiofaciocutaneous syndrome 1', 'database': 'MedGen', 'id': 'CN029449'};{'name': 'LEOPARD syndrome 3', 'database': 'MedGen', 'id': 'C3150971'};{'name': 'Lung carcinoma', 'database': 'MedGen', 'id': 'C0684249'};{'name': 'Noonan syndrome 1', 'database': 'MedGen', 'id': 'C4551602'};{'name': 'Noonan syndrome 7', 'database': 'MedGen', 'id': 'C3150970'}
VCV000029807	RCV000654966	BRAF	1	criteria provided, single submitter	Pathogenic	{'name': 'RASopathy', 'database': 'MedGen', 'id': 'C5555857'}
VCV000029807	RCV001089761	BRAF	0	no classification provided	not provided	{'name': 'Cardiofaciocutaneous syndrome 1', 'database': 'MedGen', 'id': 'CN029449'};{'name': 'LEOPARD syndrome 3', 'database': 'MedGen', 'id': 'C3150971'};{'name': 'Noonan syndrome 7', 'database': 'MedGen', 'id': 'C3150970'}
VCV000029807	RCV002288517	BRAF	1	criteria provided, single submitter	Pathogenic	{'name': 'Noonan syndrome 7', 'database': 'MedGen', 'id': 'C3150970'}
VCV000029808	RCV000022682	BRAF	0	no assertion criteria provided	Pathogenic	{'name': 'Noonan syndrome 7', 'database': 'MedGen', 'id': 'C3150970'}
VCV000029808	RCV000191066	BRAF	2	criteria provided, multiple submitters, no conflicts	Pathogenic	{'name': 'RASopathy', 'database': 'MedGen', 'id': 'C5555857'}
VCV000029808	RCV000208560	BRAF	0	no classification provided	not provided	{'name': 'Noonan syndrome 1', 'database': 'MedGen', 'id': 'C4551602'}
VCV000029808	RCV001781297	BRAF	2	criteria provided, multiple submitters, no conflicts	Pathogenic	{'name': 'not provided', 'database': 'MedGen', 'id': 'C3661900'}
VCV000029888	RCV000022769	SCN2A	0	no assertion criteria provided	Pathogenic	{'name': 'Episodic ataxia, type 9', 'database': 'MedGen', 'id': 'C5394520'}
VCV000029888	RCV000118251	SCN2A	2	criteria provided, multiple submitters, no conflicts	Pathogenic	{'name': 'Seizures, benign familial infantile, 3', 'database': 'MedGen', 'id': 'C1843140'}
VCV000029888	RCV000189193	SCN2A	2	criteria provided, multiple submitters, no conflicts	Pathogenic	{'name': 'not provided', 'database': 'MedGen', 'id': 'C3661900'}
VCV000029888	RCV000416960	SCN2A	1	criteria provided, single submitter	Pathogenic	{'name': 'Epileptic encephalopathy', 'database': 'MedGen', 'id': 'C0543888'}
VCV000029888	RCV001035869	SCN2A	1	criteria provided, single submitter	Pathogenic	{'name': 'Developmental and epileptic encephalopathy, 11', 'database': 'MedGen', 'id': 'C3150987'};{'name': 'Seizures, benign familial infantile, 3', 'database': 'MedGen', 'id': 'C1843140'}
VCV000029888	RCV001200935	SCN2A	2	criteria provided, multiple submitters, no conflicts	Pathogenic	{'name': 'Developmental and epileptic encephalopathy, 11', 'database': 'MedGen', 'id': 'C3150987'}
VCV000029888	RCV001265272	SCN2A	0	no assertion criteria provided	Likely pathogenic	{'name': 'Complex neurodevelopmental disorder', 'database': 'MedGen', 'id': 'C5568766'}
VCV000029888	RCV003155911	SCN2A	1	criteria provided, single submitter	Pathogenic	{'name': 'Infantile spasms', 'database': 'MedGen', 'id': 'C3887898'}
VCV000029888	RCV003985263	SCN2A	2	criteria provided, multiple submitters, no conflicts	Pathogenic	{'name': 'SCN2A-related disorder'}
VCV000029888	RCV004955258	SCN2A	1	criteria provided, single submitter	Pathogenic	{'name': 'Inborn genetic diseases', 'database': 'MedGen', 'id': 'C0950123'}
VCV000029923	RCV000022814	PRSS1	2	criteria provided, multiple submitters, no conflicts	Pathogenic/Likely pathogenic	{'name': 'Hereditary pancreatitis', 'database': 'MedGen', 'id': 'C0238339'}
VCV000029923	RCV004557257	PRSS1	1	criteria provided, single submitter	Pathogenic	{'name': 'not provided', 'database': 'MedGen', 'id': 'C3661900'}
VCV000029936	RCV000022827	GLUD2	1	criteria provided, conflicting classifications	Conflicting classifications of pathogenicity	{'name': 'Parkinson disease, late-onset', 'database': 'MedGen', 'id': 'C3160718'}
VCV000029936	RCV002251924	GLUD2	1	criteria provided, single submitter	Uncertain significance	{'name': 'See cases'}
VCV000029936	RCV003974852	GLUD2	0	no assertion criteria provided	Benign	{'name': 'GLUD2-related disorder'}
VCV000029966	RCV000022858	WAS	0	no assertion criteria provided	Pathogenic	{'name': 'X-linked severe congenital neutropenia', 'database': 'MedGen', 'id': 'C1845987'}
VCV000029966	RCV003764631	WAS	1	criteria provided, single submitter	Likely pathogenic	{'name': 'Thrombocytopenia 1', 'database': 'MedGen', 'id': 'C1839163'};{'name': 'Wiskott-Aldrich syndrome', 'database': 'MedGen', 'id': 'C0043194'};{'name': 'X-linked severe congenital neutropenia', 'database': 'MedGen', 'id': 'C1845987'}
VCV000029967	RCV000022859	WAS	2	criteria provided, multiple submitters, no conflicts	Pathogenic	{'name': 'X-linked severe congenital neutropenia', 'database': 'MedGen', 'id': 'C1845987'}
VCV000029967	RCV001058962	WAS	1	criteria provided, single submitter	Pathogenic	{'name': 'Thrombocytopenia 1', 'database': 'MedGen', 'id': 'C1839163'};{'name': 'Wiskott-Aldrich syndrome', 'database': 'MedGen', 'id': 'C0043194'};{'name': 'X-linked severe congenital neutropenia', 'database': 'MedGen', 'id': 'C1845987'}
VCV000029967	RCV001268500	WAS	2	criteria provided, multiple submitters, no conflicts	Pathogenic/Likely pathogenic	{'name': 'not provided', 'database': 'MedGen', 'id': 'C3661900'}
VCV000029967	RCV003407355	WAS	1	criteria provided, single submitter	Pathogenic	{'name': 'WAS-related disorder', 'database': 'MedGen', 'id': 'CN381538'}
VCV000029967	RCV004782021	WAS	1	criteria provided, single submitter	Pathogenic	{'name': 'X-Linked Neutropenia (XLN)', 'database': 'MedGen', 'id': 'CN381521'}
VCV000029967	RCV006646395	WAS	1	criteria provided, single submitter	Likely pathogenic	{'name': 'Wiskott-Aldrich syndrome', 'database': 'MedGen', 'id': 'C0043194'}
VCV000030053	RCV000022955	TEK	1	criteria provided, single submitter	Pathogenic	{'name': 'Multiple cutaneous and mucosal venous malformations', 'database': 'MedGen', 'id': 'C1838437'}
VCV000030053	RCV000756767	TEK	1	criteria provided, single submitter	Pathogenic	{'name': 'not provided', 'database': 'MedGen', 'id': 'C3661900'}
VCV000030053	RCV001327971	TEK	0	no assertion criteria provided	Pathogenic	{'name': 'Abnormal cardiovascular system morphology', 'database': 'MedGen', 'id': 'C4049796'}
VCV000030053	RCV005256493	TEK	1	criteria provided, single submitter	Pathogenic	{'name': 'Blue rubber bleb nevus', 'database': 'MedGen', 'id': 'C0346072'};{'name': 'Ventricular septal defect', 'database': 'MedGen', 'id': 'C0018818'}
VCV000030059	RCV000022961	NOTCH2	0	no assertion criteria provided	Pathogenic	{'name': 'Hajdu-Cheney syndrome', 'database': 'MedGen', 'id': 'C0917715'}
VCV000030083	RCV000022986	STAT1	2	criteria provided, multiple submitters, no conflicts	Pathogenic	{'name': 'Autoimmune enteropathy and endocrinopathy - susceptibility to chronic infections syndrome', 'database': 'MedGen', 'id': 'C3279990'}
VCV000030083	RCV000688972	STAT1	1	criteria provided, single submitter	Pathogenic	{'name': 'Autoimmune enteropathy and endocrinopathy - susceptibility to chronic infections syndrome', 'database': 'MedGen', 'id': 'C3279990'};{'name': 'Immunodeficiency 31B', 'database': 'MedGen', 'id': 'C3151088'};{'name': 'Mendelian susceptibility to mycobacterial diseases due to partial STAT1 deficiency', 'database': 'MedGen', 'id': 'C4013950'}
VCV000030083	RCV001090650	STAT1	2	criteria provided, multiple submitters, no conflicts	Pathogenic	{'name': 'not provided', 'database': 'MedGen', 'id': 'C3661900'}
VCV000030083	RCV004528131	STAT1	1	criteria provided, single submitter	Pathogenic	{'name': 'STAT1-related disorder'}
VCV000030084	RCV000022987	STAT1	1	criteria provided, single submitter	Pathogenic	{'name': 'Autoimmune enteropathy and endocrinopathy - susceptibility to chronic infections syndrome', 'database': 'MedGen', 'id': 'C3279990'}
VCV000030084	RCV000684865	STAT1	1	criteria provided, single submitter	Pathogenic	{'name': 'Autoimmune enteropathy and endocrinopathy - susceptibility to chronic infections syndrome', 'database': 'MedGen', 'id': 'C3279990'};{'name': 'Immunodeficiency 31B', 'database': 'MedGen', 'id': 'C3151088'};{'name': 'Mendelian susceptibility to mycobacterial diseases due to partial STAT1 deficiency', 'database': 'MedGen', 'id': 'C4013950'}
VCV000030084	RCV000825629	STAT1	1	criteria provided, single submitter	Pathogenic	{'name': 'Chronic mucocutaneous candidiasis', 'database': 'MedGen', 'id': 'C0006845'}
VCV000030084	RCV001337084	STAT1	1	criteria provided, single submitter	Pathogenic	{'name': 'Mendelian susceptibility to mycobacterial diseases due to partial STAT1 deficiency', 'database': 'MedGen', 'id': 'C4013950'}
VCV000030084	RCV001701570	STAT1	1	criteria provided, single submitter	Pathogenic	{'name': 'not provided', 'database': 'MedGen', 'id': 'C3661900'}
VCV000030084	RCV004760338	STAT1	1	criteria provided, single submitter	Pathogenic	{'name': 'Immunodeficiency 31B', 'database': 'MedGen', 'id': 'C3151088'}
VCV000030085	RCV000022988	STAT1	1	criteria provided, single submitter	Pathogenic	{'name': 'Autoimmune enteropathy and endocrinopathy - susceptibility to chronic infections syndrome', 'database': 'MedGen', 'id': 'C3279990'}
VCV000030085	RCV001056331	STAT1	1	criteria provided, single submitter	Pathogenic	{'name': 'Autoimmune enteropathy and endocrinopathy - susceptibility to chronic infections syndrome', 'database': 'MedGen', 'id': 'C3279990'};{'name': 'Immunodeficiency 31B', 'database': 'MedGen', 'id': 'C3151088'};{'name': 'Mendelian susceptibility to mycobacterial diseases due to partial STAT1 deficiency', 'database': 'MedGen', 'id': 'C4013950'}
VCV000030085	RCV001090649	STAT1	1	criteria provided, single submitter	Pathogenic	{'name': 'not provided', 'database': 'MedGen', 'id': 'C3661900'}
VCV000030085	RCV002286565	STAT1	1	criteria provided, single submitter	Pathogenic	{'name': 'STAT1-related disorder'}
VCV000030085	RCV003156062	STAT1	1	criteria provided, single submitter	Pathogenic	{'name': 'See cases'}
VCV000030088	RCV000022991	STAT1	0	no assertion criteria provided	Pathogenic	{'name': 'Autoimmune enteropathy and endocrinopathy - susceptibility to chronic infections syndrome', 'database': 'MedGen', 'id': 'C3279990'}
VCV000030088	RCV001027626	STAT1	1	criteria provided, single submitter	Likely pathogenic	{'name': 'Inherited Immunodeficiency Diseases', 'database': 'MedGen', 'id': 'C5197805'}
VCV000030090	RCV000022993	STAT1	0	no assertion criteria provided	Pathogenic	{'name': 'Autoimmune enteropathy and endocrinopathy - susceptibility to chronic infections syndrome', 'database': 'MedGen', 'id': 'C3279990'}
VCV000030090	RCV001852004	STAT1	1	criteria provided, single submitter	Pathogenic	{'name': 'Autoimmune enteropathy and endocrinopathy - susceptibility to chronic infections syndrome', 'database': 'MedGen', 'id': 'C3279990'};{'name': 'Immunodeficiency 31B', 'database': 'MedGen', 'id': 'C3151088'};{'name': 'Mendelian susceptibility to mycobacterial diseases due to partial STAT1 deficiency', 'database': 'MedGen', 'id': 'C4013950'}
VCV000030094	RCV000022997	STAT1	0	no assertion criteria provided	Pathogenic	{'name': 'Autoimmune enteropathy and endocrinopathy - susceptibility to chronic infections syndrome', 'database': 'MedGen', 'id': 'C3279990'}
VCV000030121	RCV000023029	KCNJ2	1	criteria provided, single submitter	Likely pathogenic	{'name': 'Atrial fibrillation, familial, 9', 'database': 'MedGen', 'id': 'C3151431'}
VCV000030121	RCV000148540	KCNJ2	0	no assertion criteria provided	Uncertain significance	{'name': 'Atrial fibrillation', 'database': 'MedGen', 'id': 'C0004238'}
VCV000030121	RCV000170978	KCNJ2	1	criteria provided, conflicting classifications	Conflicting classifications of pathogenicity	{'name': 'not provided', 'database': 'MedGen', 'id': 'C3661900'}
VCV000030121	RCV000544361	KCNJ2	1	criteria provided, single submitter	Uncertain significance	{'name': 'Andersen Tawil syndrome', 'database': 'MedGen', 'id': 'C1563715'};{'name': 'Short QT syndrome type 3', 'database': 'MedGen', 'id': 'C1865018'}
VCV000030121	RCV001127504	KCNJ2	1	criteria provided, single submitter	Benign	{'name': 'Andersen Tawil syndrome', 'database': 'MedGen', 'id': 'C1563715'}
VCV000030121	RCV001127505	KCNJ2	1	criteria provided, single submitter	Benign	{'name': 'Short QT syndrome type 3', 'database': 'MedGen', 'id': 'C1865018'}
VCV000030121	RCV002433466	KCNJ2	1	criteria provided, conflicting classifications	Conflicting classifications of pathogenicity	{'name': 'Cardiovascular phenotype', 'database': 'MedGen', 'id': 'CN230736'}
VCV000030121	RCV003318334	KCNJ2	1	criteria provided, single submitter	Uncertain significance	{'name': 'Long QT syndrome', 'database': 'MedGen', 'id': 'C0023976'}
VCV000030123	RCV000023031	SCN8A	0	no assertion criteria provided	Pathogenic	{'name': 'Developmental and epileptic encephalopathy, 13', 'database': 'MedGen', 'id': 'C3281191'}
VCV000030123	RCV006461218	SCN8A	1	criteria provided, single submitter	Pathogenic	{'name': 'Early-infantile DEE', 'database': 'MedGen', 'id': 'C0393706'}
VCV000030135	RCV000023046	KCNJ11	0	no assertion criteria provided	Pathogenic	{'name': 'Diabetes mellitus, permanent neonatal 2', 'database': 'MedGen', 'id': 'C5394296'}
VCV000030135	RCV002226654	KCNJ11	1	criteria provided, single submitter	Uncertain significance	{'name': 'Hyperinsulinemia', 'database': 'MedGen', 'id': 'C0020459'}
VCV000030149	RCV000023060	SMAD4	2	criteria provided, multiple submitters, no conflicts	Pathogenic	{'name': 'Myhre syndrome', 'database': 'MedGen', 'id': 'C0796081'}
VCV000030149	RCV000059734	SMAD4	1	criteria provided, single submitter	Pathogenic	{'name': 'not provided', 'database': 'MedGen', 'id': 'C3661900'}
VCV000030149	RCV001852006	SMAD4	1	criteria provided, single submitter	Pathogenic	{'name': 'Juvenile polyposis syndrome', 'database': 'MedGen', 'id': 'C0345893'}
VCV000030149	RCV005249996	SMAD4	1	criteria provided, single submitter	Pathogenic	{'name': 'SMAD4-related disorder'}
VCV000030196	RCV000023115	VPS35	2	criteria provided, multiple submitters, no conflicts	Pathogenic	{'name': 'Parkinson disease 17', 'database': 'MedGen', 'id': 'C3280133'}
VCV000030196	RCV004719658	VPS35	1	criteria provided, single submitter	Pathogenic	{'name': 'not provided', 'database': 'MedGen', 'id': 'C3661900'}
VCV000030472	RCV000023429	TRPV4	2	criteria provided, multiple submitters, no conflicts	Pathogenic	{'name': 'Charcot-Marie-Tooth disease axonal type 2C', 'database': 'MedGen', 'id': 'C1853710'}
VCV000030472	RCV000190886	TRPV4	0	no assertion criteria provided	Pathogenic	{'name': 'Neuronopathy, distal hereditary motor, autosomal dominant 8', 'database': 'MedGen', 'id': 'C1838492'}
VCV000030472	RCV000202445	TRPV4	0	no classification provided	not provided	{'name': 'Neuromuscular disease', 'database': 'MedGen', 'id': 'C0027868'};{'name': 'Skeletal dysplasia', 'database': 'MedGen', 'id': 'C0410528'}
VCV000030472	RCV000236017	TRPV4	2	criteria provided, multiple submitters, no conflicts	Pathogenic	{'name': 'not provided', 'database': 'MedGen', 'id': 'C3661900'}
VCV000030472	RCV000789594	TRPV4	0	no assertion criteria provided	Uncertain significance	{'name': 'Neuronopathy, distal hereditary motor, autosomal dominant', 'database': 'MedGen', 'id': 'C5548212'}
VCV000030472	RCV001172888	TRPV4	1	criteria provided, single submitter	Pathogenic	{'name': 'Charcot-Marie-Tooth disease', 'database': 'MedGen', 'id': 'C0007959'}
VCV000030472	RCV001542600	TRPV4	0	no assertion criteria provided	Likely pathogenic	{'name': 'Spondylometaphyseal dysplasia, Kozlowski type', 'database': 'MedGen', 'id': 'C0265280'}
VCV000030636	RCV000023611	TRPV3	0	no assertion criteria provided	Pathogenic	{'name': 'Olmsted syndrome 1', 'database': 'MedGen', 'id': 'C5542829'}
VCV000030636	RCV000059642	TRPV3	1	criteria provided, single submitter	Pathogenic	{'name': 'not provided', 'database': 'MedGen', 'id': 'C3661900'}
VCV000030637	RCV000023612	TRPV3	0	no assertion criteria provided	Pathogenic	{'name': 'Olmsted syndrome 1', 'database': 'MedGen', 'id': 'C5542829'}
VCV000030637	RCV000059643	TRPV3	0	no assertion criteria provided	Pathogenic	{'name': 'not provided', 'database': 'MedGen', 'id': 'C3661900'}
VCV000031179	RCV000024178	RHBDF2	1	criteria provided, single submitter	Likely pathogenic	{'name': 'Palmoplantar keratoderma-esophageal carcinoma syndrome', 'database': 'MedGen', 'id': 'C1835664'}
VCV000031179	RCV005089314	RHBDF2	1	criteria provided, single submitter	Uncertain significance	{'name': 'not provided', 'database': 'MedGen', 'id': 'C3661900'}
VCV000031606	RCV000024310	CARD14	0	no assertion criteria provided	Pathogenic	{'name': 'Psoriasis 2', 'database': 'MedGen', 'id': 'C1864497'}
VCV000031606	RCV000059698	CARD14	0	no classification provided	not provided	{'name': 'not provided', 'database': 'MedGen', 'id': 'C3661900'}
VCV000031606	RCV000845181	CARD14	0	no assertion criteria provided	Pathogenic	{'name': 'Papulosquamous eruptions'}
VCV000031606	RCV001852567	CARD14	1	criteria provided, single submitter	Pathogenic	{'name': 'Pityriasis rubra pilaris', 'database': 'MedGen', 'id': 'C0032027'};{'name': 'Psoriasis 2', 'database': 'MedGen', 'id': 'C1864497'}
VCV000031609	RCV000024313	CARD14	0	no assertion criteria provided	Pathogenic	{'name': 'PSORIASIS 2, PUSTULAR', 'database': 'MedGen', 'id': 'C4017074'}
VCV000031609	RCV000059699	CARD14	0	no classification provided	not provided	{'name': 'not provided', 'database': 'MedGen', 'id': 'C3661900'}
VCV000031922	RCV005419875	F2	0	no assertion criteria provided	Pathogenic	{'name': 'Thrombophilia due to thrombin defect', 'database': 'MedGen', 'id': 'C3160733'}
VCV000031940	RCV000024617	KRAS	0	no assertion criteria provided	Pathogenic	{'name': 'Cardiofaciocutaneous syndrome 2', 'database': 'MedGen', 'id': 'C3809005'}
VCV000031941	RCV000024618	KRAS	1	criteria provided, single submitter	Pathogenic	{'name': 'Cardiofaciocutaneous syndrome 2', 'database': 'MedGen', 'id': 'C3809005'}
VCV000031941	RCV000520244	KRAS	2	criteria provided, multiple submitters, no conflicts	Pathogenic/Likely pathogenic	{'name': 'not provided', 'database': 'MedGen', 'id': 'C3661900'}
VCV000031944	RCV000024622	PIK3CA	0	no assertion criteria provided	Pathogenic/Likely pathogenic	{'name': 'CLOVES syndrome', 'database': 'MedGen', 'id': 'C2752042'}
VCV000031944	RCV000151649	PIK3CA	0	no assertion criteria provided	Pathogenic	{'name': 'Ovarian neoplasm', 'database': 'MedGen', 'id': 'C0919267'}
VCV000031944	RCV000154513	PIK3CA	0	no assertion criteria provided	Pathogenic	{'name': 'Non-small cell lung carcinoma', 'database': 'MedGen', 'id': 'C0007131'}
VCV000031944	RCV000416776	PIK3CA	2	criteria provided, multiple submitters, no conflicts	Pathogenic	{'name': 'not provided', 'database': 'MedGen', 'id': 'C3661900'}
VCV000031944	RCV000709693	PIK3CA	0	no assertion criteria provided	Pathogenic	{'name': 'CLAPO syndrome', 'database': 'MedGen', 'id': 'C2751313'}
VCV000031944	RCV001255687	PIK3CA	0	no assertion criteria provided	Pathogenic	{'name': 'Lip and oral cavity carcinoma', 'database': 'MedGen', 'id': 'C0220641'}
VCV000031944	RCV001327962	PIK3CA	0	no assertion criteria provided	Pathogenic	{'name': 'Abnormal cardiovascular system morphology', 'database': 'MedGen', 'id': 'C4049796'}
VCV000031944	RCV001728093	PIK3CA	0	no assertion criteria provided	Pathogenic	{'name': 'CEREBRAL CAVERNOUS MALFORMATIONS 4, SOMATIC'}
VCV000031944	RCV001730477	PIK3CA	0	no assertion criteria provided	Pathogenic	{'name': 'Cerebrofacial Vascular Metameric Syndrome (CVMS)'}
VCV000031944	RCV001836714	PIK3CA	3	reviewed by expert panel	Pathogenic	{'name': 'Overgrowth syndrome and/or cerebral malformations due to abnormalities in MTOR pathway genes', 'database': 'MedGen', 'id': 'CN300503'}
VCV000031944	RCV002513230	PIK3CA	1	criteria provided, single submitter	Pathogenic	{'name': 'Cowden syndrome', 'database': 'MedGen', 'id': 'C0018553'}
VCV000031944	RCV003458190	PIK3CA	1	criteria provided, single submitter	Pathogenic	{'name': 'PIK3CA related overgrowth syndrome', 'database': 'MedGen', 'id': 'C4728213'}
VCV000031944	RCV003764635	PIK3CA	0	no assertion criteria provided	Pathogenic	{'name': 'HEMIFACIAL MYOHYPERPLASIA, SOMATIC'}
VCV000031944	RCV003987334	PIK3CA	0	no classification provided	not provided	{'name': 'PIK3CA-related overgrowth'}
VCV000031944	RCV004527296	PIK3CA	0	no assertion criteria provided	Likely pathogenic	{'name': 'Rare venous malformation', 'database': 'MedGen', 'id': 'C0265950'}
VCV000031944	RCV004532404	PIK3CA	0	no assertion criteria provided	Pathogenic	{'name': 'PIK3CA-related disorder'}
VCV000031944	RCV004698785	PIK3CA	1	criteria provided, single submitter	Pathogenic	{'name': 'Megalencephaly-capillary malformation-polymicrogyria syndrome', 'database': 'MedGen', 'id': 'C1865285'}
VCV000031945	RCV000024623	PIK3CA	1	criteria provided, single submitter	Pathogenic	{'name': 'CLOVES syndrome', 'database': 'MedGen', 'id': 'C2752042'}
VCV000031945	RCV000154512	PIK3CA	1	criteria provided, single submitter	Pathogenic	{'name': 'Ovarian neoplasm', 'database': 'MedGen', 'id': 'C0919267'}
VCV000031945	RCV000201232	PIK3CA	0	no assertion criteria provided	Pathogenic	{'name': 'PIK3CA related overgrowth syndrome', 'database': 'MedGen', 'id': 'C4728213'}
VCV000031945	RCV000709694	PIK3CA	1	criteria provided, single submitter	Pathogenic	{'name': 'CLAPO syndrome', 'database': 'MedGen', 'id': 'C2751313'}
VCV000031945	RCV001327960	PIK3CA	0	no assertion criteria provided	Pathogenic	{'name': 'Abnormal cardiovascular system morphology', 'database': 'MedGen', 'id': 'C4049796'}
VCV000031945	RCV001526612	PIK3CA	1	criteria provided, single submitter	Pathogenic	{'name': 'Capillary malformation', 'database': 'MedGen', 'id': 'C0340803'}
VCV000031945	RCV001705599	PIK3CA	1	criteria provided, single submitter	Pathogenic	{'name': 'Segmental undergrowth associated with lymphatic malformation'}
VCV000031945	RCV002054475	PIK3CA	2	criteria provided, multiple submitters, no conflicts	Pathogenic	{'name': 'not provided', 'database': 'MedGen', 'id': 'C3661900'}
VCV000031945	RCV003588566	PIK3CA	1	criteria provided, single submitter	Pathogenic	{'name': 'Cowden syndrome', 'database': 'MedGen', 'id': 'C0018553'}
VCV000031945	RCV004527297	PIK3CA	0	no assertion criteria provided	Likely pathogenic	{'name': 'Rare combined vascular malformation', 'database': 'MedGen', 'id': 'C5681115'}
VCV000031945	RCV005603590	PIK3CA	1	criteria provided, single submitter	Pathogenic	{'name': 'Colorectal cancer', 'database': 'MedGen', 'id': 'C0346629'}
VCV000031945	RCV005867798	PIK3CA	1	criteria provided, single submitter	Pathogenic	{'name': 'PIK3CA-related disorder'}
VCV000031946	RCV000024624	ABCC9	2	criteria provided, multiple submitters, no conflicts	Pathogenic/Likely pathogenic	{'name': 'Hypertrichotic osteochondrodysplasia Cantu type', 'database': 'MedGen', 'id': 'C0795905'}
VCV000031946	RCV000546897	ABCC9	1	criteria provided, single submitter	Pathogenic	{'name': 'Dilated cardiomyopathy 1O', 'database': 'MedGen', 'id': 'C1837839'}
VCV000031946	RCV001270102	ABCC9	1	criteria provided, single submitter	Pathogenic	{'name': 'Abnormal facial shape', 'database': 'MedGen', 'id': 'C0424503'};{'name': 'Abnormality of the face', 'database': 'MedGen', 'id': 'C4025871'};{'name': 'Bulbous nose', 'database': 'MedGen', 'id': 'C0240543'};{'name': 'Coarse facial features', 'database': 'MedGen', 'id': 'C1845847'};{'name': 'Depressed nasal bridge', 'database': 'MedGen', 'id': 'C1836542'};{'name': 'Epicanthus', 'database': 'MedGen', 'id': 'C0678230'};{'name': 'Joint hypermobility', 'database': 'MedGen', 'id': 'C1862377'};{'name': 'Large hands', 'database': 'MedGen', 'id': 'C0426870'};{'name': 'Left ventricular hypertrophy', 'database': 'MedGen', 'id': 'C0149721'};{'name': 'Low anterior hairline', 'database': 'MedGen', 'id': 'C1842366'};{'name': 'Macrocephaly', 'database': 'MedGen', 'id': 'C2243051'};{'name': 'Micrognathia', 'database': 'MedGen', 'id': 'C0025990'};{'name': 'Patent ductus arteriosus', 'database': 'MedGen', 'id': 'C0013274'};{'name': 'Tapered finger', 'database': 'MedGen', 'id': 'C0426886'};{'name': 'Thick upper lip vermilion', 'database': 'MedGen', 'id': 'C1846423'}
VCV000031946	RCV001570693	ABCC9	2	criteria provided, multiple submitters, no conflicts	Pathogenic/Likely pathogenic	{'name': 'not provided', 'database': 'MedGen', 'id': 'C3661900'}
VCV000031946	RCV004545734	ABCC9	1	criteria provided, single submitter	Pathogenic	{'name': 'ABCC9-related disorder'}
VCV000031947	RCV000024625	ABCC9	2	criteria provided, multiple submitters, no conflicts	Pathogenic	{'name': 'Hypertrichotic osteochondrodysplasia Cantu type', 'database': 'MedGen', 'id': 'C0795905'}
VCV000031947	RCV000256056	ABCC9	1	criteria provided, single submitter	Pathogenic	{'name': 'not provided', 'database': 'MedGen', 'id': 'C3661900'}
VCV000031947	RCV000559460	ABCC9	1	criteria provided, single submitter	Pathogenic	{'name': 'Dilated cardiomyopathy 1O', 'database': 'MedGen', 'id': 'C1837839'}
VCV000031947	RCV003335056	ABCC9	1	criteria provided, single submitter	Pathogenic	{'name': 'ABCC9-related disorder'}
VCV000031949	RCV000024627	ABCC9	0	no assertion criteria provided	Pathogenic	{'name': 'Hypertrichotic osteochondrodysplasia Cantu type', 'database': 'MedGen', 'id': 'C0795905'}
VCV000031949	RCV006258932	ABCC9	1	criteria provided, single submitter	Likely pathogenic	{'name': 'not provided', 'database': 'MedGen', 'id': 'C3661900'}
VCV000035486	RCV000029158	TRPM4	1	criteria provided, conflicting classifications	Conflicting classifications of pathogenicity	{'name': 'Progressive familial heart block type IB', 'database': 'MedGen', 'id': 'C1970298'}
VCV000035486	RCV000208117	TRPM4	1	criteria provided, single submitter	Uncertain significance	{'name': 'Brugada syndrome', 'database': 'MedGen', 'id': 'C1142166'}
VCV000035486	RCV000990241	TRPM4	1	criteria provided, single submitter	Uncertain significance	{'name': 'Progressive familial heart block, type 1A', 'database': 'MedGen', 'id': 'C1879286'}
VCV000035486	RCV001090742	TRPM4	1	criteria provided, conflicting classifications	Conflicting classifications of pathogenicity	{'name': 'not provided', 'database': 'MedGen', 'id': 'C3661900'}
VCV000035486	RCV002399335	TRPM4	1	criteria provided, single submitter	Benign	{'name': 'Cardiovascular phenotype', 'database': 'MedGen', 'id': 'CN230736'}
VCV000035486	RCV004700278	TRPM4	1	criteria provided, single submitter	Likely benign	{'name': 'not specified', 'database': 'MedGen', 'id': 'CN169374'}
VCV000035487	RCV000029159	TRPM4	1	criteria provided, conflicting classifications	Conflicting classifications of pathogenicity	{'name': 'Progressive familial heart block type IB', 'database': 'MedGen', 'id': 'C1970298'}
VCV000035487	RCV000208441	TRPM4	1	criteria provided, single submitter	Uncertain significance	{'name': 'Brugada syndrome', 'database': 'MedGen', 'id': 'C1142166'}
VCV000035487	RCV000990240	TRPM4	1	criteria provided, single submitter	Uncertain significance	{'name': 'Progressive familial heart block, type 1A', 'database': 'MedGen', 'id': 'C1879286'}
VCV000035487	RCV001093252	TRPM4	2	criteria provided, multiple submitters, no conflicts	Likely benign	{'name': 'not provided', 'database': 'MedGen', 'id': 'C3661900'}
VCV000035487	RCV002381261	TRPM4	1	criteria provided, single submitter	Benign	{'name': 'Cardiovascular phenotype', 'database': 'MedGen', 'id': 'CN230736'}
VCV000035487	RCV004700279	TRPM4	1	criteria provided, single submitter	Likely benign	{'name': 'not specified', 'database': 'MedGen', 'id': 'CN169374'}
VCV000035488	RCV000029160	TRPM4	1	criteria provided, single submitter	Pathogenic	{'name': 'Progressive familial heart block type IB', 'database': 'MedGen', 'id': 'C1970298'}
VCV000035488	RCV002345254	TRPM4	1	criteria provided, single submitter	Uncertain significance	{'name': 'Cardiovascular phenotype', 'database': 'MedGen', 'id': 'CN230736'}
VCV000035488	RCV006547502	TRPM4	1	criteria provided, single submitter	Uncertain significance	{'name': 'not provided', 'database': 'MedGen', 'id': 'C3661900'}
VCV000035489	RCV000029161	TRPM4	1	criteria provided, conflicting classifications	Conflicting classifications of pathogenicity	{'name': 'Progressive familial heart block type IB', 'database': 'MedGen', 'id': 'C1970298'}
VCV000035489	RCV000249699	TRPM4	2	criteria provided, multiple submitters, no conflicts	Uncertain significance	{'name': 'Cardiovascular phenotype', 'database': 'MedGen', 'id': 'CN230736'}
VCV000035489	RCV000434894	TRPM4	2	criteria provided, multiple submitters, no conflicts	Uncertain significance	{'name': 'not provided', 'database': 'MedGen', 'id': 'C3661900'}
VCV000035489	RCV004526600	TRPM4	1	criteria provided, single submitter	Likely benign	{'name': 'not specified', 'database': 'MedGen', 'id': 'CN169374'}
VCV000035489	RCV004541017	TRPM4	0	no assertion criteria provided	Likely benign	{'name': 'TRPM4-related disorder', 'database': 'MedGen', 'id': 'CN239424'}
VCV000035528	RCV004814925	CDKN1C	0	no assertion criteria provided	Pathogenic	{'name': 'IMAGe syndrome', 'database': 'MedGen', 'id': 'C1846009'}
VCV000035531	RCV001380060	CDKN1C	1	criteria provided, single submitter	Pathogenic	{'name': 'Beckwith-Wiedemann syndrome', 'database': 'MedGen', 'id': 'C0004903'}
VCV000035531	RCV002513231	CDKN1C	1	criteria provided, single submitter	Pathogenic	{'name': 'Inborn genetic diseases', 'database': 'MedGen', 'id': 'C0950123'}
VCV000035531	RCV004814928	CDKN1C	0	no assertion criteria provided	Pathogenic	{'name': 'IMAGe syndrome', 'database': 'MedGen', 'id': 'C1846009'}
VCV000035554	RCV000029212	HRAS	0	no assertion criteria provided	Pathogenic	{'name': 'Nevus sebaceous', 'database': 'MedGen', 'id': 'C3854181'}
VCV000035554	RCV000029213	HRAS	0	no assertion criteria provided	Pathogenic	{'name': 'Linear nevus sebaceous syndrome', 'database': 'MedGen', 'id': 'C4552097'}
VCV000035554	RCV000032852	HRAS	1	criteria provided, single submitter	Pathogenic	{'name': 'Epidermal nevus', 'database': 'MedGen', 'id': 'C0334082'}
VCV000035554	RCV000173005	HRAS	0	no assertion criteria provided	Pathogenic	{'name': 'NEVUS SPILUS, SOMATIC'}
VCV000035554	RCV000173006	HRAS	0	no assertion criteria provided	Pathogenic	{'name': 'SPITZ NEVUS, SOMATIC'}
VCV000035554	RCV001255682	HRAS	0	no assertion criteria provided	Pathogenic	{'name': 'Lip and oral cavity carcinoma', 'database': 'MedGen', 'id': 'C0220641'}
VCV000035554	RCV001376004	HRAS	1	criteria provided, single submitter	Pathogenic	{'name': 'Non-immune hydrops fetalis', 'database': 'MedGen', 'id': 'C0455988'}
VCV000035554	RCV001781319	HRAS	2	criteria provided, multiple submitters, no conflicts	Pathogenic/Likely pathogenic	{'name': 'Costello syndrome', 'database': 'MedGen', 'id': 'C0587248'}
VCV000035554	RCV001813211	HRAS	1	criteria provided, single submitter	Pathogenic	{'name': 'Noonan syndrome and Noonan-related syndrome', 'database': 'MedGen', 'id': 'C5681679'}
VCV000035554	RCV001849283	HRAS	0	no assertion criteria provided	Likely pathogenic	{'name': 'cutaneous-skeletal hypophosphatemia syndrome'}
VCV000035554	RCV004739310	HRAS	0	no assertion criteria provided	Pathogenic	{'name': 'HRAS-related disorder'}
VCV000036468	RCV000030141	LHCGR	1	criteria provided, single submitter	Likely pathogenic	{'name': 'Gonadotropin-independent familial sexual precocity', 'database': 'MedGen', 'id': 'C0342549'}
VCV000036756	RCV000127908	SCN1B	2	criteria provided, multiple submitters, no conflicts	Benign	{'name': 'not specified', 'database': 'MedGen', 'id': 'CN169374'}
VCV000036756	RCV000860328	SCN1B	1	criteria provided, single submitter	Benign	{'name': 'Brugada syndrome 5', 'database': 'MedGen', 'id': 'C2748541'}
VCV000036756	RCV001841545	SCN1B	0	no assertion criteria provided	Benign	{'name': 'Cardiac arrhythmia', 'database': 'MedGen', 'id': 'C0003811'}
VCV000036756	RCV004716913	SCN1B	1	criteria provided, single submitter	Benign	{'name': 'not provided', 'database': 'MedGen', 'id': 'C3661900'}
VCV000037034	RCV000030694	PFN1	0	no assertion criteria provided	Pathogenic	{'name': 'Amyotrophic lateral sclerosis type 18', 'database': 'MedGen', 'id': 'C3553719'}
VCV000037034	RCV006461234	PFN1	1	criteria provided, single submitter	Pathogenic	{'name': 'not provided', 'database': 'MedGen', 'id': 'C3661900'}
VCV000037035	RCV000030695	PFN1	0	no assertion criteria provided	Pathogenic	{'name': 'Amyotrophic lateral sclerosis type 18', 'database': 'MedGen', 'id': 'C3553719'}
VCV000037035	RCV001852610	PFN1	1	criteria provided, single submitter	Pathogenic	{'name': 'not provided', 'database': 'MedGen', 'id': 'C3661900'}
VCV000037035	RCV004755752	PFN1	0	no assertion criteria provided	Pathogenic	{'name': 'PFN1-related disorder'}
VCV000037036	RCV000030696	PFN1	0	no assertion criteria provided	Pathogenic	{'name': 'Amyotrophic lateral sclerosis type 18', 'database': 'MedGen', 'id': 'C3553719'}
VCV000037036	RCV005089324	PFN1	1	criteria provided, single submitter	Pathogenic	{'name': 'not provided', 'database': 'MedGen', 'id': 'C3661900'}
VCV000037037	RCV000030697	PFN1	0	no assertion criteria provided	Pathogenic	{'name': 'Amyotrophic lateral sclerosis type 18', 'database': 'MedGen', 'id': 'C3553719'}
VCV000037037	RCV002247400	PFN1	2	criteria provided, multiple submitters, no conflicts	Uncertain significance	{'name': 'not specified', 'database': 'MedGen', 'id': 'CN169374'}
VCV000037037	RCV005243103	PFN1	1	criteria provided, single submitter	Benign	{'name': 'not provided', 'database': 'MedGen', 'id': 'C3661900'}
VCV000037055	RCV000030709	MYD88	0	no assertion criteria provided	Pathogenic	{'name': 'Macroglobulinemia, Waldenstrom, somatic', 'database': 'MedGen', 'id': 'C3549870'}
VCV000037055	RCV000646119	MYD88	1	criteria provided, single submitter	Uncertain significance	{'name': 'Pyogenic bacterial infections due to MyD88 deficiency', 'database': 'MedGen', 'id': 'C2677092'}
VCV000037055	RCV003315524	MYD88	0	no assertion criteria provided	Likely pathogenic	{'name': 'Malignant lymphoma, large B-cell, diffuse', 'database': 'MedGen', 'id': 'C0079744'}
VCV000037102	RCV000148773	RET	2	criteria provided, multiple submitters, no conflicts	Pathogenic	{'name': 'Multiple endocrine neoplasia, type 2', 'database': 'MedGen', 'id': 'C4048306'}
VCV000037102	RCV000182584	RET	2	criteria provided, multiple submitters, no conflicts	Pathogenic	{'name': 'not provided', 'database': 'MedGen', 'id': 'C3661900'}
VCV000037102	RCV000210181	RET	2	criteria provided, multiple submitters, no conflicts	Pathogenic/Likely pathogenic	{'name': 'Hereditary cancer-predisposing syndrome', 'database': 'MedGen', 'id': 'C0027672'}
VCV000037102	RCV000499191	RET	2	criteria provided, multiple submitters, no conflicts	Pathogenic/Likely pathogenic	{'name': 'Multiple endocrine neoplasia type 2A', 'database': 'MedGen', 'id': 'C0025268'}
VCV000037102	RCV000515232	RET	1	criteria provided, single submitter	Pathogenic	{'name': 'Congenital central hypoventilation', 'database': 'MedGen', 'id': 'C1275808'};{'name': 'Familial medullary thyroid carcinoma', 'database': 'MedGen', 'id': 'C1833921'};{'name': 'Hirschsprung disease, susceptibility to, 1', 'database': 'MedGen', 'id': 'C3888239'};{'name': 'Multiple endocrine neoplasia type 2A', 'database': 'MedGen', 'id': 'C0025268'};{'name': 'Multiple endocrine neoplasia type 2B', 'database': 'MedGen', 'id': 'C0025269'};{'name': 'Pheochromocytoma', 'database': 'MedGen', 'id': 'C0031511'};{'name': 'Renal hypodysplasia/aplasia 1', 'database': 'MedGen', 'id': 'C1619700'}
VCV000037102	RCV000586783	RET	1	criteria provided, single submitter	Pathogenic	{'name': 'MEN2 phenotype: Unclassified', 'database': 'MedGen', 'id': 'CN311636'}
VCV000037102	RCV001804750	RET	2	criteria provided, multiple submitters, no conflicts	Pathogenic	{'name': 'Familial medullary thyroid carcinoma', 'database': 'MedGen', 'id': 'C1833921'}
VCV000037102	RCV003153308	RET	1	criteria provided, single submitter	Likely pathogenic	{'name': 'Ovarian cancer', 'database': 'MedGen', 'id': 'C1140680'}
VCV000037102	RCV003460494	RET	1	criteria provided, single submitter	Pathogenic	{'name': 'Hirschsprung disease, susceptibility to, 1', 'database': 'MedGen', 'id': 'C3888239'}
VCV000037102	RCV004528141	RET	2	criteria provided, multiple submitters, no conflicts	Pathogenic/Likely pathogenic	{'name': 'RET-related disorder'}
VCV000037102	RCV004795938	RET	2	criteria provided, multiple submitters, no conflicts	Pathogenic	{'name': 'Familial medullary thyroid carcinoma', 'database': 'MedGen', 'id': 'C1833921'};{'name': 'Hirschsprung disease, susceptibility to, 1', 'database': 'MedGen', 'id': 'C3888239'};{'name': 'Multiple endocrine neoplasia type 2A', 'database': 'MedGen', 'id': 'C0025268'};{'name': 'Multiple endocrine neoplasia type 2B', 'database': 'MedGen', 'id': 'C0025269'};{'name': 'Pheochromocytoma', 'database': 'MedGen', 'id': 'C0031511'}
VCV000037102	RCV005865197	RET	1	criteria provided, single submitter	Pathogenic	{'name': 'Inherited phaeochromocytoma and paraganglioma excluding NF1'}
VCV000037102	RCV006635423	RET	1	criteria provided, single submitter	Pathogenic	{'name': 'Multiple endocrine neoplasia type 2B', 'database': 'MedGen', 'id': 'C0025269'}
VCV000037102	RCV006697411	RET	1	criteria provided, single submitter	Pathogenic	{'name': 'Familial medullary thyroid carcinoma', 'database': 'MedGen', 'id': 'C1833921'};{'name': 'Multiple endocrine neoplasia type 2A', 'database': 'MedGen', 'id': 'C0025268'}
VCV000038366	RCV000031923	PRSS1	2	criteria provided, multiple submitters, no conflicts	Pathogenic	{'name': 'Hereditary pancreatitis', 'database': 'MedGen', 'id': 'C0238339'}
VCV000038601	RCV000032040	RET	2	criteria provided, multiple submitters, no conflicts	Pathogenic	{'name': 'Multiple endocrine neoplasia, type 2', 'database': 'MedGen', 'id': 'C4048306'}
VCV000038601	RCV000182594	RET	2	criteria provided, multiple submitters, no conflicts	Pathogenic	{'name': 'not provided', 'database': 'MedGen', 'id': 'C3661900'}
VCV000038601	RCV000569893	RET	1	criteria provided, single submitter	Pathogenic	{'name': 'Hereditary cancer-predisposing syndrome', 'database': 'MedGen', 'id': 'C0027672'}
VCV000038601	RCV003233028	RET	2	criteria provided, multiple submitters, no conflicts	Pathogenic	{'name': 'Multiple endocrine neoplasia type 2A', 'database': 'MedGen', 'id': 'C0025268'}
VCV000038601	RCV004532475	RET	0	no assertion criteria provided	Pathogenic	{'name': 'RET-related disorder'}
VCV000038601	RCV004820824	RET	1	criteria provided, single submitter	Pathogenic	{'name': 'Hirschsprung disease, susceptibility to, 1', 'database': 'MedGen', 'id': 'C3888239'}
VCV000038605	RCV000021820	RET	2	criteria provided, multiple submitters, no conflicts	Pathogenic	{'name': 'Multiple endocrine neoplasia, type 2', 'database': 'MedGen', 'id': 'C4048306'}
VCV000038605	RCV002408488	RET	1	criteria provided, single submitter	Pathogenic	{'name': 'Hereditary cancer-predisposing syndrome', 'database': 'MedGen', 'id': 'C0027672'}
VCV000038605	RCV006698006	RET	1	criteria provided, single submitter	Pathogenic	{'name': 'not provided', 'database': 'MedGen', 'id': 'C3661900'}
VCV000038613	RCV000021853	RET	2	criteria provided, multiple submitters, no conflicts	Pathogenic/Likely pathogenic	{'name': 'Multiple endocrine neoplasia, type 2', 'database': 'MedGen', 'id': 'C4048306'}
VCV000038613	RCV000426266	RET	1	criteria provided, single submitter	Pathogenic	{'name': 'Multiple endocrine neoplasia type 2A', 'database': 'MedGen', 'id': 'C0025268'}
VCV000038613	RCV000479688	RET	2	criteria provided, multiple submitters, no conflicts	Pathogenic	{'name': 'not provided', 'database': 'MedGen', 'id': 'C3661900'}
VCV000038613	RCV002453279	RET	2	criteria provided, multiple submitters, no conflicts	Pathogenic	{'name': 'Hereditary cancer-predisposing syndrome', 'database': 'MedGen', 'id': 'C0027672'}
VCV000038613	RCV003226171	RET	1	criteria provided, single submitter	Pathogenic	{'name': 'MEN2 phenotype: Unclassified', 'database': 'MedGen', 'id': 'CN311636'}
VCV000039166	RCV000032440	LRRK2	0	no classification provided	not provided	{'name': 'Autosomal dominant Parkinson disease 8', 'database': 'MedGen', 'id': 'C1846862'}
VCV000039176	RCV000032450	LRRK2	1	criteria provided, conflicting classifications	Conflicting classifications of pathogenicity	{'name': 'Autosomal dominant Parkinson disease 8', 'database': 'MedGen', 'id': 'C1846862'}
VCV000039176	RCV003389750	LRRK2	2	criteria provided, multiple submitters, no conflicts	Likely benign	{'name': 'not provided', 'database': 'MedGen', 'id': 'C3661900'}
VCV000039179	RCV000032453	LRRK2	2	criteria provided, multiple submitters, no conflicts	Benign/Likely benign	{'name': 'Autosomal dominant Parkinson disease 8', 'database': 'MedGen', 'id': 'C1846862'}
VCV000039179	RCV001564529	LRRK2	2	criteria provided, multiple submitters, no conflicts	Benign/Likely benign	{'name': 'not provided', 'database': 'MedGen', 'id': 'C3661900'}
VCV000039179	RCV003924881	LRRK2	0	no assertion criteria provided	Benign	{'name': 'LRRK2-related disorder'}
VCV000039183	RCV000032457	LRRK2	0	no classification provided	not provided	{'name': 'Autosomal dominant Parkinson disease 8', 'database': 'MedGen', 'id': 'C1846862'}
VCV000039198	RCV000032472	LRRK2	1	criteria provided, conflicting classifications	Conflicting classifications of pathogenicity	{'name': 'Autosomal dominant Parkinson disease 8', 'database': 'MedGen', 'id': 'C1846862'}
VCV000039198	RCV000984891	LRRK2	0	no assertion criteria provided	Likely pathogenic	{'name': 'Early onset Alzheimer disease with behavioral disturbance', 'database': 'MedGen', 'id': 'C3697680'}
VCV000039198	RCV000984892	LRRK2	0	no assertion criteria provided	Pathogenic	{'name': 'Spinocerebellar atrophy', 'database': 'MedGen', 'id': 'C0087012'}
VCV000039198	RCV000984893	LRRK2	0	no assertion criteria provided	Pathogenic	{'name': 'Autosomal dominant Parkinson disease 8', 'database': 'MedGen', 'id': 'C1846862'};{'name': 'Klippel-Feil syndrome 1, autosomal dominant', 'database': 'MedGen', 'id': 'C1861689'}
VCV000039198	RCV001705623	LRRK2	2	criteria provided, multiple submitters, no conflicts	Benign/Likely benign	{'name': 'not provided', 'database': 'MedGen', 'id': 'C3661900'}
VCV000039198	RCV003993756	LRRK2	1	criteria provided, single submitter	Benign	{'name': 'Parkinson disease', 'database': 'MedGen', 'id': 'C0030567'}
VCV000039200	RCV000032474	LRRK2	2	criteria provided, multiple submitters, no conflicts	Benign/Likely benign	{'name': 'Autosomal dominant Parkinson disease 8', 'database': 'MedGen', 'id': 'C1846862'}
VCV000039200	RCV000712241	LRRK2	2	criteria provided, multiple submitters, no conflicts	Benign/Likely benign	{'name': 'not provided', 'database': 'MedGen', 'id': 'C3661900'}
VCV000039200	RCV003974864	LRRK2	0	no assertion criteria provided	Benign	{'name': 'LRRK2-related disorder'}
VCV000039200	RCV006439599	LRRK2	1	criteria provided, single submitter	Benign	{'name': 'not specified', 'database': 'MedGen', 'id': 'CN169374'}
VCV000039229	RCV000032503	LRRK2	1	criteria provided, conflicting classifications	Conflicting classifications of pathogenicity	{'name': 'Autosomal dominant Parkinson disease 8', 'database': 'MedGen', 'id': 'C1846862'}
VCV000039229	RCV004546417	LRRK2	1	criteria provided, conflicting classifications	Conflicting classifications of pathogenicity	{'name': 'not provided', 'database': 'MedGen', 'id': 'C3661900'}
VCV000039444	RCV000032639	SCN5A	2	criteria provided, multiple submitters, no conflicts	Pathogenic/Likely pathogenic	{'name': 'Dilated cardiomyopathy 1E', 'database': 'MedGen', 'id': 'C1832680'}
VCV000039444	RCV000058833	SCN5A	0	no classification provided	not provided	{'name': 'Congenital long QT syndrome', 'database': 'MedGen', 'id': 'C1141890'}
VCV000039444	RCV000182941	SCN5A	2	criteria provided, multiple submitters, no conflicts	Pathogenic	{'name': 'not provided', 'database': 'MedGen', 'id': 'C3661900'}
VCV000039444	RCV000211852	SCN5A	0	no assertion criteria provided	Pathogenic	{'name': 'Primary dilated cardiomyopathy', 'database': 'MedGen', 'id': 'C0007193'}
VCV000039444	RCV000678965	SCN5A	1	criteria provided, single submitter	Pathogenic	{'name': 'Long QT syndrome 3', 'database': 'MedGen', 'id': 'C1859062'}
VCV000039444	RCV000763109	SCN5A	1	criteria provided, single submitter	Pathogenic	{'name': 'Atrial fibrillation, familial, 10', 'database': 'MedGen', 'id': 'C3151464'};{'name': 'Brugada syndrome 1', 'database': 'MedGen', 'id': 'C4551804'};{'name': 'Dilated cardiomyopathy 1E', 'database': 'MedGen', 'id': 'C1832680'};{'name': 'Long QT syndrome 3', 'database': 'MedGen', 'id': 'C1859062'};{'name': 'Progressive familial heart block, type 1A', 'database': 'MedGen', 'id': 'C1879286'};{'name': 'SUDDEN INFANT DEATH SYNDROME', 'database': 'MedGen', 'id': 'C0038644'};{'name': 'Sick sinus syndrome 1', 'database': 'MedGen', 'id': 'C1837845'};{'name': 'Ventricular fibrillation, paroxysmal familial, type 1', 'database': 'MedGen', 'id': 'C2751898'}
VCV000039444	RCV005403729	SCN5A	1	criteria provided, single submitter	Pathogenic	{'name': 'Cardiovascular phenotype', 'database': 'MedGen', 'id': 'CN230736'}
VCV000039510	RCV000032706	NRL	0	no assertion criteria provided	Pathogenic	{'name': 'Retinitis pigmentosa 27', 'database': 'MedGen', 'id': 'C1834329'}
VCV000039510	RCV001074266	NRL	1	criteria provided, single submitter	Uncertain significance	{'name': 'Retinal dystrophy', 'database': 'MedGen', 'id': 'C0854723'}
VCV000039510	RCV005089330	NRL	1	criteria provided, single submitter	Uncertain significance	{'name': 'not provided', 'database': 'MedGen', 'id': 'C3661900'}
VCV000039581	RCV000032781	PACS1	2	criteria provided, multiple submitters, no conflicts	Pathogenic	{'name': 'Schuurs-Hoeijmakers syndrome', 'database': 'MedGen', 'id': 'C3554343'}
VCV000039581	RCV000210719	PACS1	1	criteria provided, single submitter	Pathogenic	{'name': 'Inborn genetic diseases', 'database': 'MedGen', 'id': 'C0950123'}
VCV000039581	RCV000429725	PACS1	2	criteria provided, multiple submitters, no conflicts	Pathogenic/Likely pathogenic	{'name': 'not provided', 'database': 'MedGen', 'id': 'C3661900'}
VCV000039581	RCV001095741	PACS1	1	criteria provided, single submitter	Pathogenic	{'name': 'PACS1-related syndrome'}
VCV000039581	RCV001255394	PACS1	1	criteria provided, single submitter	Pathogenic	{'name': 'Global developmental delay', 'database': 'MedGen', 'id': 'C0557874'}
VCV000039581	RCV001310258	PACS1	2	criteria provided, multiple submitters, no conflicts	Pathogenic	{'name': 'Intellectual disability', 'database': 'MedGen', 'id': 'C3714756'}
VCV000039581	RCV001375021	PACS1	1	criteria provided, single submitter	Pathogenic	{'name': 'Neurodevelopmental disorder', 'database': 'MedGen', 'id': 'C1535926'}
VCV000039581	RCV002251940	PACS1	1	criteria provided, single submitter	Pathogenic	{'name': 'See cases'}
VCV000039581	RCV003398585	PACS1	0	no assertion criteria provided	Pathogenic	{'name': 'PACS1-related disorder'}
VCV000039593	RCV000032793	KCNT1	2	criteria provided, multiple submitters, no conflicts	Pathogenic	{'name': 'Developmental and epileptic encephalopathy, 14', 'database': 'MedGen', 'id': 'C3554195'}
VCV000039593	RCV000117358	KCNT1	1	criteria provided, single submitter	Pathogenic	{'name': 'Autosomal dominant nocturnal frontal lobe epilepsy 5', 'database': 'MedGen', 'id': 'C3554306'}
VCV000039593	RCV000413614	KCNT1	2	criteria provided, multiple submitters, no conflicts	Pathogenic	{'name': 'not provided', 'database': 'MedGen', 'id': 'C3661900'}
VCV000039593	RCV000805871	KCNT1	1	criteria provided, single submitter	Pathogenic	{'name': 'Autosomal dominant nocturnal frontal lobe epilepsy 5', 'database': 'MedGen', 'id': 'C3554306'};{'name': 'Developmental and epileptic encephalopathy, 14', 'database': 'MedGen', 'id': 'C3554195'}
VCV000039593	RCV002251941	KCNT1	1	criteria provided, single submitter	Pathogenic	{'name': 'See cases'}
VCV000039594	RCV000032794	KCNT1	2	criteria provided, multiple submitters, no conflicts	Pathogenic	{'name': 'Developmental and epileptic encephalopathy, 14', 'database': 'MedGen', 'id': 'C3554195'}
VCV000039594	RCV000494477	KCNT1	2	criteria provided, multiple submitters, no conflicts	Pathogenic	{'name': 'not provided', 'database': 'MedGen', 'id': 'C3661900'}
VCV000039594	RCV000791441	KCNT1	1	criteria provided, single submitter	Pathogenic	{'name': 'Autosomal dominant nocturnal frontal lobe epilepsy 5', 'database': 'MedGen', 'id': 'C3554306'};{'name': 'Developmental and epileptic encephalopathy, 14', 'database': 'MedGen', 'id': 'C3554195'}
VCV000039595	RCV000032795	KCNT1	2	criteria provided, multiple submitters, no conflicts	Pathogenic/Likely pathogenic	{'name': 'Developmental and epileptic encephalopathy, 14', 'database': 'MedGen', 'id': 'C3554195'}
VCV000039595	RCV000414268	KCNT1	2	criteria provided, multiple submitters, no conflicts	Pathogenic	{'name': 'not provided', 'database': 'MedGen', 'id': 'C3661900'}
VCV000039595	RCV000546032	KCNT1	2	criteria provided, multiple submitters, no conflicts	Pathogenic	{'name': 'Autosomal dominant nocturnal frontal lobe epilepsy 5', 'database': 'MedGen', 'id': 'C3554306'};{'name': 'Developmental and epileptic encephalopathy, 14', 'database': 'MedGen', 'id': 'C3554195'}
VCV000039595	RCV000624507	KCNT1	1	criteria provided, single submitter	Pathogenic	{'name': 'Inborn genetic diseases', 'database': 'MedGen', 'id': 'C0950123'}
VCV000039595	RCV001253027	KCNT1	1	criteria provided, single submitter	Pathogenic	{'name': 'Autosomal dominant nocturnal frontal lobe epilepsy 5', 'database': 'MedGen', 'id': 'C3554306'}
VCV000039595	RCV002274887	KCNT1	0	no assertion criteria provided	Pathogenic	{'name': 'Seizure', 'database': 'MedGen', 'id': 'C0036572'}
VCV000039595	RCV003390714	KCNT1	1	criteria provided, single submitter	Pathogenic	{'name': 'KCNT1-related disorder'}
VCV000039595	RCV004018702	KCNT1	1	criteria provided, single submitter	Pathogenic	{'name': 'Developmental and epileptic encephalopathy, 15', 'database': 'MedGen', 'id': 'C3554316'}
VCV000039598	RCV000032798	KCNT1	1	criteria provided, single submitter	Likely pathogenic	{'name': 'Autosomal dominant nocturnal frontal lobe epilepsy 5', 'database': 'MedGen', 'id': 'C3554306'}
VCV000039598	RCV000813544	KCNT1	1	criteria provided, single submitter	Pathogenic	{'name': 'Autosomal dominant nocturnal frontal lobe epilepsy 5', 'database': 'MedGen', 'id': 'C3554306'};{'name': 'Developmental and epileptic encephalopathy, 14', 'database': 'MedGen', 'id': 'C3554195'}
VCV000039599	RCV000032799	KCNT1	2	criteria provided, multiple submitters, no conflicts	Likely pathogenic	{'name': 'Autosomal dominant nocturnal frontal lobe epilepsy 5', 'database': 'MedGen', 'id': 'C3554306'}
VCV000039599	RCV000412976	KCNT1	2	criteria provided, multiple submitters, no conflicts	Pathogenic	{'name': 'not provided', 'database': 'MedGen', 'id': 'C3661900'}
VCV000039599	RCV000553512	KCNT1	2	criteria provided, multiple submitters, no conflicts	Pathogenic	{'name': 'Autosomal dominant nocturnal frontal lobe epilepsy 5', 'database': 'MedGen', 'id': 'C3554306'};{'name': 'Developmental and epileptic encephalopathy, 14', 'database': 'MedGen', 'id': 'C3554195'}
VCV000039599	RCV000787272	KCNT1	2	criteria provided, multiple submitters, no conflicts	Pathogenic	{'name': 'Developmental and epileptic encephalopathy, 14', 'database': 'MedGen', 'id': 'C3554195'}
VCV000039599	RCV001375627	KCNT1	1	criteria provided, single submitter	Pathogenic	{'name': 'Epilepsy syndrome', 'database': 'MedGen', 'id': 'C4505072'}
VCV000039599	RCV003398586	KCNT1	1	criteria provided, single submitter	Pathogenic	{'name': 'KCNT1-related disorder'}
VCV000039599	RCV004576914	KCNT1	1	criteria provided, single submitter	Pathogenic	{'name': 'Seizure', 'database': 'MedGen', 'id': 'C0036572'}
VCV000039599	RCV006257258	KCNT1	1	criteria provided, single submitter	Pathogenic	{'name': 'Childhood-onset epilepsy syndrome', 'database': 'MedGen', 'id': 'C5681526'}
VCV000039602	RCV000032802	TRPA1	0	no assertion criteria provided	Pathogenic	{'name': 'Familial episodic pain syndrome with predominantly upper body involvement', 'database': 'MedGen', 'id': 'C3808667'}
VCV000039648	RCV000032849	NRAS	0	no assertion criteria provided	Pathogenic	{'name': 'Epidermal nevus', 'database': 'MedGen', 'id': 'C0334082'}
VCV000039648	RCV000144963	NRAS	0	no assertion criteria provided	Pathogenic	{'name': 'Juvenile myelomonocytic leukemia', 'database': 'MedGen', 'id': 'C0349639'}
VCV000039648	RCV000158980	NRAS	2	criteria provided, multiple submitters, no conflicts	Pathogenic	{'name': 'not provided', 'database': 'MedGen', 'id': 'C3661900'}
VCV000039648	RCV001781333	NRAS	2	criteria provided, multiple submitters, no conflicts	Pathogenic	{'name': 'Noonan syndrome 6', 'database': 'MedGen', 'id': 'C2750732'}
VCV000039648	RCV001813214	NRAS	1	criteria provided, single submitter	Likely pathogenic	{'name': 'Noonan syndrome and Noonan-related syndrome', 'database': 'MedGen', 'id': 'C5681679'}
VCV000039648	RCV001852659	NRAS	1	criteria provided, single submitter	Pathogenic	{'name': 'RASopathy', 'database': 'MedGen', 'id': 'C5555857'}
VCV000039648	RCV003221788	NRAS	2	criteria provided, multiple submitters, no conflicts	Pathogenic	{'name': 'Autoimmune lymphoproliferative syndrome type 4', 'database': 'MedGen', 'id': 'C2674723'}
VCV000039648	RCV003415756	NRAS	2	criteria provided, multiple submitters, no conflicts	Pathogenic/Likely pathogenic	{'name': 'NRAS-related disorder'}
VCV000039648	RCV004018703	NRAS	1	criteria provided, single submitter	Pathogenic	{'name': 'Cardiovascular phenotype', 'database': 'MedGen', 'id': 'CN230736'}
VCV000039648	RCV005603591	NRAS	1	criteria provided, single submitter	Pathogenic	{'name': 'Colorectal cancer', 'database': 'MedGen', 'id': 'C0346629'}
VCV000039648	RCV005862741	NRAS	1	criteria provided, single submitter	Likely pathogenic	{'name': 'Large congenital melanocytic nevus', 'database': 'MedGen', 'id': 'C1842036'}
VCV000039700	RCV000032902	RNF213	1	criteria provided, conflicting classifications	Conflicting classifications of pathogenicity	{'name': 'Moyamoya disease 2', 'database': 'MedGen', 'id': 'C1846689'}
VCV000039700	RCV001531872	RNF213	2	criteria provided, multiple submitters, no conflicts	Pathogenic	{'name': 'not provided', 'database': 'MedGen', 'id': 'C3661900'}
VCV000039700	RCV004955260	RNF213	1	criteria provided, single submitter	Pathogenic	{'name': 'Inborn genetic diseases', 'database': 'MedGen', 'id': 'C0950123'}
VCV000039705	RCV000032909	PIK3CA	2	criteria provided, multiple submitters, no conflicts	Pathogenic	{'name': 'Megalencephaly-capillary malformation-polymicrogyria syndrome', 'database': 'MedGen', 'id': 'C1865285'}
VCV000039705	RCV000038675	PIK3CA	1	criteria provided, single submitter	Pathogenic	{'name': 'Non-small cell lung carcinoma', 'database': 'MedGen', 'id': 'C0007131'}
VCV000039705	RCV000698423	PIK3CA	1	criteria provided, single submitter	Pathogenic	{'name': 'Cowden syndrome', 'database': 'MedGen', 'id': 'C0018553'}
VCV000039705	RCV000763508	PIK3CA	1	criteria provided, single submitter	Pathogenic	{'name': 'CLAPO syndrome', 'database': 'MedGen', 'id': 'C2751313'};{'name': 'CLOVES syndrome', 'database': 'MedGen', 'id': 'C2752042'};{'name': 'Carcinoma of colon', 'database': 'MedGen', 'id': 'C0699790'};{'name': 'Congenital macrodactylia', 'database': 'MedGen', 'id': 'C0265552'};{'name': 'Cowden syndrome 5', 'database': 'MedGen', 'id': 'C3554518'};{'name': 'Epidermal nevus', 'database': 'MedGen', 'id': 'C0334082'};{'name': 'Familial cancer of breast', 'database': 'MedGen', 'id': 'C0346153'};{'name': 'Hepatocellular carcinoma', 'database': 'MedGen', 'id': 'C2239176'};{'name': 'Lung carcinoma', 'database': 'MedGen', 'id': 'C0684249'};{'name': 'Megalencephaly-capillary malformation-polymicrogyria syndrome', 'database': 'MedGen', 'id': 'C1865285'};{'name': 'Neoplasm of stomach', 'database': 'MedGen', 'id': 'C0038356'};{'name': 'Ovarian neoplasm', 'database': 'MedGen', 'id': 'C0919267'};{'name': 'Seborrheic keratosis', 'database': 'MedGen', 'id': 'C0022603'}
VCV000039705	RCV001092441	PIK3CA	2	criteria provided, multiple submitters, no conflicts	Pathogenic	{'name': 'not provided', 'database': 'MedGen', 'id': 'C3661900'}
VCV000039705	RCV001705625	PIK3CA	1	criteria provided, single submitter	Pathogenic	{'name': 'Segmental undergrowth associated with mainly venous malformation with capillary component'}
VCV000039705	RCV002226661	PIK3CA	1	criteria provided, single submitter	Pathogenic	{'name': 'CLOVES syndrome', 'database': 'MedGen', 'id': 'C2752042'}
VCV000039705	RCV003233079	PIK3CA	2	criteria provided, multiple submitters, no conflicts	Pathogenic	{'name': 'PIK3CA related overgrowth syndrome', 'database': 'MedGen', 'id': 'C4728213'}
VCV000039705	RCV003882732	PIK3CA	0	no assertion criteria provided	Pathogenic	{'name': 'HEMIFACIAL MYOHYPERPLASIA, SOMATIC'}
VCV000039705	RCV004698336	PIK3CA	1	criteria provided, single submitter	Pathogenic	{'name': 'PIK3CA overgrowth syndrome'}
VCV000039705	RCV004955262	PIK3CA	1	criteria provided, single submitter	Pathogenic	{'name': 'Inborn genetic diseases', 'database': 'MedGen', 'id': 'C0950123'}
VCV000039806	RCV000033027	CAPN5	0	no assertion criteria provided	Pathogenic	{'name': 'Proliferative vitreoretinopathy', 'database': 'MedGen', 'id': 'C0242852'}
VCV000039806	RCV001383042	CAPN5	2	criteria provided, multiple submitters, no conflicts	Pathogenic	{'name': 'not provided', 'database': 'MedGen', 'id': 'C3661900'}
VCV000039806	RCV001535499	CAPN5	0	no classification provided	not provided	{'name': 'Autosomal dominant neovascular inflammatory vitreoretinopathy', 'database': 'MedGen', 'id': 'C4721549'}
VCV000039966	RCV001269688	GRIA1	2	criteria provided, multiple submitters, no conflicts	Pathogenic/Likely pathogenic	{'name': 'not provided', 'database': 'MedGen', 'id': 'C3661900'}
VCV000039966	RCV001420360	GRIA1	0	no assertion criteria provided	Pathogenic	{'name': 'Intellectual disability', 'database': 'MedGen', 'id': 'C3714756'}
VCV000039966	RCV002260601	GRIA1	2	criteria provided, multiple submitters, no conflicts	Pathogenic/Likely pathogenic	{'name': 'Intellectual developmental disorder, autosomal dominant 67', 'database': 'MedGen', 'id': 'C5677006'}
VCV000039966	RCV006257259	GRIA1	1	criteria provided, single submitter	Likely pathogenic	{'name': 'Intellectual developmental disorder, autosomal dominant 67', 'database': 'MedGen', 'id': 'C5677006'};{'name': 'Intellectual developmental disorder, autosomal recessive 76', 'database': 'MedGen', 'id': 'C5677007'}
VCV000039975	RCV000033109	CAMK2G	0	no assertion criteria provided	Pathogenic	{'name': 'Severe intellectual disability', 'database': 'MedGen', 'id': 'C0036857'}
VCV000039975	RCV000678045	CAMK2G	1	criteria provided, single submitter	Likely pathogenic	{'name': 'Autism', 'database': 'MedGen', 'id': 'C0004352'};{'name': 'Generalized hypotonia', 'database': 'MedGen', 'id': 'C1858120'};{'name': 'Global developmental delay', 'database': 'MedGen', 'id': 'C0557874'};{'name': 'Severe intellectual disability', 'database': 'MedGen', 'id': 'C0036857'}
VCV000039975	RCV001588840	CAMK2G	1	criteria provided, single submitter	Pathogenic	{'name': 'Intellectual developmental disorder 59', 'database': 'MedGen', 'id': 'C5193190'}
VCV000040348	RCV000033284	BRAF	1	criteria provided, single submitter	Pathogenic	{'name': 'not provided', 'database': 'MedGen', 'id': 'C3661900'}
VCV000040348	RCV000037957	BRAF	1	criteria provided, single submitter	Likely pathogenic	{'name': 'Cardio-facio-cutaneous syndrome', 'database': 'MedGen', 'id': 'C1275081'}
VCV000040348	RCV000055897	BRAF	0	no classification provided	not provided	{'name': 'Noonan syndrome with multiple lentigines', 'database': 'MedGen', 'id': 'C0175704'}
VCV000040348	RCV000688777	BRAF	1	criteria provided, single submitter	Pathogenic	{'name': 'RASopathy', 'database': 'MedGen', 'id': 'C5555857'}
VCV000040348	RCV000788012	BRAF	3	reviewed by expert panel	Pathogenic	{'name': 'Noonan syndrome and Noonan-related syndrome', 'database': 'MedGen', 'id': 'C5681679'}
VCV000040348	RCV002273939	BRAF	1	criteria provided, single submitter	Pathogenic	{'name': 'Neurodevelopmental delay', 'database': 'MedGen', 'id': 'C4022738'}
VCV000040348	RCV006704501	BRAF	1	criteria provided, single submitter	Pathogenic	{'name': 'Noonan syndrome 7', 'database': 'MedGen', 'id': 'C3150970'}
VCV000040366	RCV000033305	BRAF	2	criteria provided, multiple submitters, no conflicts	Pathogenic/Likely pathogenic	{'name': 'not provided', 'database': 'MedGen', 'id': 'C3661900'}
VCV000040366	RCV000037917	BRAF	1	criteria provided, single submitter	Pathogenic	{'name': 'Cardio-facio-cutaneous syndrome', 'database': 'MedGen', 'id': 'C1275081'}
VCV000040366	RCV000797502	BRAF	1	criteria provided, single submitter	Pathogenic	{'name': 'RASopathy', 'database': 'MedGen', 'id': 'C5555857'}
VCV000040366	RCV001293860	BRAF	1	criteria provided, single submitter	Pathogenic	{'name': 'Cardiofaciocutaneous syndrome 1', 'database': 'MedGen', 'id': 'CN029449'}
VCV000040366	RCV001813222	BRAF	1	criteria provided, single submitter	Pathogenic	{'name': 'Noonan syndrome and Noonan-related syndrome', 'database': 'MedGen', 'id': 'C5681679'}
VCV000040366	RCV002251944	BRAF	1	criteria provided, single submitter	Pathogenic	{'name': 'See cases'}
VCV000040366	RCV003407389	BRAF	1	criteria provided, single submitter	Pathogenic	{'name': 'BRAF-related disorder'}
VCV000040371	RCV000207509	BRAF	2	criteria provided, multiple submitters, no conflicts	Pathogenic/Likely pathogenic	{'name': 'not provided', 'database': 'MedGen', 'id': 'C3661900'}
VCV000040371	RCV001814021	BRAF	0	no assertion criteria provided	Pathogenic	{'name': 'Cardio-facio-cutaneous syndrome', 'database': 'MedGen', 'id': 'C1275081'}
VCV000040388	RCV000033334	BRAF	1	criteria provided, single submitter	Pathogenic	{'name': 'not provided', 'database': 'MedGen', 'id': 'C3661900'}
VCV000040388	RCV000824927	BRAF	0	no assertion criteria provided	Uncertain significance	{'name': 'Noonan syndrome', 'database': 'MedGen', 'id': 'C0028326'}
VCV000040388	RCV001172273	BRAF	3	reviewed by expert panel	Pathogenic	{'name': 'RASopathy', 'database': 'MedGen', 'id': 'C5555857'}
VCV000040388	RCV001705626	BRAF	1	criteria provided, single submitter	Likely pathogenic	{'name': 'Cardiofaciocutaneous syndrome 1', 'database': 'MedGen', 'id': 'CN029449'}
VCV000040388	RCV006704505	BRAF	1	criteria provided, single submitter	Pathogenic	{'name': 'BRAF-related disorder'}
VCV000040498	RCV000033469	PTPN11	3	reviewed by expert panel	Pathogenic	{'name': 'RASopathy', 'database': 'MedGen', 'id': 'C5555857'}
VCV000040498	RCV000037633	PTPN11	1	criteria provided, single submitter	Pathogenic	{'name': 'Noonan syndrome', 'database': 'MedGen', 'id': 'C0028326'}
VCV000040498	RCV000212889	PTPN11	2	criteria provided, multiple submitters, no conflicts	Pathogenic	{'name': 'not provided', 'database': 'MedGen', 'id': 'C3661900'}
VCV000040498	RCV002415446	PTPN11	1	criteria provided, single submitter	Pathogenic	{'name': 'Cardiovascular phenotype', 'database': 'MedGen', 'id': 'CN230736'}
VCV000040498	RCV004795946	PTPN11	2	criteria provided, multiple submitters, no conflicts	Pathogenic	{'name': 'Noonan syndrome 1', 'database': 'MedGen', 'id': 'C4551602'}
VCV000040521	RCV000106324	PTPN11	0	no classification provided	not provided	{'name': 'Noonan syndrome 1', 'database': 'MedGen', 'id': 'C4551602'}
VCV000040521	RCV000526885	PTPN11	2	criteria provided, multiple submitters, no conflicts	Pathogenic	{'name': 'RASopathy', 'database': 'MedGen', 'id': 'C5555857'}
VCV000040522	RCV000037658	PTPN11	3	reviewed by expert panel	Pathogenic	{'name': 'Noonan syndrome', 'database': 'MedGen', 'id': 'C0028326'}
VCV000040522	RCV000153788	PTPN11	2	criteria provided, multiple submitters, no conflicts	Pathogenic	{'name': 'not provided', 'database': 'MedGen', 'id': 'C3661900'}
VCV000040522	RCV000234910	PTPN11	2	criteria provided, multiple submitters, no conflicts	Pathogenic/Likely pathogenic	{'name': 'Noonan syndrome 1', 'database': 'MedGen', 'id': 'C4551602'}
VCV000040522	RCV000477501	PTPN11	3	reviewed by expert panel	Pathogenic	{'name': 'RASopathy', 'database': 'MedGen', 'id': 'C5555857'}
VCV000040522	RCV000723292	PTPN11	1	criteria provided, single submitter	Pathogenic	{'name': 'PTPN11-related disorder'}
VCV000040522	RCV000988915	PTPN11	2	criteria provided, multiple submitters, no conflicts	Pathogenic	{'name': 'Metachondromatosis', 'database': 'MedGen', 'id': 'C0410530'}
VCV000040522	RCV001253554	PTPN11	2	criteria provided, multiple submitters, no conflicts	Pathogenic	{'name': 'LEOPARD syndrome 1', 'database': 'MedGen', 'id': 'C4551484'}
VCV000040522	RCV001536068	PTPN11	2	criteria provided, multiple submitters, no conflicts	Pathogenic	{'name': 'Juvenile myelomonocytic leukemia', 'database': 'MedGen', 'id': 'C0349639'};{'name': 'LEOPARD syndrome 1', 'database': 'MedGen', 'id': 'C4551484'};{'name': 'Metachondromatosis', 'database': 'MedGen', 'id': 'C0410530'};{'name': 'Noonan syndrome 1', 'database': 'MedGen', 'id': 'C4551602'}
VCV000040522	RCV002415447	PTPN11	1	criteria provided, single submitter	Pathogenic	{'name': 'Cardiovascular phenotype', 'database': 'MedGen', 'id': 'CN230736'}
VCV000040522	RCV005865201	PTPN11	1	criteria provided, single submitter	Pathogenic	{'name': 'Monogenic short statue'}
VCV000040559	RCV000033546	PTPN11	1	criteria provided, single submitter	Pathogenic	{'name': 'RASopathy', 'database': 'MedGen', 'id': 'C5555857'}
VCV000040559	RCV000077852	PTPN11	2	criteria provided, multiple submitters, no conflicts	Pathogenic	{'name': 'not provided', 'database': 'MedGen', 'id': 'C3661900'}
VCV000040559	RCV000157015	PTPN11	0	no assertion criteria provided	Pathogenic	{'name': 'Noonan syndrome', 'database': 'MedGen', 'id': 'C0028326'}
VCV000040559	RCV000618529	PTPN11	1	criteria provided, single submitter	Pathogenic	{'name': 'Cardiovascular phenotype', 'database': 'MedGen', 'id': 'CN230736'}
VCV000040559	RCV000660241	PTPN11	2	criteria provided, multiple submitters, no conflicts	Pathogenic	{'name': 'Noonan syndrome 1', 'database': 'MedGen', 'id': 'C4551602'}
VCV000040559	RCV000762886	PTPN11	1	criteria provided, single submitter	Pathogenic	{'name': 'Juvenile myelomonocytic leukemia', 'database': 'MedGen', 'id': 'C0349639'};{'name': 'LEOPARD syndrome 1', 'database': 'MedGen', 'id': 'C4551484'};{'name': 'Metachondromatosis', 'database': 'MedGen', 'id': 'C0410530'};{'name': 'Noonan syndrome 1', 'database': 'MedGen', 'id': 'C4551602'}
VCV000040559	RCV000824749	PTPN11	1	criteria provided, single submitter	Pathogenic	{'name': 'Juvenile myelomonocytic leukemia', 'database': 'MedGen', 'id': 'C0349639'};{'name': 'Noonan syndrome', 'database': 'MedGen', 'id': 'C0028326'}
VCV000040559	RCV001813261	PTPN11	1	criteria provided, single submitter	Pathogenic	{'name': 'Noonan syndrome and Noonan-related syndrome', 'database': 'MedGen', 'id': 'C5681679'}
VCV000040559	RCV003147310	PTPN11	1	criteria provided, single submitter	Pathogenic	{'name': 'Metachondromatosis', 'database': 'MedGen', 'id': 'C0410530'}
VCV000040559	RCV003147311	PTPN11	1	criteria provided, single submitter	Pathogenic	{'name': 'LEOPARD syndrome 1', 'database': 'MedGen', 'id': 'C4551484'}
VCV000040559	RCV004532495	PTPN11	0	no assertion criteria provided	Pathogenic	{'name': 'PTPN11-related disorder'}
VCV000040559	RCV005624717	PTPN11	1	criteria provided, single submitter	Pathogenic	{'name': 'Intellectual disability', 'database': 'MedGen', 'id': 'C3714756'}
VCV000040559	RCV005865206	PTPN11	1	criteria provided, single submitter	Pathogenic	{'name': 'Monogenic short statue'}
VCV000040561	RCV000033548	PTPN11	2	criteria provided, multiple submitters, no conflicts	Pathogenic/Likely pathogenic	{'name': 'not provided', 'database': 'MedGen', 'id': 'C3661900'}
VCV000040561	RCV000532971	PTPN11	1	criteria provided, single submitter	Pathogenic	{'name': 'RASopathy', 'database': 'MedGen', 'id': 'C5555857'}
VCV000040561	RCV000677651	PTPN11	2	criteria provided, multiple submitters, no conflicts	Pathogenic	{'name': 'LEOPARD syndrome 1', 'database': 'MedGen', 'id': 'C4551484'}
VCV000040561	RCV001330778	PTPN11	2	criteria provided, multiple submitters, no conflicts	Pathogenic	{'name': 'Noonan syndrome 1', 'database': 'MedGen', 'id': 'C4551602'}
VCV000040561	RCV002490448	PTPN11	1	criteria provided, single submitter	Pathogenic	{'name': 'Juvenile myelomonocytic leukemia', 'database': 'MedGen', 'id': 'C0349639'};{'name': 'LEOPARD syndrome 1', 'database': 'MedGen', 'id': 'C4551484'};{'name': 'Metachondromatosis', 'database': 'MedGen', 'id': 'C0410530'};{'name': 'Noonan syndrome 1', 'database': 'MedGen', 'id': 'C4551602'}
VCV000040561	RCV003450655	PTPN11	1	criteria provided, single submitter	Pathogenic	{'name': 'Metachondromatosis', 'database': 'MedGen', 'id': 'C0410530'}
VCV000040562	RCV000033549	PTPN11	2	criteria provided, multiple submitters, no conflicts	Pathogenic	{'name': 'RASopathy', 'database': 'MedGen', 'id': 'C5555857'}
VCV000040562	RCV000077853	PTPN11	2	criteria provided, multiple submitters, no conflicts	Pathogenic	{'name': 'not provided', 'database': 'MedGen', 'id': 'C3661900'}
VCV000040562	RCV000156983	PTPN11	3	reviewed by expert panel	Pathogenic	{'name': 'Noonan syndrome', 'database': 'MedGen', 'id': 'C0028326'}
VCV000040562	RCV000677652	PTPN11	2	criteria provided, multiple submitters, no conflicts	Pathogenic/Likely pathogenic	{'name': 'Noonan syndrome 1', 'database': 'MedGen', 'id': 'C4551602'}
VCV000040562	RCV000762887	PTPN11	2	criteria provided, multiple submitters, no conflicts	Pathogenic	{'name': 'Juvenile myelomonocytic leukemia', 'database': 'MedGen', 'id': 'C0349639'};{'name': 'LEOPARD syndrome 1', 'database': 'MedGen', 'id': 'C4551484'};{'name': 'Metachondromatosis', 'database': 'MedGen', 'id': 'C0410530'};{'name': 'Noonan syndrome 1', 'database': 'MedGen', 'id': 'C4551602'}
VCV000040562	RCV001027841	PTPN11	1	criteria provided, single submitter	Pathogenic	{'name': 'LEOPARD syndrome 1', 'database': 'MedGen', 'id': 'C4551484'};{'name': 'Metachondromatosis', 'database': 'MedGen', 'id': 'C0410530'};{'name': 'Noonan syndrome 1', 'database': 'MedGen', 'id': 'C4551602'}
VCV000040562	RCV002390132	PTPN11	1	criteria provided, single submitter	Pathogenic	{'name': 'Cardiovascular phenotype', 'database': 'MedGen', 'id': 'CN230736'}
VCV000040562	RCV003991572	PTPN11	1	criteria provided, single submitter	Pathogenic	{'name': 'Male infertility with azoospermia or oligozoospermia due to single gene mutation', 'database': 'MedGen', 'id': 'C5681165'}
VCV000040562	RCV004532496	PTPN11	1	criteria provided, single submitter	Pathogenic	{'name': 'PTPN11-related disorder'}
VCV000040605	RCV000208199	RAF1	1	criteria provided, single submitter	Likely pathogenic	{'name': 'Primary familial hypertrophic cardiomyopathy', 'database': 'MedGen', 'id': 'C0949658'}
VCV000040605	RCV000211848	RAF1	1	criteria provided, single submitter	Pathogenic	{'name': 'Noonan syndrome', 'database': 'MedGen', 'id': 'C0028326'}
VCV000040605	RCV000354359	RAF1	2	criteria provided, multiple submitters, no conflicts	Pathogenic	{'name': 'not provided', 'database': 'MedGen', 'id': 'C3661900'}
VCV000040605	RCV000763094	RAF1	1	criteria provided, single submitter	Pathogenic	{'name': 'Dilated cardiomyopathy 1NN', 'database': 'MedGen', 'id': 'C4014656'};{'name': 'LEOPARD syndrome 2', 'database': 'MedGen', 'id': 'C1969056'};{'name': 'Noonan syndrome 5', 'database': 'MedGen', 'id': 'C1969057'}
VCV000040605	RCV001217833	RAF1	1	criteria provided, single submitter	Pathogenic	{'name': 'RASopathy', 'database': 'MedGen', 'id': 'C5555857'}
VCV000040605	RCV004541063	RAF1	0	no assertion criteria provided	Pathogenic	{'name': 'RAF1-related disorder'}
VCV000040605	RCV004786288	RAF1	2	criteria provided, multiple submitters, no conflicts	Pathogenic	{'name': 'Noonan syndrome 5', 'database': 'MedGen', 'id': 'C1969057'}
VCV000040706	RCV000038535	SOS1	3	reviewed by expert panel	Pathogenic	{'name': 'Noonan syndrome', 'database': 'MedGen', 'id': 'C0028326'}
VCV000040706	RCV000207492	SOS1	2	criteria provided, multiple submitters, no conflicts	Pathogenic	{'name': 'not provided', 'database': 'MedGen', 'id': 'C3661900'}
VCV000040706	RCV000471633	SOS1	2	criteria provided, multiple submitters, no conflicts	Pathogenic	{'name': 'RASopathy', 'database': 'MedGen', 'id': 'C5555857'}
VCV000040706	RCV000763085	SOS1	1	criteria provided, single submitter	Pathogenic	{'name': 'Fibromatosis, gingival, 1', 'database': 'MedGen', 'id': 'C4551558'};{'name': 'Noonan syndrome 4', 'database': 'MedGen', 'id': 'C1853120'}
VCV000040706	RCV001813296	SOS1	1	criteria provided, single submitter	Pathogenic	{'name': 'Noonan syndrome and Noonan-related syndrome', 'database': 'MedGen', 'id': 'C5681679'}
VCV000040706	RCV002453285	SOS1	1	criteria provided, single submitter	Pathogenic	{'name': 'Cardiovascular phenotype', 'database': 'MedGen', 'id': 'CN230736'}
VCV000040706	RCV003421942	SOS1	1	criteria provided, single submitter	Pathogenic	{'name': 'SOS1-related disorder'}
VCV000040706	RCV004786289	SOS1	2	criteria provided, multiple submitters, no conflicts	Pathogenic	{'name': 'Noonan syndrome 4', 'database': 'MedGen', 'id': 'C1853120'}
VCV000040744	RCV000037595	MAP2K1	2	criteria provided, multiple submitters, no conflicts	Pathogenic/Likely pathogenic	{'name': 'Cardio-facio-cutaneous syndrome', 'database': 'MedGen', 'id': 'C1275081'}
VCV000040744	RCV000680623	MAP2K1	2	criteria provided, multiple submitters, no conflicts	Pathogenic	{'name': 'not provided', 'database': 'MedGen', 'id': 'C3661900'}
VCV000040744	RCV001542689	MAP2K1	2	criteria provided, multiple submitters, no conflicts	Pathogenic/Likely pathogenic	{'name': 'Cardiofaciocutaneous syndrome 3', 'database': 'MedGen', 'id': 'C3809006'}
VCV000040744	RCV001813306	MAP2K1	1	criteria provided, single submitter	Pathogenic	{'name': 'Noonan syndrome and Noonan-related syndrome', 'database': 'MedGen', 'id': 'C5681679'}
VCV000040744	RCV002513329	MAP2K1	1	criteria provided, single submitter	Pathogenic	{'name': 'RASopathy', 'database': 'MedGen', 'id': 'C5555857'}
VCV000040781	RCV000158004	MAP2K1	1	criteria provided, single submitter	Pathogenic	{'name': 'RASopathy', 'database': 'MedGen', 'id': 'C5555857'}
VCV000040781	RCV000192193	MAP2K1	2	criteria provided, multiple submitters, no conflicts	Pathogenic	{'name': 'Cardiofaciocutaneous syndrome 3', 'database': 'MedGen', 'id': 'C3809006'}
VCV000040781	RCV000208771	MAP2K1	3	reviewed by expert panel	Pathogenic	{'name': 'Cardio-facio-cutaneous syndrome', 'database': 'MedGen', 'id': 'C1275081'}
VCV000040781	RCV000212506	MAP2K1	2	criteria provided, multiple submitters, no conflicts	Pathogenic	{'name': 'not provided', 'database': 'MedGen', 'id': 'C3661900'}
VCV000040781	RCV000754677	MAP2K1	1	criteria provided, single submitter	Pathogenic	{'name': 'Autism spectrum disorder', 'database': 'MedGen', 'id': 'C1510586'}
VCV000040781	RCV000844673	MAP2K1	1	criteria provided, single submitter	Pathogenic	{'name': 'Cardio-facio-cutaneous syndrome', 'database': 'MedGen', 'id': 'C1275081'};{'name': 'Noonan syndrome', 'database': 'MedGen', 'id': 'C0028326'}
VCV000040781	RCV001095724	MAP2K1	1	criteria provided, single submitter	Pathogenic	{'name': 'MAP2K1-related RASopathy'}
VCV000040781	RCV002415455	MAP2K1	1	criteria provided, single submitter	Pathogenic	{'name': 'Cardiovascular phenotype', 'database': 'MedGen', 'id': 'CN230736'}
VCV000040781	RCV003224114	MAP2K1	1	criteria provided, single submitter	Pathogenic	{'name': 'Cardiofaciocutaneous syndrome 3', 'database': 'MedGen', 'id': 'C3809006'};{'name': 'Melorheostosis', 'database': 'MedGen', 'id': 'C3149631'}
VCV000040781	RCV004760352	MAP2K1	2	criteria provided, multiple submitters, no conflicts	Pathogenic	{'name': 'Cardiofaciocutaneous syndrome 1', 'database': 'MedGen', 'id': 'CN029449'}
VCV000040813	RCV000158024	MAP2K2	1	criteria provided, single submitter	Pathogenic	{'name': 'RASopathy', 'database': 'MedGen', 'id': 'C5555857'}
VCV000040813	RCV000254662	MAP2K2	2	criteria provided, multiple submitters, no conflicts	Pathogenic/Likely pathogenic	{'name': 'not provided', 'database': 'MedGen', 'id': 'C3661900'}
VCV000040813	RCV000524055	MAP2K2	3	reviewed by expert panel	Likely pathogenic	{'name': 'Cardio-facio-cutaneous syndrome', 'database': 'MedGen', 'id': 'C1275081'}
VCV000040813	RCV000844675	MAP2K2	1	criteria provided, single submitter	Likely pathogenic	{'name': 'Cardio-facio-cutaneous syndrome', 'database': 'MedGen', 'id': 'C1275081'};{'name': 'Noonan syndrome', 'database': 'MedGen', 'id': 'C0028326'}
VCV000041035	RCV000430538	CHRNB2	1	criteria provided, single submitter	Likely pathogenic	{'name': 'not provided', 'database': 'MedGen', 'id': 'C3661900'}
VCV000041035	RCV006647189	CHRNB2	1	criteria provided, single submitter	Pathogenic	{'name': 'Familial sleep-related hypermotor epilepsy', 'database': 'MedGen', 'id': 'C3696898'}
VCV000041446	RCV000034332	BRAF	2	criteria provided, multiple submitters, no conflicts	Pathogenic	{'name': 'not provided', 'database': 'MedGen', 'id': 'C3661900'}
VCV000041446	RCV000150201	BRAF	1	criteria provided, single submitter	Pathogenic	{'name': 'Cardio-facio-cutaneous syndrome', 'database': 'MedGen', 'id': 'C1275081'};{'name': 'Noonan syndrome', 'database': 'MedGen', 'id': 'C0028326'}
VCV000041446	RCV003539770	BRAF	1	criteria provided, single submitter	Pathogenic	{'name': 'RASopathy', 'database': 'MedGen', 'id': 'C5555857'}
VCV000041446	RCV005222715	BRAF	1	criteria provided, single submitter	Pathogenic	{'name': 'Cardiofaciocutaneous syndrome 1', 'database': 'MedGen', 'id': 'CN029449'};{'name': 'Colorectal cancer', 'database': 'MedGen', 'id': 'C0346629'};{'name': 'LEOPARD syndrome 3', 'database': 'MedGen', 'id': 'C3150971'};{'name': 'Lung cancer', 'database': 'MedGen', 'id': 'C0242379'};{'name': 'Melanoma, cutaneous malignant, susceptibility to, 1', 'database': 'MedGen', 'id': 'C1835047'};{'name': 'Noonan syndrome 7', 'database': 'MedGen', 'id': 'C3150970'}
VCV000041446	RCV006698009	BRAF	1	criteria provided, single submitter	Pathogenic	{'name': 'BRAF-related disorder'}
VCV000041481	RCV000034365	STIM1	0	no assertion criteria provided	Pathogenic	{'name': 'Myopathy, tubular aggregate, 1', 'database': 'MedGen', 'id': 'C4011726'}
VCV000041481	RCV004586032	STIM1	1	criteria provided, single submitter	Pathogenic	{'name': 'Myopathy with tubular aggregates', 'database': 'MedGen', 'id': 'C0410207'}
VCV000043594	RCV000131966	TP53	2	criteria provided, multiple submitters, no conflicts	Pathogenic/Likely pathogenic	{'name': 'Hereditary cancer-predisposing syndrome', 'database': 'MedGen', 'id': 'C0027672'}
VCV000043594	RCV000144665	TP53	2	criteria provided, multiple submitters, no conflicts	Pathogenic/Likely pathogenic	{'name': 'Li-Fraumeni syndrome 1', 'database': 'MedGen', 'id': 'C1835398'}
VCV000043594	RCV000149051	TP53	0	no assertion criteria provided	Uncertain significance	{'name': 'Prostate cancer', 'database': 'MedGen', 'id': 'C0376358'}
VCV000043594	RCV000205625	TP53	2	criteria provided, multiple submitters, no conflicts	Pathogenic/Likely pathogenic	{'name': 'Li-Fraumeni syndrome', 'database': 'MedGen', 'id': 'C0085390'}
VCV000043594	RCV000254692	TP53	2	criteria provided, multiple submitters, no conflicts	Pathogenic	{'name': 'not provided', 'database': 'MedGen', 'id': 'C3661900'}
VCV000043594	RCV000785470	TP53	0	no assertion criteria provided	Likely pathogenic	{'name': 'Ovarian neoplasm', 'database': 'MedGen', 'id': 'C0919267'}
VCV000043594	RCV003466889	TP53	2	criteria provided, multiple submitters, no conflicts	Pathogenic	{'name': 'Adrenocortical carcinoma, hereditary', 'database': 'MedGen', 'id': 'C1859972'}
VCV000043594	RCV004595896	TP53	0	no assertion criteria provided	Pathogenic	{'name': 'Multiple myeloma', 'database': 'MedGen', 'id': 'C0026764'}
VCV000043594	RCV004745172	TP53	0	no assertion criteria provided	Pathogenic	{'name': 'TP53-related disorder'}
VCV000043801	RCV000036762	RYR2	1	criteria provided, single submitter	Likely pathogenic	{'name': 'Catecholaminergic polymorphic ventricular tachycardia', 'database': 'MedGen', 'id': 'C5574922'}
VCV000043801	RCV000182658	RYR2	2	criteria provided, multiple submitters, no conflicts	Pathogenic	{'name': 'not provided', 'database': 'MedGen', 'id': 'C3661900'}
VCV000043801	RCV000621755	RYR2	1	criteria provided, single submitter	Pathogenic	{'name': 'Cardiovascular phenotype', 'database': 'MedGen', 'id': 'CN230736'}
VCV000043801	RCV002513428	RYR2	2	criteria provided, multiple submitters, no conflicts	Pathogenic	{'name': 'Catecholaminergic polymorphic ventricular tachycardia 1', 'database': 'MedGen', 'id': 'C1631597'}
VCV000044603	RCV000037634	PTPN11	1	criteria provided, single submitter	Pathogenic	{'name': 'Noonan syndrome', 'database': 'MedGen', 'id': 'C0028326'}
VCV000044603	RCV000206837	PTPN11	3	reviewed by expert panel	Pathogenic	{'name': 'RASopathy', 'database': 'MedGen', 'id': 'C5555857'}
VCV000044603	RCV000405696	PTPN11	1	criteria provided, single submitter	Pathogenic	{'name': 'not provided', 'database': 'MedGen', 'id': 'C3661900'}
VCV000044603	RCV002464090	PTPN11	1	criteria provided, single submitter	Pathogenic	{'name': 'LEOPARD syndrome 1', 'database': 'MedGen', 'id': 'C4551484'}
VCV000044603	RCV003313932	PTPN11	2	criteria provided, multiple submitters, no conflicts	Pathogenic	{'name': 'Noonan syndrome 1', 'database': 'MedGen', 'id': 'C4551602'}
VCV000044603	RCV005007952	PTPN11	1	criteria provided, single submitter	Likely pathogenic	{'name': 'Juvenile myelomonocytic leukemia', 'database': 'MedGen', 'id': 'C0349639'};{'name': 'LEOPARD syndrome 1', 'database': 'MedGen', 'id': 'C4551484'};{'name': 'Metachondromatosis', 'database': 'MedGen', 'id': 'C0410530'};{'name': 'Noonan syndrome 1', 'database': 'MedGen', 'id': 'C4551602'}
VCV000044991	RCV000038130	ERBB2	1	criteria provided, single submitter	Uncertain significance	{'name': 'not specified', 'database': 'MedGen', 'id': 'CN169374'}
VCV000045084	RCV000038225	PKP2	2	criteria provided, multiple submitters, no conflicts	Benign/Likely benign	{'name': 'not specified', 'database': 'MedGen', 'id': 'CN169374'}
VCV000045084	RCV000148725	PKP2	1	criteria provided, single submitter	Benign	{'name': 'Arrhythmogenic right ventricular cardiomyopathy', 'database': 'MedGen', 'id': 'C0349788'}
VCV000045084	RCV000246635	PKP2	1	criteria provided, single submitter	Benign	{'name': 'Cardiovascular phenotype', 'database': 'MedGen', 'id': 'CN230736'}
VCV000045084	RCV000428217	PKP2	2	criteria provided, multiple submitters, no conflicts	Benign/Likely benign	{'name': 'not provided', 'database': 'MedGen', 'id': 'C3661900'}
VCV000045084	RCV000472012	PKP2	2	criteria provided, multiple submitters, no conflicts	Benign/Likely benign	{'name': 'Arrhythmogenic right ventricular dysplasia 9', 'database': 'MedGen', 'id': 'C1836906'}
VCV000045084	RCV000776026	PKP2	1	criteria provided, single submitter	Benign	{'name': 'Cardiomyopathy', 'database': 'MedGen', 'id': 'C0878544'}
VCV000045084	RCV000852680	PKP2	1	criteria provided, single submitter	Benign	{'name': 'Cardiomyopathy', 'database': 'MedGen', 'id': 'C0878544'};{'name': 'Hypertrophic cardiomyopathy', 'database': 'MedGen', 'id': 'C0007194'}
VCV000045117	RCV000038259	KRAS	0	no assertion criteria provided	Pathogenic	{'name': 'Non-small cell lung carcinoma', 'database': 'MedGen', 'id': 'C0007131'}
VCV000045117	RCV003445113	KRAS	0	no assertion criteria provided	Pathogenic	{'name': 'Cerebral arteriovenous malformation', 'database': 'MedGen', 'id': 'C0917804'}
VCV000045117	RCV005251049	KRAS	1	criteria provided, single submitter	Pathogenic	{'name': 'Vascular malformation', 'database': 'MedGen', 'id': 'C0158570'}
VCV000045123	RCV000038268	KRAS	1	criteria provided, single submitter	Pathogenic	{'name': 'Non-small cell lung carcinoma', 'database': 'MedGen', 'id': 'C0007131'}
VCV000045123	RCV000144972	KRAS	2	criteria provided, multiple submitters, no conflicts	Pathogenic/Likely pathogenic	{'name': 'Autoimmune lymphoproliferative syndrome type 4', 'database': 'MedGen', 'id': 'C2674723'}
VCV000045123	RCV000681039	KRAS	2	criteria provided, multiple submitters, no conflicts	Pathogenic	{'name': 'not provided', 'database': 'MedGen', 'id': 'C3661900'}
VCV000045123	RCV003335071	KRAS	1	criteria provided, single submitter	Pathogenic	{'name': 'KRAS-related disorder'}
VCV000045123	RCV006688385	KRAS	0	no assertion criteria provided	Pathogenic	{'name': 'RAS-ASSOCIATED AUTOIMMUNE LEUKOPROLIFERATIVE DISORDER 2, SOMATIC'}
VCV000045251	RCV000038407	EGFR	1	criteria provided, single submitter	Pathogenic	{'name': 'Non-small cell lung carcinoma', 'database': 'MedGen', 'id': 'C0007131'}
VCV000045395	RCV000038592	ABCC9	1	criteria provided, single submitter	Uncertain significance	{'name': 'not specified', 'database': 'MedGen', 'id': 'CN169374'}
VCV000045395	RCV000767084	ABCC9	1	criteria provided, single submitter	Uncertain significance	{'name': 'not provided', 'database': 'MedGen', 'id': 'C3661900'}
VCV000045395	RCV000988800	ABCC9	2	criteria provided, multiple submitters, no conflicts	Uncertain significance	{'name': 'Dilated cardiomyopathy 1O', 'database': 'MedGen', 'id': 'C1837839'}
VCV000045395	RCV001256792	ABCC9	1	criteria provided, single submitter	Uncertain significance	{'name': 'Dilated cardiomyopathy 1A', 'database': 'MedGen', 'id': 'C5979868'}
VCV000045395	RCV002490525	ABCC9	1	criteria provided, single submitter	Uncertain significance	{'name': 'Atrial fibrillation, familial, 12', 'database': 'MedGen', 'id': 'C3279695'};{'name': 'Dilated cardiomyopathy 1O', 'database': 'MedGen', 'id': 'C1837839'};{'name': 'Hypertrichotic osteochondrodysplasia Cantu type', 'database': 'MedGen', 'id': 'C0795905'};{'name': 'Intellectual disability and myopathy syndrome', 'database': 'MedGen', 'id': 'C5676904'}
VCV000045395	RCV004018877	ABCC9	1	criteria provided, single submitter	Likely benign	{'name': 'Cardiovascular phenotype', 'database': 'MedGen', 'id': 'CN230736'}
VCV000048289	RCV000041604	SCN5A	2	criteria provided, multiple submitters, no conflicts	Benign	{'name': 'not specified', 'database': 'MedGen', 'id': 'CN169374'}
VCV000048289	RCV000058440	SCN5A	2	criteria provided, multiple submitters, no conflicts	Benign/Likely benign	{'name': 'not provided', 'database': 'MedGen', 'id': 'C3661900'}
VCV000048289	RCV000251327	SCN5A	1	criteria provided, single submitter	Benign	{'name': 'Cardiovascular phenotype', 'database': 'MedGen', 'id': 'CN230736'}
VCV000048289	RCV000300603	SCN5A	1	criteria provided, single submitter	Likely benign	{'name': 'Long QT syndrome 3', 'database': 'MedGen', 'id': 'C1859062'}
VCV000048289	RCV000304709	SCN5A	1	criteria provided, single submitter	Likely benign	{'name': 'Sick sinus syndrome 1', 'database': 'MedGen', 'id': 'C1837845'}
VCV000048289	RCV000361696	SCN5A	1	criteria provided, single submitter	Likely benign	{'name': 'Dilated cardiomyopathy 1E', 'database': 'MedGen', 'id': 'C1832680'}
VCV000048289	RCV000405409	SCN5A	1	criteria provided, single submitter	Likely benign	{'name': 'Ventricular fibrillation, paroxysmal familial, type 1', 'database': 'MedGen', 'id': 'C2751898'}
VCV000048289	RCV000406777	SCN5A	1	criteria provided, single submitter	Likely benign	{'name': 'Progressive familial heart block, type 1A', 'database': 'MedGen', 'id': 'C1879286'}
VCV000048289	RCV000987225	SCN5A	2	criteria provided, multiple submitters, no conflicts	Benign/Likely benign	{'name': 'Brugada syndrome 1', 'database': 'MedGen', 'id': 'C4551804'}
VCV000048289	RCV001841593	SCN5A	1	criteria provided, single submitter	Benign	{'name': 'Cardiac arrhythmia', 'database': 'MedGen', 'id': 'C0003811'}
VCV000048289	RCV002496658	SCN5A	2	criteria provided, multiple submitters, no conflicts	Benign	{'name': 'Atrial fibrillation, familial, 10', 'database': 'MedGen', 'id': 'C3151464'};{'name': 'Brugada syndrome 1', 'database': 'MedGen', 'id': 'C4551804'};{'name': 'Dilated cardiomyopathy 1E', 'database': 'MedGen', 'id': 'C1832680'};{'name': 'Long QT syndrome 3', 'database': 'MedGen', 'id': 'C1859062'};{'name': 'Progressive familial heart block, type 1A', 'database': 'MedGen', 'id': 'C1879286'};{'name': 'SUDDEN INFANT DEATH SYNDROME', 'database': 'MedGen', 'id': 'C0038644'};{'name': 'Sick sinus syndrome 1', 'database': 'MedGen', 'id': 'C1837845'};{'name': 'Ventricular fibrillation, paroxysmal familial, type 1', 'database': 'MedGen', 'id': 'C2751898'}
VCV000048289	RCV003125879	SCN5A	1	criteria provided, single submitter	Benign	{'name': 'Primary dilated cardiomyopathy', 'database': 'MedGen', 'id': 'C0007193'}
VCV000048298	RCV000041614	SCN5A	2	criteria provided, multiple submitters, no conflicts	Benign/Likely benign	{'name': 'not specified', 'database': 'MedGen', 'id': 'CN169374'}
VCV000048298	RCV000058559	SCN5A	2	criteria provided, multiple submitters, no conflicts	Benign/Likely benign	{'name': 'not provided', 'database': 'MedGen', 'id': 'C3661900'}
VCV000048298	RCV000242258	SCN5A	1	criteria provided, single submitter	Benign	{'name': 'Cardiovascular phenotype', 'database': 'MedGen', 'id': 'CN230736'}
VCV000048298	RCV000852963	SCN5A	1	criteria provided, single submitter	Likely benign	{'name': 'Hypertrophic cardiomyopathy', 'database': 'MedGen', 'id': 'C0007194'}
VCV000048298	RCV001084763	SCN5A	2	criteria provided, multiple submitters, no conflicts	Benign	{'name': 'Brugada syndrome', 'database': 'MedGen', 'id': 'C1142166'}
VCV000048298	RCV001149367	SCN5A	1	criteria provided, single submitter	Likely benign	{'name': 'Ventricular fibrillation, paroxysmal familial, type 1', 'database': 'MedGen', 'id': 'C2751898'}
VCV000048298	RCV001149368	SCN5A	1	criteria provided, single submitter	Likely benign	{'name': 'Long QT syndrome 3', 'database': 'MedGen', 'id': 'C1859062'}
VCV000048298	RCV001149369	SCN5A	1	criteria provided, single submitter	Likely benign	{'name': 'Brugada syndrome 1', 'database': 'MedGen', 'id': 'C4551804'}
VCV000048298	RCV001149370	SCN5A	1	criteria provided, single submitter	Likely benign	{'name': 'Dilated cardiomyopathy 1E', 'database': 'MedGen', 'id': 'C1832680'}
VCV000048298	RCV001149371	SCN5A	1	criteria provided, single submitter	Benign	{'name': 'Sick sinus syndrome 1', 'database': 'MedGen', 'id': 'C1837845'}
VCV000048298	RCV001149372	SCN5A	1	criteria provided, single submitter	Likely benign	{'name': 'Progressive familial heart block, type 1A', 'database': 'MedGen', 'id': 'C1879286'}
VCV000048298	RCV001841602	SCN5A	1	criteria provided, single submitter	Benign	{'name': 'Cardiac arrhythmia', 'database': 'MedGen', 'id': 'C0003811'}
VCV000048298	RCV002483030	SCN5A	1	criteria provided, single submitter	Likely benign	{'name': 'Atrial fibrillation, familial, 10', 'database': 'MedGen', 'id': 'C3151464'};{'name': 'Brugada syndrome 1', 'database': 'MedGen', 'id': 'C4551804'};{'name': 'Dilated cardiomyopathy 1E', 'database': 'MedGen', 'id': 'C1832680'};{'name': 'Long QT syndrome 3', 'database': 'MedGen', 'id': 'C1859062'};{'name': 'Progressive familial heart block, type 1A', 'database': 'MedGen', 'id': 'C1879286'};{'name': 'SUDDEN INFANT DEATH SYNDROME', 'database': 'MedGen', 'id': 'C0038644'};{'name': 'Sick sinus syndrome 1', 'database': 'MedGen', 'id': 'C1837845'};{'name': 'Ventricular fibrillation, paroxysmal familial, type 1', 'database': 'MedGen', 'id': 'C2751898'}
VCV000048648	RCV000041969	CARD11	0	no assertion criteria provided	Pathogenic	{'name': 'BENTA disease', 'database': 'MedGen', 'id': 'C4551967'}
VCV000048648	RCV001057931	CARD11	1	criteria provided, single submitter	Pathogenic	{'name': 'BENTA disease', 'database': 'MedGen', 'id': 'C4551967'};{'name': 'Severe combined immunodeficiency due to CARD11 deficiency', 'database': 'MedGen', 'id': 'C3554686'}
VCV000048648	RCV002243689	CARD11	1	criteria provided, single submitter	Pathogenic	{'name': 'Asthma', 'database': 'MedGen', 'id': 'C0004096'};{'name': 'Osteopenia', 'database': 'MedGen', 'id': 'C0029453'};{'name': 'Splenomegaly', 'database': 'MedGen', 'id': 'C0038002'}
VCV000048648	RCV002512055	CARD11	1	criteria provided, single submitter	Pathogenic	{'name': 'not provided', 'database': 'MedGen', 'id': 'C3661900'}
VCV000050228	RCV000043481	ITGB3	0	no assertion criteria provided	Pathogenic	{'name': 'Bleeding disorder, platelet-type, 24', 'database': 'MedGen', 'id': 'C5543280'}
VCV000050228	RCV003556118	ITGB3	1	criteria provided, single submitter	Pathogenic	{'name': 'not provided', 'database': 'MedGen', 'id': 'C3661900'}
VCV000050229	RCV000043482	ITGB3	1	criteria provided, single submitter	Uncertain significance	{'name': 'Bleeding disorder, platelet-type, 24', 'database': 'MedGen', 'id': 'C5543280'}
VCV000052982	RCV000057585	KCNQ1	0	no classification provided	not provided	{'name': 'Congenital long QT syndrome', 'database': 'MedGen', 'id': 'C1141890'}
VCV000052982	RCV000182238	KCNQ1	1	criteria provided, single submitter	Uncertain significance	{'name': 'not specified', 'database': 'MedGen', 'id': 'CN169374'}
VCV000052982	RCV000223932	KCNQ1	2	criteria provided, multiple submitters, no conflicts	Uncertain significance	{'name': 'not provided', 'database': 'MedGen', 'id': 'C3661900'}
VCV000052982	RCV000620799	KCNQ1	1	criteria provided, single submitter	Uncertain significance	{'name': 'Cardiovascular phenotype', 'database': 'MedGen', 'id': 'CN230736'}
VCV000052982	RCV000678936	KCNQ1	1	criteria provided, single submitter	Uncertain significance	{'name': 'Long QT syndrome 1', 'database': 'MedGen', 'id': 'C4551647'}
VCV000052982	RCV001852969	KCNQ1	1	criteria provided, single submitter	Uncertain significance	{'name': 'Long QT syndrome', 'database': 'MedGen', 'id': 'C0023976'}
VCV000052982	RCV002483048	KCNQ1	1	criteria provided, single submitter	Uncertain significance	{'name': 'Atrial fibrillation, familial, 3', 'database': 'MedGen', 'id': 'C1837014'};{'name': 'Beckwith-Wiedemann syndrome', 'database': 'MedGen', 'id': 'C0004903'};{'name': 'Jervell and Lange-Nielsen syndrome 1', 'database': 'MedGen', 'id': 'C4551509'};{'name': 'Long QT syndrome 1', 'database': 'MedGen', 'id': 'C4551647'};{'name': 'Short QT syndrome type 2', 'database': 'MedGen', 'id': 'C1865019'}
VCV000053080	RCV000057726	KCNQ1	0	no classification provided	not provided	{'name': 'Congenital long QT syndrome', 'database': 'MedGen', 'id': 'C1141890'}
VCV000053085	RCV000057732	KCNQ1	0	no classification provided	not provided	{'name': 'Congenital long QT syndrome', 'database': 'MedGen', 'id': 'C1141890'}
VCV000053085	RCV000115009	KCNQ1	0	no assertion criteria provided	Pathogenic	{'name': 'Atrial fibrillation, familial, 3', 'database': 'MedGen', 'id': 'C1837014'}
VCV000053085	RCV000182099	KCNQ1	1	criteria provided, single submitter	Pathogenic	{'name': 'not provided', 'database': 'MedGen', 'id': 'C3661900'}
VCV000053085	RCV001320480	KCNQ1	1	criteria provided, single submitter	Likely pathogenic	{'name': 'Long QT syndrome', 'database': 'MedGen', 'id': 'C0023976'}
VCV000053085	RCV003335080	KCNQ1	1	criteria provided, single submitter	Pathogenic	{'name': 'KCNQ1-related disorder', 'database': 'MedGen', 'id': 'CN239322'}
VCV000053086	RCV000057733	KCNQ1	0	no classification provided	not provided	{'name': 'Congenital long QT syndrome', 'database': 'MedGen', 'id': 'C1141890'}
VCV000053086	RCV000182100	KCNQ1	2	criteria provided, multiple submitters, no conflicts	Pathogenic	{'name': 'not provided', 'database': 'MedGen', 'id': 'C3661900'}
VCV000053086	RCV000240642	KCNQ1	2	criteria provided, multiple submitters, no conflicts	Pathogenic/Likely pathogenic	{'name': 'Long QT syndrome 1', 'database': 'MedGen', 'id': 'C4551647'}
VCV000053086	RCV001385527	KCNQ1	2	criteria provided, multiple submitters, no conflicts	Pathogenic	{'name': 'Long QT syndrome', 'database': 'MedGen', 'id': 'C0023976'}
VCV000053086	RCV002362679	KCNQ1	2	criteria provided, multiple submitters, no conflicts	Pathogenic	{'name': 'Cardiovascular phenotype', 'database': 'MedGen', 'id': 'CN230736'}
VCV000053086	RCV003591647	KCNQ1	1	criteria provided, single submitter	Pathogenic	{'name': 'Cardiac arrhythmia', 'database': 'MedGen', 'id': 'C0003811'}
VCV000053086	RCV006436418	KCNQ1	1	criteria provided, single submitter	Pathogenic	{'name': 'Short QT syndrome type 1', 'database': 'MedGen', 'id': 'C1865020'}
VCV000053087	RCV000046107	KCNQ1	1	criteria provided, single submitter	Pathogenic	{'name': 'Long QT syndrome', 'database': 'MedGen', 'id': 'C0023976'}
VCV000053087	RCV000057734	KCNQ1	0	no classification provided	not provided	{'name': 'Congenital long QT syndrome', 'database': 'MedGen', 'id': 'C1141890'}
VCV000053087	RCV000115007	KCNQ1	1	criteria provided, single submitter	Pathogenic	{'name': 'Atrial fibrillation, familial, 3', 'database': 'MedGen', 'id': 'C1837014'}
VCV000053087	RCV000115008	KCNQ1	0	no assertion criteria provided	Pathogenic	{'name': 'Long QT syndrome 1', 'database': 'MedGen', 'id': 'C4551647'}
VCV000053087	RCV000182101	KCNQ1	2	criteria provided, multiple submitters, no conflicts	Pathogenic	{'name': 'not provided', 'database': 'MedGen', 'id': 'C3661900'}
VCV000053087	RCV000762833	KCNQ1	1	criteria provided, single submitter	Pathogenic	{'name': 'Atrial fibrillation, familial, 3', 'database': 'MedGen', 'id': 'C1837014'};{'name': 'Beckwith-Wiedemann syndrome', 'database': 'MedGen', 'id': 'C0004903'};{'name': 'Jervell and Lange-Nielsen syndrome 1', 'database': 'MedGen', 'id': 'C4551509'};{'name': 'Long QT syndrome 1', 'database': 'MedGen', 'id': 'C4551647'};{'name': 'Short QT syndrome type 2', 'database': 'MedGen', 'id': 'C1865019'}
VCV000053087	RCV002371883	KCNQ1	1	criteria provided, single submitter	Pathogenic	{'name': 'Cardiovascular phenotype', 'database': 'MedGen', 'id': 'CN230736'}
VCV000053101	RCV000046124	KCNQ1	1	criteria provided, single submitter	Pathogenic	{'name': 'Long QT syndrome', 'database': 'MedGen', 'id': 'C0023976'}
VCV000053101	RCV000057756	KCNQ1	0	no classification provided	not provided	{'name': 'Congenital long QT syndrome', 'database': 'MedGen', 'id': 'C1141890'}
VCV000053101	RCV000182113	KCNQ1	2	criteria provided, multiple submitters, no conflicts	Likely pathogenic	{'name': 'not provided', 'database': 'MedGen', 'id': 'C3661900'}
VCV000053101	RCV000709733	KCNQ1	2	criteria provided, multiple submitters, no conflicts	Pathogenic/Likely pathogenic	{'name': 'Long QT syndrome 1', 'database': 'MedGen', 'id': 'C4551647'}
VCV000053101	RCV001813753	KCNQ1	1	criteria provided, single submitter	Pathogenic	{'name': 'KCNQ1-related disorder', 'database': 'MedGen', 'id': 'CN239322'}
VCV000053101	RCV001814031	KCNQ1	1	criteria provided, single submitter	Likely pathogenic	{'name': 'Atrial fibrillation, familial, 3', 'database': 'MedGen', 'id': 'C1837014'};{'name': 'Long QT syndrome 1', 'database': 'MedGen', 'id': 'C4551647'};{'name': 'Short QT syndrome type 2', 'database': 'MedGen', 'id': 'C1865019'}
VCV000053101	RCV001841653	KCNQ1	1	criteria provided, single submitter	Likely pathogenic	{'name': 'Cardiac arrhythmia', 'database': 'MedGen', 'id': 'C0003811'}
VCV000053101	RCV001843471	KCNQ1	1	criteria provided, single submitter	Pathogenic	{'name': 'Short QT syndrome type 2', 'database': 'MedGen', 'id': 'C1865019'}
VCV000053101	RCV002408548	KCNQ1	1	criteria provided, single submitter	Likely pathogenic	{'name': 'Cardiovascular phenotype', 'database': 'MedGen', 'id': 'CN230736'}
VCV000053101	RCV004819214	KCNQ1	1	criteria provided, single submitter	Likely pathogenic	{'name': 'Long QT syndrome 1', 'database': 'MedGen', 'id': 'C4551647'};{'name': 'Short QT syndrome type 2', 'database': 'MedGen', 'id': 'C1865019'}
VCV000055805	RCV000049231	PIEZO1	0	no assertion criteria provided	Pathogenic	{'name': 'Dehydrated hereditary stomatocytosis with or without pseudohyperkalemia and/or perinatal edema', 'database': 'MedGen', 'id': 'C4551512'}
VCV000055805	RCV004791250	PIEZO1	2	criteria provided, multiple submitters, no conflicts	Likely pathogenic	{'name': 'not provided', 'database': 'MedGen', 'id': 'C3661900'}
VCV000055848	RCV000049264	PDGFRB	2	criteria provided, multiple submitters, no conflicts	Pathogenic	{'name': 'Myofibromatosis, infantile, 1', 'database': 'MedGen', 'id': 'C4551572'}
VCV000055848	RCV000390507	PDGFRB	2	criteria provided, multiple submitters, no conflicts	Pathogenic	{'name': 'not provided', 'database': 'MedGen', 'id': 'C3661900'}
VCV000055848	RCV000454370	PDGFRB	1	criteria provided, single submitter	Pathogenic	{'name': 'Infantile myofibromatosis', 'database': 'MedGen', 'id': 'C0432284'}
VCV000055848	RCV001197225	PDGFRB	1	criteria provided, single submitter	Pathogenic	{'name': 'Basal ganglia calcification, idiopathic, 4', 'database': 'MedGen', 'id': 'C3554321'}
VCV000055848	RCV001201357	PDGFRB	1	criteria provided, single submitter	Pathogenic	{'name': 'Acroosteolysis-keloid-like lesions-premature aging syndrome', 'database': 'MedGen', 'id': 'C1866182'};{'name': 'Basal ganglia calcification, idiopathic, 4', 'database': 'MedGen', 'id': 'C3554321'};{'name': 'Infantile myofibromatosis', 'database': 'MedGen', 'id': 'C0432284'};{'name': 'Skeletal overgrowth-craniofacial dysmorphism-hyperelastic skin-white matter lesions syndrome', 'database': 'MedGen', 'id': 'C4225270'}
VCV000055849	RCV000049265	PDGFRB	0	no assertion criteria provided	Pathogenic	{'name': 'Myofibromatosis, infantile, 1', 'database': 'MedGen', 'id': 'C4551572'}
VCV000055849	RCV001853035	PDGFRB	1	criteria provided, single submitter	Uncertain significance	{'name': 'Acroosteolysis-keloid-like lesions-premature aging syndrome', 'database': 'MedGen', 'id': 'C1866182'};{'name': 'Basal ganglia calcification, idiopathic, 4', 'database': 'MedGen', 'id': 'C3554321'};{'name': 'Infantile myofibromatosis', 'database': 'MedGen', 'id': 'C0432284'};{'name': 'Skeletal overgrowth-craniofacial dysmorphism-hyperelastic skin-white matter lesions syndrome', 'database': 'MedGen', 'id': 'C4225270'}
VCV000055850	RCV000049266	NOTCH3	0	no assertion criteria provided	Pathogenic	{'name': 'Myofibromatosis, infantile, 2', 'database': 'MedGen', 'id': 'C3809084'}
VCV000055850	RCV000049572	NOTCH3	0	no classification provided	not provided	{'name': 'Myofibromatosis, infantile, 1', 'database': 'MedGen', 'id': 'C4551572'}
VCV000056158	RCV000049568	SLC40A1	0	no classification provided	not provided	{'name': 'not provided', 'database': 'MedGen', 'id': 'C3661900'}
VCV000056158	RCV000641707	SLC40A1	2	criteria provided, multiple submitters, no conflicts	Pathogenic/Likely pathogenic	{'name': 'Hemochromatosis type 4', 'database': 'MedGen', 'id': 'C1853733'}
VCV000056171	RCV000049582	DNAJC13	0	no assertion criteria provided	Pathogenic	{'name': 'Parkinson disease, late-onset', 'database': 'MedGen', 'id': 'C3160718'}
VCV000056171	RCV000170476	DNAJC13	0	no assertion criteria provided	Pathogenic	{'name': 'Essential tremor', 'database': 'MedGen', 'id': 'C0270736'}
VCV000056171	RCV000170494	DNAJC13	0	no assertion criteria provided	Uncertain significance	{'name': 'Parkinson disease 21', 'database': 'MedGen', 'id': 'C4225353'}
VCV000060506	RCV000054404	RIT1	2	criteria provided, multiple submitters, no conflicts	Pathogenic/Likely pathogenic	{'name': 'Noonan syndrome 8', 'database': 'MedGen', 'id': 'C3809233'}
VCV000060506	RCV000159100	RIT1	2	criteria provided, multiple submitters, no conflicts	Pathogenic	{'name': 'not provided', 'database': 'MedGen', 'id': 'C3661900'}
VCV000060506	RCV000207349	RIT1	1	criteria provided, single submitter	Pathogenic	{'name': 'Noonan syndrome', 'database': 'MedGen', 'id': 'C0028326'}
VCV000060506	RCV000856747	RIT1	1	criteria provided, single submitter	Pathogenic	{'name': 'Noonan syndrome 1', 'database': 'MedGen', 'id': 'C4551602'}
VCV000060506	RCV001731346	RIT1	1	criteria provided, single submitter	Pathogenic	{'name': 'RASopathy', 'database': 'MedGen', 'id': 'C5555857'}
VCV000060506	RCV001813373	RIT1	1	criteria provided, single submitter	Pathogenic	{'name': 'Noonan syndrome and Noonan-related syndrome', 'database': 'MedGen', 'id': 'C5681679'}
VCV000060506	RCV002399414	RIT1	1	criteria provided, single submitter	Pathogenic	{'name': 'Cardiovascular phenotype', 'database': 'MedGen', 'id': 'CN230736'}
VCV000060506	RCV003390753	RIT1	1	criteria provided, single submitter	Pathogenic	{'name': 'RIT1-related disorder'}
VCV000060509	RCV000054407	RIT1	2	criteria provided, multiple submitters, no conflicts	Pathogenic	{'name': 'Noonan syndrome 8', 'database': 'MedGen', 'id': 'C3809233'}
VCV000060509	RCV000207348	RIT1	1	criteria provided, single submitter	Pathogenic	{'name': 'Noonan syndrome', 'database': 'MedGen', 'id': 'C0028326'}
VCV000060509	RCV000298790	RIT1	2	criteria provided, multiple submitters, no conflicts	Pathogenic	{'name': 'not provided', 'database': 'MedGen', 'id': 'C3661900'}
VCV000060509	RCV001192384	RIT1	1	criteria provided, single submitter	Pathogenic	{'name': 'RASopathy', 'database': 'MedGen', 'id': 'C5555857'}
VCV000060509	RCV001813374	RIT1	1	criteria provided, single submitter	Pathogenic	{'name': 'Noonan syndrome and Noonan-related syndrome', 'database': 'MedGen', 'id': 'C5681679'}
VCV000060509	RCV002433549	RIT1	1	criteria provided, single submitter	Pathogenic	{'name': 'Cardiovascular phenotype', 'database': 'MedGen', 'id': 'CN230736'}
VCV000060509	RCV003450918	RIT1	0	no assertion criteria provided	Pathogenic	{'name': 'Noonan syndrome 1', 'database': 'MedGen', 'id': 'C4551602'}
VCV000060509	RCV003915017	RIT1	0	no assertion criteria provided	Pathogenic	{'name': 'RIT1-related disorder'}
VCV000060661	RCV000054474	GNA11	0	no assertion criteria provided	Pathogenic	{'name': 'Familial hypocalciuric hypercalcemia 2', 'database': 'MedGen', 'id': 'C1840347'}
VCV000060665	RCV000054478	GNA11	0	no assertion criteria provided	Pathogenic	{'name': 'Autosomal dominant hypocalcemia 2', 'database': 'MedGen', 'id': 'C3809243'}
VCV000060665	RCV001853077	GNA11	1	criteria provided, single submitter	Likely pathogenic	{'name': 'not provided', 'database': 'MedGen', 'id': 'C3661900'}
VCV000060665	RCV002504951	GNA11	1	criteria provided, single submitter	Pathogenic	{'name': 'Autosomal dominant hypocalcemia 2', 'database': 'MedGen', 'id': 'C3809243'};{'name': 'Familial hypocalciuric hypercalcemia 2', 'database': 'MedGen', 'id': 'C1840347'}
VCV000060667	RCV000054481	CASR	1	criteria provided, single submitter	Pathogenic	{'name': 'Autosomal dominant hypocalcemia 1', 'database': 'MedGen', 'id': 'C3715128'}
VCV000060667	RCV000518374	CASR	2	criteria provided, multiple submitters, no conflicts	Pathogenic	{'name': 'not provided', 'database': 'MedGen', 'id': 'C3661900'}
VCV000060667	RCV001384281	CASR	1	criteria provided, single submitter	Pathogenic	{'name': 'Autosomal dominant hypocalcemia 1', 'database': 'MedGen', 'id': 'C3715128'};{'name': 'Familial hypocalciuric hypercalcemia', 'database': 'MedGen', 'id': 'C1809471'}
VCV000060667	RCV001797617	CASR	2	criteria provided, multiple submitters, no conflicts	Pathogenic	{'name': 'Autosomal dominant hypocalcemia', 'database': 'MedGen', 'id': 'C4048195'}
VCV000060667	RCV002490628	CASR	1	criteria provided, single submitter	Pathogenic	{'name': 'Autosomal dominant hypocalcemia 1', 'database': 'MedGen', 'id': 'C3715128'};{'name': 'Epilepsy, idiopathic generalized, susceptibility to, 8', 'database': 'MedGen', 'id': 'C2752062'};{'name': 'Familial hypocalciuric hypercalcemia 1', 'database': 'MedGen', 'id': 'C0342637'};{'name': 'Neonatal severe primary hyperparathyroidism', 'database': 'MedGen', 'id': 'C1832615'}
VCV000060667	RCV003343624	CASR	1	criteria provided, single submitter	Pathogenic	{'name': 'Nephrolithiasis/nephrocalcinosis', 'database': 'MedGen', 'id': 'CN580796'}
VCV000060667	RCV004554695	CASR	0	no assertion criteria provided	Pathogenic	{'name': 'CASR-related disorder'}
VCV000060667	RCV006439621	CASR	1	criteria provided, single submitter	Pathogenic	{'name': 'Familial hypoparathyroidism', 'database': 'MedGen', 'id': 'C1832648'}
VCV000060673	RCV000054488	ALAS2	0	no assertion criteria provided	Pathogenic	{'name': 'X-linked erythropoietic protoporphyria', 'database': 'MedGen', 'id': 'C2677889'}
VCV000064956	RCV000055159	TSC2	2	criteria provided, multiple submitters, no conflicts	Uncertain significance	{'name': 'Tuberous sclerosis syndrome', 'database': 'MedGen', 'id': 'C0041341'}
VCV000064956	RCV001009773	TSC2	2	criteria provided, multiple submitters, no conflicts	Likely benign	{'name': 'Hereditary cancer-predisposing syndrome', 'database': 'MedGen', 'id': 'C0027672'}
VCV000064956	RCV001079443	TSC2	2	criteria provided, multiple submitters, no conflicts	Benign/Likely benign	{'name': 'Tuberous sclerosis 2', 'database': 'MedGen', 'id': 'C1860707'}
VCV000065477	RCV000055667	PRKG1	2	criteria provided, multiple submitters, no conflicts	Pathogenic	{'name': 'Aortic aneurysm, familial thoracic 8', 'database': 'MedGen', 'id': 'C3809513'}
VCV000065477	RCV000494178	PRKG1	2	criteria provided, multiple submitters, no conflicts	Pathogenic	{'name': 'not provided', 'database': 'MedGen', 'id': 'C3661900'}
VCV000065477	RCV002311000	PRKG1	2	criteria provided, multiple submitters, no conflicts	Pathogenic	{'name': 'Familial thoracic aortic aneurysm and aortic dissection', 'database': 'MedGen', 'id': 'C4707243'}
VCV000065670	RCV000055894	ALK	0	no assertion criteria provided	Pathogenic	{'name': 'Neuroblastoma, susceptibility to, 3', 'database': 'MedGen', 'id': 'C2751681'}
VCV000065671	RCV000055895	ALK	0	no classification provided	not provided	{'name': 'Neuroblastoma, susceptibility to, 3', 'database': 'MedGen', 'id': 'C2751681'}
VCV000065986	RCV000056233	RYR1	2	criteria provided, multiple submitters, no conflicts	Pathogenic/Likely pathogenic	{'name': 'Central core myopathy', 'database': 'MedGen', 'id': 'C5830701'}
VCV000065986	RCV000119532	RYR1	2	criteria provided, multiple submitters, no conflicts	Pathogenic	{'name': 'not provided', 'database': 'MedGen', 'id': 'C3661900'}
VCV000065986	RCV000695782	RYR1	1	criteria provided, single submitter	Pathogenic	{'name': 'RYR1-related disorder', 'database': 'MedGen', 'id': 'CN239331'}
VCV000065986	RCV001802228	RYR1	3	reviewed by expert panel	Uncertain significance	{'name': 'Malignant hyperthermia of anesthesia', 'database': 'MedGen', 'id': 'C0024591'}
VCV000065986	RCV003156069	RYR1	1	criteria provided, single submitter	Pathogenic	{'name': 'See cases'}
VCV000065986	RCV004798767	RYR1	1	criteria provided, single submitter	Pathogenic	{'name': 'Congenital multicore myopathy with external ophthalmoplegia', 'database': 'MedGen', 'id': 'C1850674'}
VCV000066620	RCV000057054	KRT1	1	criteria provided, single submitter	Likely pathogenic	{'name': 'not provided', 'database': 'MedGen', 'id': 'C3661900'}
VCV000066662	RCV000057104	KRT1	2	criteria provided, multiple submitters, no conflicts	Likely pathogenic	{'name': 'not provided', 'database': 'MedGen', 'id': 'C3661900'}
VCV000067071	RCV000057672	KCNQ1	0	no classification provided	not provided	{'name': 'not provided', 'database': 'MedGen', 'id': 'CN517202'}
VCV000067072	RCV000057674	KCNQ1	0	no classification provided	not provided	{'name': 'Atrial fibrillation', 'database': 'MedGen', 'id': 'C0004238'}
VCV000067072	RCV000417071	KCNQ1	0	no assertion criteria provided	Pathogenic	{'name': 'Short QT syndrome type 2', 'database': 'MedGen', 'id': 'C1865019'}
VCV000067072	RCV000468931	KCNQ1	1	criteria provided, single submitter	Pathogenic	{'name': 'Long QT syndrome', 'database': 'MedGen', 'id': 'C0023976'}
VCV000067072	RCV000494365	KCNQ1	1	criteria provided, single submitter	Pathogenic	{'name': 'not provided', 'database': 'MedGen', 'id': 'C3661900'}
VCV000067072	RCV000621525	KCNQ1	1	criteria provided, single submitter	Pathogenic	{'name': 'Cardiovascular phenotype', 'database': 'MedGen', 'id': 'CN230736'}
VCV000067072	RCV005250009	KCNQ1	2	criteria provided, multiple submitters, no conflicts	Pathogenic/Likely pathogenic	{'name': 'KCNQ1-related disorder', 'database': 'MedGen', 'id': 'CN239322'}
VCV000067074	RCV000057677	KCNQ1	0	no classification provided	not provided	{'name': 'Atrial fibrillation', 'database': 'MedGen', 'id': 'C0004238'}
VCV000067074	RCV003996516	KCNQ1	1	criteria provided, single submitter	Uncertain significance	{'name': 'Long QT syndrome', 'database': 'MedGen', 'id': 'C0023976'}
VCV000067087	RCV000057713	KCNQ1	0	no classification provided	not provided	{'name': 'Congenital long QT syndrome', 'database': 'MedGen', 'id': 'C1141890'}
VCV000067087	RCV000148554	KCNQ1	1	criteria provided, conflicting classifications	Conflicting classifications of pathogenicity	{'name': 'Long QT syndrome', 'database': 'MedGen', 'id': 'C0023976'}
VCV000067087	RCV001841687	KCNQ1	1	criteria provided, single submitter	Uncertain significance	{'name': 'Cardiac arrhythmia', 'database': 'MedGen', 'id': 'C0003811'}
VCV000067087	RCV002483094	KCNQ1	1	criteria provided, single submitter	Uncertain significance	{'name': 'Atrial fibrillation, familial, 3', 'database': 'MedGen', 'id': 'C1837014'};{'name': 'Beckwith-Wiedemann syndrome', 'database': 'MedGen', 'id': 'C0004903'};{'name': 'Jervell and Lange-Nielsen syndrome 1', 'database': 'MedGen', 'id': 'C4551509'};{'name': 'Long QT syndrome 1', 'database': 'MedGen', 'id': 'C4551647'};{'name': 'Short QT syndrome type 2', 'database': 'MedGen', 'id': 'C1865019'}
VCV000067087	RCV003162439	KCNQ1	1	criteria provided, single submitter	Uncertain significance	{'name': 'Cardiovascular phenotype', 'database': 'MedGen', 'id': 'CN230736'}
VCV000067087	RCV003993784	KCNQ1	1	criteria provided, single submitter	Uncertain significance	{'name': 'not specified', 'database': 'MedGen', 'id': 'CN169374'}
VCV000067087	RCV004772836	KCNQ1	1	criteria provided, single submitter	Likely pathogenic	{'name': 'Atrial fibrillation', 'database': 'MedGen', 'id': 'C0004238'}
VCV000067094	RCV000057725	KCNQ1	0	no classification provided	not provided	{'name': 'Atrial fibrillation', 'database': 'MedGen', 'id': 'C0004238'}
VCV000067094	RCV000115006	KCNQ1	0	no assertion criteria provided	Pathogenic	{'name': 'Atrial fibrillation, familial, 3', 'database': 'MedGen', 'id': 'C1837014'}
VCV000067094	RCV000232681	KCNQ1	1	criteria provided, single submitter	Pathogenic	{'name': 'Long QT syndrome', 'database': 'MedGen', 'id': 'C0023976'}
VCV000067109	RCV000057771	KCNQ1	0	no classification provided	not provided	{'name': 'Congenital long QT syndrome', 'database': 'MedGen', 'id': 'C1141890'}
VCV000067109	RCV000148546	KCNQ1	0	no assertion criteria provided	Likely pathogenic	{'name': 'SUDDEN INFANT DEATH SYNDROME', 'database': 'MedGen', 'id': 'C0038644'}
VCV000067109	RCV000182121	KCNQ1	2	criteria provided, multiple submitters, no conflicts	Uncertain significance	{'name': 'not provided', 'database': 'MedGen', 'id': 'C3661900'}
VCV000067109	RCV000219577	KCNQ1	1	criteria provided, conflicting classifications	Conflicting classifications of pathogenicity	{'name': 'not specified', 'database': 'MedGen', 'id': 'CN169374'}
VCV000067109	RCV001080930	KCNQ1	1	criteria provided, conflicting classifications	Conflicting classifications of pathogenicity	{'name': 'Long QT syndrome', 'database': 'MedGen', 'id': 'C0023976'}
VCV000067109	RCV001102797	KCNQ1	1	criteria provided, single submitter	Uncertain significance	{'name': 'Long QT syndrome 1', 'database': 'MedGen', 'id': 'C4551647'}
VCV000067109	RCV001108024	KCNQ1	1	criteria provided, single submitter	Benign	{'name': 'Short QT syndrome type 2', 'database': 'MedGen', 'id': 'C1865019'}
VCV000067109	RCV001108025	KCNQ1	1	criteria provided, single submitter	Uncertain significance	{'name': 'Atrial fibrillation, familial, 3', 'database': 'MedGen', 'id': 'C1837014'}
VCV000067109	RCV001108026	KCNQ1	1	criteria provided, single submitter	Uncertain significance	{'name': 'Jervell and Lange-Nielsen syndrome 1', 'database': 'MedGen', 'id': 'C4551509'}
VCV000067109	RCV001841690	KCNQ1	1	criteria provided, single submitter	Likely benign	{'name': 'Cardiac arrhythmia', 'database': 'MedGen', 'id': 'C0003811'}
VCV000067109	RCV002426616	KCNQ1	1	criteria provided, single submitter	Likely benign	{'name': 'Cardiovascular phenotype', 'database': 'MedGen', 'id': 'CN230736'}
VCV000067184	RCV000057891	KCNH2	0	no classification provided	not provided	{'name': 'Congenital long QT syndrome', 'database': 'MedGen', 'id': 'C1141890'}
VCV000067184	RCV000631634	KCNH2	2	criteria provided, multiple submitters, no conflicts	Uncertain significance	{'name': 'Long QT syndrome', 'database': 'MedGen', 'id': 'C0023976'}
VCV000067184	RCV001552413	KCNH2	1	criteria provided, single submitter	Uncertain significance	{'name': 'not provided', 'database': 'MedGen', 'id': 'C3661900'}
VCV000067184	RCV001841696	KCNH2	1	criteria provided, single submitter	Uncertain significance	{'name': 'Cardiac arrhythmia', 'database': 'MedGen', 'id': 'C0003811'}
VCV000067184	RCV003298108	KCNH2	1	criteria provided, single submitter	Uncertain significance	{'name': 'Cardiovascular phenotype', 'database': 'MedGen', 'id': 'CN230736'}
VCV000067184	RCV006645451	KCNH2	1	criteria provided, single submitter	Uncertain significance	{'name': 'Long QT syndrome 2', 'database': 'MedGen', 'id': 'C3150943'}
VCV000067297	RCV000058015	KCNH2	0	no classification provided	not provided	{'name': 'Short QT syndrome', 'database': 'MedGen', 'id': 'C2348199'}
VCV000067297	RCV001376739	KCNH2	1	criteria provided, single submitter	Pathogenic	{'name': 'Long QT syndrome', 'database': 'MedGen', 'id': 'C0023976'}
VCV000067297	RCV002408565	KCNH2	1	criteria provided, single submitter	Pathogenic	{'name': 'Cardiovascular phenotype', 'database': 'MedGen', 'id': 'CN230736'}
VCV000067313	RCV000058032	KCNH2	0	no classification provided	not provided	{'name': 'Congenital long QT syndrome', 'database': 'MedGen', 'id': 'C1141890'}
VCV000067313	RCV000181822	KCNH2	1	criteria provided, single submitter	Pathogenic	{'name': 'not provided', 'database': 'MedGen', 'id': 'C3661900'}
VCV000067313	RCV005403749	KCNH2	1	criteria provided, single submitter	Pathogenic	{'name': 'Cardiovascular phenotype', 'database': 'MedGen', 'id': 'CN230736'}
VCV000067320	RCV000058039	KCNH2	0	no classification provided	not provided	{'name': 'Congenital long QT syndrome', 'database': 'MedGen', 'id': 'C1141890'}
VCV000067426	RCV000058151	KCNH2	0	no classification provided	not provided	{'name': 'SUDDEN INFANT DEATH SYNDROME', 'database': 'MedGen', 'id': 'C0038644'}
VCV000067426	RCV000699702	KCNH2	2	criteria provided, multiple submitters, no conflicts	Uncertain significance	{'name': 'Long QT syndrome', 'database': 'MedGen', 'id': 'C0023976'}
VCV000067426	RCV000988000	KCNH2	2	criteria provided, multiple submitters, no conflicts	Uncertain significance	{'name': 'Long QT syndrome 2', 'database': 'MedGen', 'id': 'C3150943'}
VCV000067426	RCV001256913	KCNH2	1	criteria provided, single submitter	Likely pathogenic	{'name': 'Long QT syndrome 1', 'database': 'MedGen', 'id': 'C4551647'}
VCV000067426	RCV001588890	KCNH2	1	criteria provided, single submitter	Uncertain significance	{'name': 'not provided', 'database': 'MedGen', 'id': 'C3661900'}
VCV000067426	RCV001841715	KCNH2	1	criteria provided, single submitter	Uncertain significance	{'name': 'Cardiac arrhythmia', 'database': 'MedGen', 'id': 'C0003811'}
VCV000067426	RCV004019008	KCNH2	1	criteria provided, single submitter	Uncertain significance	{'name': 'Cardiovascular phenotype', 'database': 'MedGen', 'id': 'CN230736'}
VCV000067426	RCV006699191	KCNH2	1	criteria provided, single submitter	Uncertain significance	{'name': 'Long QT syndrome 2', 'database': 'MedGen', 'id': 'C3150943'};{'name': 'Short QT syndrome type 1', 'database': 'MedGen', 'id': 'C1865020'}
VCV000067427	RCV000058152	KCNH2	2	criteria provided, multiple submitters, no conflicts	Benign	{'name': 'not provided', 'database': 'MedGen', 'id': 'C3661900'}
VCV000067427	RCV000171815	KCNH2	1	criteria provided, single submitter	Benign	{'name': 'Atrial fibrillation', 'database': 'MedGen', 'id': 'C0004238'}
VCV000067427	RCV000223864	KCNH2	2	criteria provided, multiple submitters, no conflicts	Benign	{'name': 'not specified', 'database': 'MedGen', 'id': 'CN169374'}
VCV000067427	RCV000249181	KCNH2	1	criteria provided, single submitter	Benign	{'name': 'Cardiovascular phenotype', 'database': 'MedGen', 'id': 'CN230736'}
VCV000067427	RCV000276195	KCNH2	2	criteria provided, multiple submitters, no conflicts	Benign	{'name': 'Long QT syndrome', 'database': 'MedGen', 'id': 'C0023976'}
VCV000067427	RCV001095232	KCNH2	2	criteria provided, multiple submitters, no conflicts	Benign	{'name': 'Long QT syndrome 2', 'database': 'MedGen', 'id': 'C3150943'}
VCV000067427	RCV001841716	KCNH2	1	criteria provided, single submitter	Benign	{'name': 'Cardiac arrhythmia', 'database': 'MedGen', 'id': 'C0003811'}
VCV000067427	RCV002504962	KCNH2	1	criteria provided, single submitter	Benign	{'name': 'Long QT syndrome 2', 'database': 'MedGen', 'id': 'C3150943'};{'name': 'Short QT syndrome type 1', 'database': 'MedGen', 'id': 'C1865020'}
VCV000067493	RCV000058222	KCNH2	0	no classification provided	not provided	{'name': 'Short QT syndrome', 'database': 'MedGen', 'id': 'C2348199'}
VCV000067493	RCV002223783	KCNH2	1	criteria provided, single submitter	Uncertain significance	{'name': 'not provided', 'database': 'MedGen', 'id': 'C3661900'}
VCV000067493	RCV002514289	KCNH2	1	criteria provided, single submitter	Uncertain significance	{'name': 'Long QT syndrome', 'database': 'MedGen', 'id': 'C0023976'}
VCV000067493	RCV006547583	KCNH2	1	criteria provided, single submitter	Uncertain significance	{'name': 'Cardiac arrhythmia', 'database': 'MedGen', 'id': 'C0003811'}
VCV000067599	RCV000589585	ANK2	2	criteria provided, multiple submitters, no conflicts	Benign/Likely benign	{'name': 'not provided', 'database': 'MedGen', 'id': 'C3661900'}
VCV000067599	RCV000620213	ANK2	1	criteria provided, single submitter	Likely benign	{'name': 'Cardiovascular phenotype', 'database': 'MedGen', 'id': 'CN230736'}
VCV000067599	RCV000852980	ANK2	1	criteria provided, single submitter	Benign	{'name': 'Familial dilated cardiomyopathy and peripheral neuropathy'}
VCV000067599	RCV001085479	ANK2	1	criteria provided, single submitter	Likely benign	{'name': 'Long QT syndrome', 'database': 'MedGen', 'id': 'C0023976'}
VCV000067599	RCV001150178	ANK2	1	criteria provided, single submitter	Uncertain significance	{'name': 'Cardiac arrhythmia, ankyrin-B-related', 'database': 'MedGen', 'id': 'C1970119'}
VCV000067599	RCV001841765	ANK2	1	criteria provided, single submitter	Likely benign	{'name': 'Cardiac arrhythmia', 'database': 'MedGen', 'id': 'C0003811'}
VCV000067599	RCV003974947	ANK2	0	no assertion criteria provided	Likely benign	{'name': 'ANK2-related disorder'}
VCV000067599	RCV005400699	ANK2	2	criteria provided, multiple submitters, no conflicts	Benign/Likely benign	{'name': 'not specified', 'database': 'MedGen', 'id': 'CN169374'}
VCV000067651	RCV000058408	SCN5A	0	no classification provided	not provided	{'name': 'Congenital long QT syndrome', 'database': 'MedGen', 'id': 'C1141890'}
VCV000067651	RCV000157478	SCN5A	2	criteria provided, multiple submitters, no conflicts	Pathogenic	{'name': 'Long QT syndrome', 'database': 'MedGen', 'id': 'C0023976'}
VCV000067651	RCV000182964	SCN5A	2	criteria provided, multiple submitters, no conflicts	Pathogenic	{'name': 'not provided', 'database': 'MedGen', 'id': 'C3661900'}
VCV000067651	RCV000234790	SCN5A	2	criteria provided, multiple submitters, no conflicts	Pathogenic	{'name': 'Long QT syndrome 3', 'database': 'MedGen', 'id': 'C1859062'}
VCV000067651	RCV000621361	SCN5A	1	criteria provided, single submitter	Pathogenic	{'name': 'Cardiovascular phenotype', 'database': 'MedGen', 'id': 'CN230736'}
VCV000067795	RCV000058569	SCN5A	0	no classification provided	not provided	{'name': 'Atrial fibrillation', 'database': 'MedGen', 'id': 'C0004238'}
VCV000067795	RCV000587127	SCN5A	2	criteria provided, multiple submitters, no conflicts	Uncertain significance	{'name': 'not provided', 'database': 'MedGen', 'id': 'C3661900'}
VCV000067795	RCV001842336	SCN5A	2	criteria provided, multiple submitters, no conflicts	Uncertain significance	{'name': 'Cardiac arrhythmia', 'database': 'MedGen', 'id': 'C0003811'}
VCV000067795	RCV002453376	SCN5A	1	criteria provided, single submitter	Uncertain significance	{'name': 'Cardiovascular phenotype', 'database': 'MedGen', 'id': 'CN230736'}
VCV000067795	RCV002498344	SCN5A	1	criteria provided, single submitter	Uncertain significance	{'name': 'Atrial fibrillation, familial, 10', 'database': 'MedGen', 'id': 'C3151464'};{'name': 'Brugada syndrome 1', 'database': 'MedGen', 'id': 'C4551804'};{'name': 'Dilated cardiomyopathy 1E', 'database': 'MedGen', 'id': 'C1832680'};{'name': 'Long QT syndrome 3', 'database': 'MedGen', 'id': 'C1859062'};{'name': 'Progressive familial heart block, type 1A', 'database': 'MedGen', 'id': 'C1879286'};{'name': 'SUDDEN INFANT DEATH SYNDROME', 'database': 'MedGen', 'id': 'C0038644'};{'name': 'Sick sinus syndrome 1', 'database': 'MedGen', 'id': 'C1837845'};{'name': 'Ventricular fibrillation, paroxysmal familial, type 1', 'database': 'MedGen', 'id': 'C2751898'}
VCV000067801	RCV000058575	SCN5A	1	criteria provided, conflicting classifications	Conflicting classifications of pathogenicity	{'name': 'not provided', 'database': 'MedGen', 'id': 'C3661900'}
VCV000067801	RCV000987207	SCN5A	1	criteria provided, single submitter	Uncertain significance	{'name': 'Brugada syndrome 1', 'database': 'MedGen', 'id': 'C4551804'}
VCV000067801	RCV001842337	SCN5A	1	criteria provided, single submitter	Likely benign	{'name': 'Cardiac arrhythmia', 'database': 'MedGen', 'id': 'C0003811'}
VCV000067801	RCV003162457	SCN5A	1	criteria provided, single submitter	Uncertain significance	{'name': 'Cardiovascular phenotype', 'database': 'MedGen', 'id': 'CN230736'}
VCV000067804	RCV000058579	SCN5A	0	no classification provided	not provided	{'name': 'Ventricular tachycardia', 'database': 'MedGen', 'id': 'C0042514'}
VCV000067804	RCV001842339	SCN5A	2	criteria provided, multiple submitters, no conflicts	Uncertain significance	{'name': 'Cardiac arrhythmia', 'database': 'MedGen', 'id': 'C0003811'}
VCV000067804	RCV002490658	SCN5A	1	criteria provided, single submitter	Uncertain significance	{'name': 'Atrial fibrillation, familial, 10', 'database': 'MedGen', 'id': 'C3151464'};{'name': 'Brugada syndrome 1', 'database': 'MedGen', 'id': 'C4551804'};{'name': 'Dilated cardiomyopathy 1E', 'database': 'MedGen', 'id': 'C1832680'};{'name': 'Long QT syndrome 3', 'database': 'MedGen', 'id': 'C1859062'};{'name': 'Progressive familial heart block, type 1A', 'database': 'MedGen', 'id': 'C1879286'};{'name': 'SUDDEN INFANT DEATH SYNDROME', 'database': 'MedGen', 'id': 'C0038644'};{'name': 'Sick sinus syndrome 1', 'database': 'MedGen', 'id': 'C1837845'};{'name': 'Ventricular fibrillation, paroxysmal familial, type 1', 'database': 'MedGen', 'id': 'C2751898'}
VCV000067804	RCV003541163	SCN5A	1	criteria provided, single submitter	Uncertain significance	{'name': 'not provided', 'database': 'MedGen', 'id': 'C3661900'}
VCV000067891	RCV000058671	SCN5A	0	no classification provided	not provided	{'name': 'Congenital long QT syndrome', 'database': 'MedGen', 'id': 'C1141890'}
VCV000067898	RCV000058678	SCN5A	0	no classification provided	not provided	{'name': 'Congenital long QT syndrome', 'database': 'MedGen', 'id': 'C1141890'}
VCV000067898	RCV000619395	SCN5A	1	criteria provided, single submitter	Likely pathogenic	{'name': 'Cardiovascular phenotype', 'database': 'MedGen', 'id': 'CN230736'}
VCV000067898	RCV001508490	SCN5A	1	criteria provided, conflicting classifications	Conflicting classifications of pathogenicity	{'name': 'not provided', 'database': 'MedGen', 'id': 'C3661900'}
VCV000067898	RCV001542741	SCN5A	2	criteria provided, multiple submitters, no conflicts	Uncertain significance	{'name': 'Long QT syndrome 3', 'database': 'MedGen', 'id': 'C1859062'}
VCV000067898	RCV001842365	SCN5A	2	criteria provided, multiple submitters, no conflicts	Uncertain significance	{'name': 'Cardiac arrhythmia', 'database': 'MedGen', 'id': 'C0003811'}
VCV000067898	RCV004528265	SCN5A	1	criteria provided, single submitter	Uncertain significance	{'name': 'SCN5A-related disorder'}
VCV000067898	RCV004786343	SCN5A	1	criteria provided, single submitter	Uncertain significance	{'name': 'Brugada syndrome 1', 'database': 'MedGen', 'id': 'C4551804'}
VCV000067898	RCV005031546	SCN5A	1	criteria provided, single submitter	Likely pathogenic	{'name': 'Atrial fibrillation, familial, 10', 'database': 'MedGen', 'id': 'C3151464'};{'name': 'Brugada syndrome 1', 'database': 'MedGen', 'id': 'C4551804'};{'name': 'Dilated cardiomyopathy 1E', 'database': 'MedGen', 'id': 'C1832680'};{'name': 'Long QT syndrome 3', 'database': 'MedGen', 'id': 'C1859062'};{'name': 'Progressive familial heart block, type 1A', 'database': 'MedGen', 'id': 'C1879286'};{'name': 'SUDDEN INFANT DEATH SYNDROME', 'database': 'MedGen', 'id': 'C0038644'};{'name': 'Sick sinus syndrome 1', 'database': 'MedGen', 'id': 'C1837845'};{'name': 'Ventricular fibrillation, paroxysmal familial, type 1', 'database': 'MedGen', 'id': 'C2751898'}
VCV000067898	RCV006456666	SCN5A	1	criteria provided, single submitter	Pathogenic	{'name': 'Long QT syndrome', 'database': 'MedGen', 'id': 'C0023976'}
VCV000068002	RCV000058796	SCN5A	0	no classification provided	not provided	{'name': 'Atrial fibrillation', 'database': 'MedGen', 'id': 'C0004238'}
VCV000068002	RCV000183128	SCN5A	2	criteria provided, multiple submitters, no conflicts	Likely pathogenic	{'name': 'not provided', 'database': 'MedGen', 'id': 'C3661900'}
VCV000068019	RCV000058817	SCN5A	0	no classification provided	not provided	{'name': 'Congenital long QT syndrome', 'database': 'MedGen', 'id': 'C1141890'}
VCV000068019	RCV003541169	SCN5A	1	criteria provided, single submitter	Uncertain significance	{'name': 'not provided', 'database': 'MedGen', 'id': 'C3661900'}
VCV000068053	RCV000058856	SCN5A	1	criteria provided, single submitter	not provided	{'name': 'Brugada syndrome', 'database': 'MedGen', 'id': 'C1142166'}
VCV000068053	RCV000987234	SCN5A	1	criteria provided, single submitter	Uncertain significance	{'name': 'Brugada syndrome 1', 'database': 'MedGen', 'id': 'C4551804'}
VCV000068053	RCV001842416	SCN5A	2	criteria provided, multiple submitters, no conflicts	Uncertain significance	{'name': 'Cardiac arrhythmia', 'database': 'MedGen', 'id': 'C0003811'}
VCV000068053	RCV002498348	SCN5A	1	criteria provided, single submitter	Uncertain significance	{'name': 'Atrial fibrillation, familial, 10', 'database': 'MedGen', 'id': 'C3151464'};{'name': 'Brugada syndrome 1', 'database': 'MedGen', 'id': 'C4551804'};{'name': 'Dilated cardiomyopathy 1E', 'database': 'MedGen', 'id': 'C1832680'};{'name': 'Long QT syndrome 3', 'database': 'MedGen', 'id': 'C1859062'};{'name': 'Progressive familial heart block, type 1A', 'database': 'MedGen', 'id': 'C1879286'};{'name': 'SUDDEN INFANT DEATH SYNDROME', 'database': 'MedGen', 'id': 'C0038644'};{'name': 'Sick sinus syndrome 1', 'database': 'MedGen', 'id': 'C1837845'};{'name': 'Ventricular fibrillation, paroxysmal familial, type 1', 'database': 'MedGen', 'id': 'C2751898'}
VCV000068053	RCV003656625	SCN5A	2	criteria provided, multiple submitters, no conflicts	Uncertain significance	{'name': 'not provided', 'database': 'MedGen', 'id': 'C3661900'}
VCV000068053	RCV004019066	SCN5A	1	criteria provided, single submitter	Likely benign	{'name': 'Cardiovascular phenotype', 'database': 'MedGen', 'id': 'CN230736'}
VCV000068461	RCV000059330	CRYAA	2	criteria provided, multiple submitters, no conflicts	Pathogenic	{'name': 'Cataract 9 multiple types', 'database': 'MedGen', 'id': 'C1858679'}
VCV000068469	RCV000059340	PAX6	0	no assertion criteria provided	Pathogenic	{'name': 'Irido-corneo-trabecular dysgenesis', 'database': 'MedGen', 'id': 'C0344559'}
VCV000068469	RCV001200041	PAX6	0	no assertion criteria provided	Likely pathogenic	{'name': 'Anterior segment dysgenesis', 'database': 'MedGen', 'id': 'C1862839'}
VCV000068557	RCV000059431	SCN1A	0	no classification provided	not provided	{'name': 'Macrocephaly and epileptic encephalopathy', 'database': 'MedGen', 'id': 'C3807541'}
VCV000068557	RCV000176634	SCN1A	2	criteria provided, multiple submitters, no conflicts	Pathogenic/Likely pathogenic	{'name': 'not provided', 'database': 'MedGen', 'id': 'C3661900'}
VCV000068557	RCV000623263	SCN1A	1	criteria provided, single submitter	Likely pathogenic	{'name': 'Inborn genetic diseases', 'database': 'MedGen', 'id': 'C0950123'}
VCV000068557	RCV002281560	SCN1A	0	no assertion criteria provided	Pathogenic	{'name': 'Migraine, familial hemiplegic, 3', 'database': 'MedGen', 'id': 'C1864987'}
VCV000068557	RCV003448258	SCN1A	1	criteria provided, single submitter	Pathogenic	{'name': 'Severe myoclonic epilepsy in infancy', 'database': 'MedGen', 'id': 'C0751122'}
VCV000068557	RCV006449976	SCN1A	1	criteria provided, single submitter	Pathogenic	{'name': 'Developmental and epileptic encephalopathy 6B', 'database': 'MedGen', 'id': 'C5543353'}
VCV000068557	RCV006461368	SCN1A	1	criteria provided, single submitter	Pathogenic	{'name': 'Early-infantile DEE', 'database': 'MedGen', 'id': 'C0393706'}
VCV000068578	RCV000059454	SCN1A	2	criteria provided, multiple submitters, no conflicts	Pathogenic	{'name': 'Severe myoclonic epilepsy in infancy', 'database': 'MedGen', 'id': 'C0751122'}
VCV000068578	RCV000188843	SCN1A	2	criteria provided, multiple submitters, no conflicts	Pathogenic	{'name': 'not provided', 'database': 'MedGen', 'id': 'C3661900'}
VCV000068578	RCV000763460	SCN1A	1	criteria provided, single submitter	Pathogenic	{'name': 'Generalized epilepsy with febrile seizures plus, type 2', 'database': 'MedGen', 'id': 'C1858673'};{'name': 'Migraine, familial hemiplegic, 3', 'database': 'MedGen', 'id': 'C1864987'};{'name': 'Severe myoclonic epilepsy in infancy', 'database': 'MedGen', 'id': 'C0751122'}
VCV000068578	RCV001003956	SCN1A	0	no assertion criteria provided	Pathogenic	{'name': 'Global developmental delay', 'database': 'MedGen', 'id': 'C0557874'};{'name': 'Seizure', 'database': 'MedGen', 'id': 'C0036572'}
VCV000068578	RCV001420531	SCN1A	1	criteria provided, single submitter	Pathogenic	{'name': 'Developmental and epileptic encephalopathy 6B', 'database': 'MedGen', 'id': 'C5543353'}
VCV000068578	RCV002470755	SCN1A	1	criteria provided, single submitter	Pathogenic	{'name': 'Developmental and epileptic encephalopathy, 6A', 'database': 'MedGen', 'id': 'CN293401'}
VCV000068578	RCV003764743	SCN1A	1	criteria provided, single submitter	Pathogenic	{'name': 'Generalized epilepsy with febrile seizures plus, type 2', 'database': 'MedGen', 'id': 'C1858673'};{'name': 'Severe myoclonic epilepsy in infancy', 'database': 'MedGen', 'id': 'C0751122'}
VCV000068578	RCV006606223	SCN1A	1	criteria provided, single submitter	Pathogenic	{'name': 'Early-infantile DEE', 'database': 'MedGen', 'id': 'C0393706'}
VCV000069850	RCV000074495	SCN11A	0	no assertion criteria provided	Pathogenic	{'name': 'Familial episodic pain syndrome with predominantly lower limb involvement', 'database': 'MedGen', 'id': 'C3809899'}
VCV000069850	RCV001229351	SCN11A	1	criteria provided, single submitter	Pathogenic	{'name': 'Familial episodic pain syndrome with predominantly lower limb involvement', 'database': 'MedGen', 'id': 'C3809899'};{'name': 'Hereditary sensory and autonomic neuropathy type 7', 'database': 'MedGen', 'id': 'C3809882'}
VCV000069850	RCV002514311	SCN11A	1	criteria provided, single submitter	Pathogenic	{'name': 'Inborn genetic diseases', 'database': 'MedGen', 'id': 'C0950123'}
VCV000069850	RCV003886374	SCN11A	1	criteria provided, single submitter	Likely pathogenic	{'name': 'not provided', 'database': 'MedGen', 'id': 'C3661900'}
VCV000073058	RCV000114746	NRAS	1	criteria provided, single submitter	Pathogenic	{'name': 'Large congenital melanocytic nevus', 'database': 'MedGen', 'id': 'C1842036'}
VCV000073058	RCV000144964	NRAS	0	no assertion criteria provided	Pathogenic	{'name': 'Neurocutaneous melanocytosis', 'database': 'MedGen', 'id': 'C0544862'}
VCV000073058	RCV000626456	NRAS	0	no assertion criteria provided	drug response	{'name': 'Ras Inhibitor response', 'database': 'MedGen', 'id': 'CN322756'}
VCV000073058	RCV000662267	NRAS	0	no assertion criteria provided	Likely pathogenic	{'name': 'Vascular Tumors Including Pyogenic Granuloma'}
VCV000073058	RCV000696329	NRAS	1	criteria provided, single submitter	Uncertain significance	{'name': 'RASopathy', 'database': 'MedGen', 'id': 'C5555857'}
VCV000073058	RCV001092890	NRAS	1	criteria provided, single submitter	Pathogenic	{'name': 'not provided', 'database': 'MedGen', 'id': 'C3661900'}
VCV000073058	RCV005603598	NRAS	1	criteria provided, single submitter	Pathogenic	{'name': 'Colorectal cancer', 'database': 'MedGen', 'id': 'C0346629'}
VCV000073058	RCV005624317	NRAS	1	criteria provided, single submitter	Likely pathogenic	{'name': 'Epidermal nevus', 'database': 'MedGen', 'id': 'C0334082'};{'name': 'Large congenital melanocytic nevus', 'database': 'MedGen', 'id': 'C1842036'}
VCV000088673	RCV000074360	SMAD4	2	criteria provided, multiple submitters, no conflicts	Pathogenic	{'name': 'Myhre syndrome', 'database': 'MedGen', 'id': 'C0796081'}
VCV000088673	RCV000160962	SMAD4	2	criteria provided, multiple submitters, no conflicts	Pathogenic/Likely pathogenic	{'name': 'not provided', 'database': 'MedGen', 'id': 'C3661900'}
VCV000088673	RCV000541839	SMAD4	1	criteria provided, single submitter	Likely pathogenic	{'name': 'Generalized juvenile polyposis/juvenile polyposis coli', 'database': 'MedGen', 'id': 'C1868081'}
VCV000088673	RCV002228175	SMAD4	1	criteria provided, single submitter	Pathogenic	{'name': 'Juvenile polyposis syndrome', 'database': 'MedGen', 'id': 'C0345893'}
VCV000088673	RCV002311544	SMAD4	1	criteria provided, single submitter	Pathogenic	{'name': 'Familial thoracic aortic aneurysm and aortic dissection', 'database': 'MedGen', 'id': 'C4707243'};{'name': 'Hereditary cancer-predisposing syndrome', 'database': 'MedGen', 'id': 'C0027672'}
VCV000088673	RCV002483120	SMAD4	1	criteria provided, single submitter	Likely pathogenic	{'name': 'Carcinoma of pancreas', 'database': 'MedGen', 'id': 'C0235974'};{'name': 'Juvenile polyposis syndrome', 'database': 'MedGen', 'id': 'C0345893'};{'name': 'Juvenile polyposis/hereditary hemorrhagic telangiectasia syndrome', 'database': 'MedGen', 'id': 'C1832942'};{'name': 'Myhre syndrome', 'database': 'MedGen', 'id': 'C0796081'}
VCV000088673	RCV003398656	SMAD4	1	criteria provided, single submitter	Pathogenic	{'name': 'SMAD4-related disorder'}
VCV000088673	RCV004703205	SMAD4	0	no assertion criteria provided	Likely pathogenic	{'name': 'Moyamoya angiopathy', 'database': 'MedGen', 'id': 'C5681261'}
VCV000088673	RCV004767058	SMAD4	0	no assertion criteria provided	Likely pathogenic	{'name': 'Juvenile polyposis/hereditary hemorrhagic telangiectasia syndrome', 'database': 'MedGen', 'id': 'C1832942'}
VCV000088673	RCV005625264	SMAD4	1	criteria provided, single submitter	Pathogenic	{'name': 'Intellectual disability', 'database': 'MedGen', 'id': 'C3714756'}
VCV000088673	RCV006547601	SMAD4	1	criteria provided, single submitter	Uncertain significance	{'name': 'Hereditary cancer-predisposing syndrome', 'database': 'MedGen', 'id': 'C0027672'}
VCV000088675	RCV000076908	PIK3CD	3	reviewed by expert panel	Pathogenic	{'name': 'Immunodeficiency 14', 'database': 'MedGen', 'id': 'C3714976'}
VCV000088675	RCV000224521	PIK3CD	2	criteria provided, multiple submitters, no conflicts	Pathogenic	{'name': 'not provided', 'database': 'MedGen', 'id': 'C3661900'}
VCV000088675	RCV001027610	PIK3CD	1	criteria provided, single submitter	Pathogenic	{'name': 'Inherited Immunodeficiency Diseases', 'database': 'MedGen', 'id': 'C5197805'}
VCV000088675	RCV003224135	PIK3CD	1	criteria provided, single submitter	Pathogenic	{'name': 'Combined immunodeficiency with faciooculoskeletal anomalies', 'database': 'MedGen', 'id': 'C2750068'};{'name': 'Immunodeficiency 14', 'database': 'MedGen', 'id': 'C3714976'};{'name': 'Immunodeficiency 14b, autosomal recessive', 'database': 'MedGen', 'id': 'C5543301'}
VCV000088675	RCV004019089	PIK3CD	1	criteria provided, single submitter	Pathogenic	{'name': 'Inborn genetic diseases', 'database': 'MedGen', 'id': 'C0950123'}
VCV000088762	RCV000074412	RARB	2	criteria provided, multiple submitters, no conflicts	Pathogenic/Likely pathogenic	{'name': 'Microphthalmia, syndromic 12', 'database': 'MedGen', 'id': 'C3809803'}
VCV000088762	RCV000478782	RARB	1	criteria provided, single submitter	Pathogenic	{'name': 'not provided', 'database': 'MedGen', 'id': 'C3661900'}
VCV000088762	RCV000624675	RARB	1	criteria provided, single submitter	Pathogenic	{'name': 'Inborn genetic diseases', 'database': 'MedGen', 'id': 'C0950123'}
VCV000088762	RCV003398657	RARB	1	criteria provided, single submitter	Pathogenic	{'name': 'Intellectual disability, autosomal dominant 48', 'database': 'MedGen', 'id': 'C4540321'}
VCV000088763	RCV000074413	RARB	0	no assertion criteria provided	Pathogenic	{'name': 'Microphthalmia, syndromic 12', 'database': 'MedGen', 'id': 'C3809803'}
VCV000088893	RCV000074462	SMARCB1	2	criteria provided, multiple submitters, no conflicts	Pathogenic/Likely pathogenic	{'name': 'Intellectual disability, autosomal dominant 15', 'database': 'MedGen', 'id': 'C3553248'}
VCV000088893	RCV000262341	SMARCB1	2	criteria provided, multiple submitters, no conflicts	Pathogenic/Likely pathogenic	{'name': 'not provided', 'database': 'MedGen', 'id': 'C3661900'}
VCV000088893	RCV001533133	SMARCB1	1	criteria provided, single submitter	Pathogenic	{'name': 'SMARCB1-related BAFopathy'}
VCV000088893	RCV004556052	SMARCB1	1	criteria provided, single submitter	Likely pathogenic	{'name': 'Coffin-Siris syndrome', 'database': 'MedGen', 'id': 'C0265338'}
VCV000089011	RCV000074494	SCN11A	0	no assertion criteria provided	Pathogenic	{'name': 'Hereditary sensory and autonomic neuropathy type 7', 'database': 'MedGen', 'id': 'C3809882'}
VCV000089013	RCV000074496	SCN11A	0	no assertion criteria provided	Pathogenic	{'name': 'Familial episodic pain syndrome with predominantly lower limb involvement', 'database': 'MedGen', 'id': 'C3809899'}
VCV000089015	RCV000074498	SCN10A	1	criteria provided, single submitter	Uncertain significance	{'name': 'Episodic pain syndrome, familial, 2', 'database': 'MedGen', 'id': 'C3809893'}
VCV000089015	RCV001318345	SCN10A	1	criteria provided, single submitter	Uncertain significance	{'name': 'Brugada syndrome', 'database': 'MedGen', 'id': 'C1142166'}
VCV000089015	RCV004019091	SCN10A	1	criteria provided, single submitter	Uncertain significance	{'name': 'Cardiovascular phenotype', 'database': 'MedGen', 'id': 'CN230736'}
VCV000091915	RCV000122472	KCNJ5	0	no assertion criteria provided	Likely pathogenic	{'name': 'not provided', 'database': 'MedGen', 'id': 'C3661900'}
VCV000091915	RCV000122749	KCNJ5	0	no assertion criteria provided	Pathogenic	{'name': 'Aldosterone-producing adrenal adenoma, somatic', 'database': 'MedGen', 'id': 'C4017656'}
VCV000091915	RCV000122750	KCNJ5	1	criteria provided, single submitter	Pathogenic	{'name': 'Familial hyperaldosteronism type III', 'database': 'MedGen', 'id': 'C3838758'}
VCV000091915	RCV002326795	KCNJ5	1	criteria provided, single submitter	Pathogenic	{'name': 'Cardiovascular phenotype', 'database': 'MedGen', 'id': 'CN230736'}
VCV000091915	RCV003531964	KCNJ5	1	criteria provided, single submitter	Pathogenic	{'name': 'Long QT syndrome', 'database': 'MedGen', 'id': 'C0023976'}
VCV000092220	RCV000077839	MED12	0	no classification provided	not provided	{'name': 'Uterine leiomyoma', 'database': 'MedGen', 'id': 'C0042133'}
VCV000092220	RCV000505615	MED12	0	no assertion criteria provided	other	{'name': 'Nephroblastoma', 'database': 'MedGen', 'id': 'C0027708'}
VCV000094089	RCV000080038	SCN9A	2	criteria provided, multiple submitters, no conflicts	Benign/Likely benign	{'name': 'not specified', 'database': 'MedGen', 'id': 'CN169374'}
VCV000094089	RCV000399125	SCN9A	2	criteria provided, multiple submitters, no conflicts	Benign/Likely benign	{'name': 'Channelopathy-associated congenital insensitivity to pain, autosomal recessive', 'database': 'MedGen', 'id': 'C1855739'}
VCV000094089	RCV000461431	SCN9A	1	criteria provided, single submitter	Benign	{'name': 'Generalized epilepsy with febrile seizures plus, type 7', 'database': 'MedGen', 'id': 'C2751778'};{'name': 'Neuropathy, hereditary sensory and autonomic, type 2A', 'database': 'MedGen', 'id': 'C2752089'}
VCV000094089	RCV000986924	SCN9A	1	criteria provided, single submitter	Likely benign	{'name': 'Neuropathy, hereditary sensory and autonomic, type 2A', 'database': 'MedGen', 'id': 'C2752089'}
VCV000094089	RCV000992914	SCN9A	2	criteria provided, multiple submitters, no conflicts	Benign/Likely benign	{'name': 'not provided', 'database': 'MedGen', 'id': 'C3661900'}
VCV000094089	RCV001129274	SCN9A	1	criteria provided, single submitter	Benign	{'name': 'Paroxysmal extreme pain disorder', 'database': 'MedGen', 'id': 'C1833661'}
VCV000094089	RCV001129275	SCN9A	1	criteria provided, single submitter	Benign	{'name': 'Primary erythromelalgia', 'database': 'MedGen', 'id': 'C0014805'}
VCV000094089	RCV003313935	SCN9A	0	no assertion criteria provided	Uncertain risk allele	{'name': 'Autism spectrum disorder', 'database': 'MedGen', 'id': 'C1510586'}
VCV000095219	RCV000081231	RELN	2	criteria provided, multiple submitters, no conflicts	Benign	{'name': 'not specified', 'database': 'MedGen', 'id': 'CN169374'}
VCV000095219	RCV000710199	RELN	2	criteria provided, multiple submitters, no conflicts	Benign/Likely benign	{'name': 'not provided', 'database': 'MedGen', 'id': 'C3661900'}
VCV000095219	RCV001080013	RELN	1	criteria provided, single submitter	Benign	{'name': 'Familial temporal lobe epilepsy 7', 'database': 'MedGen', 'id': 'C4225327'};{'name': 'Norman-Roberts syndrome', 'database': 'MedGen', 'id': 'C0796089'}
VCV000095219	RCV001160302	RELN	1	criteria provided, single submitter	Benign	{'name': 'Norman-Roberts syndrome', 'database': 'MedGen', 'id': 'C0796089'}
VCV000095402	RCV000723645	SCN10A	1	criteria provided, conflicting classifications	Conflicting classifications of pathogenicity	{'name': 'not provided', 'database': 'MedGen', 'id': 'C3661900'}
VCV000095402	RCV001080181	SCN10A	1	criteria provided, single submitter	Likely benign	{'name': 'Brugada syndrome', 'database': 'MedGen', 'id': 'C1142166'}
VCV000095402	RCV002354280	SCN10A	1	criteria provided, single submitter	Likely benign	{'name': 'Cardiovascular phenotype', 'database': 'MedGen', 'id': 'CN230736'}
VCV000095402	RCV003137621	SCN10A	1	criteria provided, single submitter	Uncertain significance	{'name': 'Episodic pain syndrome, familial, 2', 'database': 'MedGen', 'id': 'C3809893'}
VCV000095402	RCV004542788	SCN10A	0	no assertion criteria provided	Likely benign	{'name': 'SCN10A-related disorder'}
VCV000095402	RCV006445499	SCN10A	1	criteria provided, single submitter	Benign	{'name': 'not specified', 'database': 'MedGen', 'id': 'CN169374'}
VCV000096239	RCV000477181	CAV3	1	criteria provided, single submitter	Uncertain significance	{'name': 'Long QT syndrome', 'database': 'MedGen', 'id': 'C0023976'}
VCV000096239	RCV000723742	CAV3	2	criteria provided, multiple submitters, no conflicts	Uncertain significance	{'name': 'not provided', 'database': 'MedGen', 'id': 'C3661900'}
VCV000096239	RCV004017394	CAV3	1	criteria provided, single submitter	Uncertain significance	{'name': 'Cardiovascular phenotype', 'database': 'MedGen', 'id': 'CN230736'}
VCV000096239	RCV005237522	CAV3	1	criteria provided, single submitter	Uncertain significance	{'name': 'not specified', 'database': 'MedGen', 'id': 'CN169374'}
VCV000097000	RCV000083251	SNCA	1	criteria provided, single submitter	Pathogenic	{'name': 'Autosomal dominant Parkinson disease 1', 'database': 'MedGen', 'id': 'C1868595'}
VCV000097810	RCV000084063	PSTPIP1	2	criteria provided, multiple submitters, no conflicts	Pathogenic	{'name': 'Pyogenic arthritis-pyoderma gangrenosum-acne syndrome', 'database': 'MedGen', 'id': 'C1858361'}
VCV000097810	RCV000215780	PSTPIP1	2	criteria provided, multiple submitters, no conflicts	Pathogenic	{'name': 'not provided', 'database': 'MedGen', 'id': 'C3661900'}
VCV000097810	RCV004777572	PSTPIP1	1	criteria provided, single submitter	Pathogenic	{'name': 'Hyperzincemia and hypercalprotectinemia', 'database': 'MedGen', 'id': 'C4760957'}
VCV000097830	RCV000084087	NOD2	0	no classification provided	not provided	{'name': 'Blau syndrome', 'database': 'MedGen', 'id': 'C5201146'}
VCV000097830	RCV005222745	NOD2	1	criteria provided, single submitter	Pathogenic	{'name': 'Blau syndrome', 'database': 'MedGen', 'id': 'C5201146'};{'name': 'Regional enteritis', 'database': 'MedGen', 'id': 'C0678202'}
VCV000097834	RCV000084091	NOD2	1	criteria provided, single submitter	Likely pathogenic	{'name': 'Blau syndrome', 'database': 'MedGen', 'id': 'C5201146'}
VCV000097834	RCV002513872	NOD2	1	criteria provided, single submitter	Pathogenic	{'name': 'Blau syndrome', 'database': 'MedGen', 'id': 'C5201146'};{'name': 'Regional enteritis', 'database': 'MedGen', 'id': 'C0678202'}
VCV000097834	RCV004724801	NOD2	1	criteria provided, single submitter	Likely pathogenic	{'name': 'not provided', 'database': 'MedGen', 'id': 'C3661900'}
VCV000097838	RCV000084095	NOD2	1	criteria provided, single submitter	Pathogenic	{'name': 'Blau syndrome', 'database': 'MedGen', 'id': 'C5201146'}
VCV000097838	RCV001092928	NOD2	1	criteria provided, single submitter	Likely pathogenic	{'name': 'not provided', 'database': 'MedGen', 'id': 'C3661900'}
VCV000097838	RCV002514475	NOD2	1	criteria provided, single submitter	Pathogenic	{'name': 'Blau syndrome', 'database': 'MedGen', 'id': 'C5201146'};{'name': 'Regional enteritis', 'database': 'MedGen', 'id': 'C0678202'}
VCV000097912	RCV000084170	NLRP3	0	no classification provided	not provided	{'name': 'Familial cold autoinflammatory syndrome 1', 'database': 'MedGen', 'id': 'C4551895'}
VCV000097912	RCV001854466	NLRP3	1	criteria provided, single submitter	Likely pathogenic	{'name': 'Cryopyrin associated periodic syndrome', 'database': 'MedGen', 'id': 'C2316212'}
VCV000097912	RCV003152680	NLRP3	1	criteria provided, single submitter	Likely pathogenic	{'name': 'Chronic infantile neurological, cutaneous and articular syndrome', 'database': 'MedGen', 'id': 'C0409818'}
VCV000097918	RCV000084177	NLRP3	1	criteria provided, single submitter	Benign	{'name': 'Familial cold autoinflammatory syndrome 1', 'database': 'MedGen', 'id': 'C4551895'}
VCV000097918	RCV000252898	NLRP3	2	criteria provided, multiple submitters, no conflicts	Benign	{'name': 'not specified', 'database': 'MedGen', 'id': 'CN169374'}
VCV000097918	RCV000266872	NLRP3	1	criteria provided, single submitter	Benign	{'name': 'Chronic infantile neurological, cutaneous and articular syndrome', 'database': 'MedGen', 'id': 'C0409818'}
VCV000097918	RCV000377739	NLRP3	1	criteria provided, single submitter	Benign	{'name': 'Familial amyloid nephropathy with urticaria AND deafness', 'database': 'MedGen', 'id': 'C0268390'}
VCV000097918	RCV000755588	NLRP3	2	criteria provided, multiple submitters, no conflicts	Benign/Likely benign	{'name': 'not provided', 'database': 'MedGen', 'id': 'C3661900'}
VCV000097918	RCV001080970	NLRP3	1	criteria provided, single submitter	Benign	{'name': 'Cryopyrin associated periodic syndrome', 'database': 'MedGen', 'id': 'C2316212'}
VCV000097918	RCV002262689	NLRP3	1	criteria provided, single submitter	Benign	{'name': 'Autoinflammatory syndrome', 'database': 'MedGen', 'id': 'C3890737'}
VCV000097918	RCV002294024	NLRP3	1	criteria provided, single submitter	Benign	{'name': 'Focal segmental glomerulosclerosis', 'database': 'MedGen', 'id': 'C0017668'}
VCV000097937	RCV000084196	NLRP3	0	no classification provided	not provided	{'name': 'Familial cold autoinflammatory syndrome 1', 'database': 'MedGen', 'id': 'C4551895'}
VCV000097944	RCV000084203	NLRP3	1	criteria provided, single submitter	Likely pathogenic	{'name': 'Familial cold autoinflammatory syndrome 1', 'database': 'MedGen', 'id': 'C4551895'}
VCV000097944	RCV001224375	NLRP3	1	criteria provided, single submitter	Pathogenic	{'name': 'Cryopyrin associated periodic syndrome', 'database': 'MedGen', 'id': 'C2316212'}
VCV000097944	RCV004808577	NLRP3	1	criteria provided, single submitter	Pathogenic	{'name': 'not provided', 'database': 'MedGen', 'id': 'C3661900'}
VCV000098692	RCV000085003	PRPH2	0	no assertion criteria provided	Pathogenic	{'name': 'not provided', 'database': 'MedGen', 'id': 'C3661900'}
VCV000098692	RCV001052017	PRPH2	1	criteria provided, single submitter	Pathogenic	{'name': 'PRPH2-related disorder', 'database': 'MedGen', 'id': 'CN239395'}
VCV000098692	RCV001074371	PRPH2	1	criteria provided, single submitter	Pathogenic	{'name': 'Retinal dystrophy', 'database': 'MedGen', 'id': 'C0854723'}
VCV000098692	RCV001250308	PRPH2	1	criteria provided, single submitter	Likely pathogenic	{'name': 'Stargardt disease', 'database': 'MedGen', 'id': 'C0271093'}
VCV000098692	RCV001542667	PRPH2	0	no assertion criteria provided	Likely pathogenic	{'name': 'Patterned macular dystrophy 1', 'database': 'MedGen', 'id': 'C4551999'}
VCV000098692	RCV006555437	PRPH2	1	criteria provided, single submitter	Likely pathogenic	{'name': 'Retinal disorder', 'database': 'MedGen', 'id': 'C0035309'}
VCV000098704	RCV000085016	PRPH2	0	no assertion criteria provided	Pathogenic	{'name': 'not provided', 'database': 'MedGen', 'id': 'C3661900'}
VCV000098704	RCV003888460	PRPH2	1	criteria provided, single submitter	Pathogenic	{'name': 'Retinal dystrophy', 'database': 'MedGen', 'id': 'C0854723'}
VCV000098705	RCV000085018	PRPH2	0	no assertion criteria provided	Pathogenic	{'name': 'not provided', 'database': 'MedGen', 'id': 'C3661900'}
VCV000098705	RCV001003139	PRPH2	0	no assertion criteria provided	Likely pathogenic	{'name': 'Retinitis pigmentosa', 'database': 'MedGen', 'id': 'C0035334'}
VCV000100300	RCV000086700	VWF	2	criteria provided, multiple submitters, no conflicts	Pathogenic	{'name': 'not provided', 'database': 'MedGen', 'id': 'C3661900'}
VCV000100300	RCV002243729	VWF	0	no assertion criteria provided	Pathogenic	{'name': 'von Willebrand disease type 2', 'database': 'MedGen', 'id': 'C1264040'}
VCV000100300	RCV004739357	VWF	0	no assertion criteria provided	Pathogenic	{'name': 'VWF-related disorder'}
VCV000100356	RCV000086761	VWF	0	no classification provided	not provided	{'name': 'not provided', 'database': 'MedGen', 'id': 'C3661900'}
VCV000100356	RCV004821272	VWF	3	reviewed by expert panel	Uncertain significance	{'name': 'Hereditary von Willebrand disease', 'database': 'MedGen', 'id': 'C5703318'}
VCV000100782	RCV000087144	EEF1A2	2	criteria provided, multiple submitters, no conflicts	Pathogenic	{'name': 'Developmental and epileptic encephalopathy, 33', 'database': 'MedGen', 'id': 'C4225337'}
VCV000100782	RCV000327695	EEF1A2	2	criteria provided, multiple submitters, no conflicts	Pathogenic	{'name': 'not provided', 'database': 'MedGen', 'id': 'C3661900'}
VCV000100782	RCV000623753	EEF1A2	1	criteria provided, single submitter	Pathogenic	{'name': 'Inborn genetic diseases', 'database': 'MedGen', 'id': 'C0950123'}
VCV000100782	RCV000679972	EEF1A2	1	criteria provided, single submitter	Pathogenic	{'name': 'Intellectual disability', 'database': 'MedGen', 'id': 'C3714756'}
VCV000100782	RCV001030061	EEF1A2	1	criteria provided, single submitter	Pathogenic	{'name': 'EEF1A2-related developmental and degenerative epileptic-dyskinetic encephalopathy'}
VCV000100782	RCV001775080	EEF1A2	1	criteria provided, single submitter	Pathogenic	{'name': 'Intellectual disability, autosomal dominant 38', 'database': 'MedGen', 'id': 'C4225343'}
VCV000100782	RCV003894943	EEF1A2	0	no assertion criteria provided	Pathogenic	{'name': 'EEF1A2-related disorder'}
VCV000100782	RCV004819218	EEF1A2	1	criteria provided, single submitter	Pathogenic	{'name': 'Developmental and epileptic encephalopathy, 33', 'database': 'MedGen', 'id': 'C4225337'};{'name': 'Intellectual disability, autosomal dominant 38', 'database': 'MedGen', 'id': 'C4225343'}
VCV000100782	RCV006249589	EEF1A2	1	criteria provided, single submitter	Pathogenic	{'name': 'Complex neurodevelopmental disorder', 'database': 'MedGen', 'id': 'C5568766'}
VCV000126421	RCV000114361	KCNT1	2	criteria provided, multiple submitters, no conflicts	Pathogenic	{'name': 'Developmental and epileptic encephalopathy, 14', 'database': 'MedGen', 'id': 'C3554195'}
VCV000126421	RCV000255411	KCNT1	2	criteria provided, multiple submitters, no conflicts	Pathogenic	{'name': 'not provided', 'database': 'MedGen', 'id': 'C3661900'}
VCV000126421	RCV000627792	KCNT1	2	criteria provided, multiple submitters, no conflicts	Pathogenic	{'name': 'Autosomal dominant nocturnal frontal lobe epilepsy 5', 'database': 'MedGen', 'id': 'C3554306'};{'name': 'Developmental and epileptic encephalopathy, 14', 'database': 'MedGen', 'id': 'C3554195'}
VCV000126421	RCV001265540	KCNT1	1	criteria provided, single submitter	Pathogenic	{'name': 'Autosomal dominant nocturnal frontal lobe epilepsy 5', 'database': 'MedGen', 'id': 'C3554306'}
VCV000126421	RCV005625288	KCNT1	1	criteria provided, single submitter	Pathogenic	{'name': 'Epilepsy', 'database': 'MedGen', 'id': 'C0014544'}
VCV000127136	RCV000114990	KCNA5	2	criteria provided, multiple submitters, no conflicts	Uncertain significance	{'name': 'Atrial fibrillation, familial, 7', 'database': 'MedGen', 'id': 'C2677106'}
VCV000127136	RCV000171655	KCNA5	2	criteria provided, multiple submitters, no conflicts	Uncertain significance	{'name': 'not provided', 'database': 'MedGen', 'id': 'C3661900'}
VCV000127137	RCV000114991	KCNA5	0	no assertion criteria provided	Pathogenic	{'name': 'Atrial fibrillation, familial, 7', 'database': 'MedGen', 'id': 'C2677106'}
VCV000127814	RCV000115725	TP53	1	criteria provided, single submitter	Pathogenic	{'name': 'not provided', 'database': 'MedGen', 'id': 'C3661900'}
VCV000127814	RCV000492788	TP53	1	criteria provided, single submitter	Pathogenic	{'name': 'Hereditary cancer-predisposing syndrome', 'database': 'MedGen', 'id': 'C0027672'}
VCV000127814	RCV000526324	TP53	3	reviewed by expert panel	Pathogenic	{'name': 'Li-Fraumeni syndrome', 'database': 'MedGen', 'id': 'C0085390'}
VCV000127814	RCV000785334	TP53	0	no assertion criteria provided	Likely pathogenic	{'name': 'Ovarian neoplasm', 'database': 'MedGen', 'id': 'C0919267'}
VCV000127814	RCV004019613	TP53	1	criteria provided, single submitter	Pathogenic	{'name': 'Li-Fraumeni syndrome 1', 'database': 'MedGen', 'id': 'C1835398'}
VCV000127819	RCV000115731	TP53	2	criteria provided, multiple submitters, no conflicts	Pathogenic	{'name': 'Hereditary cancer-predisposing syndrome', 'database': 'MedGen', 'id': 'C0027672'}
VCV000127819	RCV000213055	TP53	2	criteria provided, multiple submitters, no conflicts	Pathogenic	{'name': 'not provided', 'database': 'MedGen', 'id': 'C3661900'}
VCV000127819	RCV000232050	TP53	3	reviewed by expert panel	Pathogenic	{'name': 'Li-Fraumeni syndrome', 'database': 'MedGen', 'id': 'C0085390'}
VCV000127819	RCV000433936	TP53	1	criteria provided, single submitter	Pathogenic	{'name': 'Squamous cell carcinoma of the head and neck', 'database': 'MedGen', 'id': 'C1168401'}
VCV000127819	RCV000785544	TP53	0	no assertion criteria provided	Likely pathogenic	{'name': 'Ovarian neoplasm', 'database': 'MedGen', 'id': 'C0919267'}
VCV000127819	RCV001310212	TP53	2	criteria provided, multiple submitters, no conflicts	Pathogenic	{'name': 'Li-Fraumeni syndrome 1', 'database': 'MedGen', 'id': 'C1835398'}
VCV000127819	RCV001527468	TP53	0	no assertion criteria provided	Pathogenic	{'name': 'B-cell chronic lymphocytic leukemia', 'database': 'MedGen', 'id': 'C0023434'}
VCV000127819	RCV001579295	TP53	0	no assertion criteria provided	Pathogenic	{'name': 'Breast carcinoma', 'database': 'MedGen', 'id': 'C0678222'}
VCV000127819	RCV002490776	TP53	1	criteria provided, single submitter	Pathogenic	{'name': 'Adrenocortical carcinoma, hereditary', 'database': 'MedGen', 'id': 'C1859972'};{'name': 'Basal cell carcinoma, susceptibility to, 7', 'database': 'MedGen', 'id': 'C3553606'};{'name': 'Bone marrow failure syndrome 5', 'database': 'MedGen', 'id': 'C4748488'};{'name': 'Bone osteosarcoma', 'database': 'MedGen', 'id': 'C0585442'};{'name': 'Carcinoma of pancreas', 'database': 'MedGen', 'id': 'C0235974'};{'name': 'Choroid plexus papilloma', 'database': 'MedGen', 'id': 'C0205770'};{'name': 'Colorectal cancer', 'database': 'MedGen', 'id': 'C0346629'};{'name': 'Familial cancer of breast', 'database': 'MedGen', 'id': 'C0346153'};{'name': 'Glioma susceptibility 1', 'database': 'MedGen', 'id': 'C2750850'};{'name': 'Hepatocellular carcinoma', 'database': 'MedGen', 'id': 'C2239176'};{'name': 'Li-Fraumeni syndrome 1', 'database': 'MedGen', 'id': 'C1835398'};{'name': 'Nasopharyngeal carcinoma', 'database': 'MedGen', 'id': 'C2931822'}
VCV000127819	RCV003162539	TP53	0	no assertion criteria provided	Pathogenic	{'name': 'Gastric cancer', 'database': 'MedGen', 'id': 'C0024623'}
VCV000127819	RCV003407499	TP53	1	criteria provided, single submitter	Pathogenic	{'name': 'TP53-related disorder'}
VCV000127819	RCV003460829	TP53	1	criteria provided, single submitter	Pathogenic	{'name': 'Adrenocortical carcinoma, hereditary', 'database': 'MedGen', 'id': 'C1859972'}
VCV000127819	RCV003997298	TP53	0	no assertion criteria provided	Likely pathogenic	{'name': 'Adrenal cortex carcinoma', 'database': 'MedGen', 'id': 'C0206686'}
VCV000127820	RCV000115732	TP53	2	criteria provided, multiple submitters, no conflicts	Pathogenic/Likely pathogenic	{'name': 'not provided', 'database': 'MedGen', 'id': 'C3661900'}
VCV000127820	RCV000200601	TP53	2	criteria provided, multiple submitters, no conflicts	Pathogenic/Likely pathogenic	{'name': 'Li-Fraumeni syndrome', 'database': 'MedGen', 'id': 'C0085390'}
VCV000127820	RCV000492245	TP53	2	criteria provided, multiple submitters, no conflicts	Pathogenic/Likely pathogenic	{'name': 'Hereditary cancer-predisposing syndrome', 'database': 'MedGen', 'id': 'C0027672'}
VCV000127820	RCV000785536	TP53	0	no assertion criteria provided	Likely pathogenic	{'name': 'Ovarian neoplasm', 'database': 'MedGen', 'id': 'C0919267'}
VCV000127820	RCV001808343	TP53	2	criteria provided, multiple submitters, no conflicts	Pathogenic/Likely pathogenic	{'name': 'Li-Fraumeni syndrome 1', 'database': 'MedGen', 'id': 'C1835398'}
VCV000127827	RCV000115742	TP53	2	criteria provided, multiple submitters, no conflicts	Likely benign	{'name': 'Hereditary cancer-predisposing syndrome', 'database': 'MedGen', 'id': 'C0027672'}
VCV000127827	RCV000122173	TP53	2	criteria provided, multiple submitters, no conflicts	Benign/Likely benign	{'name': 'not specified', 'database': 'MedGen', 'id': 'CN169374'}
VCV000127827	RCV000123100	TP53	1	criteria provided, single submitter	Likely benign	{'name': 'Li-Fraumeni syndrome', 'database': 'MedGen', 'id': 'C0085390'}
VCV000127827	RCV000409871	TP53	1	criteria provided, conflicting classifications	Conflicting classifications of pathogenicity	{'name': 'Li-Fraumeni syndrome 1', 'database': 'MedGen', 'id': 'C1835398'}
VCV000127827	RCV000586196	TP53	2	criteria provided, multiple submitters, no conflicts	Benign/Likely benign	{'name': 'not provided', 'database': 'MedGen', 'id': 'C3661900'}
VCV000127827	RCV001030741	TP53	1	criteria provided, single submitter	Uncertain significance	{'name': 'Hereditary breast ovarian cancer syndrome', 'database': 'MedGen', 'id': 'C0677776'}
VCV000127827	RCV003492490	TP53	1	criteria provided, single submitter	Likely benign	{'name': 'Breast and/or ovarian cancer', 'database': 'MedGen', 'id': 'CN221562'}
VCV000127827	RCV003945046	TP53	0	no assertion criteria provided	Likely benign	{'name': 'TP53-related disorder'}
VCV000129196	RCV000117185	GRIN2A	2	criteria provided, multiple submitters, no conflicts	Benign	{'name': 'not specified', 'database': 'MedGen', 'id': 'CN169374'}
VCV000129196	RCV000230705	GRIN2A	2	criteria provided, multiple submitters, no conflicts	Benign/Likely benign	{'name': 'Landau-Kleffner syndrome', 'database': 'MedGen', 'id': 'C0282512'}
VCV000129196	RCV000419597	GRIN2A	2	criteria provided, multiple submitters, no conflicts	Benign/Likely benign	{'name': 'not provided', 'database': 'MedGen', 'id': 'C3661900'}
VCV000129196	RCV002312126	GRIN2A	1	criteria provided, single submitter	Likely benign	{'name': 'Inborn genetic diseases', 'database': 'MedGen', 'id': 'C0950123'}
VCV000129316	RCV000117319	KCNJ10	2	criteria provided, multiple submitters, no conflicts	Benign	{'name': 'not specified', 'database': 'MedGen', 'id': 'CN169374'}
VCV000129316	RCV000234164	KCNJ10	1	criteria provided, conflicting classifications	Conflicting classifications of pathogenicity	{'name': 'EAST syndrome', 'database': 'MedGen', 'id': 'C2748572'}
VCV000129316	RCV000710154	KCNJ10	2	criteria provided, multiple submitters, no conflicts	Benign/Likely benign	{'name': 'not provided', 'database': 'MedGen', 'id': 'C3661900'}
VCV000129316	RCV001258301	KCNJ10	1	criteria provided, single submitter	Benign	{'name': 'Autism', 'database': 'MedGen', 'id': 'C0004352'};{'name': 'Intellectual disability', 'database': 'MedGen', 'id': 'C3714756'};{'name': 'Seizure', 'database': 'MedGen', 'id': 'C0036572'}
VCV000129316	RCV002312144	KCNJ10	1	criteria provided, single submitter	Benign	{'name': 'Inborn genetic diseases', 'database': 'MedGen', 'id': 'C0950123'}
VCV000129316	RCV004724811	KCNJ10	0	no assertion criteria provided	Benign	{'name': 'KCNJ10-related disorder', 'database': 'MedGen', 'id': 'CN239321'}
VCV000130265	RCV000176065	SCN9A	2	criteria provided, multiple submitters, no conflicts	Benign/Likely benign	{'name': 'not specified', 'database': 'MedGen', 'id': 'CN169374'}
VCV000130265	RCV000328939	SCN9A	1	criteria provided, single submitter	Uncertain significance	{'name': 'Severe myoclonic epilepsy in infancy', 'database': 'MedGen', 'id': 'C0751122'}
VCV000130265	RCV000335798	SCN9A	1	criteria provided, single submitter	Likely benign	{'name': 'Channelopathy-associated congenital insensitivity to pain, autosomal recessive', 'database': 'MedGen', 'id': 'C1855739'}
VCV000130265	RCV000383539	SCN9A	1	criteria provided, single submitter	Benign	{'name': 'Paroxysmal extreme pain disorder', 'database': 'MedGen', 'id': 'C1833661'}
VCV000130265	RCV000422016	SCN9A	2	criteria provided, multiple submitters, no conflicts	Benign/Likely benign	{'name': 'not provided', 'database': 'MedGen', 'id': 'C3661900'}
VCV000130265	RCV000714847	SCN9A	1	criteria provided, conflicting classifications	Conflicting classifications of pathogenicity	{'name': 'Primary erythromelalgia', 'database': 'MedGen', 'id': 'C0014805'}
VCV000130265	RCV000714848	SCN9A	1	criteria provided, conflicting classifications	Conflicting classifications of pathogenicity	{'name': 'Neuropathy, hereditary sensory and autonomic, type 2A', 'database': 'MedGen', 'id': 'C2752089'}
VCV000130265	RCV001080021	SCN9A	1	criteria provided, single submitter	Benign	{'name': 'Generalized epilepsy with febrile seizures plus, type 7', 'database': 'MedGen', 'id': 'C2751778'};{'name': 'Neuropathy, hereditary sensory and autonomic, type 2A', 'database': 'MedGen', 'id': 'C2752089'}
VCV000130265	RCV002345422	SCN9A	1	criteria provided, single submitter	Likely benign	{'name': 'Inborn genetic diseases', 'database': 'MedGen', 'id': 'C0950123'}
VCV000130265	RCV003224155	SCN9A	1	criteria provided, single submitter	Uncertain significance	{'name': 'Channelopathy-associated congenital insensitivity to pain, autosomal recessive', 'database': 'MedGen', 'id': 'C1855739'};{'name': 'Paroxysmal extreme pain disorder', 'database': 'MedGen', 'id': 'C1833661'};{'name': 'Primary erythromelalgia', 'database': 'MedGen', 'id': 'C0014805'}
VCV000130265	RCV005252107	SCN9A	1	criteria provided, single submitter	Uncertain significance	{'name': 'Channelopathy-associated congenital insensitivity to pain, autosomal recessive', 'database': 'MedGen', 'id': 'C1855739'};{'name': 'Generalized epilepsy with febrile seizures plus, type 7', 'database': 'MedGen', 'id': 'C2751778'};{'name': 'Paroxysmal extreme pain disorder', 'database': 'MedGen', 'id': 'C1833661'};{'name': 'Primary erythromelalgia', 'database': 'MedGen', 'id': 'C0014805'};{'name': 'Severe myoclonic epilepsy in infancy', 'database': 'MedGen', 'id': 'C0751122'}
VCV000130265	RCV005625298	SCN9A	1	criteria provided, single submitter	Benign	{'name': 'Hereditary ataxia', 'database': 'MedGen', 'id': 'C0004138'}
VCV000132130	RCV004815188	CDKN1C	0	no classification provided	not provided	{'name': 'IMAGe syndrome', 'database': 'MedGen', 'id': 'C1846009'}
VCV000132792	RCV000119261	DYRK1B	0	no assertion criteria provided	Pathogenic	{'name': 'Abdominal obesity-metabolic syndrome 3', 'database': 'MedGen', 'id': 'C4014361'}
VCV000132792	RCV002515804	DYRK1B	1	criteria provided, single submitter	Pathogenic	{'name': 'not provided', 'database': 'MedGen', 'id': 'C3661900'}
VCV000132806	RCV000119275	PIK3CD	3	reviewed by expert panel	Likely pathogenic	{'name': 'Immunodeficiency 14', 'database': 'MedGen', 'id': 'C3714976'}
VCV000132807	RCV000119276	PIK3CD	3	reviewed by expert panel	Pathogenic	{'name': 'Immunodeficiency 14', 'database': 'MedGen', 'id': 'C3714976'}
VCV000132807	RCV004745195	PIK3CD	0	no assertion criteria provided	Pathogenic	{'name': 'PIK3CD-related disorder'}
VCV000132808	RCV000119277	PIK3CD	3	reviewed by expert panel	Likely pathogenic	{'name': 'Immunodeficiency 14', 'database': 'MedGen', 'id': 'C3714976'}
VCV000132887	RCV000128580	STIM1	0	no assertion criteria provided	Pathogenic	{'name': 'Stormorken syndrome', 'database': 'MedGen', 'id': 'C1861451'}
VCV000132887	RCV000850608	STIM1	1	criteria provided, single submitter	Pathogenic	{'name': 'Combined immunodeficiency due to STIM1 deficiency', 'database': 'MedGen', 'id': 'C2748557'};{'name': 'Stormorken syndrome', 'database': 'MedGen', 'id': 'C1861451'}
VCV000132887	RCV002228364	STIM1	1	criteria provided, single submitter	Pathogenic	{'name': 'Combined immunodeficiency due to STIM1 deficiency', 'database': 'MedGen', 'id': 'C2748557'};{'name': 'Myopathy with tubular aggregates', 'database': 'MedGen', 'id': 'C0410207'};{'name': 'Stormorken syndrome', 'database': 'MedGen', 'id': 'C1861451'}
VCV000132887	RCV004815190	STIM1	1	criteria provided, single submitter	Pathogenic	{'name': 'not provided', 'database': 'MedGen', 'id': 'C3661900'}
VCV000132903	RCV000149444	KCNK17	0	no assertion criteria provided	Likely pathogenic	{'name': 'not provided', 'database': 'MedGen', 'id': 'C3661900'}
VCV000134834	RCV000121549	MPL	1	criteria provided, conflicting classifications	Conflicting classifications of pathogenicity	{'name': 'not specified', 'database': 'MedGen', 'id': 'CN169374'}
VCV000134834	RCV000778239	MPL	0	no assertion criteria provided	Likely benign	{'name': 'Congenital amegakaryocytic thrombocytopenia', 'database': 'MedGen', 'id': 'C1327915'}
VCV000134834	RCV000860830	MPL	1	criteria provided, single submitter	Likely benign	{'name': 'Congenital amegakaryocytic thrombocytopenia', 'database': 'MedGen', 'id': 'C1327915'};{'name': 'Essential thrombocythemia', 'database': 'MedGen', 'id': 'C0040028'}
VCV000135651	RCV000122729	SCN8A	2	criteria provided, multiple submitters, no conflicts	Pathogenic/Likely pathogenic	{'name': 'Developmental and epileptic encephalopathy, 13', 'database': 'MedGen', 'id': 'C3281191'}
VCV000135651	RCV000189267	SCN8A	2	criteria provided, multiple submitters, no conflicts	Pathogenic	{'name': 'not provided', 'database': 'MedGen', 'id': 'C3661900'}
VCV000135651	RCV000624041	SCN8A	1	criteria provided, single submitter	Pathogenic	{'name': 'Inborn genetic diseases', 'database': 'MedGen', 'id': 'C0950123'}
VCV000135651	RCV001249685	SCN8A	1	criteria provided, single submitter	Pathogenic	{'name': 'Cognitive impairment with or without cerebellar ataxia', 'database': 'MedGen', 'id': 'C3280415'};{'name': 'Developmental and epileptic encephalopathy, 13', 'database': 'MedGen', 'id': 'C3281191'};{'name': 'Seizures, benign familial infantile, 5', 'database': 'MedGen', 'id': 'C4310728'}
VCV000135651	RCV003224864	SCN8A	1	criteria provided, single submitter	Pathogenic	{'name': 'Cognitive impairment with or without cerebellar ataxia', 'database': 'MedGen', 'id': 'C3280415'}
VCV000135651	RCV003488395	SCN8A	1	criteria provided, single submitter	Likely pathogenic	{'name': 'West syndrome', 'database': 'MedGen', 'id': 'C0037769'}
VCV000135651	RCV006461502	SCN8A	1	criteria provided, single submitter	Pathogenic	{'name': 'Early-infantile DEE', 'database': 'MedGen', 'id': 'C0393706'}
VCV000137622	RCV000125471	IFIH1	2	criteria provided, multiple submitters, no conflicts	Pathogenic	{'name': 'Aicardi-Goutieres syndrome 7', 'database': 'MedGen', 'id': 'C3888244'}
VCV000137622	RCV000412770	IFIH1	2	criteria provided, multiple submitters, no conflicts	Pathogenic	{'name': 'not provided', 'database': 'MedGen', 'id': 'C3661900'}
VCV000137622	RCV000626957	IFIH1	1	criteria provided, single submitter	Likely pathogenic	{'name': 'Abnormal basal ganglia morphology', 'database': 'MedGen', 'id': 'C4520981'};{'name': 'Abnormal cerebral white matter morphology', 'database': 'MedGen', 'id': 'C0948163'};{'name': 'Abnormal upper motor neuron morphology', 'database': 'MedGen', 'id': 'C4025723'};{'name': 'Clonus', 'database': 'MedGen', 'id': 'C0009024'};{'name': 'Developmental regression', 'database': 'MedGen', 'id': 'C1836830'};{'name': 'Hyperreflexia', 'database': 'MedGen', 'id': 'C0151889'};{'name': 'Neonatal hypotonia', 'database': 'MedGen', 'id': 'C2267233'}
VCV000137622	RCV000763454	IFIH1	2	criteria provided, multiple submitters, no conflicts	Pathogenic	{'name': 'Aicardi-Goutieres syndrome 7', 'database': 'MedGen', 'id': 'C3888244'};{'name': 'Singleton-Merten syndrome 1', 'database': 'MedGen', 'id': 'C4225427'}
VCV000137622	RCV001770100	IFIH1	1	criteria provided, single submitter	Pathogenic	{'name': 'Singleton-Merten syndrome 1', 'database': 'MedGen', 'id': 'C4225427'}
VCV000137622	RCV003989322	IFIH1	2	criteria provided, multiple submitters, no conflicts	Pathogenic	{'name': 'Immunodeficiency 95', 'database': 'MedGen', 'id': 'C5676929'}
VCV000137622	RCV004745206	IFIH1	0	no assertion criteria provided	Pathogenic	{'name': 'IFIH1-related disorder'}
VCV000137624	RCV000125473	IFIH1	2	criteria provided, multiple submitters, no conflicts	Pathogenic	{'name': 'Aicardi-Goutieres syndrome 7', 'database': 'MedGen', 'id': 'C3888244'}
VCV000137624	RCV000255113	IFIH1	2	criteria provided, multiple submitters, no conflicts	Pathogenic	{'name': 'not provided', 'database': 'MedGen', 'id': 'C3661900'}
VCV000137624	RCV001382400	IFIH1	1	criteria provided, single submitter	Pathogenic	{'name': 'Aicardi-Goutieres syndrome 7', 'database': 'MedGen', 'id': 'C3888244'};{'name': 'Singleton-Merten syndrome 1', 'database': 'MedGen', 'id': 'C4225427'}
VCV000140745	RCV000128857	CHCHD10	2	criteria provided, multiple submitters, no conflicts	Pathogenic/Likely pathogenic	{'name': 'Frontotemporal dementia and/or amyotrophic lateral sclerosis 2', 'database': 'MedGen', 'id': 'C4014648'}
VCV000140745	RCV000192232	CHCHD10	0	no classification provided	not provided	{'name': 'Autosomal dominant mitochondrial myopathy with exercise intolerance', 'database': 'MedGen', 'id': 'C4015513'}
VCV000140745	RCV001268565	CHCHD10	2	criteria provided, multiple submitters, no conflicts	Pathogenic	{'name': 'not provided', 'database': 'MedGen', 'id': 'C3661900'}
VCV000141141	RCV000129516	TP53	2	criteria provided, multiple submitters, no conflicts	Pathogenic	{'name': 'Hereditary cancer-predisposing syndrome', 'database': 'MedGen', 'id': 'C0027672'}
VCV000141141	RCV000633367	TP53	2	criteria provided, multiple submitters, no conflicts	Pathogenic	{'name': 'Li-Fraumeni syndrome', 'database': 'MedGen', 'id': 'C0085390'}
VCV000141141	RCV002288626	TP53	2	criteria provided, multiple submitters, no conflicts	Pathogenic	{'name': 'Li-Fraumeni syndrome 1', 'database': 'MedGen', 'id': 'C1835398'}
VCV000141141	RCV003237737	TP53	1	criteria provided, single submitter	Pathogenic	{'name': 'not provided', 'database': 'MedGen', 'id': 'C3661900'}
VCV000142206	RCV000131196	TP53	2	criteria provided, multiple submitters, no conflicts	Uncertain significance	{'name': 'Hereditary cancer-predisposing syndrome', 'database': 'MedGen', 'id': 'C0027672'}
VCV000142206	RCV000195648	TP53	3	reviewed by expert panel	Uncertain significance	{'name': 'Li-Fraumeni syndrome', 'database': 'MedGen', 'id': 'C0085390'}
VCV000142206	RCV001356391	TP53	0	no assertion criteria provided	Uncertain significance	{'name': 'Malignant tumor of breast', 'database': 'MedGen', 'id': 'C0006142'}
VCV000142206	RCV001704056	TP53	2	criteria provided, multiple submitters, no conflicts	Uncertain significance	{'name': 'not provided', 'database': 'MedGen', 'id': 'C3661900'}
VCV000142206	RCV002267879	TP53	2	criteria provided, multiple submitters, no conflicts	Uncertain significance	{'name': 'not specified', 'database': 'MedGen', 'id': 'CN169374'}
VCV000142206	RCV002288646	TP53	1	criteria provided, single submitter	Uncertain significance	{'name': 'Li-Fraumeni syndrome 1', 'database': 'MedGen', 'id': 'C1835398'}
VCV000142206	RCV003149906	TP53	1	criteria provided, single submitter	Uncertain significance	{'name': 'Breast and/or ovarian cancer', 'database': 'MedGen', 'id': 'CN221562'}
VCV000142206	RCV004797599	TP53	0	no assertion criteria provided	Uncertain significance	{'name': 'TP53-related disorder'}
VCV000142766	RCV000132156	TP53	2	criteria provided, multiple submitters, no conflicts	Pathogenic	{'name': 'Hereditary cancer-predisposing syndrome', 'database': 'MedGen', 'id': 'C0027672'}
VCV000142766	RCV000168122	TP53	3	reviewed by expert panel	Pathogenic	{'name': 'Li-Fraumeni syndrome', 'database': 'MedGen', 'id': 'C0085390'}
VCV000142766	RCV000583667	TP53	2	criteria provided, multiple submitters, no conflicts	Pathogenic	{'name': 'not provided', 'database': 'MedGen', 'id': 'C3661900'}
VCV000142766	RCV000677669	TP53	2	criteria provided, multiple submitters, no conflicts	Pathogenic/Likely pathogenic	{'name': 'Li-Fraumeni syndrome 1', 'database': 'MedGen', 'id': 'C1835398'}
VCV000142766	RCV000755703	TP53	1	criteria provided, single submitter	Pathogenic	{'name': 'Familial cancer of breast', 'database': 'MedGen', 'id': 'C0346153'}
VCV000142766	RCV001255632	TP53	0	no assertion criteria provided	Pathogenic	{'name': 'Lip and oral cavity carcinoma', 'database': 'MedGen', 'id': 'C0220641'}
VCV000142766	RCV001270267	TP53	1	criteria provided, single submitter	Pathogenic	{'name': 'Squamous cell carcinoma of the head and neck', 'database': 'MedGen', 'id': 'C1168401'}
VCV000142766	RCV003462034	TP53	1	criteria provided, single submitter	Pathogenic	{'name': 'Adrenocortical carcinoma, hereditary', 'database': 'MedGen', 'id': 'C1859972'}
VCV000142766	RCV004797600	TP53	0	no assertion criteria provided	Pathogenic	{'name': 'TP53-related disorder'}
VCV000143053	RCV000132560	NPR2	0	no assertion criteria provided	Pathogenic	{'name': 'Tall stature-scoliosis-macrodactyly of the great toes syndrome', 'database': 'MedGen', 'id': 'C4014690'}
VCV000143055	RCV000132562	NPR2	0	no assertion criteria provided	Pathogenic	{'name': 'Tall stature-scoliosis-macrodactyly of the great toes syndrome', 'database': 'MedGen', 'id': 'C4014690'}
VCV000143154	RCV000132679	CNGB3	2	criteria provided, multiple submitters, no conflicts	Benign	{'name': 'not provided', 'database': 'MedGen', 'id': 'C3661900'}
VCV000143154	RCV000174144	CNGB3	1	criteria provided, conflicting classifications	Conflicting classifications of pathogenicity	{'name': 'Achromatopsia 3', 'database': 'MedGen', 'id': 'C1849792'}
VCV000143154	RCV000435881	CNGB3	2	criteria provided, multiple submitters, no conflicts	Likely benign	{'name': 'not specified', 'database': 'MedGen', 'id': 'CN169374'}
VCV000143154	RCV000501136	CNGB3	1	criteria provided, single submitter	Pathogenic	{'name': 'Abnormality of the eye', 'database': 'MedGen', 'id': 'C4316870'}
VCV000143154	RCV000597492	CNGB3	1	criteria provided, single submitter	Pathogenic	{'name': 'Achromatopsia', 'database': 'MedGen', 'id': 'C0152200'}
VCV000143154	RCV000678546	CNGB3	0	no assertion criteria provided	Uncertain significance	{'name': 'Retinitis pigmentosa', 'database': 'MedGen', 'id': 'C0035334'}
VCV000143154	RCV001164460	CNGB3	2	criteria provided, multiple submitters, no conflicts	Likely benign	{'name': 'Severe early-childhood-onset retinal dystrophy', 'database': 'MedGen', 'id': 'C1855465'}
VCV000143154	RCV004815202	CNGB3	1	criteria provided, single submitter	Uncertain significance	{'name': 'Retinal dystrophy', 'database': 'MedGen', 'id': 'C0854723'}
VCV000143191	RCV000132725	STIM1	0	no assertion criteria provided	Pathogenic	{'name': 'not provided', 'database': 'MedGen', 'id': 'C3661900'}
VCV000143191	RCV000144069	STIM1	0	no assertion criteria provided	Pathogenic	{'name': 'Myopathy, tubular aggregate, 1', 'database': 'MedGen', 'id': 'C4011726'}
VCV000143191	RCV000169763	STIM1	0	no assertion criteria provided	Pathogenic	{'name': 'Stormorken syndrome', 'database': 'MedGen', 'id': 'C1861451'}
VCV000143191	RCV000537798	STIM1	1	criteria provided, single submitter	Pathogenic	{'name': 'Combined immunodeficiency due to STIM1 deficiency', 'database': 'MedGen', 'id': 'C2748557'};{'name': 'Myopathy with tubular aggregates', 'database': 'MedGen', 'id': 'C0410207'};{'name': 'Stormorken syndrome', 'database': 'MedGen', 'id': 'C1861451'}
VCV000143224	RCV000132764	NLRC4	1	criteria provided, single submitter	Pathogenic	{'name': 'Syndrome of entercolitis and autoinflmmation caused by mutation of NLRC4 (SCAN4)', 'database': 'MedGen', 'id': 'CN207522'}
VCV000143224	RCV000144517	NLRC4	0	no assertion criteria provided	Pathogenic	{'name': 'Periodic fever-infantile enterocolitis-autoinflammatory syndrome', 'database': 'MedGen', 'id': 'C4015067'}
VCV000143224	RCV000434682	NLRC4	1	criteria provided, single submitter	Pathogenic	{'name': 'not provided', 'database': 'MedGen', 'id': 'C3661900'}
VCV000143224	RCV001857479	NLRC4	1	criteria provided, single submitter	Pathogenic	{'name': 'Familial cold autoinflammatory syndrome 4', 'database': 'MedGen', 'id': 'C4015276'};{'name': 'Periodic fever-infantile enterocolitis-autoinflammatory syndrome', 'database': 'MedGen', 'id': 'C4015067'}
VCV000143393	RCV000169943	MECP2	3	reviewed by expert panel	Benign	{'name': 'Rett syndrome', 'database': 'MedGen', 'id': 'C0035372'}
VCV000143393	RCV000726321	MECP2	1	criteria provided, conflicting classifications	Conflicting classifications of pathogenicity	{'name': 'not provided', 'database': 'MedGen', 'id': 'C3661900'}
VCV000143393	RCV001078768	MECP2	1	criteria provided, single submitter	Benign	{'name': 'Severe neonatal-onset encephalopathy with microcephaly', 'database': 'MedGen', 'id': 'C1968556'}
VCV000143393	RCV001257761	MECP2	1	criteria provided, single submitter	Likely benign	{'name': 'Intellectual disability', 'database': 'MedGen', 'id': 'C3714756'}
VCV000143393	RCV002515928	MECP2	1	criteria provided, single submitter	Likely benign	{'name': 'Inborn genetic diseases', 'database': 'MedGen', 'id': 'C0950123'}
VCV000143393	RCV004544307	MECP2	0	no assertion criteria provided	Likely benign	{'name': 'MECP2-related disorder', 'database': 'MedGen', 'id': 'C5880921'}
VCV000143861	RCV000133400	STING1	1	criteria provided, single submitter	Pathogenic	{'name': 'STING-associated vasculopathy with onset in infancy', 'database': 'MedGen', 'id': 'C4014722'}
VCV000143862	RCV000133401	STING1	2	criteria provided, multiple submitters, no conflicts	Pathogenic	{'name': 'STING-associated vasculopathy with onset in infancy', 'database': 'MedGen', 'id': 'C4014722'}
VCV000143862	RCV000481634	STING1	2	criteria provided, multiple submitters, no conflicts	Pathogenic	{'name': 'not provided', 'database': 'MedGen', 'id': 'C3661900'}
VCV000144004	RCV000133513	STAT1	0	no assertion criteria provided	Pathogenic	{'name': 'Autoimmune enteropathy and endocrinopathy - susceptibility to chronic infections syndrome', 'database': 'MedGen', 'id': 'C3279990'}
VCV000144005	RCV000133514	STAT1	1	criteria provided, single submitter	Pathogenic	{'name': 'Autoimmune enteropathy and endocrinopathy - susceptibility to chronic infections syndrome', 'database': 'MedGen', 'id': 'C3279990'}
VCV000144006	RCV000133515	STAT1	1	criteria provided, single submitter	Pathogenic	{'name': 'Autoimmune enteropathy and endocrinopathy - susceptibility to chronic infections syndrome', 'database': 'MedGen', 'id': 'C3279990'}
VCV000144006	RCV000698604	STAT1	1	criteria provided, single submitter	Pathogenic	{'name': 'Autoimmune enteropathy and endocrinopathy - susceptibility to chronic infections syndrome', 'database': 'MedGen', 'id': 'C3279990'};{'name': 'Immunodeficiency 31B', 'database': 'MedGen', 'id': 'C3151088'};{'name': 'Mendelian susceptibility to mycobacterial diseases due to partial STAT1 deficiency', 'database': 'MedGen', 'id': 'C4013950'}
VCV000144006	RCV001027623	STAT1	1	criteria provided, single submitter	Pathogenic	{'name': 'Inherited Immunodeficiency Diseases', 'database': 'MedGen', 'id': 'C5197805'}
VCV000144006	RCV001090648	STAT1	2	criteria provided, multiple submitters, no conflicts	Pathogenic	{'name': 'not provided', 'database': 'MedGen', 'id': 'C3661900'}
VCV000144006	RCV004734695	STAT1	0	no assertion criteria provided	Pathogenic	{'name': 'STAT1-related disorder'}
VCV000144006	RCV006704566	STAT1	1	criteria provided, single submitter	Pathogenic	{'name': 'Mendelian susceptibility to mycobacterial diseases due to partial STAT1 deficiency', 'database': 'MedGen', 'id': 'C4013950'}
VCV000144007	RCV000133516	KCND2	0	no assertion criteria provided	Uncertain significance	{'name': 'not provided', 'database': 'MedGen', 'id': 'C3661900'}
VCV000144007	RCV001224876	KCND2	1	criteria provided, single submitter	Pathogenic	{'name': 'Early Myoclonic Encephalopathy', 'database': 'MedGen', 'id': 'C0270855'}
VCV000144007	RCV003298146	KCND2	1	criteria provided, single submitter	Pathogenic	{'name': 'Inborn genetic diseases', 'database': 'MedGen', 'id': 'C0950123'}
VCV000144007	RCV005867922	KCND2	1	criteria provided, single submitter	Pathogenic	{'name': 'KCND2-related neurodevelopmental disorder'}
VCV000144030	RCV000133537	STAT3	0	no assertion criteria provided	Pathogenic	{'name': 'STAT3-related early-onset multisystem autoimmune disease', 'database': 'MedGen', 'id': 'C4014795'}
VCV000144032	RCV000133539	STAT3	0	no assertion criteria provided	Pathogenic	{'name': 'STAT3-related early-onset multisystem autoimmune disease', 'database': 'MedGen', 'id': 'C4014795'}
VCV000155765	RCV000150032	NFKB2	2	criteria provided, multiple submitters, no conflicts	Pathogenic/Likely pathogenic	{'name': 'Immunodeficiency, common variable, 10', 'database': 'MedGen', 'id': 'C3809991'}
VCV000155766	RCV000150033	NFKB2	1	criteria provided, conflicting classifications	Conflicting classifications of pathogenicity	{'name': 'Immunodeficiency, common variable, 10', 'database': 'MedGen', 'id': 'C3809991'}
VCV000155766	RCV000788176	NFKB2	1	criteria provided, single submitter	Likely pathogenic	{'name': 'not provided', 'database': 'MedGen', 'id': 'C3661900'}
VCV000155926	RCV000144048	GNA11	0	no assertion criteria provided	Pathogenic	{'name': 'Autosomal dominant hypocalcemia 2', 'database': 'MedGen', 'id': 'C3809243'}
VCV000155926	RCV005089664	GNA11	1	criteria provided, single submitter	Pathogenic	{'name': 'not provided', 'database': 'MedGen', 'id': 'C3661900'}
VCV000156106	RCV000144154	SCN8A	2	criteria provided, multiple submitters, no conflicts	Pathogenic	{'name': 'Developmental and epileptic encephalopathy, 13', 'database': 'MedGen', 'id': 'C3281191'}
VCV000156106	RCV000522954	SCN8A	1	criteria provided, single submitter	Pathogenic	{'name': 'not provided', 'database': 'MedGen', 'id': 'C3661900'}
VCV000156106	RCV000678845	SCN8A	0	no assertion criteria provided	Uncertain significance	{'name': 'developmental delay with seizures'}
VCV000156106	RCV001266283	SCN8A	1	criteria provided, single submitter	Pathogenic	{'name': 'Inborn genetic diseases', 'database': 'MedGen', 'id': 'C0950123'}
VCV000156106	RCV006607064	SCN8A	1	criteria provided, single submitter	Pathogenic	{'name': 'Early-infantile DEE', 'database': 'MedGen', 'id': 'C0393706'}
VCV000156108	RCV000144156	SCN8A	0	no assertion criteria provided	Pathogenic	{'name': 'Developmental and epileptic encephalopathy, 13', 'database': 'MedGen', 'id': 'C3281191'}
VCV000156155	RCV000144173	EGLN1	0	no assertion criteria provided	Affects	{'name': 'Hemoglobin, high altitude adaptation', 'database': 'MedGen', 'id': 'C1836778'}
VCV000156444	RCV000144504	IDH1	0	no assertion criteria provided	Pathogenic	{'name': 'Glioblastoma multiforme, somatic', 'database': 'MedGen', 'id': 'C4016231'}
VCV000156444	RCV000853347	IDH1	1	criteria provided, single submitter	Pathogenic	{'name': 'Metaphyseal chondromatosis with D-2-hydroxyglutaric aciduria', 'database': 'MedGen', 'id': 'C3553958'}
VCV000156444	RCV001269510	IDH1	2	criteria provided, multiple submitters, no conflicts	Pathogenic	{'name': 'not provided', 'database': 'MedGen', 'id': 'C3661900'}
VCV000156444	RCV001542733	IDH1	1	criteria provided, single submitter	Pathogenic	{'name': 'Glioma susceptibility 1', 'database': 'MedGen', 'id': 'C2750850'}
VCV000156444	RCV002227447	IDH1	2	criteria provided, multiple submitters, no conflicts	Pathogenic/Likely pathogenic	{'name': 'Enchondromatosis', 'database': 'MedGen', 'id': 'C0014084'}
VCV000156444	RCV003387509	IDH1	1	criteria provided, single submitter	Pathogenic	{'name': 'Metaphyseal chondromatosis'}
VCV000156462	RCV000144518	NLRC4	0	no assertion criteria provided	Pathogenic	{'name': 'Periodic fever-infantile enterocolitis-autoinflammatory syndrome', 'database': 'MedGen', 'id': 'C4015067'}
VCV000156462	RCV001382868	NLRC4	1	criteria provided, single submitter	Pathogenic	{'name': 'Familial cold autoinflammatory syndrome 4', 'database': 'MedGen', 'id': 'C4015276'};{'name': 'Periodic fever-infantile enterocolitis-autoinflammatory syndrome', 'database': 'MedGen', 'id': 'C4015067'}
VCV000157543	RCV000144888	KCNJ8	2	criteria provided, multiple submitters, no conflicts	Likely benign	{'name': 'not provided', 'database': 'MedGen', 'id': 'C3661900'}
VCV000157543	RCV000621636	KCNJ8	1	criteria provided, single submitter	Benign	{'name': 'Cardiovascular phenotype', 'database': 'MedGen', 'id': 'CN230736'}
VCV000157543	RCV000852667	KCNJ8	1	criteria provided, single submitter	Likely benign	{'name': 'Hypertrophic cardiomyopathy', 'database': 'MedGen', 'id': 'C0007194'}
VCV000157543	RCV001085300	KCNJ8	1	criteria provided, single submitter	Likely benign	{'name': 'Brugada syndrome', 'database': 'MedGen', 'id': 'C1142166'}
VCV000157543	RCV003927417	KCNJ8	0	no assertion criteria provided	Benign	{'name': 'KCNJ8-related disorder'}
VCV000157543	RCV005431487	KCNJ8	1	criteria provided, single submitter	Likely benign	{'name': 'not specified', 'database': 'MedGen', 'id': 'CN169374'}
VCV000157596	RCV000144930	SCN9A	0	no assertion criteria provided	Pathogenic	{'name': 'Small fiber neuropathy', 'database': 'MedGen', 'id': 'C3276706'}
VCV000157596	RCV000144931	SCN9A	1	criteria provided, single submitter	Likely benign	{'name': 'Paroxysmal extreme pain disorder', 'database': 'MedGen', 'id': 'C1833661'}
VCV000157596	RCV000178871	SCN9A	2	criteria provided, multiple submitters, no conflicts	Benign/Likely benign	{'name': 'not specified', 'database': 'MedGen', 'id': 'CN169374'}
VCV000157596	RCV000331310	SCN9A	1	criteria provided, single submitter	Likely benign	{'name': 'Channelopathy-associated congenital insensitivity to pain, autosomal recessive', 'database': 'MedGen', 'id': 'C1855739'}
VCV000157596	RCV000382273	SCN9A	1	criteria provided, single submitter	Likely benign	{'name': 'Primary erythromelalgia', 'database': 'MedGen', 'id': 'C0014805'}
VCV000157596	RCV000421273	SCN9A	2	criteria provided, multiple submitters, no conflicts	Benign/Likely benign	{'name': 'not provided', 'database': 'MedGen', 'id': 'C3661900'}
VCV000157596	RCV001081785	SCN9A	1	criteria provided, single submitter	Benign	{'name': 'Generalized epilepsy with febrile seizures plus, type 7', 'database': 'MedGen', 'id': 'C2751778'};{'name': 'Neuropathy, hereditary sensory and autonomic, type 2A', 'database': 'MedGen', 'id': 'C2752089'}
VCV000157597	RCV000144932	SCN9A	0	no assertion criteria provided	Pathogenic	{'name': 'Small fiber neuropathy', 'database': 'MedGen', 'id': 'C3276706'}
VCV000157597	RCV000218739	SCN9A	2	criteria provided, multiple submitters, no conflicts	Benign/Likely benign	{'name': 'not specified', 'database': 'MedGen', 'id': 'CN169374'}
VCV000157597	RCV000284837	SCN9A	1	criteria provided, single submitter	Likely benign	{'name': 'Paroxysmal extreme pain disorder', 'database': 'MedGen', 'id': 'C1833661'}
VCV000157597	RCV000398464	SCN9A	1	criteria provided, single submitter	Likely benign	{'name': 'Channelopathy-associated congenital insensitivity to pain, autosomal recessive', 'database': 'MedGen', 'id': 'C1855739'}
VCV000157597	RCV000416064	SCN9A	1	criteria provided, conflicting classifications	Conflicting classifications of pathogenicity	{'name': 'not provided', 'database': 'MedGen', 'id': 'C3661900'}
VCV000157597	RCV000986925	SCN9A	1	criteria provided, single submitter	Benign	{'name': 'Neuropathy, hereditary sensory and autonomic, type 2A', 'database': 'MedGen', 'id': 'C2752089'}
VCV000157597	RCV001083229	SCN9A	1	criteria provided, single submitter	Benign	{'name': 'Generalized epilepsy with febrile seizures plus, type 7', 'database': 'MedGen', 'id': 'C2751778'};{'name': 'Neuropathy, hereditary sensory and autonomic, type 2A', 'database': 'MedGen', 'id': 'C2752089'}
VCV000157597	RCV001094589	SCN9A	1	criteria provided, single submitter	Likely benign	{'name': 'Primary erythromelalgia', 'database': 'MedGen', 'id': 'C0014805'}
VCV000157597	RCV002415629	SCN9A	1	criteria provided, single submitter	Likely benign	{'name': 'Inborn genetic diseases', 'database': 'MedGen', 'id': 'C0950123'}
VCV000157597	RCV004532638	SCN9A	0	no assertion criteria provided	Likely benign	{'name': 'SCN9A-related disorder'}
VCV000157599	RCV000144934	SCN11A	0	no assertion criteria provided	Pathogenic	{'name': 'Familial episodic pain syndrome with predominantly lower limb involvement', 'database': 'MedGen', 'id': 'C3809899'}
VCV000157599	RCV000282888	SCN11A	1	criteria provided, conflicting classifications	Conflicting classifications of pathogenicity	{'name': 'not provided', 'database': 'MedGen', 'id': 'C3661900'}
VCV000157599	RCV001082548	SCN11A	1	criteria provided, single submitter	Likely benign	{'name': 'Familial episodic pain syndrome with predominantly lower limb involvement', 'database': 'MedGen', 'id': 'C3809899'};{'name': 'Hereditary sensory and autonomic neuropathy type 7', 'database': 'MedGen', 'id': 'C3809882'}
VCV000157599	RCV002453464	SCN11A	1	criteria provided, single submitter	Likely benign	{'name': 'Inborn genetic diseases', 'database': 'MedGen', 'id': 'C0950123'}
VCV000157599	RCV006456728	SCN11A	1	criteria provided, single submitter	Likely benign	{'name': 'not specified', 'database': 'MedGen', 'id': 'CN169374'}
VCV000157600	RCV000144935	SCN11A	0	no assertion criteria provided	Pathogenic	{'name': 'Familial episodic pain syndrome with predominantly lower limb involvement', 'database': 'MedGen', 'id': 'C3809899'}
VCV000157600	RCV001808403	SCN11A	2	criteria provided, multiple submitters, no conflicts	Likely pathogenic	{'name': 'Hereditary sensory and autonomic neuropathy type 7', 'database': 'MedGen', 'id': 'C3809882'}
VCV000157600	RCV002460046	SCN11A	1	criteria provided, single submitter	Uncertain significance	{'name': 'Inborn genetic diseases', 'database': 'MedGen', 'id': 'C0950123'}
VCV000157600	RCV002512564	SCN11A	1	criteria provided, single submitter	Uncertain significance	{'name': 'Familial episodic pain syndrome with predominantly lower limb involvement', 'database': 'MedGen', 'id': 'C3809899'};{'name': 'Hereditary sensory and autonomic neuropathy type 7', 'database': 'MedGen', 'id': 'C3809882'}
VCV000158688	RCV000146123	KCNJ11	1	criteria provided, single submitter	Pathogenic	{'name': 'Diabetes mellitus', 'database': 'MedGen', 'id': 'C0011849'}
VCV000158688	RCV002226690	KCNJ11	1	criteria provided, single submitter	Uncertain significance	{'name': 'Maturity-onset diabetes of the young', 'database': 'MedGen', 'id': 'C0342276'}
VCV000160354	RCV000148020	STAT1	1	criteria provided, single submitter	Pathogenic	{'name': 'Autoimmune enteropathy and endocrinopathy - susceptibility to chronic infections syndrome', 'database': 'MedGen', 'id': 'C3279990'}
VCV000160354	RCV000702712	STAT1	1	criteria provided, single submitter	Likely pathogenic	{'name': 'Autoimmune enteropathy and endocrinopathy - susceptibility to chronic infections syndrome', 'database': 'MedGen', 'id': 'C3279990'};{'name': 'Immunodeficiency 31B', 'database': 'MedGen', 'id': 'C3151088'};{'name': 'Mendelian susceptibility to mycobacterial diseases due to partial STAT1 deficiency', 'database': 'MedGen', 'id': 'C4013950'}
VCV000161413	RCV000148929	NLRC4	0	no assertion criteria provided	Pathogenic	{'name': 'Familial cold autoinflammatory syndrome 4', 'database': 'MedGen', 'id': 'C4015276'}
VCV000161413	RCV001227277	NLRC4	1	criteria provided, single submitter	Pathogenic	{'name': 'Familial cold autoinflammatory syndrome 4', 'database': 'MedGen', 'id': 'C4015276'};{'name': 'Periodic fever-infantile enterocolitis-autoinflammatory syndrome', 'database': 'MedGen', 'id': 'C4015067'}
VCV000161992	RCV000149417	USP8	0	no assertion criteria provided	Pathogenic	{'name': 'Pituitary dependent hypercortisolism', 'database': 'MedGen', 'id': 'C0221406'}
VCV000161995	RCV000149420	USP8	0	no assertion criteria provided	Pathogenic	{'name': 'Pituitary dependent hypercortisolism', 'database': 'MedGen', 'id': 'C0221406'}
VCV000162085	RCV000149503	GRIN2B	0	no assertion criteria provided	Pathogenic	{'name': 'Developmental and epileptic encephalopathy, 27', 'database': 'MedGen', 'id': 'C4015316'}
VCV000162085	RCV001172367	GRIN2B	1	criteria provided, single submitter	Likely pathogenic	{'name': 'Intellectual disability, autosomal dominant 6', 'database': 'MedGen', 'id': 'C3151411'}
VCV000162086	RCV000149504	GRIN2B	0	no assertion criteria provided	Pathogenic	{'name': 'Developmental and epileptic encephalopathy, 27', 'database': 'MedGen', 'id': 'C4015316'}
VCV000162086	RCV001172364	GRIN2B	1	criteria provided, single submitter	Likely pathogenic	{'name': 'Intellectual disability, autosomal dominant 6', 'database': 'MedGen', 'id': 'C3151411'}
VCV000162087	RCV000149505	GRIN2B	1	criteria provided, single submitter	Likely pathogenic	{'name': 'Intellectual disability, autosomal dominant 6', 'database': 'MedGen', 'id': 'C3151411'}
VCV000162087	RCV001260644	GRIN2B	1	criteria provided, single submitter	Likely pathogenic	{'name': 'Intellectual disability', 'database': 'MedGen', 'id': 'C3714756'}
VCV000162087	RCV002293420	GRIN2B	1	criteria provided, single submitter	Pathogenic	{'name': 'not provided', 'database': 'MedGen', 'id': 'C3661900'}
VCV000162087	RCV002514867	GRIN2B	1	criteria provided, single submitter	Likely pathogenic	{'name': 'Inborn genetic diseases', 'database': 'MedGen', 'id': 'C0950123'}
VCV000162087	RCV005411355	GRIN2B	1	criteria provided, single submitter	Likely pathogenic	{'name': 'Developmental and epileptic encephalopathy, 27', 'database': 'MedGen', 'id': 'C4015316'};{'name': 'Intellectual disability, autosomal dominant 6', 'database': 'MedGen', 'id': 'C3151411'}
VCV000162090	RCV000202545	ADCY5	2	criteria provided, multiple submitters, no conflicts	Pathogenic	{'name': 'Dyskinesia with orofacial involvement, autosomal dominant', 'database': 'MedGen', 'id': 'C1847627'}
VCV000162090	RCV000255111	ADCY5	2	criteria provided, multiple submitters, no conflicts	Pathogenic	{'name': 'not provided', 'database': 'MedGen', 'id': 'C3661900'}
VCV000162090	RCV000622463	ADCY5	1	criteria provided, single submitter	Pathogenic	{'name': 'Inborn genetic diseases', 'database': 'MedGen', 'id': 'C0950123'}
VCV000162091	RCV000030679	ADCY5	1	criteria provided, single submitter	Pathogenic	{'name': 'Dyskinesia with orofacial involvement, autosomal dominant', 'database': 'MedGen', 'id': 'C1847627'}
VCV000162091	RCV000484892	ADCY5	2	criteria provided, multiple submitters, no conflicts	Pathogenic	{'name': 'not provided', 'database': 'MedGen', 'id': 'C3661900'}
VCV000162520	RCV000149910	KCNH1	0	no assertion criteria provided	Pathogenic	{'name': 'Temple-Baraitser syndrome', 'database': 'MedGen', 'id': 'C2678486'}
VCV000162520	RCV000185590	KCNH1	0	no assertion criteria provided	Pathogenic	{'name': 'Zimmermann-Laband syndrome 1', 'database': 'MedGen', 'id': 'C4551773'}
VCV000162520	RCV000677640	KCNH1	1	criteria provided, single submitter	Pathogenic	{'name': 'Temple-Baraitser syndrome', 'database': 'MedGen', 'id': 'C2678486'};{'name': 'Zimmermann-Laband syndrome 1', 'database': 'MedGen', 'id': 'C4551773'}
VCV000162520	RCV001781489	KCNH1	1	criteria provided, single submitter	Pathogenic	{'name': 'not provided', 'database': 'MedGen', 'id': 'C3661900'}
VCV000162746	RCV000150156	ANKRD1	1	criteria provided, single submitter	Likely benign	{'name': 'not specified', 'database': 'MedGen', 'id': 'CN169374'}
VCV000162746	RCV000766742	ANKRD1	1	criteria provided, single submitter	Uncertain significance	{'name': 'not provided', 'database': 'MedGen', 'id': 'C3661900'}
VCV000162746	RCV000823178	ANKRD1	1	criteria provided, single submitter	Uncertain significance	{'name': 'ANKRD1-related dilated cardiomyopathy', 'database': 'MedGen', 'id': 'CN119551'}
VCV000162746	RCV001798466	ANKRD1	1	criteria provided, single submitter	Uncertain significance	{'name': 'Cardiomyopathy', 'database': 'MedGen', 'id': 'C0878544'}
VCV000162746	RCV003447504	ANKRD1	1	criteria provided, single submitter	Uncertain significance	{'name': 'Primary dilated cardiomyopathy', 'database': 'MedGen', 'id': 'C0007193'}
VCV000162746	RCV004992015	ANKRD1	1	criteria provided, single submitter	Likely benign	{'name': 'Cardiovascular phenotype', 'database': 'MedGen', 'id': 'CN230736'}
VCV000162797	RCV000150199	BRAF	2	criteria provided, multiple submitters, no conflicts	Pathogenic	{'name': 'Cardio-facio-cutaneous syndrome', 'database': 'MedGen', 'id': 'C1275081'}
VCV000162797	RCV000157831	BRAF	2	criteria provided, multiple submitters, no conflicts	Pathogenic	{'name': 'not provided', 'database': 'MedGen', 'id': 'C3661900'}
VCV000162797	RCV000624589	BRAF	1	criteria provided, single submitter	Pathogenic	{'name': 'Inborn genetic diseases', 'database': 'MedGen', 'id': 'C0950123'}
VCV000162797	RCV000689333	BRAF	1	criteria provided, single submitter	Pathogenic	{'name': 'RASopathy', 'database': 'MedGen', 'id': 'C5555857'}
VCV000162797	RCV000767527	BRAF	2	criteria provided, multiple submitters, no conflicts	Pathogenic	{'name': 'Cardiofaciocutaneous syndrome 1', 'database': 'MedGen', 'id': 'CN029449'}
VCV000162797	RCV000999624	BRAF	0	no classification provided	not provided	{'name': 'Noonan syndrome 1', 'database': 'MedGen', 'id': 'C4551602'}
VCV000162797	RCV004783752	BRAF	1	criteria provided, single submitter	Pathogenic	{'name': 'Noonan syndrome 7', 'database': 'MedGen', 'id': 'C3150970'}
VCV000162797	RCV004798786	BRAF	1	criteria provided, single submitter	Pathogenic	{'name': 'Melanoma', 'database': 'MedGen', 'id': 'C0025202'}
VCV000162797	RCV005867936	BRAF	1	criteria provided, single submitter	Pathogenic	{'name': 'BRAF-related disorder'}
VCV000163768	RCV000150891	KRAS	2	criteria provided, multiple submitters, no conflicts	Pathogenic/Likely pathogenic	{'name': 'RASopathy', 'database': 'MedGen', 'id': 'C5555857'}
VCV000163768	RCV000260877	KRAS	2	criteria provided, multiple submitters, no conflicts	Likely pathogenic	{'name': 'not provided', 'database': 'MedGen', 'id': 'C3661900'}
VCV000163768	RCV000844636	KRAS	1	criteria provided, single submitter	Likely pathogenic	{'name': 'Cardio-facio-cutaneous syndrome', 'database': 'MedGen', 'id': 'C1275081'};{'name': 'Noonan syndrome', 'database': 'MedGen', 'id': 'C0028326'}
VCV000163768	RCV000856729	KRAS	1	criteria provided, single submitter	Pathogenic	{'name': 'Cardiofaciocutaneous syndrome 1', 'database': 'MedGen', 'id': 'CN029449'}
VCV000163768	RCV002444616	KRAS	1	criteria provided, single submitter	Pathogenic	{'name': 'Cardiovascular phenotype', 'database': 'MedGen', 'id': 'CN230736'}
VCV000163768	RCV004551310	KRAS	0	no assertion criteria provided	Pathogenic	{'name': 'KRAS-related disorder'}
VCV000164997	RCV000151687	PTPN11	1	criteria provided, single submitter	Likely pathogenic	{'name': 'Noonan syndrome', 'database': 'MedGen', 'id': 'C0028326'}
VCV000164997	RCV000589756	PTPN11	1	criteria provided, single submitter	Likely pathogenic	{'name': 'Noonan syndrome 3', 'database': 'MedGen', 'id': 'C1860991'}
VCV000164997	RCV004562306	PTPN11	2	criteria provided, multiple submitters, no conflicts	Pathogenic	{'name': 'Noonan syndrome 1', 'database': 'MedGen', 'id': 'C4551602'}
VCV000164997	RCV004562307	PTPN11	1	criteria provided, single submitter	Pathogenic	{'name': 'Metachondromatosis', 'database': 'MedGen', 'id': 'C0410530'}
VCV000164997	RCV004562308	PTPN11	1	criteria provided, single submitter	Pathogenic	{'name': 'LEOPARD syndrome 1', 'database': 'MedGen', 'id': 'C4551484'}
VCV000177672	RCV000154266	BRAF	2	criteria provided, multiple submitters, no conflicts	Pathogenic/Likely pathogenic	{'name': 'Cardio-facio-cutaneous syndrome', 'database': 'MedGen', 'id': 'C1275081'}
VCV000177672	RCV000157825	BRAF	2	criteria provided, multiple submitters, no conflicts	Pathogenic	{'name': 'not provided', 'database': 'MedGen', 'id': 'C3661900'}
VCV000177672	RCV000522002	BRAF	3	reviewed by expert panel	Pathogenic	{'name': 'RASopathy', 'database': 'MedGen', 'id': 'C5555857'}
VCV000177672	RCV005252774	BRAF	1	criteria provided, single submitter	Pathogenic	{'name': 'Noonan syndrome 7', 'database': 'MedGen', 'id': 'C3150970'}
VCV000177672	RCV006645456	BRAF	1	criteria provided, single submitter	Pathogenic	{'name': 'Cardiofaciocutaneous syndrome 1', 'database': 'MedGen', 'id': 'CN029449'}
VCV000180499	RCV000157462	RYR2	1	criteria provided, single submitter	Pathogenic	{'name': 'Catecholaminergic polymorphic ventricular tachycardia 1', 'database': 'MedGen', 'id': 'C1631597'}
VCV000180499	RCV004804674	RYR2	1	criteria provided, single submitter	Uncertain significance	{'name': 'Catecholaminergic polymorphic ventricular tachycardia', 'database': 'MedGen', 'id': 'C5574922'}
VCV000180499	RCV006713248	RYR2	1	criteria provided, single submitter	Uncertain significance	{'name': 'Cardiovascular phenotype', 'database': 'MedGen', 'id': 'CN230736'}
VCV000181496	RCV000159045	PTPN11	1	criteria provided, single submitter	Pathogenic	{'name': 'not provided', 'database': 'MedGen', 'id': 'C3661900'}
VCV000181496	RCV001813410	PTPN11	1	criteria provided, single submitter	Pathogenic	{'name': 'Noonan syndrome and Noonan-related syndrome', 'database': 'MedGen', 'id': 'C5681679'}
VCV000181496	RCV002281971	PTPN11	1	criteria provided, single submitter	Pathogenic	{'name': 'RASopathy', 'database': 'MedGen', 'id': 'C5555857'}
VCV000181496	RCV002288669	PTPN11	2	criteria provided, multiple submitters, no conflicts	Pathogenic/Likely pathogenic	{'name': 'Noonan syndrome 1', 'database': 'MedGen', 'id': 'C4551602'}
VCV000183028	RCV000192060	KCNT1	0	no assertion criteria provided	Pathogenic	{'name': 'Autosomal dominant nocturnal frontal lobe epilepsy 5', 'database': 'MedGen', 'id': 'C3554306'}
VCV000183144	RCV000162028	CARD11	0	no assertion criteria provided	Pathogenic	{'name': 'BENTA disease', 'database': 'MedGen', 'id': 'C4551967'}
VCV000183144	RCV001850281	CARD11	1	criteria provided, single submitter	Pathogenic	{'name': 'BENTA disease', 'database': 'MedGen', 'id': 'C4551967'};{'name': 'Severe combined immunodeficiency due to CARD11 deficiency', 'database': 'MedGen', 'id': 'C3554686'}
VCV000183144	RCV006698101	CARD11	1	criteria provided, single submitter	Pathogenic	{'name': 'not provided', 'database': 'MedGen', 'id': 'C3661900'}
VCV000183169	RCV000162037	KITLG	0	no assertion criteria provided	Pathogenic	{'name': 'Hyperpigmentation with or without hypopigmentation, familial progressive', 'database': 'MedGen', 'id': 'C1840392'}
VCV000183408	RCV000170492	RIT1	2	criteria provided, multiple submitters, no conflicts	Pathogenic	{'name': 'Noonan syndrome 8', 'database': 'MedGen', 'id': 'C3809233'}
VCV000183408	RCV000207352	RIT1	0	no assertion criteria provided	Pathogenic	{'name': 'Noonan syndrome', 'database': 'MedGen', 'id': 'C0028326'}
VCV000183408	RCV000263369	RIT1	2	criteria provided, multiple submitters, no conflicts	Pathogenic	{'name': 'not provided', 'database': 'MedGen', 'id': 'C3661900'}
VCV000183408	RCV001778757	RIT1	1	criteria provided, single submitter	Pathogenic	{'name': 'RASopathy', 'database': 'MedGen', 'id': 'C5555857'}
VCV000183408	RCV001813420	RIT1	1	criteria provided, single submitter	Pathogenic	{'name': 'Noonan syndrome and Noonan-related syndrome', 'database': 'MedGen', 'id': 'C5681679'}
VCV000183408	RCV002453562	RIT1	1	criteria provided, single submitter	Pathogenic	{'name': 'Cardiovascular phenotype', 'database': 'MedGen', 'id': 'CN230736'}
VCV000183415	RCV000190319	KCNH1	0	no assertion criteria provided	Pathogenic	{'name': 'Zimmermann-Laband syndrome 1', 'database': 'MedGen', 'id': 'C4551773'}
VCV000183416	RCV000185592	KCNH1	0	no assertion criteria provided	Pathogenic	{'name': 'Zimmermann-Laband syndrome 1', 'database': 'MedGen', 'id': 'C4551773'}
VCV000184372	RCV000163616	TP53	2	criteria provided, multiple submitters, no conflicts	Benign/Likely benign	{'name': 'Hereditary cancer-predisposing syndrome', 'database': 'MedGen', 'id': 'C0027672'}
VCV000184372	RCV000444926	TP53	2	criteria provided, multiple submitters, no conflicts	Benign/Likely benign	{'name': 'not specified', 'database': 'MedGen', 'id': 'CN169374'}
VCV000184372	RCV000589597	TP53	1	criteria provided, single submitter	Benign	{'name': 'not provided', 'database': 'MedGen', 'id': 'C3661900'}
VCV000184372	RCV001081606	TP53	2	criteria provided, multiple submitters, no conflicts	Likely benign	{'name': 'Li-Fraumeni syndrome', 'database': 'MedGen', 'id': 'C0085390'}
VCV000184372	RCV002288721	TP53	2	criteria provided, multiple submitters, no conflicts	Benign/Likely benign	{'name': 'Li-Fraumeni syndrome 1', 'database': 'MedGen', 'id': 'C1835398'}
VCV000185814	RCV000165304	TP53	1	criteria provided, single submitter	Pathogenic	{'name': 'Hereditary cancer-predisposing syndrome', 'database': 'MedGen', 'id': 'C0027672'}
VCV000185814	RCV000457645	TP53	2	criteria provided, multiple submitters, no conflicts	Pathogenic/Likely pathogenic	{'name': 'Li-Fraumeni syndrome', 'database': 'MedGen', 'id': 'C0085390'}
VCV000185814	RCV000785341	TP53	0	no assertion criteria provided	Likely pathogenic	{'name': 'Ovarian neoplasm', 'database': 'MedGen', 'id': 'C0919267'}
VCV000185814	RCV001527085	TP53	3	reviewed by expert panel	Pathogenic	{'name': 'Li-Fraumeni syndrome 1', 'database': 'MedGen', 'id': 'C1835398'}
VCV000185814	RCV002243833	TP53	1	criteria provided, single submitter	Pathogenic	{'name': 'not provided', 'database': 'MedGen', 'id': 'C3661900'}
VCV000185814	RCV005365079	TP53	1	criteria provided, single submitter	Pathogenic	{'name': 'Familial pancreatic carcinoma', 'database': 'MedGen', 'id': 'C2931038'};{'name': 'Li-Fraumeni syndrome 1', 'database': 'MedGen', 'id': 'C1835398'}
VCV000186451	RCV000166045	TP53	2	criteria provided, multiple submitters, no conflicts	Pathogenic	{'name': 'Hereditary cancer-predisposing syndrome', 'database': 'MedGen', 'id': 'C0027672'}
VCV000186451	RCV000255616	TP53	1	criteria provided, single submitter	Pathogenic	{'name': 'not provided', 'database': 'MedGen', 'id': 'C3661900'}
VCV000186451	RCV000461158	TP53	2	criteria provided, multiple submitters, no conflicts	Pathogenic/Likely pathogenic	{'name': 'Li-Fraumeni syndrome', 'database': 'MedGen', 'id': 'C0085390'}
VCV000186451	RCV001354219	TP53	0	no assertion criteria provided	Uncertain significance	{'name': 'Familial ovarian cancer', 'database': 'MedGen', 'id': 'C5679802'}
VCV000186451	RCV002288754	TP53	1	criteria provided, single submitter	Pathogenic	{'name': 'Li-Fraumeni syndrome 1', 'database': 'MedGen', 'id': 'C1835398'}
VCV000186451	RCV003128588	TP53	1	criteria provided, single submitter	Pathogenic	{'name': 'Squamous cell carcinoma', 'database': 'MedGen', 'id': 'C0007137'}
VCV000186451	RCV003407616	TP53	1	criteria provided, single submitter	Pathogenic	{'name': 'TP53-related disorder'}
VCV000186451	RCV003474872	TP53	1	criteria provided, single submitter	Pathogenic	{'name': 'Adrenocortical carcinoma, hereditary', 'database': 'MedGen', 'id': 'C1859972'}
VCV000186451	RCV003995473	TP53	0	no assertion criteria provided	Likely pathogenic	{'name': 'Adrenal cortex carcinoma', 'database': 'MedGen', 'id': 'C0206686'}
VCV000187773	RCV000167530	NALCN	1	criteria provided, single submitter	Pathogenic	{'name': 'Congenital contractures of the limbs and face, hypotonia, and developmental delay', 'database': 'MedGen', 'id': 'C4225398'}
VCV000188046	RCV000167764	NALCN	0	no assertion criteria provided	Likely pathogenic	{'name': 'Intellectual disability with episodic ataxia and congenital arthrogryposis'}
VCV000188046	RCV000224736	NALCN	2	criteria provided, multiple submitters, no conflicts	Pathogenic/Likely pathogenic	{'name': 'Congenital contractures of the limbs and face, hypotonia, and developmental delay', 'database': 'MedGen', 'id': 'C4225398'}
VCV000188046	RCV001267339	NALCN	1	criteria provided, single submitter	Pathogenic	{'name': 'Inborn genetic diseases', 'database': 'MedGen', 'id': 'C0950123'}
VCV000188046	RCV001390781	NALCN	2	criteria provided, multiple submitters, no conflicts	Pathogenic	{'name': 'not provided', 'database': 'MedGen', 'id': 'C3661900'}
VCV000189196	RCV000169631	CACNA1B	0	no assertion criteria provided	Uncertain significance	{'name': 'Dystonia 23', 'database': 'MedGen', 'id': 'C3538999'}
VCV000189196	RCV002517629	CACNA1B	1	criteria provided, conflicting classifications	Conflicting classifications of pathogenicity	{'name': 'not provided', 'database': 'MedGen', 'id': 'C3661900'}
VCV000189338	RCV000169754	IFIH1	2	criteria provided, multiple submitters, no conflicts	Pathogenic/Likely pathogenic	{'name': 'Singleton-Merten syndrome 1', 'database': 'MedGen', 'id': 'C4225427'}
VCV000189338	RCV000436896	IFIH1	2	criteria provided, multiple submitters, no conflicts	Pathogenic/Likely pathogenic	{'name': 'not provided', 'database': 'MedGen', 'id': 'C3661900'}
VCV000189338	RCV000789041	IFIH1	1	criteria provided, single submitter	Pathogenic	{'name': 'Aicardi-Goutieres syndrome 7', 'database': 'MedGen', 'id': 'C3888244'}
VCV000189338	RCV000822311	IFIH1	2	criteria provided, multiple submitters, no conflicts	Pathogenic/Likely pathogenic	{'name': 'Aicardi-Goutieres syndrome 7', 'database': 'MedGen', 'id': 'C3888244'};{'name': 'Singleton-Merten syndrome 1', 'database': 'MedGen', 'id': 'C4225427'}
VCV000189338	RCV004745248	IFIH1	0	no assertion criteria provided	Pathogenic	{'name': 'IFIH1-related disorder'}
VCV000189338	RCV005348070	IFIH1	1	criteria provided, single submitter	Pathogenic	{'name': 'Inborn genetic diseases', 'database': 'MedGen', 'id': 'C0950123'}
VCV000189338	RCV005396504	IFIH1	1	criteria provided, single submitter	Pathogenic	{'name': 'Incidental Discovery', 'database': 'MedGen', 'id': 'C1135954'}
VCV000189338	RCV006699218	IFIH1	1	criteria provided, single submitter	Pathogenic	{'name': 'Autosomal dominant IFIH1-related disorders'}
VCV000189345	RCV000169761	RIGI	0	no assertion criteria provided	Pathogenic	{'name': 'Singleton-Merten syndrome 2', 'database': 'MedGen', 'id': 'C4225380'}
VCV000189483	RCV000169873	PTEN	1	criteria provided, single submitter	Pathogenic	{'name': 'not provided', 'database': 'MedGen', 'id': 'C3661900'}
VCV000189483	RCV000645061	PTEN	1	criteria provided, single submitter	Pathogenic	{'name': 'PTEN hamartoma tumor syndrome', 'database': 'MedGen', 'id': 'C1959582'}
VCV000189483	RCV002433728	PTEN	1	criteria provided, single submitter	Pathogenic	{'name': 'Hereditary cancer-predisposing syndrome', 'database': 'MedGen', 'id': 'C0027672'}
VCV000189483	RCV005396505	PTEN	1	criteria provided, single submitter	Pathogenic	{'name': 'Cowden syndrome 1', 'database': 'MedGen', 'id': 'CN072330'};{'name': 'Familial meningioma', 'database': 'MedGen', 'id': 'C3551915'};{'name': 'Familial prostate cancer', 'database': 'MedGen', 'id': 'C2931456'};{'name': 'Glioma susceptibility 2', 'database': 'MedGen', 'id': 'C2751642'};{'name': 'Macrocephaly-autism syndrome', 'database': 'MedGen', 'id': 'C1854416'}
VCV000189779	RCV000171134	CACNA1H	0	no assertion criteria provided	Pathogenic	{'name': 'Primary aldosteronism', 'database': 'MedGen', 'id': 'C1384514'}
VCV000189779	RCV000234982	CACNA1H	0	no assertion criteria provided	Pathogenic	{'name': 'Hyperaldosteronism, familial, type IV', 'database': 'MedGen', 'id': 'C4310756'}
VCV000189779	RCV003441769	CACNA1H	1	criteria provided, single submitter	Pathogenic	{'name': 'not provided', 'database': 'MedGen', 'id': 'C3661900'}
VCV000190323	RCV000170509	EDNRA	0	no assertion criteria provided	Pathogenic	{'name': 'Mandibulofacial dysostosis with alopecia', 'database': 'MedGen', 'id': 'C4225349'}
VCV000190324	RCV000170510	EDNRA	0	no assertion criteria provided	Pathogenic	{'name': 'Mandibulofacial dysostosis with alopecia', 'database': 'MedGen', 'id': 'C4225349'}
VCV000190327	RCV000170513	KCNA2	0	no assertion criteria provided	Pathogenic	{'name': 'Developmental and epileptic encephalopathy, 32', 'database': 'MedGen', 'id': 'C4225350'}
VCV000190327	RCV001092060	KCNA2	1	criteria provided, single submitter	Pathogenic	{'name': 'not provided', 'database': 'MedGen', 'id': 'C3661900'}
VCV000190328	RCV000170514	KCNA2	2	criteria provided, multiple submitters, no conflicts	Pathogenic	{'name': 'Developmental and epileptic encephalopathy, 32', 'database': 'MedGen', 'id': 'C4225350'}
VCV000190328	RCV000264400	KCNA2	2	criteria provided, multiple submitters, no conflicts	Pathogenic	{'name': 'not provided', 'database': 'MedGen', 'id': 'C3661900'}
VCV000190328	RCV000622743	KCNA2	1	criteria provided, single submitter	Pathogenic	{'name': 'Inborn genetic diseases', 'database': 'MedGen', 'id': 'C0950123'}
VCV000190328	RCV001252020	KCNA2	0	no assertion criteria provided	Likely pathogenic	{'name': 'Developmental and epileptic encephalopathy, 1', 'database': 'MedGen', 'id': 'C3463992'}
VCV000190328	RCV001374910	KCNA2	1	criteria provided, single submitter	Pathogenic	{'name': 'Neurodevelopmental disorder', 'database': 'MedGen', 'id': 'C1535926'}
VCV000190641	RCV000170779	CACNA1C	1	criteria provided, single submitter	Uncertain significance	{'name': 'not provided', 'database': 'MedGen', 'id': 'C3661900'}
VCV000190641	RCV000631598	CACNA1C	1	criteria provided, single submitter	Uncertain significance	{'name': 'Long QT syndrome', 'database': 'MedGen', 'id': 'C0023976'}
VCV000190641	RCV005532595	CACNA1C	2	criteria provided, multiple submitters, no conflicts	Uncertain significance	{'name': 'Cardiovascular phenotype', 'database': 'MedGen', 'id': 'CN230736'}
VCV000190641	RCV005867987	CACNA1C	1	criteria provided, single submitter	Uncertain significance	{'name': 'CACNA1C-related disorder', 'database': 'MedGen', 'id': 'CN381092'}
VCV000190653	RCV000550877	CACNA1C	1	criteria provided, single submitter	Pathogenic	{'name': 'Long QT syndrome', 'database': 'MedGen', 'id': 'C0023976'}
VCV000190653	RCV000782180	CACNA1C	0	no assertion criteria provided	Pathogenic	{'name': 'Long QT syndrome 8', 'database': 'MedGen', 'id': 'CN260585'}
VCV000190653	RCV001509415	CACNA1C	2	criteria provided, multiple submitters, no conflicts	Pathogenic/Likely pathogenic	{'name': 'not provided', 'database': 'MedGen', 'id': 'C3661900'}
VCV000190653	RCV002453577	CACNA1C	2	criteria provided, multiple submitters, no conflicts	Pathogenic/Likely pathogenic	{'name': 'Cardiovascular phenotype', 'database': 'MedGen', 'id': 'CN230736'}
VCV000190815	RCV000170986	KCNJ2	1	criteria provided, single submitter	Likely pathogenic	{'name': 'not provided', 'database': 'MedGen', 'id': 'C3661900'}
VCV000190815	RCV003482239	KCNJ2	0	no assertion criteria provided	Pathogenic	{'name': 'Short QT syndrome type 3', 'database': 'MedGen', 'id': 'C1865018'}
VCV000191548	RCV000171774	SNTA1	2	criteria provided, multiple submitters, no conflicts	Benign/Likely benign	{'name': 'Long QT syndrome', 'database': 'MedGen', 'id': 'C0023976'}
VCV000191548	RCV000191018	SNTA1	1	criteria provided, conflicting classifications	Conflicting classifications of pathogenicity	{'name': 'Long QT syndrome 12', 'database': 'MedGen', 'id': 'C2751830'}
VCV000191548	RCV000247418	SNTA1	1	criteria provided, single submitter	Likely benign	{'name': 'Cardiovascular phenotype', 'database': 'MedGen', 'id': 'CN230736'}
VCV000191548	RCV000990299	SNTA1	1	criteria provided, single submitter	Benign	{'name': 'Long QT syndrome 1', 'database': 'MedGen', 'id': 'C4551647'}
VCV000191548	RCV001256962	SNTA1	2	criteria provided, multiple submitters, no conflicts	Benign/Likely benign	{'name': 'not specified', 'database': 'MedGen', 'id': 'CN169374'}
VCV000191548	RCV001706109	SNTA1	1	criteria provided, single submitter	Benign	{'name': 'not provided', 'database': 'MedGen', 'id': 'C3661900'}
VCV000191548	RCV003917588	SNTA1	0	no assertion criteria provided	Likely benign	{'name': 'SNTA1-related disorder'}
VCV000191577	RCV000171828	ANKRD1	1	criteria provided, single submitter	Uncertain significance	{'name': 'Hypertrophic cardiomyopathy', 'database': 'MedGen', 'id': 'C0007194'}
VCV000191577	RCV000183297	ANKRD1	1	criteria provided, conflicting classifications	Conflicting classifications of pathogenicity	{'name': 'not specified', 'database': 'MedGen', 'id': 'CN169374'}
VCV000191577	RCV000458316	ANKRD1	1	criteria provided, single submitter	Uncertain significance	{'name': 'ANKRD1-related dilated cardiomyopathy', 'database': 'MedGen', 'id': 'CN119551'}
VCV000191577	RCV000619346	ANKRD1	1	criteria provided, single submitter	Likely benign	{'name': 'Cardiovascular phenotype', 'database': 'MedGen', 'id': 'CN230736'}
VCV000191577	RCV000724536	ANKRD1	1	criteria provided, conflicting classifications	Conflicting classifications of pathogenicity	{'name': 'not provided', 'database': 'MedGen', 'id': 'C3661900'}
VCV000191577	RCV001104802	ANKRD1	1	criteria provided, single submitter	Uncertain significance	{'name': 'Primary dilated cardiomyopathy', 'database': 'MedGen', 'id': 'C0007193'}
VCV000191577	RCV001256727	ANKRD1	1	criteria provided, single submitter	Uncertain significance	{'name': 'Dilated cardiomyopathy 1A', 'database': 'MedGen', 'id': 'C5979868'}
VCV000191577	RCV003937540	ANKRD1	0	no assertion criteria provided	Likely benign	{'name': 'ANKRD1-related disorder'}
VCV000192251	RCV000172839	EEF1A2	0	no assertion criteria provided	Pathogenic	{'name': 'Intellectual disability, autosomal dominant 38', 'database': 'MedGen', 'id': 'C4225343'}
VCV000192251	RCV000845037	EEF1A2	0	no classification provided	not provided	{'name': 'Developmental and epileptic encephalopathy, 33', 'database': 'MedGen', 'id': 'C4225337'}
VCV000192251	RCV003444211	EEF1A2	0	no assertion criteria provided	Uncertain significance	{'name': 'not provided', 'database': 'MedGen', 'id': 'C3661900'}
VCV000192252	RCV000172840	EEF1A2	2	criteria provided, multiple submitters, no conflicts	Pathogenic	{'name': 'Intellectual disability, autosomal dominant 38', 'database': 'MedGen', 'id': 'C4225343'}
VCV000192252	RCV000193799	EEF1A2	2	criteria provided, multiple submitters, no conflicts	Pathogenic/Likely pathogenic	{'name': 'Developmental and epileptic encephalopathy, 33', 'database': 'MedGen', 'id': 'C4225337'}
VCV000192252	RCV000622866	EEF1A2	1	criteria provided, single submitter	Pathogenic	{'name': 'Inborn genetic diseases', 'database': 'MedGen', 'id': 'C0950123'}
VCV000192252	RCV001030064	EEF1A2	1	criteria provided, single submitter	Pathogenic	{'name': 'EEF1A2-related developmental and degenerative epileptic-dyskinetic encephalopathy'}
VCV000192252	RCV001267946	EEF1A2	2	criteria provided, multiple submitters, no conflicts	Pathogenic	{'name': 'not provided', 'database': 'MedGen', 'id': 'C3661900'}
VCV000192256	RCV000172845	TRPV3	0	no assertion criteria provided	Pathogenic	{'name': 'Olmsted syndrome 1', 'database': 'MedGen', 'id': 'C5542829'}
VCV000192256	RCV001198158	TRPV3	1	criteria provided, single submitter	Likely pathogenic	{'name': 'Isolated focal non-epidermolytic palmoplantar keratoderma', 'database': 'MedGen', 'id': 'C4225339'}
VCV000192256	RCV001208559	TRPV3	1	criteria provided, single submitter	Pathogenic	{'name': 'not provided', 'database': 'MedGen', 'id': 'C3661900'}
VCV000192257	RCV000172846	TRPV3	0	no assertion criteria provided	Pathogenic	{'name': 'Isolated focal non-epidermolytic palmoplantar keratoderma', 'database': 'MedGen', 'id': 'C4225339'}
VCV000192317	RCV000172909	SCN8A	1	criteria provided, single submitter	Pathogenic	{'name': 'Developmental and epileptic encephalopathy, 13', 'database': 'MedGen', 'id': 'C3281191'}
VCV000192317	RCV001003602	SCN8A	0	no assertion criteria provided	Pathogenic	{'name': 'Global developmental delay', 'database': 'MedGen', 'id': 'C0557874'};{'name': 'Seizure', 'database': 'MedGen', 'id': 'C0036572'}
VCV000192361	RCV000172991	CDKN1C	0	no classification provided	not provided	{'name': 'Silver-Russell syndrome 1', 'database': 'MedGen', 'id': 'C5393125'}
VCV000192361	RCV002516573	CDKN1C	1	criteria provided, single submitter	Pathogenic	{'name': 'Beckwith-Wiedemann syndrome', 'database': 'MedGen', 'id': 'C0004903'}
VCV000192361	RCV004816250	CDKN1C	0	no classification provided	not provided	{'name': 'IMAGe syndrome', 'database': 'MedGen', 'id': 'C1846009'}
VCV000196039	RCV000176763	SCN2A	1	criteria provided, single submitter	Pathogenic	{'name': 'Developmental and epileptic encephalopathy, 11', 'database': 'MedGen', 'id': 'C3150987'}
VCV000196039	RCV000189181	SCN2A	2	criteria provided, multiple submitters, no conflicts	Pathogenic/Likely pathogenic	{'name': 'not provided', 'database': 'MedGen', 'id': 'C3661900'}
VCV000196039	RCV000417008	SCN2A	1	criteria provided, single submitter	Pathogenic	{'name': 'Epileptic encephalopathy', 'database': 'MedGen', 'id': 'C0543888'}
VCV000196039	RCV001265414	SCN2A	0	no assertion criteria provided	Pathogenic	{'name': 'Complex neurodevelopmental disorder', 'database': 'MedGen', 'id': 'C5568766'}
VCV000196039	RCV001847815	SCN2A	0	no assertion criteria provided	Pathogenic	{'name': 'Developmental and epileptic encephalopathy', 'database': 'MedGen', 'id': 'C5779964'};{'name': 'West syndrome', 'database': 'MedGen', 'id': 'C0037769'}
VCV000196039	RCV001849328	SCN2A	1	criteria provided, single submitter	Pathogenic	{'name': 'Seizure', 'database': 'MedGen', 'id': 'C0036572'}
VCV000196039	RCV002516714	SCN2A	1	criteria provided, single submitter	Pathogenic	{'name': 'Developmental and epileptic encephalopathy, 11', 'database': 'MedGen', 'id': 'C3150987'};{'name': 'Seizures, benign familial infantile, 3', 'database': 'MedGen', 'id': 'C1843140'}
VCV000198071	RCV000179296	CASR	2	criteria provided, multiple submitters, no conflicts	Benign	{'name': 'not specified', 'database': 'MedGen', 'id': 'CN169374'}
VCV000198071	RCV000276967	CASR	1	criteria provided, single submitter	Benign	{'name': 'Autosomal dominant hypocalcemia 1', 'database': 'MedGen', 'id': 'C3715128'}
VCV000198071	RCV000312165	CASR	1	criteria provided, single submitter	Benign	{'name': 'Neonatal severe primary hyperparathyroidism', 'database': 'MedGen', 'id': 'C1832615'}
VCV000198071	RCV000394192	CASR	1	criteria provided, single submitter	Benign	{'name': 'Familial hypoparathyroidism', 'database': 'MedGen', 'id': 'C1832648'}
VCV000198071	RCV000987314	CASR	2	criteria provided, multiple submitters, no conflicts	Benign	{'name': 'Familial hypocalciuric hypercalcemia 1', 'database': 'MedGen', 'id': 'C0342637'}
VCV000198071	RCV001514193	CASR	1	criteria provided, single submitter	Benign	{'name': 'Autosomal dominant hypocalcemia 1', 'database': 'MedGen', 'id': 'C3715128'};{'name': 'Familial hypocalciuric hypercalcemia', 'database': 'MedGen', 'id': 'C1809471'}
VCV000198071	RCV004020142	CASR	1	criteria provided, single submitter	Benign	{'name': 'Nephrolithiasis/nephrocalcinosis', 'database': 'MedGen', 'id': 'CN580796'}
VCV000198071	RCV004715755	CASR	2	criteria provided, multiple submitters, no conflicts	Benign/Likely benign	{'name': 'not provided', 'database': 'MedGen', 'id': 'C3661900'}
VCV000198153	RCV000179414	SCN9A	2	criteria provided, multiple submitters, no conflicts	Uncertain significance	{'name': 'not provided', 'database': 'MedGen', 'id': 'C3661900'}
VCV000198153	RCV000192901	SCN9A	2	criteria provided, multiple submitters, no conflicts	Uncertain significance	{'name': 'not specified', 'database': 'MedGen', 'id': 'CN169374'}
VCV000198153	RCV000515449	SCN9A	1	criteria provided, single submitter	Uncertain significance	{'name': 'Channelopathy-associated congenital insensitivity to pain, autosomal recessive', 'database': 'MedGen', 'id': 'C1855739'};{'name': 'Generalized epilepsy with febrile seizures plus, type 7', 'database': 'MedGen', 'id': 'C2751778'};{'name': 'Neuropathy, hereditary sensory and autonomic, type 2A', 'database': 'MedGen', 'id': 'C2752089'};{'name': 'Paroxysmal extreme pain disorder', 'database': 'MedGen', 'id': 'C1833661'};{'name': 'Primary erythromelalgia', 'database': 'MedGen', 'id': 'C0014805'};{'name': 'Severe myoclonic epilepsy in infancy', 'database': 'MedGen', 'id': 'C0751122'}
VCV000198153	RCV000540917	SCN9A	1	criteria provided, single submitter	Uncertain significance	{'name': 'Generalized epilepsy with febrile seizures plus, type 7', 'database': 'MedGen', 'id': 'C2751778'};{'name': 'Neuropathy, hereditary sensory and autonomic, type 2A', 'database': 'MedGen', 'id': 'C2752089'}
VCV000198153	RCV001133337	SCN9A	1	criteria provided, conflicting classifications	Conflicting classifications of pathogenicity	{'name': 'Primary erythromelalgia', 'database': 'MedGen', 'id': 'C0014805'}
VCV000198153	RCV001133338	SCN9A	1	criteria provided, single submitter	Uncertain significance	{'name': 'Channelopathy-associated congenital insensitivity to pain, autosomal recessive', 'database': 'MedGen', 'id': 'C1855739'}
VCV000198153	RCV001133339	SCN9A	1	criteria provided, single submitter	Benign	{'name': 'Paroxysmal extreme pain disorder', 'database': 'MedGen', 'id': 'C1833661'}
VCV000198153	RCV001195747	SCN9A	1	criteria provided, single submitter	Uncertain significance	{'name': 'Neuropathy, hereditary sensory and autonomic, type 2A', 'database': 'MedGen', 'id': 'C2752089'}
VCV000198153	RCV002362922	SCN9A	1	criteria provided, single submitter	Uncertain significance	{'name': 'Inborn genetic diseases', 'database': 'MedGen', 'id': 'C0950123'}
VCV000198153	RCV004786493	SCN9A	1	criteria provided, single submitter	Uncertain significance	{'name': 'Generalized epilepsy with febrile seizures plus, type 7', 'database': 'MedGen', 'id': 'C2751778'}
VCV000198153	RCV005016524	SCN9A	1	criteria provided, single submitter	Uncertain significance	{'name': 'Channelopathy-associated congenital insensitivity to pain, autosomal recessive', 'database': 'MedGen', 'id': 'C1855739'};{'name': 'Paroxysmal extreme pain disorder', 'database': 'MedGen', 'id': 'C1833661'};{'name': 'Primary erythromelalgia', 'database': 'MedGen', 'id': 'C0014805'}
VCV000201128	RCV000182576	PCSK9	1	criteria provided, conflicting classifications	Conflicting classifications of pathogenicity	{'name': 'not specified', 'database': 'MedGen', 'id': 'CN169374'}
VCV000201128	RCV000228895	PCSK9	1	criteria provided, conflicting classifications	Conflicting classifications of pathogenicity	{'name': 'Hypercholesterolemia, autosomal dominant, 3', 'database': 'MedGen', 'id': 'C1863551'}
VCV000201128	RCV000408878	PCSK9	1	criteria provided, conflicting classifications	Conflicting classifications of pathogenicity	{'name': 'Hypercholesterolemia, familial, 1', 'database': 'MedGen', 'id': 'C0745103'}
VCV000201128	RCV000776243	PCSK9	2	criteria provided, multiple submitters, no conflicts	Benign/Likely benign	{'name': 'Familial hypercholesterolemia', 'database': 'MedGen', 'id': 'C0020445'}
VCV000201128	RCV001095907	PCSK9	1	criteria provided, single submitter	Uncertain significance	{'name': 'Hypobetalipoproteinemia', 'database': 'MedGen', 'id': 'C0020597'}
VCV000201128	RCV002390460	PCSK9	1	criteria provided, single submitter	Likely benign	{'name': 'Cardiovascular phenotype', 'database': 'MedGen', 'id': 'CN230736'}
VCV000201128	RCV003477647	PCSK9	1	criteria provided, single submitter	Benign	{'name': 'not provided', 'database': 'MedGen', 'id': 'C3661900'}
VCV000201128	RCV004528959	PCSK9	0	no assertion criteria provided	Uncertain significance	{'name': 'PCSK9-related disorder'}
VCV000201129	RCV000231738	PCSK9	1	criteria provided, conflicting classifications	Conflicting classifications of pathogenicity	{'name': 'Hypercholesterolemia, autosomal dominant, 3', 'database': 'MedGen', 'id': 'C1863551'}
VCV000201129	RCV000455706	PCSK9	1	criteria provided, single submitter	Uncertain significance	{'name': 'not specified', 'database': 'MedGen', 'id': 'CN169374'}
VCV000201129	RCV000505260	PCSK9	1	criteria provided, conflicting classifications	Conflicting classifications of pathogenicity	{'name': 'Hypercholesterolemia, familial, 1', 'database': 'MedGen', 'id': 'C0745103'}
VCV000201129	RCV000766559	PCSK9	2	criteria provided, multiple submitters, no conflicts	Uncertain significance	{'name': 'not provided', 'database': 'MedGen', 'id': 'C3661900'}
VCV000201129	RCV001097684	PCSK9	1	criteria provided, single submitter	Uncertain significance	{'name': 'Hypobetalipoproteinemia', 'database': 'MedGen', 'id': 'C0020597'}
VCV000201129	RCV001182214	PCSK9	1	criteria provided, conflicting classifications	Conflicting classifications of pathogenicity	{'name': 'Familial hypercholesterolemia', 'database': 'MedGen', 'id': 'C0020445'}
VCV000201129	RCV002390461	PCSK9	2	criteria provided, multiple submitters, no conflicts	Uncertain significance	{'name': 'Cardiovascular phenotype', 'database': 'MedGen', 'id': 'CN230736'}
VCV000201129	RCV004584369	PCSK9	1	criteria provided, single submitter	Uncertain significance	{'name': 'See cases'}
VCV000201194	RCV000182659	RYR2	2	criteria provided, multiple submitters, no conflicts	Pathogenic	{'name': 'not provided', 'database': 'MedGen', 'id': 'C3661900'}
VCV000201194	RCV000208033	RYR2	2	criteria provided, multiple submitters, no conflicts	Pathogenic	{'name': 'Catecholaminergic polymorphic ventricular tachycardia 1', 'database': 'MedGen', 'id': 'C1631597'}
VCV000201194	RCV001332696	RYR2	1	criteria provided, single submitter	Pathogenic	{'name': 'Arrhythmogenic right ventricular dysplasia 2', 'database': 'MedGen', 'id': 'C1832931'}
VCV000201194	RCV002345634	RYR2	1	criteria provided, single submitter	Pathogenic	{'name': 'Cardiovascular phenotype', 'database': 'MedGen', 'id': 'CN230736'}
VCV000201194	RCV005222807	RYR2	1	criteria provided, single submitter	Pathogenic	{'name': 'RYR2-related disorder'}
VCV000201195	RCV000182660	RYR2	1	criteria provided, single submitter	Likely pathogenic	{'name': 'not provided', 'database': 'MedGen', 'id': 'C3661900'}
VCV000201195	RCV000620075	RYR2	1	criteria provided, single submitter	Likely pathogenic	{'name': 'Cardiovascular phenotype', 'database': 'MedGen', 'id': 'CN230736'}
VCV000201436	RCV000182935	SCN5A	1	criteria provided, single submitter	Uncertain significance	{'name': 'not provided', 'database': 'MedGen', 'id': 'CN517202'}
VCV000201540	RCV000250980	SCN5A	1	criteria provided, single submitter	Likely pathogenic	{'name': 'Cardiovascular phenotype', 'database': 'MedGen', 'id': 'CN230736'}
VCV000201540	RCV003539811	SCN5A	1	criteria provided, single submitter	Likely pathogenic	{'name': 'not provided', 'database': 'MedGen', 'id': 'C3661900'}
VCV000201549	RCV001147407	SCN5A	1	criteria provided, single submitter	Uncertain significance	{'name': 'Ventricular fibrillation, paroxysmal familial, type 1', 'database': 'MedGen', 'id': 'C2751898'}
VCV000201549	RCV001147408	SCN5A	1	criteria provided, single submitter	Uncertain significance	{'name': 'Brugada syndrome 1', 'database': 'MedGen', 'id': 'C4551804'}
VCV000201549	RCV001147409	SCN5A	1	criteria provided, single submitter	Uncertain significance	{'name': 'Sick sinus syndrome 1', 'database': 'MedGen', 'id': 'C1837845'}
VCV000201549	RCV001148331	SCN5A	1	criteria provided, single submitter	Uncertain significance	{'name': 'Dilated cardiomyopathy 1E', 'database': 'MedGen', 'id': 'C1832680'}
VCV000201549	RCV001148332	SCN5A	1	criteria provided, single submitter	Uncertain significance	{'name': 'Progressive familial heart block, type 1A', 'database': 'MedGen', 'id': 'C1879286'}
VCV000201549	RCV001148333	SCN5A	1	criteria provided, single submitter	Uncertain significance	{'name': 'Long QT syndrome 3', 'database': 'MedGen', 'id': 'C1859062'}
VCV000201549	RCV001250213	SCN5A	1	criteria provided, single submitter	Likely pathogenic	{'name': 'Brugada syndrome 1', 'database': 'MedGen', 'id': 'C4551804'};{'name': 'Long QT syndrome 3', 'database': 'MedGen', 'id': 'C1859062'}
VCV000201549	RCV001781541	SCN5A	2	criteria provided, multiple submitters, no conflicts	Uncertain significance	{'name': 'not provided', 'database': 'MedGen', 'id': 'C3661900'}
VCV000201549	RCV001842931	SCN5A	2	criteria provided, multiple submitters, no conflicts	Uncertain significance	{'name': 'Cardiac arrhythmia', 'database': 'MedGen', 'id': 'C0003811'}
VCV000201549	RCV002354484	SCN5A	1	criteria provided, single submitter	Uncertain significance	{'name': 'Cardiovascular phenotype', 'database': 'MedGen', 'id': 'CN230736'}
VCV000202205	RCV000987312	CASR	1	criteria provided, single submitter	Likely pathogenic	{'name': 'Familial hypocalciuric hypercalcemia 1', 'database': 'MedGen', 'id': 'C0342637'}
VCV000203461	RCV000185616	CARD11	0	no assertion criteria provided	Pathogenic	{'name': 'BENTA disease', 'database': 'MedGen', 'id': 'C4551967'}
VCV000203461	RCV001390618	CARD11	1	criteria provided, single submitter	Pathogenic	{'name': 'BENTA disease', 'database': 'MedGen', 'id': 'C4551967'};{'name': 'Severe combined immunodeficiency due to CARD11 deficiency', 'database': 'MedGen', 'id': 'C3554686'}
VCV000203467	RCV000185623	GJA1	0	no assertion criteria provided	Pathogenic	{'name': 'Autosomal dominant palmoplantar keratoderma and congenital alopecia', 'database': 'MedGen', 'id': 'C4304669'}
VCV000203999	RCV000202433	GMNN	1	criteria provided, single submitter	Pathogenic	{'name': 'Meier-Gorlin syndrome', 'database': 'MedGen', 'id': 'C1868684'}
VCV000203999	RCV000208589	GMNN	0	no assertion criteria provided	Pathogenic	{'name': 'Meier-Gorlin syndrome 6', 'database': 'MedGen', 'id': 'C4225188'}
VCV000204000	RCV000202431	GMNN	1	criteria provided, single submitter	Pathogenic	{'name': 'Meier-Gorlin syndrome', 'database': 'MedGen', 'id': 'C1868684'}
VCV000204000	RCV000208583	GMNN	0	no assertion criteria provided	Pathogenic	{'name': 'Meier-Gorlin syndrome 6', 'database': 'MedGen', 'id': 'C4225188'}
VCV000204001	RCV000202432	GMNN	1	criteria provided, single submitter	Likely pathogenic	{'name': 'Meier-Gorlin syndrome', 'database': 'MedGen', 'id': 'C1868684'}
VCV000204001	RCV000208587	GMNN	0	no assertion criteria provided	Pathogenic	{'name': 'Meier-Gorlin syndrome 6', 'database': 'MedGen', 'id': 'C4225188'}
VCV000205659	RCV000187645	GRIN2A	1	criteria provided, single submitter	Pathogenic	{'name': 'not provided', 'database': 'MedGen', 'id': 'C3661900'}
VCV000205659	RCV001781551	GRIN2A	1	criteria provided, single submitter	Likely pathogenic	{'name': 'Landau-Kleffner syndrome', 'database': 'MedGen', 'id': 'C0282512'}
VCV000205819	RCV000187807	KCNJ10	1	criteria provided, single submitter	Uncertain significance	{'name': 'not provided', 'database': 'MedGen', 'id': 'C3661900'}
VCV000205819	RCV000807727	KCNJ10	1	criteria provided, single submitter	Uncertain significance	{'name': 'EAST syndrome', 'database': 'MedGen', 'id': 'C2748572'}
VCV000205819	RCV002514016	KCNJ10	1	criteria provided, single submitter	Uncertain significance	{'name': 'Inborn genetic diseases', 'database': 'MedGen', 'id': 'C0950123'}
VCV000205819	RCV005003541	KCNJ10	1	criteria provided, single submitter	Uncertain significance	{'name': 'Autosomal recessive nonsyndromic hearing loss 4', 'database': 'MedGen', 'id': 'C3538946'};{'name': 'EAST syndrome', 'database': 'MedGen', 'id': 'C2748572'}
VCV000205823	RCV000461889	KCNJ10	1	criteria provided, conflicting classifications	Conflicting classifications of pathogenicity	{'name': 'EAST syndrome', 'database': 'MedGen', 'id': 'C2748572'}
VCV000205823	RCV000726871	KCNJ10	2	criteria provided, multiple submitters, no conflicts	Uncertain significance	{'name': 'not provided', 'database': 'MedGen', 'id': 'C3661900'}
VCV000205823	RCV000764989	KCNJ10	2	criteria provided, multiple submitters, no conflicts	Uncertain significance	{'name': 'Autosomal recessive nonsyndromic hearing loss 4', 'database': 'MedGen', 'id': 'C3538946'};{'name': 'EAST syndrome', 'database': 'MedGen', 'id': 'C2748572'};{'name': 'Pendred syndrome', 'database': 'MedGen', 'id': 'C0271829'}
VCV000205823	RCV001099391	KCNJ10	1	criteria provided, single submitter	Uncertain significance	{'name': 'Autosomal recessive nonsyndromic hearing loss 4', 'database': 'MedGen', 'id': 'C3538946'}
VCV000205823	RCV001252025	KCNJ10	0	no assertion criteria provided	Uncertain significance	{'name': 'Intellectual disability', 'database': 'MedGen', 'id': 'C3714756'}
VCV000205823	RCV001818453	KCNJ10	1	criteria provided, single submitter	Uncertain significance	{'name': 'not specified', 'database': 'MedGen', 'id': 'CN169374'}
VCV000205823	RCV002314724	KCNJ10	1	criteria provided, single submitter	Uncertain significance	{'name': 'Inborn genetic diseases', 'database': 'MedGen', 'id': 'C0950123'}
VCV000205823	RCV003224208	KCNJ10	2	criteria provided, multiple submitters, no conflicts	Uncertain significance	{'name': 'Autosomal recessive nonsyndromic hearing loss 4', 'database': 'MedGen', 'id': 'C3538946'};{'name': 'EAST syndrome', 'database': 'MedGen', 'id': 'C2748572'}
VCV000205864	RCV000187853	KCNQ2	2	criteria provided, multiple submitters, no conflicts	Pathogenic/Likely pathogenic	{'name': 'not provided', 'database': 'MedGen', 'id': 'C3661900'}
VCV000205864	RCV000408747	KCNQ2	2	criteria provided, multiple submitters, no conflicts	Pathogenic	{'name': 'Developmental and epileptic encephalopathy, 7', 'database': 'MedGen', 'id': 'C3150986'}
VCV000205864	RCV001089802	KCNQ2	0	no assertion criteria provided	Likely pathogenic	{'name': 'Intellectual disability', 'database': 'MedGen', 'id': 'C3714756'}
VCV000205864	RCV004528968	KCNQ2	1	criteria provided, single submitter	Pathogenic	{'name': 'KCNQ2-Related Disorders', 'database': 'MedGen', 'id': 'CN169299'}
VCV000205864	RCV006461838	KCNQ2	1	criteria provided, single submitter	Pathogenic	{'name': 'Early-infantile DEE', 'database': 'MedGen', 'id': 'C0393706'}
VCV000205867	RCV000187856	KCNQ2	2	criteria provided, multiple submitters, no conflicts	Pathogenic	{'name': 'not provided', 'database': 'MedGen', 'id': 'C3661900'}
VCV000205867	RCV000623027	KCNQ2	1	criteria provided, single submitter	Pathogenic	{'name': 'Inborn genetic diseases', 'database': 'MedGen', 'id': 'C0950123'}
VCV000205867	RCV000768251	KCNQ2	1	criteria provided, single submitter	Pathogenic	{'name': 'Developmental and epileptic encephalopathy, 7', 'database': 'MedGen', 'id': 'C3150986'};{'name': 'Seizures, benign familial neonatal, 1', 'database': 'MedGen', 'id': 'C3149074'}
VCV000205867	RCV001420283	KCNQ2	1	criteria provided, single submitter	Pathogenic	{'name': 'See cases'}
VCV000205867	RCV002290964	KCNQ2	2	criteria provided, multiple submitters, no conflicts	Pathogenic	{'name': 'Developmental and epileptic encephalopathy, 7', 'database': 'MedGen', 'id': 'C3150986'}
VCV000205867	RCV006461841	KCNQ2	1	criteria provided, single submitter	Pathogenic	{'name': 'Early-infantile DEE', 'database': 'MedGen', 'id': 'C0393706'}
VCV000205869	RCV000187858	KCNQ2	2	criteria provided, multiple submitters, no conflicts	Pathogenic	{'name': 'not provided', 'database': 'MedGen', 'id': 'C3661900'}
VCV000205869	RCV000203591	KCNQ2	2	criteria provided, multiple submitters, no conflicts	Pathogenic	{'name': 'Developmental and epileptic encephalopathy, 7', 'database': 'MedGen', 'id': 'C3150986'}
VCV000205869	RCV000679892	KCNQ2	1	criteria provided, single submitter	Pathogenic	{'name': 'Seizures, benign familial neonatal, 1', 'database': 'MedGen', 'id': 'C3149074'}
VCV000205869	RCV006461842	KCNQ2	1	criteria provided, single submitter	Pathogenic	{'name': 'Early-infantile DEE', 'database': 'MedGen', 'id': 'C0393706'}
VCV000205963	RCV000187968	KCNQ3	2	criteria provided, multiple submitters, no conflicts	Pathogenic	{'name': 'not provided', 'database': 'MedGen', 'id': 'C3661900'}
VCV000205963	RCV000210407	KCNQ3	2	criteria provided, multiple submitters, no conflicts	Pathogenic/Likely pathogenic	{'name': 'Seizures, benign familial neonatal, 2', 'database': 'MedGen', 'id': 'C1852581'}
VCV000205963	RCV000824686	KCNQ3	1	criteria provided, single submitter	Pathogenic	{'name': 'Severe neurodevelopmental delay'}
VCV000205963	RCV000824975	KCNQ3	1	criteria provided, single submitter	Pathogenic	{'name': 'Seizures, benign familial infantile, 5', 'database': 'MedGen', 'id': 'C4310728'}
VCV000205963	RCV001042557	KCNQ3	1	criteria provided, single submitter	Pathogenic	{'name': 'Benign neonatal seizures', 'database': 'MedGen', 'id': 'C0220669'}
VCV000205963	RCV001249311	KCNQ3	0	no classification provided	not provided	{'name': 'Benign neonatal seizures', 'database': 'MedGen', 'id': 'C0220669'};{'name': 'Intellectual disability', 'database': 'MedGen', 'id': 'C3714756'};{'name': 'Lennox-Gastaut syndrome', 'database': 'MedGen', 'id': 'C0238111'}
VCV000205963	RCV001257743	KCNQ3	1	criteria provided, single submitter	Pathogenic	{'name': 'Intellectual disability', 'database': 'MedGen', 'id': 'C3714756'}
VCV000205963	RCV002273976	KCNQ3	1	criteria provided, single submitter	Pathogenic	{'name': 'KCNQ3-related developmental disability', 'database': 'MedGen', 'id': 'CN868255'}
VCV000205963	RCV003223394	KCNQ3	1	criteria provided, single submitter	Pathogenic	{'name': 'Severe intellectual disability', 'database': 'MedGen', 'id': 'C0036857'}
VCV000205963	RCV004786513	KCNQ3	1	criteria provided, single submitter	Pathogenic	{'name': 'Neurodevelopmental disorder', 'database': 'MedGen', 'id': 'C1535926'}
VCV000205963	RCV004799197	KCNQ3	1	criteria provided, single submitter	Pathogenic	{'name': 'KCNQ3-related Autism and developmental disability'}
VCV000205963	RCV005365110	KCNQ3	1	criteria provided, single submitter	Pathogenic	{'name': 'Inborn genetic diseases', 'database': 'MedGen', 'id': 'C0950123'}
VCV000207012	RCV000189164	SCN2A	2	criteria provided, multiple submitters, no conflicts	Pathogenic	{'name': 'not provided', 'database': 'MedGen', 'id': 'C3661900'}
VCV000207012	RCV002517894	SCN2A	1	criteria provided, single submitter	Pathogenic	{'name': 'Developmental and epileptic encephalopathy, 11', 'database': 'MedGen', 'id': 'C3150987'};{'name': 'Seizures, benign familial infantile, 3', 'database': 'MedGen', 'id': 'C1843140'}
VCV000207017	RCV000189169	SCN2A	2	criteria provided, multiple submitters, no conflicts	Pathogenic	{'name': 'not provided', 'database': 'MedGen', 'id': 'C3661900'}
VCV000207017	RCV000679890	SCN2A	2	criteria provided, multiple submitters, no conflicts	Pathogenic	{'name': 'Developmental and epileptic encephalopathy, 11', 'database': 'MedGen', 'id': 'C3150987'}
VCV000207017	RCV001054289	SCN2A	1	criteria provided, single submitter	Pathogenic	{'name': 'Developmental and epileptic encephalopathy, 11', 'database': 'MedGen', 'id': 'C3150987'};{'name': 'Seizures, benign familial infantile, 3', 'database': 'MedGen', 'id': 'C1843140'}
VCV000207017	RCV001265496	SCN2A	0	no assertion criteria provided	Likely pathogenic	{'name': 'Complex neurodevelopmental disorder', 'database': 'MedGen', 'id': 'C5568766'}
VCV000207017	RCV004734835	SCN2A	1	criteria provided, single submitter	Pathogenic	{'name': 'SCN2A-related disorder'}
VCV000207028	RCV000189180	SCN2A	2	criteria provided, multiple submitters, no conflicts	Pathogenic	{'name': 'not provided', 'database': 'MedGen', 'id': 'C3661900'}
VCV000207028	RCV001200926	SCN2A	0	no assertion criteria provided	Pathogenic	{'name': 'Episodic ataxia, type 9', 'database': 'MedGen', 'id': 'C5394520'}
VCV000207028	RCV001281369	SCN2A	2	criteria provided, multiple submitters, no conflicts	Pathogenic	{'name': 'Developmental and epileptic encephalopathy, 11', 'database': 'MedGen', 'id': 'C3150987'}
VCV000207028	RCV001374453	SCN2A	0	no assertion criteria provided	Pathogenic	{'name': 'Seizures, benign familial infantile, 3', 'database': 'MedGen', 'id': 'C1843140'}
VCV000207028	RCV001387542	SCN2A	1	criteria provided, single submitter	Pathogenic	{'name': 'Developmental and epileptic encephalopathy, 11', 'database': 'MedGen', 'id': 'C3150987'};{'name': 'Seizures, benign familial infantile, 3', 'database': 'MedGen', 'id': 'C1843140'}
VCV000207028	RCV006704616	SCN2A	1	criteria provided, single submitter	Pathogenic	{'name': 'SCN2A-related disorder'}
VCV000207055	RCV000189209	SCN2A	1	criteria provided, single submitter	Pathogenic	{'name': 'not provided', 'database': 'MedGen', 'id': 'C3661900'}
VCV000207055	RCV001265489	SCN2A	0	no assertion criteria provided	Pathogenic	{'name': 'Complex neurodevelopmental disorder', 'database': 'MedGen', 'id': 'C5568766'}
VCV000207131	RCV000189289	SCN8A	1	criteria provided, single submitter	Pathogenic	{'name': 'not provided', 'database': 'MedGen', 'id': 'C3661900'}
VCV000207131	RCV000239726	SCN8A	2	criteria provided, multiple submitters, no conflicts	Pathogenic	{'name': 'Developmental and epileptic encephalopathy, 13', 'database': 'MedGen', 'id': 'C3281191'}
VCV000207131	RCV000416947	SCN8A	1	criteria provided, single submitter	Pathogenic	{'name': 'Epileptic encephalopathy', 'database': 'MedGen', 'id': 'C0543888'}
VCV000207131	RCV002252035	SCN8A	1	criteria provided, single submitter	Pathogenic	{'name': 'See cases'}
VCV000207131	RCV002281572	SCN8A	0	no assertion criteria provided	Pathogenic	{'name': 'Seizures, benign familial infantile, 5', 'database': 'MedGen', 'id': 'C4310728'}
VCV000207131	RCV006461951	SCN8A	1	criteria provided, single submitter	Pathogenic	{'name': 'Early-infantile DEE', 'database': 'MedGen', 'id': 'C0393706'}
VCV000207132	RCV000189290	SCN8A	1	criteria provided, single submitter	Pathogenic	{'name': 'not provided', 'database': 'MedGen', 'id': 'C3661900'}
VCV000207132	RCV006461952	SCN8A	1	criteria provided, single submitter	Pathogenic	{'name': 'Early-infantile DEE', 'database': 'MedGen', 'id': 'C0393706'}
VCV000207950	RCV000190230	RYR2	0	no assertion criteria provided	Uncertain significance	{'name': 'Long QT syndrome', 'database': 'MedGen', 'id': 'C0023976'}
VCV000207950	RCV000845458	RYR2	1	criteria provided, single submitter	Uncertain significance	{'name': 'Primary familial dilated cardiomyopathy', 'database': 'MedGen', 'id': 'C0340427'}
VCV000207950	RCV001189469	RYR2	1	criteria provided, single submitter	Uncertain significance	{'name': 'Cardiomyopathy', 'database': 'MedGen', 'id': 'C0878544'}
VCV000207950	RCV003103744	RYR2	1	criteria provided, single submitter	Likely pathogenic	{'name': 'Catecholaminergic polymorphic ventricular tachycardia 1', 'database': 'MedGen', 'id': 'C1631597'}
VCV000207950	RCV003996901	RYR2	1	criteria provided, single submitter	Uncertain significance	{'name': 'Catecholaminergic polymorphic ventricular tachycardia', 'database': 'MedGen', 'id': 'C5574922'}
VCV000207950	RCV004020299	RYR2	1	criteria provided, single submitter	Uncertain significance	{'name': 'Cardiovascular phenotype', 'database': 'MedGen', 'id': 'CN230736'}
VCV000208142	RCV000190350	STAT1	1	criteria provided, single submitter	Likely pathogenic	{'name': 'Autoimmune enteropathy and endocrinopathy - susceptibility to chronic infections syndrome', 'database': 'MedGen', 'id': 'C3279990'}
VCV000208332	RCV000207016	PRKAG3	0	no assertion criteria provided	Uncertain significance	{'name': 'Increased muscle glycogen content', 'database': 'MedGen', 'id': 'C1968729'}
VCV000208337	RCV000190416	NOTCH1	0	no assertion criteria provided	Pathogenic	{'name': 'Early T cell progenitor acute lymphoblastic leukemia', 'database': 'MedGen', 'id': 'C4329780'}
VCV000208339	RCV000190419	CSF3R	0	no assertion criteria provided	Pathogenic	{'name': 'Early T cell progenitor acute lymphoblastic leukemia', 'database': 'MedGen', 'id': 'C4329780'}
VCV000208339	RCV001070576	CSF3R	1	criteria provided, single submitter	Likely pathogenic	{'name': 'Autosomal recessive severe congenital neutropenia due to CSF3R deficiency', 'database': 'MedGen', 'id': 'C4310764'}
VCV000208339	RCV001269671	CSF3R	1	criteria provided, single submitter	Pathogenic	{'name': 'not provided', 'database': 'MedGen', 'id': 'C3661900'}
VCV000208339	RCV006704619	CSF3R	1	criteria provided, single submitter	Likely pathogenic	{'name': 'Hereditary neutrophilia', 'database': 'MedGen', 'id': 'C0543669'}
VCV000208500	RCV000190513	SCN8A	0	no assertion criteria provided	Pathogenic	{'name': 'Developmental and epileptic encephalopathy, 13', 'database': 'MedGen', 'id': 'C3281191'}
VCV000208500	RCV000850597	SCN8A	1	criteria provided, single submitter	Likely pathogenic	{'name': 'Developmental and epileptic encephalopathy, 13', 'database': 'MedGen', 'id': 'C3281191'};{'name': 'Seizures, benign familial infantile, 5', 'database': 'MedGen', 'id': 'C4310728'}
VCV000208500	RCV002444773	SCN8A	1	criteria provided, single submitter	Likely pathogenic	{'name': 'Inborn genetic diseases', 'database': 'MedGen', 'id': 'C0950123'}
VCV000208500	RCV006462034	SCN8A	1	criteria provided, single submitter	Pathogenic	{'name': 'Early-infantile DEE', 'database': 'MedGen', 'id': 'C0393706'}
VCV000208682	RCV000190696	CACNA1C	1	criteria provided, single submitter	Pathogenic	{'name': 'Inborn genetic diseases', 'database': 'MedGen', 'id': 'C0950123'}
VCV000208682	RCV001795308	CACNA1C	1	criteria provided, single submitter	Pathogenic	{'name': 'Timothy syndrome', 'database': 'MedGen', 'id': 'C1832916'}
VCV000208682	RCV005404372	CACNA1C	1	criteria provided, single submitter	Pathogenic	{'name': 'Cardiovascular phenotype', 'database': 'MedGen', 'id': 'CN230736'}
VCV000208684	RCV000190699	MAGEL2	1	criteria provided, single submitter	Pathogenic	{'name': 'Inborn genetic diseases', 'database': 'MedGen', 'id': 'C0950123'}
VCV000208684	RCV000238706	MAGEL2	2	criteria provided, multiple submitters, no conflicts	Pathogenic/Likely pathogenic	{'name': 'not provided', 'database': 'MedGen', 'id': 'C3661900'}
VCV000208684	RCV000508676	MAGEL2	2	criteria provided, multiple submitters, no conflicts	Pathogenic	{'name': 'Schaaf-Yang syndrome', 'database': 'MedGen', 'id': 'C5575066'}
VCV000208684	RCV000762935	MAGEL2	1	criteria provided, single submitter	Pathogenic	{'name': 'Prader-Willi syndrome', 'database': 'MedGen', 'id': 'C0032897'};{'name': 'Schaaf-Yang syndrome', 'database': 'MedGen', 'id': 'C5575066'}
VCV000208684	RCV003407693	MAGEL2	1	criteria provided, single submitter	Pathogenic	{'name': 'MAGEL2-related disorder'}
VCV000208692	RCV000190709	PDGFRB	1	criteria provided, single submitter	Likely pathogenic	{'name': 'Inborn genetic diseases', 'database': 'MedGen', 'id': 'C0950123'}
VCV000208692	RCV005222819	PDGFRB	1	criteria provided, single submitter	Pathogenic	{'name': 'Acroosteolysis-keloid-like lesions-premature aging syndrome', 'database': 'MedGen', 'id': 'C1866182'};{'name': 'Basal ganglia calcification, idiopathic, 4', 'database': 'MedGen', 'id': 'C3554321'};{'name': 'Infantile myofibromatosis', 'database': 'MedGen', 'id': 'C0432284'};{'name': 'Skeletal overgrowth-craniofacial dysmorphism-hyperelastic skin-white matter lesions syndrome', 'database': 'MedGen', 'id': 'C4225270'}
VCV000209088	RCV000191027	LZTR1	2	criteria provided, multiple submitters, no conflicts	Pathogenic	{'name': 'Noonan syndrome 10', 'database': 'MedGen', 'id': 'C4225280'}
VCV000209088	RCV000413889	LZTR1	2	criteria provided, multiple submitters, no conflicts	Pathogenic	{'name': 'not provided', 'database': 'MedGen', 'id': 'C3661900'}
VCV000209088	RCV000763072	LZTR1	1	criteria provided, single submitter	Likely pathogenic	{'name': 'LZTR1-related schwannomatosis', 'database': 'MedGen', 'id': 'C3810283'};{'name': 'Noonan syndrome 10', 'database': 'MedGen', 'id': 'C4225280'}
VCV000209088	RCV001526613	LZTR1	1	criteria provided, single submitter	Pathogenic	{'name': 'Fetal cystic hygroma', 'database': 'MedGen', 'id': 'C0948242'}
VCV000209088	RCV002381647	LZTR1	1	criteria provided, single submitter	Pathogenic	{'name': 'Cardiovascular phenotype', 'database': 'MedGen', 'id': 'CN230736'};{'name': 'Hereditary cancer-predisposing syndrome', 'database': 'MedGen', 'id': 'C0027672'}
VCV000209088	RCV003988835	LZTR1	1	criteria provided, single submitter	Pathogenic	{'name': 'LZTR1-related schwannomatosis', 'database': 'MedGen', 'id': 'C3810283'}
VCV000209088	RCV004576927	LZTR1	3	reviewed by expert panel	Likely pathogenic	{'name': 'RASopathy', 'database': 'MedGen', 'id': 'C5555857'}
VCV000209088	RCV004698786	LZTR1	1	criteria provided, single submitter	Likely pathogenic	{'name': 'Noonan syndrome 1', 'database': 'MedGen', 'id': 'C4551602'}
VCV000209088	RCV004734846	LZTR1	0	no assertion criteria provided	Pathogenic	{'name': 'LZTR1-related disorder'}
VCV000209088	RCV005625421	LZTR1	1	criteria provided, single submitter	Pathogenic	{'name': 'Noonan syndrome', 'database': 'MedGen', 'id': 'C0028326'}
VCV000210067	RCV000192390	ABCC8	1	criteria provided, conflicting classifications	Conflicting classifications of pathogenicity	{'name': 'not specified', 'database': 'MedGen', 'id': 'CN169374'}
VCV000210067	RCV000666629	ABCC8	1	criteria provided, single submitter	Uncertain significance	{'name': 'Hyperinsulinemic hypoglycemia, familial, 1', 'database': 'MedGen', 'id': 'C2931832'}
VCV000210067	RCV000710372	ABCC8	2	criteria provided, multiple submitters, no conflicts	Uncertain significance	{'name': 'not provided', 'database': 'MedGen', 'id': 'C3661900'}
VCV000210067	RCV000763720	ABCC8	1	criteria provided, single submitter	Uncertain significance	{'name': 'Diabetes mellitus, transient neonatal, 2', 'database': 'MedGen', 'id': 'C1835887'};{'name': 'Hyperinsulinemic hypoglycemia, familial, 1', 'database': 'MedGen', 'id': 'C2931832'};{'name': 'Leucine-induced hypoglycemia', 'database': 'MedGen', 'id': 'C0271714'};{'name': 'Permanent neonatal diabetes mellitus', 'database': 'MedGen', 'id': 'C1833104'};{'name': 'Type 2 diabetes mellitus', 'database': 'MedGen', 'id': 'C0011860'}
VCV000210067	RCV001102903	ABCC8	1	criteria provided, conflicting classifications	Conflicting classifications of pathogenicity	{'name': 'Diabetes mellitus, transient neonatal, 2', 'database': 'MedGen', 'id': 'C1835887'}
VCV000210067	RCV001102904	ABCC8	1	criteria provided, single submitter	Benign	{'name': 'Permanent neonatal diabetes mellitus', 'database': 'MedGen', 'id': 'C1833104'}
VCV000210067	RCV001272242	ABCC8	0	no assertion criteria provided	Uncertain significance	{'name': 'Hereditary hyperinsulinism'}
VCV000210067	RCV001336810	ABCC8	2	criteria provided, multiple submitters, no conflicts	Uncertain significance	{'name': 'Type 2 diabetes mellitus', 'database': 'MedGen', 'id': 'C0011860'}
VCV000210067	RCV001449652	ABCC8	1	criteria provided, single submitter	Uncertain significance	{'name': 'Diabetes mellitus, permanent neonatal 3', 'database': 'MedGen', 'id': 'C5394303'}
VCV000210067	RCV003491936	ABCC8	0	no assertion criteria provided	Uncertain significance	{'name': 'Hypoglycemia', 'database': 'MedGen', 'id': 'C0020615'}
VCV000210067	RCV004530090	ABCC8	1	criteria provided, single submitter	Uncertain significance	{'name': 'ABCC8-related disorder'}
VCV000210067	RCV005042408	ABCC8	1	criteria provided, single submitter	Likely benign	{'name': 'Diabetes mellitus, permanent neonatal 3', 'database': 'MedGen', 'id': 'C5394303'};{'name': 'Diabetes mellitus, transient neonatal, 2', 'database': 'MedGen', 'id': 'C1835887'};{'name': 'Hyperinsulinemic hypoglycemia, familial, 1', 'database': 'MedGen', 'id': 'C2931832'};{'name': 'Leucine-induced hypoglycemia', 'database': 'MedGen', 'id': 'C0271714'};{'name': 'Type 2 diabetes mellitus', 'database': 'MedGen', 'id': 'C0011860'}
VCV000210067	RCV005361103	ABCC8	1	criteria provided, single submitter	Uncertain significance	{'name': 'Pulmonary arterial hypertension', 'database': 'MedGen', 'id': 'C2973725'}
VCV000210071	RCV000193433	ABCC8	2	criteria provided, multiple submitters, no conflicts	Likely benign	{'name': 'not specified', 'database': 'MedGen', 'id': 'CN169374'}
VCV000210071	RCV000671926	ABCC8	1	criteria provided, single submitter	Benign	{'name': 'Hyperinsulinemic hypoglycemia, familial, 1', 'database': 'MedGen', 'id': 'C2931832'}
VCV000210071	RCV000952127	ABCC8	2	criteria provided, multiple submitters, no conflicts	Likely benign	{'name': 'not provided', 'database': 'MedGen', 'id': 'C3661900'}
VCV000210071	RCV001174394	ABCC8	1	criteria provided, single submitter	Benign	{'name': 'Monogenic diabetes', 'database': 'MedGen', 'id': 'C3888631'}
VCV000210071	RCV001274301	ABCC8	0	no assertion criteria provided	Benign	{'name': 'Hereditary hyperinsulinism'}
VCV000210076	RCV000192916	ABCC8	1	criteria provided, single submitter	Pathogenic	{'name': 'Diabetes mellitus, transient neonatal, 2', 'database': 'MedGen', 'id': 'C1835887'}
VCV000210076	RCV001640282	ABCC8	0	no assertion criteria provided	Pathogenic	{'name': 'Type 2 diabetes mellitus', 'database': 'MedGen', 'id': 'C0011860'}
VCV000210076	RCV002051825	ABCC8	1	criteria provided, single submitter	Likely pathogenic	{'name': 'Neonatal diabetes mellitus', 'database': 'MedGen', 'id': 'C0158981'}
VCV000210076	RCV002500586	ABCC8	1	criteria provided, single submitter	Pathogenic	{'name': 'Diabetes mellitus, permanent neonatal 3', 'database': 'MedGen', 'id': 'C5394303'};{'name': 'Diabetes mellitus, transient neonatal, 2', 'database': 'MedGen', 'id': 'C1835887'};{'name': 'Hyperinsulinemic hypoglycemia, familial, 1', 'database': 'MedGen', 'id': 'C2931832'};{'name': 'Leucine-induced hypoglycemia', 'database': 'MedGen', 'id': 'C0271714'};{'name': 'Type 2 diabetes mellitus', 'database': 'MedGen', 'id': 'C0011860'}
VCV000210076	RCV002517038	ABCC8	2	criteria provided, multiple submitters, no conflicts	Pathogenic/Likely pathogenic	{'name': 'not provided', 'database': 'MedGen', 'id': 'C3661900'}
VCV000210076	RCV003987437	ABCC8	1	criteria provided, single submitter	Pathogenic	{'name': 'Familial hyperinsulinism', 'database': 'MedGen', 'id': 'C3888018'}
VCV000210076	RCV005230050	ABCC8	1	criteria provided, single submitter	Pathogenic	{'name': 'ABCC8-related disorder'}
VCV000210076	RCV005410893	ABCC8	0	no assertion criteria provided	Pathogenic	{'name': 'Diabetes mellitus, permanent neonatal 3', 'database': 'MedGen', 'id': 'C5394303'}
VCV000210076	RCV005410894	ABCC8	0	no assertion criteria provided	Pathogenic	{'name': 'Maturity-onset diabetes of the young, type 12', 'database': 'MedGen', 'id': 'C6012723'}
VCV000213498	RCV000198493	FLNA	1	criteria provided, single submitter	Likely pathogenic	{'name': 'not provided', 'database': 'MedGen', 'id': 'C3661900'}
VCV000213498	RCV003333048	FLNA	1	criteria provided, single submitter	Pathogenic	{'name': 'Heterotopia, periventricular, X-linked dominant', 'database': 'MedGen', 'id': 'C1848213'}
VCV000213498	RCV003765249	FLNA	1	criteria provided, single submitter	Pathogenic	{'name': 'Frontometaphyseal dysplasia', 'database': 'MedGen', 'id': 'C0265293'};{'name': 'Heterotopia, periventricular, X-linked dominant', 'database': 'MedGen', 'id': 'C1848213'};{'name': 'Melnick-Needles syndrome', 'database': 'MedGen', 'id': 'C0025237'};{'name': 'Oto-palato-digital syndrome, type II', 'database': 'MedGen', 'id': 'C1844696'}
VCV000213816	RCV000200855	TBX5	1	criteria provided, single submitter	Pathogenic	{'name': 'not provided', 'database': 'MedGen', 'id': 'CN517202'}
VCV000215997	RCV000197359	TP53	2	criteria provided, multiple submitters, no conflicts	Pathogenic	{'name': 'Li-Fraumeni syndrome', 'database': 'MedGen', 'id': 'C0085390'}
VCV000215997	RCV000235315	TP53	2	criteria provided, multiple submitters, no conflicts	Pathogenic	{'name': 'not provided', 'database': 'MedGen', 'id': 'C3661900'}
VCV000215997	RCV000568594	TP53	2	criteria provided, multiple submitters, no conflicts	Pathogenic/Likely pathogenic	{'name': 'Hereditary cancer-predisposing syndrome', 'database': 'MedGen', 'id': 'C0027672'}
VCV000215997	RCV000785533	TP53	0	no assertion criteria provided	Likely pathogenic	{'name': 'Ovarian neoplasm', 'database': 'MedGen', 'id': 'C0919267'}
VCV000215997	RCV001610519	TP53	0	no assertion criteria provided	Pathogenic	{'name': 'Breast carcinoma', 'database': 'MedGen', 'id': 'C0678222'}
VCV000215997	RCV002288809	TP53	2	criteria provided, multiple submitters, no conflicts	Pathogenic/Likely pathogenic	{'name': 'Li-Fraumeni syndrome 1', 'database': 'MedGen', 'id': 'C1835398'}
VCV000215997	RCV003320135	TP53	0	no assertion criteria provided	Likely pathogenic	{'name': 'Acute myeloid leukemia', 'database': 'MedGen', 'id': 'C0023467'}
VCV000215997	RCV003468892	TP53	1	criteria provided, single submitter	Pathogenic	{'name': 'Adrenocortical carcinoma, hereditary', 'database': 'MedGen', 'id': 'C1859972'}
VCV000216482	RCV000357942	CACNA1C	1	criteria provided, conflicting classifications	Conflicting classifications of pathogenicity	{'name': 'not provided', 'database': 'MedGen', 'id': 'C3661900'}
VCV000216482	RCV000519629	CACNA1C	1	criteria provided, single submitter	Uncertain significance	{'name': 'Timothy syndrome', 'database': 'MedGen', 'id': 'C1832916'}
VCV000216482	RCV000617693	CACNA1C	1	criteria provided, conflicting classifications	Conflicting classifications of pathogenicity	{'name': 'Cardiovascular phenotype', 'database': 'MedGen', 'id': 'CN230736'}
VCV000216482	RCV001084051	CACNA1C	1	criteria provided, single submitter	Likely benign	{'name': 'Long QT syndrome', 'database': 'MedGen', 'id': 'C0023976'}
VCV000216482	RCV001842950	CACNA1C	0	no assertion criteria provided	Uncertain significance	{'name': 'Cardiac arrhythmia', 'database': 'MedGen', 'id': 'C0003811'}
VCV000216482	RCV003955212	CACNA1C	0	no assertion criteria provided	Likely benign	{'name': 'CACNA1C-related disorder', 'database': 'MedGen', 'id': 'CN381092'}
VCV000216680	RCV000195827	SLC40A1	1	criteria provided, single submitter	Uncertain significance	{'name': 'Hemochromatosis type 4', 'database': 'MedGen', 'id': 'C1853733'}
VCV000216734	RCV000199358	TRPV4	1	criteria provided, single submitter	Likely pathogenic	{'name': 'Charcot-Marie-Tooth disease axonal type 2C', 'database': 'MedGen', 'id': 'C1853710'}
VCV000216734	RCV000413068	TRPV4	2	criteria provided, multiple submitters, no conflicts	Uncertain significance	{'name': 'not provided', 'database': 'MedGen', 'id': 'C3661900'}
VCV000216734	RCV002433891	TRPV4	1	criteria provided, single submitter	Uncertain significance	{'name': 'Inborn genetic diseases', 'database': 'MedGen', 'id': 'C0950123'}
VCV000217122	RCV000200957	PDGFRB	1	criteria provided, single submitter	Pathogenic	{'name': 'Skeletal overgrowth-craniofacial dysmorphism-hyperelastic skin-white matter lesions syndrome', 'database': 'MedGen', 'id': 'C4225270'}
VCV000217122	RCV001335958	PDGFRB	1	criteria provided, single submitter	Pathogenic	{'name': 'Myeloproliferative disorder, chronic, with eosinophilia', 'database': 'MedGen', 'id': 'C1851585'}
VCV000217122	RCV006547812	PDGFRB	1	criteria provided, single submitter	Pathogenic	{'name': 'not provided', 'database': 'MedGen', 'id': 'C3661900'}
VCV000217823	RCV000201885	MTOR	2	criteria provided, multiple submitters, no conflicts	Pathogenic	{'name': 'Macrocephaly-intellectual disability-neurodevelopmental disorder-small thorax syndrome', 'database': 'MedGen', 'id': 'C4225259'}
VCV000217823	RCV000255268	MTOR	2	criteria provided, multiple submitters, no conflicts	Pathogenic	{'name': 'not provided', 'database': 'MedGen', 'id': 'C3661900'}
VCV000217823	RCV000624365	MTOR	1	criteria provided, single submitter	Pathogenic	{'name': 'Inborn genetic diseases', 'database': 'MedGen', 'id': 'C0950123'}
VCV000217823	RCV001003568	MTOR	0	no assertion criteria provided	Pathogenic	{'name': 'Severe intellectual disability', 'database': 'MedGen', 'id': 'C0036857'}
VCV000217823	RCV001256976	MTOR	0	no assertion criteria provided	Pathogenic	{'name': 'Rare genetic intellectual disability', 'database': 'MedGen', 'id': 'C5680527'}
VCV000217823	RCV001260508	MTOR	1	criteria provided, single submitter	Pathogenic	{'name': 'CEBALID syndrome', 'database': 'MedGen', 'id': 'C5394044'}
VCV000217823	RCV001329983	MTOR	1	criteria provided, single submitter	Pathogenic	{'name': 'Isolated focal cortical dysplasia type II', 'database': 'MedGen', 'id': 'C1846385'}
VCV000217823	RCV001544505	MTOR	2	criteria provided, multiple submitters, no conflicts	Pathogenic	{'name': 'Intellectual disability', 'database': 'MedGen', 'id': 'C3714756'}
VCV000217823	RCV003883143	MTOR	1	criteria provided, single submitter	Pathogenic	{'name': 'Isolated focal cortical dysplasia type II', 'database': 'MedGen', 'id': 'C1846385'};{'name': 'Macrocephaly-intellectual disability-neurodevelopmental disorder-small thorax syndrome', 'database': 'MedGen', 'id': 'C4225259'}
VCV000217823	RCV006547814	MTOR	1	criteria provided, single submitter	Pathogenic	{'name': 'Overgrowth syndrome and/or cerebral malformations due to abnormalities in MTOR pathway genes', 'database': 'MedGen', 'id': 'CN300503'}
VCV000217849	RCV000201883	ALK	0	no assertion criteria provided	Pathogenic	{'name': 'Neuroblastoma, susceptibility to, 3', 'database': 'MedGen', 'id': 'C2751681'}
VCV000217850	RCV000201918	ALK	0	no assertion criteria provided	Pathogenic	{'name': 'Neuroblastoma, susceptibility to, 3', 'database': 'MedGen', 'id': 'C2751681'}
VCV000217858	RCV000201889	ALK	0	no assertion criteria provided	Pathogenic	{'name': 'Neuroblastoma, susceptibility to, 3', 'database': 'MedGen', 'id': 'C2751681'}
VCV000217865	RCV000201931	PRDM8	0	no assertion criteria provided	Pathogenic	{'name': 'Early-onset Lafora body disease', 'database': 'MedGen', 'id': 'C4225258'}
VCV000218329	RCV000202590	MC4R	1	criteria provided, single submitter	Likely benign	{'name': 'Obesity', 'database': 'MedGen', 'id': 'C0028754'}
VCV000218329	RCV000419291	MC4R	2	criteria provided, multiple submitters, no conflicts	Benign/Likely benign	{'name': 'not provided', 'database': 'MedGen', 'id': 'C3661900'}
VCV000218329	RCV000445524	MC4R	1	criteria provided, single submitter	Benign	{'name': 'Monogenic diabetes', 'database': 'MedGen', 'id': 'C3888631'}
VCV000218329	RCV000501342	MC4R	1	criteria provided, single submitter	Likely benign	{'name': 'not specified', 'database': 'MedGen', 'id': 'CN169374'}
VCV000218329	RCV002500636	MC4R	1	criteria provided, single submitter	Benign	{'name': 'BODY MASS INDEX QUANTITATIVE TRAIT LOCUS 20', 'database': 'MedGen', 'id': 'C4759928'}
VCV000218329	RCV003977551	MC4R	0	no assertion criteria provided	Benign	{'name': 'MC4R-related disorder'}
VCV000218330	RCV000202600	MC4R	1	criteria provided, single submitter	Benign	{'name': 'Obesity', 'database': 'MedGen', 'id': 'C0028754'}
VCV000218330	RCV000445452	MC4R	1	criteria provided, single submitter	Benign	{'name': 'Monogenic diabetes', 'database': 'MedGen', 'id': 'C3888631'}
VCV000218330	RCV000768671	MC4R	0	no assertion criteria provided	Benign	{'name': 'MC4R POLYMORPHISM'}
VCV000218330	RCV000768672	MC4R	0	no assertion criteria provided	protective	{'name': 'OBESITY, RESISTANCE TO', 'database': 'MedGen', 'id': 'C5193151'}
VCV000218330	RCV001699064	MC4R	1	criteria provided, single submitter	Benign	{'name': 'not specified', 'database': 'MedGen', 'id': 'CN169374'}
VCV000218330	RCV001778791	MC4R	1	criteria provided, single submitter	Benign	{'name': 'BODY MASS INDEX QUANTITATIVE TRAIT LOCUS 20', 'database': 'MedGen', 'id': 'C4759928'}
VCV000218330	RCV002057039	MC4R	2	criteria provided, multiple submitters, no conflicts	Benign	{'name': 'not provided', 'database': 'MedGen', 'id': 'C3661900'}
VCV000218330	RCV003977552	MC4R	0	no assertion criteria provided	Benign	{'name': 'MC4R-related disorder'}
VCV000218330	RCV006629096	MC4R	1	criteria provided, single submitter	Benign	{'name': 'Early onset severe obesity', 'database': 'MedGen', 'id': 'C4013980'}
VCV000218935	RCV000203292	PDGFRB	2	criteria provided, multiple submitters, no conflicts	Pathogenic/Likely pathogenic	{'name': 'Myofibromatosis, infantile, 1', 'database': 'MedGen', 'id': 'C4551572'}
VCV000218935	RCV000454371	PDGFRB	1	criteria provided, single submitter	Pathogenic	{'name': 'Infantile myofibromatosis', 'database': 'MedGen', 'id': 'C0432284'}
VCV000218935	RCV002254286	PDGFRB	1	criteria provided, single submitter	Pathogenic	{'name': 'not provided', 'database': 'MedGen', 'id': 'C3661900'}
VCV000222077	RCV000207510	BRAF	2	criteria provided, multiple submitters, no conflicts	Pathogenic/Likely pathogenic	{'name': 'not provided', 'database': 'MedGen', 'id': 'C3661900'}
VCV000222077	RCV001781616	BRAF	1	criteria provided, single submitter	Pathogenic	{'name': 'Noonan syndrome 7', 'database': 'MedGen', 'id': 'C3150970'}
VCV000222077	RCV004798811	BRAF	1	criteria provided, single submitter	Pathogenic	{'name': 'Melanoma', 'database': 'MedGen', 'id': 'C0025202'}
VCV000222077	RCV005632316	BRAF	0	no assertion criteria provided	Likely pathogenic	{'name': 'Cardiofaciocutaneous syndrome 1', 'database': 'MedGen', 'id': 'CN029449'};{'name': 'LEOPARD syndrome 3', 'database': 'MedGen', 'id': 'C3150971'};{'name': 'Noonan syndrome 7', 'database': 'MedGen', 'id': 'C3150970'}
VCV000222791	RCV000208294	RYR2	1	criteria provided, single submitter	Uncertain significance	{'name': 'Primary familial hypertrophic cardiomyopathy', 'database': 'MedGen', 'id': 'C0949658'}
VCV000222791	RCV002517404	RYR2	1	criteria provided, conflicting classifications	Conflicting classifications of pathogenicity	{'name': 'Catecholaminergic polymorphic ventricular tachycardia 1', 'database': 'MedGen', 'id': 'C1631597'}
VCV000222791	RCV003997690	RYR2	1	criteria provided, single submitter	Uncertain significance	{'name': 'Catecholaminergic polymorphic ventricular tachycardia', 'database': 'MedGen', 'id': 'C5574922'}
VCV000222791	RCV005243159	RYR2	1	criteria provided, single submitter	Uncertain significance	{'name': 'not provided', 'database': 'MedGen', 'id': 'C3661900'}
VCV000222791	RCV006547821	RYR2	1	criteria provided, single submitter	Uncertain significance	{'name': 'Cardiomyopathy', 'database': 'MedGen', 'id': 'C0878544'}
VCV000222957	RCV000208566	KIT	1	criteria provided, single submitter	Likely pathogenic	{'name': 'Gastrointestinal stromal tumor', 'database': 'MedGen', 'id': 'C0238198'}
VCV000224156	RCV000209913	RPH3A	1	criteria provided, single submitter	Uncertain significance	{'name': 'not specified', 'database': 'MedGen', 'id': 'CN169374'}
VCV000224414	RCV000210038	PTPN11	1	criteria provided, single submitter	Likely pathogenic	{'name': 'not provided', 'database': 'MedGen', 'id': 'C3661900'}
VCV000224414	RCV001250211	PTPN11	1	criteria provided, single submitter	Likely pathogenic	{'name': 'Noonan syndrome 1', 'database': 'MedGen', 'id': 'C4551602'}
VCV000224414	RCV002415881	PTPN11	1	criteria provided, single submitter	Uncertain significance	{'name': 'Cardiovascular phenotype', 'database': 'MedGen', 'id': 'CN230736'}
VCV000224414	RCV005251095	PTPN11	1	criteria provided, single submitter	Likely pathogenic	{'name': 'Juvenile myelomonocytic leukemia', 'database': 'MedGen', 'id': 'C0349639'}
VCV000224714	RCV000210269	GNB1	0	no assertion criteria provided	Pathogenic	{'name': 'EEG with generalized epileptiform discharges', 'database': 'MedGen', 'id': 'C4023476'};{'name': 'Feeding difficulties', 'database': 'MedGen', 'id': 'C0232466'};{'name': 'Floppy infant', 'database': 'MedGen', 'id': 'C1860834'};{'name': 'Global developmental delay', 'database': 'MedGen', 'id': 'C0557874'};{'name': 'Growth delay', 'database': 'MedGen', 'id': 'C0456070'};{'name': 'Hypotonia', 'database': 'MedGen', 'id': 'C0026827'};{'name': 'Seizure', 'database': 'MedGen', 'id': 'C0036572'};{'name': 'Strabismus', 'database': 'MedGen', 'id': 'C0038379'}
VCV000224714	RCV000225134	GNB1	2	criteria provided, multiple submitters, no conflicts	Pathogenic	{'name': 'Intellectual disability, autosomal dominant 42', 'database': 'MedGen', 'id': 'C4310774'}
VCV000224714	RCV000523590	GNB1	2	criteria provided, multiple submitters, no conflicts	Pathogenic	{'name': 'not provided', 'database': 'MedGen', 'id': 'C3661900'}
VCV000224714	RCV000755053	GNB1	0	no assertion criteria provided	Likely pathogenic	{'name': 'Hypotonia', 'database': 'MedGen', 'id': 'C0026827'};{'name': 'Neurodevelopmental Disability'};{'name': 'Seizure', 'database': 'MedGen', 'id': 'C0036572'}
VCV000224714	RCV001249296	GNB1	0	no classification provided	not provided	{'name': 'GNB1-related disorder'}
VCV000224714	RCV001266591	GNB1	1	criteria provided, single submitter	Likely pathogenic	{'name': 'Inborn genetic diseases', 'database': 'MedGen', 'id': 'C0950123'}
VCV000224844	RCV000210420	STAT3	2	criteria provided, multiple submitters, no conflicts	Pathogenic	{'name': 'STAT3-related early-onset multisystem autoimmune disease', 'database': 'MedGen', 'id': 'C4014795'}
VCV000224844	RCV000489679	STAT3	1	criteria provided, single submitter	Likely pathogenic	{'name': 'not provided', 'database': 'MedGen', 'id': 'C3661900'}
VCV000224844	RCV001302951	STAT3	1	criteria provided, single submitter	Pathogenic	{'name': 'Hyper-IgE recurrent infection syndrome 1, autosomal dominant', 'database': 'MedGen', 'id': 'C2936739'};{'name': 'STAT3 gain of function', 'database': 'MedGen', 'id': 'C4288261'}
VCV000224844	RCV001775103	STAT3	1	criteria provided, single submitter	Likely pathogenic	{'name': 'Hyper-IgE recurrent infection syndrome 1, autosomal dominant', 'database': 'MedGen', 'id': 'C2936739'}
VCV000224844	RCV004545762	STAT3	1	criteria provided, single submitter	Likely pathogenic	{'name': 'STAT3-related disorder'}
VCV000224846	RCV000210417	STAT3	2	criteria provided, multiple submitters, no conflicts	Pathogenic	{'name': 'STAT3-related early-onset multisystem autoimmune disease', 'database': 'MedGen', 'id': 'C4014795'}
VCV000224846	RCV000653281	STAT3	1	criteria provided, single submitter	Pathogenic	{'name': 'Hyper-IgE recurrent infection syndrome 1, autosomal dominant', 'database': 'MedGen', 'id': 'C2936739'};{'name': 'STAT3 gain of function', 'database': 'MedGen', 'id': 'C4288261'}
VCV000224846	RCV005055741	STAT3	1	criteria provided, single submitter	Pathogenic	{'name': 'not provided', 'database': 'MedGen', 'id': 'C3661900'}
VCV000224848	RCV000210415	STAT3	1	criteria provided, single submitter	Pathogenic	{'name': 'STAT3-related early-onset multisystem autoimmune disease', 'database': 'MedGen', 'id': 'C4014795'}
VCV000224848	RCV000224259	STAT3	2	criteria provided, multiple submitters, no conflicts	Pathogenic	{'name': 'not provided', 'database': 'MedGen', 'id': 'C3661900'}
VCV000224848	RCV000653278	STAT3	1	criteria provided, single submitter	Pathogenic	{'name': 'Hyper-IgE recurrent infection syndrome 1, autosomal dominant', 'database': 'MedGen', 'id': 'C2936739'};{'name': 'STAT3 gain of function', 'database': 'MedGen', 'id': 'C4288261'}
VCV000224848	RCV005893842	STAT3	1	criteria provided, single submitter	Pathogenic	{'name': 'See cases'}
VCV000224897	RCV000210479	FGFR1	1	criteria provided, single submitter	Pathogenic	{'name': 'Encephalocraniocutaneous lipomatosis', 'database': 'MedGen', 'id': 'C0406612'}
VCV000224897	RCV001849345	FGFR1	0	no assertion criteria provided	Uncertain significance	{'name': 'Pilomyxoid astrocytoma', 'database': 'MedGen', 'id': 'C1519086'}
VCV000225075	RCV000210558	JAK1	1	criteria provided, single submitter	Likely pathogenic	{'name': 'Inborn genetic diseases', 'database': 'MedGen', 'id': 'C0950123'}
VCV000225075	RCV001255134	JAK1	0	no assertion criteria provided	Pathogenic	{'name': 'Autoinflammation, immune dysregulation, and eosinophilia', 'database': 'MedGen', 'id': 'C5436572'}
VCV000225329	RCV000490465	CSF1R	1	criteria provided, single submitter	Uncertain significance	{'name': 'Hereditary diffuse leukoencephalopathy with spheroids', 'database': 'MedGen', 'id': 'C3711381'}
VCV000225406	RCV000490446	LRP5	1	criteria provided, single submitter	Likely pathogenic	{'name': 'Bone mineral density quantitative trait locus 1', 'database': 'MedGen', 'id': 'C1866079'}
VCV000225406	RCV001853389	LRP5	2	criteria provided, multiple submitters, no conflicts	Pathogenic	{'name': 'not provided', 'database': 'MedGen', 'id': 'C3661900'}
VCV000225406	RCV005049487	LRP5	1	criteria provided, single submitter	Likely pathogenic	{'name': 'Autosomal dominant osteopetrosis 1', 'database': 'MedGen', 'id': 'C1843330'};{'name': 'Bone mineral density quantitative trait locus 1', 'database': 'MedGen', 'id': 'C1866079'};{'name': 'Exudative vitreoretinopathy 4', 'database': 'MedGen', 'id': 'C1866176'};{'name': 'Osteoporosis with pseudoglioma', 'database': 'MedGen', 'id': 'C0432252'};{'name': 'Polycystic liver disease 4 with or without kidney cysts', 'database': 'MedGen', 'id': 'C4693479'};{'name': 'Worth disease', 'database': 'MedGen', 'id': 'C0432273'}
VCV000225682	RCV000473621	EGLN1	2	criteria provided, multiple submitters, no conflicts	Benign/Likely benign	{'name': 'Erythrocytosis, familial, 3', 'database': 'MedGen', 'id': 'C1853286'}
VCV000225682	RCV003907786	EGLN1	0	no assertion criteria provided	Benign	{'name': 'EGLN1-related disorder'}
VCV000225682	RCV004020582	EGLN1	1	criteria provided, single submitter	Benign	{'name': 'not specified', 'database': 'MedGen', 'id': 'CN169374'}
VCV000225682	RCV005230096	EGLN1	1	criteria provided, single submitter	Likely benign	{'name': 'not provided', 'database': 'MedGen', 'id': 'C3661900'}
VCV000225682	RCV006646109	EGLN1	0	no assertion criteria provided	protective	{'name': 'Triple-negative breast cancer', 'database': 'MedGen', 'id': 'C3539878'}
VCV000225682	RCV006646110	EGLN1	0	no assertion criteria provided	protective	{'name': 'Gastric cancer', 'database': 'MedGen', 'id': 'C0024623'}
VCV000225689	RCV000211002	SRC	1	criteria provided, single submitter	Likely pathogenic	{'name': 'Thrombocytopenia 6', 'database': 'MedGen', 'id': 'C4310789'}
VCV000225689	RCV001003535	SRC	0	no assertion criteria provided	Likely pathogenic	{'name': 'Osteoporosis', 'database': 'MedGen', 'id': 'C0029456'};{'name': 'Primary myelofibrosis', 'database': 'MedGen', 'id': 'C0001815'};{'name': 'Thrombocytopenia', 'database': 'MedGen', 'id': 'C0040034'}
VCV000225760	RCV000256179	HNRNPH2	2	criteria provided, multiple submitters, no conflicts	Pathogenic/Likely pathogenic	{'name': 'Intellectual disability, X-linked, syndromic, Bain type', 'database': 'MedGen', 'id': 'C4310814'}
VCV000225760	RCV000509011	HNRNPH2	2	criteria provided, multiple submitters, no conflicts	Pathogenic	{'name': 'not provided', 'database': 'MedGen', 'id': 'C3661900'}
VCV000225760	RCV000623824	HNRNPH2	1	criteria provided, single submitter	Pathogenic	{'name': 'Inborn genetic diseases', 'database': 'MedGen', 'id': 'C0950123'}
VCV000225760	RCV001195298	HNRNPH2	1	criteria provided, single submitter	Pathogenic	{'name': 'Neurodevelopmental disorder', 'database': 'MedGen', 'id': 'C1535926'}
VCV000225760	RCV002273991	HNRNPH2	1	criteria provided, single submitter	Pathogenic	{'name': 'Neurodevelopmental delay', 'database': 'MedGen', 'id': 'C4022738'}
VCV000225760	RCV002285013	HNRNPH2	1	criteria provided, single submitter	Pathogenic	{'name': 'Abnormal facial shape', 'database': 'MedGen', 'id': 'C0424503'};{'name': 'Stereotypic movement disorder', 'database': 'MedGen', 'id': 'C0038273'}
VCV000228273	RCV000220187	MAP2K1	3	reviewed by expert panel	Pathogenic	{'name': 'RASopathy', 'database': 'MedGen', 'id': 'C5555857'}
VCV000228273	RCV000763361	MAP2K1	1	criteria provided, single submitter	Likely pathogenic	{'name': 'Cardiofaciocutaneous syndrome 3', 'database': 'MedGen', 'id': 'C3809006'};{'name': 'Noonan syndrome 1', 'database': 'MedGen', 'id': 'C4551602'}
VCV000228273	RCV000844674	MAP2K1	1	criteria provided, single submitter	Likely pathogenic	{'name': 'Noonan syndrome', 'database': 'MedGen', 'id': 'C0028326'}
VCV000228273	RCV001312196	MAP2K1	1	criteria provided, single submitter	Pathogenic	{'name': 'Cardiofaciocutaneous syndrome 3', 'database': 'MedGen', 'id': 'C3809006'}
VCV000228289	RCV000218943	RIT1	1	criteria provided, single submitter	Likely pathogenic	{'name': 'Noonan syndrome', 'database': 'MedGen', 'id': 'C0028326'}
VCV000228289	RCV000467706	RIT1	2	criteria provided, multiple submitters, no conflicts	Pathogenic/Likely pathogenic	{'name': 'Noonan syndrome 8', 'database': 'MedGen', 'id': 'C3809233'}
VCV000228289	RCV002517525	RIT1	2	criteria provided, multiple submitters, no conflicts	Pathogenic/Likely pathogenic	{'name': 'not provided', 'database': 'MedGen', 'id': 'C3661900'}
VCV000228392	RCV000215649	PTPN11	1	criteria provided, single submitter	Pathogenic	{'name': 'Juvenile myelomonocytic leukemia', 'database': 'MedGen', 'id': 'C0349639'}
VCV000228392	RCV001090939	PTPN11	2	criteria provided, multiple submitters, no conflicts	Pathogenic	{'name': 'not provided', 'database': 'MedGen', 'id': 'C3661900'}
VCV000228392	RCV003992237	PTPN11	2	criteria provided, multiple submitters, no conflicts	Pathogenic	{'name': 'Noonan syndrome 1', 'database': 'MedGen', 'id': 'C4551602'}
VCV000228392	RCV006612259	PTPN11	1	criteria provided, single submitter	Uncertain significance	{'name': 'RASopathy', 'database': 'MedGen', 'id': 'C5555857'}
VCV000228577	RCV000216048	DIAPH1	1	criteria provided, single submitter	Pathogenic	{'name': 'Rare genetic deafness', 'database': 'MedGen', 'id': 'C5680250'}
VCV000228577	RCV000488049	DIAPH1	2	criteria provided, multiple submitters, no conflicts	Pathogenic	{'name': 'Autosomal dominant nonsyndromic hearing loss 1', 'database': 'MedGen', 'id': 'C1852282'}
VCV000228577	RCV000733671	DIAPH1	2	criteria provided, multiple submitters, no conflicts	Pathogenic	{'name': 'not provided', 'database': 'MedGen', 'id': 'C3661900'}
VCV000228577	RCV002519628	DIAPH1	1	criteria provided, single submitter	Pathogenic	{'name': 'Autosomal dominant nonsyndromic hearing loss 1', 'database': 'MedGen', 'id': 'C1852282'};{'name': 'Progressive microcephaly-seizures-cortical blindness-developmental delay syndrome', 'database': 'MedGen', 'id': 'C5567650'}
VCV000230253	RCV000219834	TP53	2	criteria provided, multiple submitters, no conflicts	Pathogenic/Likely pathogenic	{'name': 'Hereditary cancer-predisposing syndrome', 'database': 'MedGen', 'id': 'C0027672'}
VCV000230253	RCV000991149	TP53	3	reviewed by expert panel	Pathogenic	{'name': 'Li-Fraumeni syndrome', 'database': 'MedGen', 'id': 'C0085390'}
VCV000230253	RCV003475005	TP53	1	criteria provided, single submitter	Likely pathogenic	{'name': 'Adrenocortical carcinoma, hereditary', 'database': 'MedGen', 'id': 'C1859972'}
VCV000230253	RCV004020650	TP53	1	criteria provided, single submitter	Likely pathogenic	{'name': 'Li-Fraumeni syndrome 1', 'database': 'MedGen', 'id': 'C1835398'}
VCV000231060	RCV000222860	TP53	2	criteria provided, multiple submitters, no conflicts	Pathogenic	{'name': 'Hereditary cancer-predisposing syndrome', 'database': 'MedGen', 'id': 'C0027672'}
VCV000231060	RCV000553607	TP53	1	criteria provided, single submitter	Pathogenic	{'name': 'Li-Fraumeni syndrome', 'database': 'MedGen', 'id': 'C0085390'}
VCV000231060	RCV000785460	TP53	0	no assertion criteria provided	Likely pathogenic	{'name': 'Ovarian neoplasm', 'database': 'MedGen', 'id': 'C0919267'}
VCV000231060	RCV002288863	TP53	2	criteria provided, multiple submitters, no conflicts	Pathogenic/Likely pathogenic	{'name': 'Li-Fraumeni syndrome 1', 'database': 'MedGen', 'id': 'C1835398'}
VCV000231060	RCV006698137	TP53	1	criteria provided, single submitter	Pathogenic	{'name': 'not provided', 'database': 'MedGen', 'id': 'C3661900'}
VCV000234214	RCV000223388	TP53	2	criteria provided, multiple submitters, no conflicts	Uncertain significance	{'name': 'Hereditary cancer-predisposing syndrome', 'database': 'MedGen', 'id': 'C0027672'}
VCV000234214	RCV000633401	TP53	1	criteria provided, single submitter	Uncertain significance	{'name': 'Li-Fraumeni syndrome', 'database': 'MedGen', 'id': 'C0085390'}
VCV000234214	RCV002288901	TP53	1	criteria provided, single submitter	Uncertain significance	{'name': 'Li-Fraumeni syndrome 1', 'database': 'MedGen', 'id': 'C1835398'}
VCV000234301	RCV000217528	NLRP3	1	criteria provided, single submitter	Pathogenic	{'name': 'not provided', 'database': 'MedGen', 'id': 'CN517202'}
VCV000234412	RCV000219331	SCN9A	2	criteria provided, multiple submitters, no conflicts	Benign/Likely benign	{'name': 'not specified', 'database': 'MedGen', 'id': 'CN169374'}
VCV000234412	RCV000307783	SCN9A	1	criteria provided, single submitter	Benign	{'name': 'Primary erythromelalgia', 'database': 'MedGen', 'id': 'C0014805'}
VCV000234412	RCV000415823	SCN9A	2	criteria provided, multiple submitters, no conflicts	Likely benign	{'name': 'not provided', 'database': 'MedGen', 'id': 'C3661900'}
VCV000234412	RCV001086552	SCN9A	1	criteria provided, single submitter	Benign	{'name': 'Generalized epilepsy with febrile seizures plus, type 7', 'database': 'MedGen', 'id': 'C2751778'};{'name': 'Neuropathy, hereditary sensory and autonomic, type 2A', 'database': 'MedGen', 'id': 'C2752089'}
VCV000234412	RCV001134461	SCN9A	1	criteria provided, single submitter	Benign	{'name': 'Paroxysmal extreme pain disorder', 'database': 'MedGen', 'id': 'C1833661'}
VCV000234412	RCV001134462	SCN9A	1	criteria provided, single submitter	Likely benign	{'name': 'Channelopathy-associated congenital insensitivity to pain, autosomal recessive', 'database': 'MedGen', 'id': 'C1855739'}
VCV000234412	RCV002338694	SCN9A	1	criteria provided, single submitter	Likely benign	{'name': 'Inborn genetic diseases', 'database': 'MedGen', 'id': 'C0950123'}
VCV000234412	RCV004532814	SCN9A	0	no assertion criteria provided	Likely benign	{'name': 'SCN9A-related disorder'}
VCV000235839	RCV000224433	PIEZO2	2	criteria provided, multiple submitters, no conflicts	Pathogenic	{'name': 'Arthrogryposis- oculomotor limitation-electroretinal anomalies syndrome', 'database': 'MedGen', 'id': 'C1862472'}
VCV000235839	RCV000415170	PIEZO2	1	criteria provided, single submitter	Pathogenic	{'name': 'Distal arthrogryposis', 'database': 'MedGen', 'id': 'C0265213'}
VCV000235839	RCV000487334	PIEZO2	2	criteria provided, multiple submitters, no conflicts	Pathogenic	{'name': 'not provided', 'database': 'MedGen', 'id': 'C3661900'}
VCV000235839	RCV001007806	PIEZO2	0	no assertion criteria provided	Pathogenic	{'name': 'Gordon syndrome', 'database': 'MedGen', 'id': 'C0220666'}
VCV000235839	RCV004649103	PIEZO2	1	criteria provided, single submitter	Pathogenic	{'name': 'Inborn genetic diseases', 'database': 'MedGen', 'id': 'C0950123'}
VCV000242027	RCV000234453	PCSK9	2	criteria provided, multiple submitters, no conflicts	Benign/Likely benign	{'name': 'Hypercholesterolemia, autosomal dominant, 3', 'database': 'MedGen', 'id': 'C1863551'}
VCV000242027	RCV000497017	PCSK9	1	criteria provided, single submitter	Uncertain significance	{'name': 'Hypercholesterolemia, familial, 1', 'database': 'MedGen', 'id': 'C0745103'}
VCV000242027	RCV000776244	PCSK9	2	criteria provided, multiple submitters, no conflicts	Benign/Likely benign	{'name': 'Familial hypercholesterolemia', 'database': 'MedGen', 'id': 'C0020445'}
VCV000242027	RCV000858409	PCSK9	2	criteria provided, multiple submitters, no conflicts	Benign/Likely benign	{'name': 'not provided', 'database': 'MedGen', 'id': 'C3661900'}
VCV000242027	RCV002265707	PCSK9	2	criteria provided, multiple submitters, no conflicts	Benign/Likely benign	{'name': 'not specified', 'database': 'MedGen', 'id': 'CN169374'}
VCV000242027	RCV002401913	PCSK9	1	criteria provided, single submitter	Likely benign	{'name': 'Cardiovascular phenotype', 'database': 'MedGen', 'id': 'CN230736'}
VCV000242027	RCV004734889	PCSK9	0	no assertion criteria provided	Likely benign	{'name': 'PCSK9-related disorder'}
VCV000242640	RCV000348869	EGLN1	2	criteria provided, multiple submitters, no conflicts	Benign	{'name': 'Erythrocytosis, familial, 3', 'database': 'MedGen', 'id': 'C1853286'}
VCV000242640	RCV001707566	EGLN1	2	criteria provided, multiple submitters, no conflicts	Benign	{'name': 'not provided', 'database': 'MedGen', 'id': 'C3661900'}
VCV000242640	RCV004020913	EGLN1	2	criteria provided, multiple submitters, no conflicts	Benign	{'name': 'not specified', 'database': 'MedGen', 'id': 'CN169374'}
VCV000245609	RCV000236033	SMO	1	criteria provided, single submitter	Pathogenic	{'name': 'Curry-Jones syndrome', 'database': 'MedGen', 'id': 'C0795915'}
VCV000245903	RCV000235255	SCN9A	1	criteria provided, single submitter	Pathogenic	{'name': 'not provided', 'database': 'MedGen', 'id': 'C3661900'}
VCV000245903	RCV000500437	SCN9A	1	criteria provided, single submitter	Pathogenic	{'name': 'Paroxysmal extreme pain disorder', 'database': 'MedGen', 'id': 'C1833661'}
VCV000245960	RCV001172331	GRIN2B	1	criteria provided, single submitter	Likely pathogenic	{'name': 'Intellectual disability, autosomal dominant 6', 'database': 'MedGen', 'id': 'C3151411'}
VCV000245960	RCV001705310	GRIN2B	1	criteria provided, single submitter	Pathogenic	{'name': 'not provided', 'database': 'MedGen', 'id': 'C3661900'}
VCV000245960	RCV002518437	GRIN2B	1	criteria provided, single submitter	Pathogenic	{'name': 'Developmental and epileptic encephalopathy, 27', 'database': 'MedGen', 'id': 'C4015316'};{'name': 'Intellectual disability, autosomal dominant 6', 'database': 'MedGen', 'id': 'C3151411'}
VCV000246028	RCV000236252	SCN9A	1	criteria provided, single submitter	Uncertain significance	{'name': 'not provided', 'database': 'MedGen', 'id': 'C3661900'}
VCV000246105	RCV000236068	SCN9A	1	criteria provided, single submitter	Likely pathogenic	{'name': 'not provided', 'database': 'MedGen', 'id': 'C3661900'}
VCV000246118	RCV000236862	TP53	1	criteria provided, single submitter	Likely pathogenic	{'name': 'not provided', 'database': 'MedGen', 'id': 'C3661900'}
VCV000246118	RCV000548853	TP53	3	reviewed by expert panel	Pathogenic	{'name': 'Li-Fraumeni syndrome', 'database': 'MedGen', 'id': 'C0085390'}
VCV000246118	RCV000989719	TP53	1	criteria provided, single submitter	Likely pathogenic	{'name': 'Squamous cell carcinoma of the head and neck', 'database': 'MedGen', 'id': 'C1168401'}
VCV000246118	RCV002288931	TP53	2	criteria provided, multiple submitters, no conflicts	Likely pathogenic	{'name': 'Li-Fraumeni syndrome 1', 'database': 'MedGen', 'id': 'C1835398'}
VCV000246118	RCV002288932	TP53	2	criteria provided, multiple submitters, no conflicts	Pathogenic/Likely pathogenic	{'name': 'Hereditary cancer-predisposing syndrome', 'database': 'MedGen', 'id': 'C0027672'}
VCV000246520	RCV000236861	SPTLC1	1	criteria provided, single submitter	Pathogenic	{'name': 'not provided', 'database': 'MedGen', 'id': 'C3661900'}
VCV000246520	RCV003223342	SPTLC1	0	no assertion criteria provided	Pathogenic	{'name': 'Amyotrophic lateral sclerosis 27, juvenile', 'database': 'MedGen', 'id': 'C5830359'}
VCV000246520	RCV004594033	SPTLC1	1	criteria provided, single submitter	Pathogenic	{'name': 'Neuropathy, hereditary sensory and autonomic, type 1A', 'database': 'MedGen', 'id': 'C5235211'}
VCV000246520	RCV005860050	SPTLC1	1	criteria provided, single submitter	Pathogenic	{'name': 'Ritscher-Schinzel syndrome 4', 'database': 'MedGen', 'id': 'C5561939'}
VCV000252601	RCV000239166	KCNN4	2	criteria provided, multiple submitters, no conflicts	Pathogenic	{'name': 'not provided', 'database': 'MedGen', 'id': 'C3661900'}
VCV000252601	RCV000412510	KCNN4	2	criteria provided, multiple submitters, no conflicts	Pathogenic	{'name': 'Dehydrated hereditary stomatocytosis 2', 'database': 'MedGen', 'id': 'C4225242'}
VCV000252601	RCV005652348	KCNN4	1	criteria provided, single submitter	Pathogenic	{'name': 'Inborn genetic diseases', 'database': 'MedGen', 'id': 'C0950123'}
VCV000252734	RCV000238868	CACNA1I	1	criteria provided, single submitter	Uncertain significance	{'name': 'not specified', 'database': 'MedGen', 'id': 'CN169374'}
VCV000252734	RCV002305472	CACNA1I	0	no assertion criteria provided	Pathogenic	{'name': 'Neurodevelopmental disorder with speech impairment and with or without seizures', 'database': 'MedGen', 'id': 'C5774252'}
VCV000253153	RCV000239516	SAMD9	0	no assertion criteria provided	Pathogenic	{'name': 'MIRAGE syndrome', 'database': 'MedGen', 'id': 'C4284088'}
VCV000253153	RCV002508782	SAMD9	2	criteria provided, multiple submitters, no conflicts	Pathogenic	{'name': 'not provided', 'database': 'MedGen', 'id': 'C3661900'}
VCV000253275	RCV000239750	SCN8A	0	no classification provided	not provided	{'name': 'Developmental and epileptic encephalopathy, 13', 'database': 'MedGen', 'id': 'C3281191'}
VCV000253276	RCV000239765	SCN8A	0	no classification provided	not provided	{'name': 'Developmental and epileptic encephalopathy, 13', 'database': 'MedGen', 'id': 'C3281191'}
VCV000253276	RCV001268591	SCN8A	1	criteria provided, single submitter	Likely pathogenic	{'name': 'not provided', 'database': 'MedGen', 'id': 'C3661900'}
VCV000253276	RCV004767197	SCN8A	0	no assertion criteria provided	Likely pathogenic	{'name': 'Cognitive impairment with or without cerebellar ataxia', 'database': 'MedGen', 'id': 'C3280415'}
VCV000253277	RCV000239741	SCN8A	0	no classification provided	not provided	{'name': 'Developmental and epileptic encephalopathy, 13', 'database': 'MedGen', 'id': 'C3281191'}
VCV000253277	RCV006462233	SCN8A	1	criteria provided, single submitter	Pathogenic	{'name': 'Early-infantile DEE', 'database': 'MedGen', 'id': 'C0393706'}
VCV000253278	RCV000239757	SCN8A	0	no classification provided	not provided	{'name': 'Developmental and epileptic encephalopathy, 13', 'database': 'MedGen', 'id': 'C3281191'}
VCV000253283	RCV000239754	SCN8A	0	no classification provided	not provided	{'name': 'Developmental and epileptic encephalopathy, 13', 'database': 'MedGen', 'id': 'C3281191'}
VCV000253283	RCV004767198	SCN8A	1	criteria provided, single submitter	Uncertain significance	{'name': 'not specified', 'database': 'MedGen', 'id': 'CN169374'}
VCV000253283	RCV006555720	SCN8A	1	criteria provided, single submitter	Uncertain significance	{'name': 'Early-infantile DEE', 'database': 'MedGen', 'id': 'C0393706'}
VCV000253297	RCV000239745	SCN8A	2	criteria provided, multiple submitters, no conflicts	Pathogenic	{'name': 'Developmental and epileptic encephalopathy, 13', 'database': 'MedGen', 'id': 'C3281191'}
VCV000253297	RCV000523884	SCN8A	2	criteria provided, multiple submitters, no conflicts	Pathogenic	{'name': 'not provided', 'database': 'MedGen', 'id': 'C3661900'}
VCV000253297	RCV003992248	SCN8A	3	reviewed by expert panel	Pathogenic	{'name': 'Complex neurodevelopmental disorder', 'database': 'MedGen', 'id': 'C5568766'}
VCV000253297	RCV005008215	SCN8A	1	criteria provided, single submitter	Pathogenic	{'name': 'Cognitive impairment with or without cerebellar ataxia', 'database': 'MedGen', 'id': 'C3280415'};{'name': 'Developmental and epileptic encephalopathy, 13', 'database': 'MedGen', 'id': 'C3281191'};{'name': 'Myoclonus, familial, 2', 'database': 'MedGen', 'id': 'C5193056'};{'name': 'Seizures, benign familial infantile, 5', 'database': 'MedGen', 'id': 'C4310728'}
VCV000253297	RCV006462238	SCN8A	1	criteria provided, single submitter	Pathogenic	{'name': 'Early-infantile DEE', 'database': 'MedGen', 'id': 'C0393706'}
VCV000253297	RCV006695586	SCN8A	1	criteria provided, single submitter	Pathogenic	{'name': 'Autosomal dominant SCN8A-related disorders'}
VCV000254095	RCV000344215	SCN9A	1	criteria provided, single submitter	Benign	{'name': 'Paroxysmal extreme pain disorder', 'database': 'MedGen', 'id': 'C1833661'}
VCV000254095	RCV000384589	SCN9A	1	criteria provided, single submitter	Benign	{'name': 'Primary erythromelalgia', 'database': 'MedGen', 'id': 'C0014805'}
VCV000254095	RCV000402179	SCN9A	1	criteria provided, single submitter	Uncertain significance	{'name': 'Channelopathy-associated congenital insensitivity to pain, autosomal recessive', 'database': 'MedGen', 'id': 'C1855739'}
VCV000254095	RCV000498158	SCN9A	1	criteria provided, conflicting classifications	Conflicting classifications of pathogenicity	{'name': 'not provided', 'database': 'MedGen', 'id': 'C3661900'}
VCV000254095	RCV001086993	SCN9A	1	criteria provided, single submitter	Likely benign	{'name': 'Generalized epilepsy with febrile seizures plus, type 7', 'database': 'MedGen', 'id': 'C2751778'};{'name': 'Neuropathy, hereditary sensory and autonomic, type 2A', 'database': 'MedGen', 'id': 'C2752089'}
VCV000254095	RCV001332207	SCN9A	1	criteria provided, single submitter	Uncertain significance	{'name': 'Generalized epilepsy with febrile seizures plus, type 7', 'database': 'MedGen', 'id': 'C2751778'}
VCV000254095	RCV002450757	SCN9A	1	criteria provided, single submitter	Uncertain significance	{'name': 'Inborn genetic diseases', 'database': 'MedGen', 'id': 'C0950123'}
VCV000254095	RCV006263799	SCN9A	1	criteria provided, single submitter	Likely benign	{'name': 'not specified', 'database': 'MedGen', 'id': 'CN169374'}
VCV000254143	RCV000256393	EGFR	0	no assertion criteria provided	Pathogenic	{'name': 'Cowden syndrome 1', 'database': 'MedGen', 'id': 'CN072330'}
VCV000254171	RCV004816454	CDKN1C	0	no classification provided	not provided	{'name': 'IMAGe syndrome', 'database': 'MedGen', 'id': 'C1846009'}
VCV000254266	RCV000240924	SLC1A2	0	no assertion criteria provided	Pathogenic	{'name': 'Developmental and epileptic encephalopathy, 41', 'database': 'MedGen', 'id': 'C4310717'}
VCV000254266	RCV003362736	SLC1A2	1	criteria provided, single submitter	Uncertain significance	{'name': 'Inborn genetic diseases', 'database': 'MedGen', 'id': 'C0950123'}
VCV000254266	RCV003556299	SLC1A2	1	criteria provided, single submitter	Pathogenic	{'name': 'not provided', 'database': 'MedGen', 'id': 'C3661900'}
VCV000256698	RCV000252234	VWF	1	criteria provided, single submitter	Benign	{'name': 'not specified', 'database': 'MedGen', 'id': 'CN169374'}
VCV000256698	RCV000994793	VWF	2	criteria provided, multiple submitters, no conflicts	Benign/Likely benign	{'name': 'not provided', 'database': 'MedGen', 'id': 'C3661900'}
VCV000256698	RCV002244058	VWF	1	criteria provided, single submitter	Benign	{'name': 'von Willebrand disease type 1', 'database': 'MedGen', 'id': 'C1264039'}
VCV000256698	RCV002244059	VWF	1	criteria provided, single submitter	Benign	{'name': 'von Willebrand disease type 3', 'database': 'MedGen', 'id': 'C1264041'}
VCV000256698	RCV002244060	VWF	1	criteria provided, single submitter	Benign	{'name': 'von Willebrand disease type 2', 'database': 'MedGen', 'id': 'C1264040'}
VCV000259454	RCV000244238	TRPC6	2	criteria provided, multiple submitters, no conflicts	Benign	{'name': 'not specified', 'database': 'MedGen', 'id': 'CN169374'}
VCV000259454	RCV000305928	TRPC6	1	criteria provided, single submitter	Benign	{'name': 'Focal segmental glomerulosclerosis 2', 'database': 'MedGen', 'id': 'C1858915'}
VCV000259454	RCV000576299	TRPC6	2	criteria provided, multiple submitters, no conflicts	Benign	{'name': 'not provided', 'database': 'MedGen', 'id': 'C3661900'}
VCV000259454	RCV002294134	TRPC6	1	criteria provided, single submitter	Benign	{'name': 'Focal segmental glomerulosclerosis', 'database': 'MedGen', 'id': 'C0017668'}
VCV000259561	RCV000246002	NLRP3	2	criteria provided, multiple submitters, no conflicts	Benign/Likely benign	{'name': 'not specified', 'database': 'MedGen', 'id': 'CN169374'}
VCV000259561	RCV000282807	NLRP3	2	criteria provided, multiple submitters, no conflicts	Benign/Likely benign	{'name': 'Familial cold autoinflammatory syndrome 1', 'database': 'MedGen', 'id': 'C4551895'}
VCV000259561	RCV000340224	NLRP3	1	criteria provided, single submitter	Benign	{'name': 'Chronic infantile neurological, cutaneous and articular syndrome', 'database': 'MedGen', 'id': 'C0409818'}
VCV000259561	RCV000394881	NLRP3	1	criteria provided, single submitter	Benign	{'name': 'Familial amyloid nephropathy with urticaria AND deafness', 'database': 'MedGen', 'id': 'C0268390'}
VCV000259561	RCV000416176	NLRP3	1	criteria provided, conflicting classifications	Conflicting classifications of pathogenicity	{'name': 'not provided', 'database': 'MedGen', 'id': 'C3661900'}
VCV000259561	RCV000531876	NLRP3	1	criteria provided, single submitter	Benign	{'name': 'Cryopyrin associated periodic syndrome', 'database': 'MedGen', 'id': 'C2316212'}
VCV000259561	RCV002262891	NLRP3	1	criteria provided, single submitter	Benign	{'name': 'Autoinflammatory syndrome', 'database': 'MedGen', 'id': 'C3890737'}
VCV000259561	RCV002294151	NLRP3	1	criteria provided, single submitter	Benign	{'name': 'Focal segmental glomerulosclerosis', 'database': 'MedGen', 'id': 'C0017668'}
VCV000263990	RCV000250440	ANKRD1	1	criteria provided, single submitter	Uncertain significance	{'name': 'Cardiovascular phenotype', 'database': 'MedGen', 'id': 'CN230736'}
VCV000263990	RCV000694428	ANKRD1	1	criteria provided, single submitter	Uncertain significance	{'name': 'ANKRD1-related dilated cardiomyopathy', 'database': 'MedGen', 'id': 'CN119551'}
VCV000263990	RCV000770308	ANKRD1	1	criteria provided, single submitter	Uncertain significance	{'name': 'Cardiomyopathy', 'database': 'MedGen', 'id': 'C0878544'}
VCV000263990	RCV003967686	ANKRD1	0	no assertion criteria provided	Uncertain significance	{'name': 'ANKRD1-related disorder'}
VCV000264698	RCV000254565	MAP3K7	1	criteria provided, single submitter	Pathogenic	{'name': 'Frontometaphyseal dysplasia 2', 'database': 'MedGen', 'id': 'C4310697'}
VCV000264698	RCV001530168	MAP3K7	2	criteria provided, multiple submitters, no conflicts	Pathogenic	{'name': 'not provided', 'database': 'MedGen', 'id': 'C3661900'}
VCV000264706	RCV000254564	TAB2	0	no assertion criteria provided	Uncertain significance	{'name': 'not provided', 'database': 'MedGen', 'id': 'CN517202'}
VCV000265066	RCV000255319	CACNA1E	2	criteria provided, multiple submitters, no conflicts	Pathogenic	{'name': 'not provided', 'database': 'MedGen', 'id': 'C3661900'}
VCV000265066	RCV000754086	CACNA1E	2	criteria provided, multiple submitters, no conflicts	Pathogenic/Likely pathogenic	{'name': 'Developmental and epileptic encephalopathy, 69', 'database': 'MedGen', 'id': 'C4748988'}
VCV000265066	RCV001266668	CACNA1E	1	criteria provided, single submitter	Likely pathogenic	{'name': 'Inborn genetic diseases', 'database': 'MedGen', 'id': 'C0950123'}
VCV000265066	RCV001849352	CACNA1E	0	no assertion criteria provided	Likely pathogenic	{'name': 'Developmental and epileptic encephalopathy', 'database': 'MedGen', 'id': 'C5779964'}
VCV000265066	RCV003417866	CACNA1E	1	criteria provided, single submitter	Pathogenic	{'name': 'CACNA1E-related disorder'}
VCV000265210	RCV000255800	KCNT1	1	criteria provided, single submitter	Pathogenic	{'name': 'not provided', 'database': 'MedGen', 'id': 'C3661900'}
VCV000265210	RCV000805872	KCNT1	1	criteria provided, single submitter	Pathogenic	{'name': 'Autosomal dominant nocturnal frontal lobe epilepsy 5', 'database': 'MedGen', 'id': 'C3554306'};{'name': 'Developmental and epileptic encephalopathy, 14', 'database': 'MedGen', 'id': 'C3554195'}
VCV000265210	RCV001808720	KCNT1	2	criteria provided, multiple submitters, no conflicts	Pathogenic	{'name': 'Developmental and epileptic encephalopathy, 14', 'database': 'MedGen', 'id': 'C3554195'}
VCV000265248	RCV000255329	MPL	2	criteria provided, multiple submitters, no conflicts	Pathogenic/Likely pathogenic	{'name': 'not provided', 'database': 'MedGen', 'id': 'C3661900'}
VCV000265248	RCV000814672	MPL	1	criteria provided, single submitter	Pathogenic	{'name': 'Congenital amegakaryocytic thrombocytopenia', 'database': 'MedGen', 'id': 'C1327915'};{'name': 'Essential thrombocythemia', 'database': 'MedGen', 'id': 'C0040028'}
VCV000265248	RCV001731468	MPL	2	criteria provided, multiple submitters, no conflicts	Pathogenic/Likely pathogenic	{'name': 'Thrombocythemia 2', 'database': 'MedGen', 'id': 'C3275998'}
VCV000265248	RCV002250607	MPL	2	criteria provided, multiple submitters, no conflicts	Pathogenic	{'name': 'Congenital amegakaryocytic thrombocytopenia', 'database': 'MedGen', 'id': 'C1327915'}
VCV000265248	RCV003992253	MPL	2	criteria provided, multiple submitters, no conflicts	Likely pathogenic	{'name': 'Congenital amegakaryocytic thrombocytopenia 1', 'database': 'MedGen', 'id': 'C5882667'}
VCV000265248	RCV004542964	MPL	1	criteria provided, single submitter	Likely pathogenic	{'name': 'MPL-related disorder'}
VCV000265248	RCV005003596	MPL	1	criteria provided, single submitter	Pathogenic	{'name': 'Congenital amegakaryocytic thrombocytopenia 1', 'database': 'MedGen', 'id': 'C5882667'};{'name': 'Primary myelofibrosis', 'database': 'MedGen', 'id': 'C0001815'};{'name': 'Thrombocythemia 2', 'database': 'MedGen', 'id': 'C3275998'}
VCV000265248	RCV006697104	MPL	1	criteria provided, single submitter	Pathogenic	{'name': 'Bone marrow failure syndrome', 'database': 'MedGen', 'id': 'C2931245'}
VCV000265276	RCV000255404	TP63	1	criteria provided, single submitter	Pathogenic	{'name': 'not provided', 'database': 'MedGen', 'id': 'C3661900'}
VCV000265276	RCV002518757	TP63	1	criteria provided, single submitter	Pathogenic	{'name': 'TP63-Related Spectrum Disorders'}
VCV000265276	RCV006547937	TP63	1	criteria provided, single submitter	Pathogenic	{'name': 'Split hand-foot malformation 4', 'database': 'MedGen', 'id': 'C1854442'}
VCV000265307	RCV000255951	PTPN11	1	criteria provided, single submitter	Pathogenic	{'name': 'not provided', 'database': 'MedGen', 'id': 'C3661900'}
VCV000265307	RCV001330779	PTPN11	2	criteria provided, multiple submitters, no conflicts	Pathogenic	{'name': 'Noonan syndrome 1', 'database': 'MedGen', 'id': 'C4551602'}
VCV000265307	RCV001376031	PTPN11	1	criteria provided, single submitter	Pathogenic	{'name': 'Non-immune hydrops fetalis', 'database': 'MedGen', 'id': 'C0455988'}
VCV000265307	RCV001813438	PTPN11	1	criteria provided, single submitter	Likely pathogenic	{'name': 'Noonan syndrome and Noonan-related syndrome', 'database': 'MedGen', 'id': 'C5681679'}
VCV000265313	RCV000255423	KCNMA1	2	criteria provided, multiple submitters, no conflicts	Pathogenic	{'name': 'not provided', 'database': 'MedGen', 'id': 'C3661900'}
VCV000265313	RCV000504575	KCNMA1	2	criteria provided, multiple submitters, no conflicts	Pathogenic	{'name': 'Generalized epilepsy-paroxysmal dyskinesia syndrome', 'database': 'MedGen', 'id': 'C5574945'}
VCV000265313	RCV006697881	KCNMA1	1	criteria provided, single submitter	Pathogenic	{'name': 'Epileptic encephalopathy', 'database': 'MedGen', 'id': 'C0543888'}
VCV000265357	RCV000255018	TP53	1	criteria provided, single submitter	Likely pathogenic	{'name': 'not provided', 'database': 'MedGen', 'id': 'C3661900'}
VCV000265357	RCV002379095	TP53	1	criteria provided, single submitter	Pathogenic	{'name': 'Hereditary cancer-predisposing syndrome', 'database': 'MedGen', 'id': 'C0027672'}
VCV000265357	RCV003509522	TP53	1	criteria provided, single submitter	Uncertain significance	{'name': 'Li-Fraumeni syndrome', 'database': 'MedGen', 'id': 'C0085390'}
VCV000265357	RCV003995742	TP53	0	no assertion criteria provided	Likely pathogenic	{'name': 'Adrenal cortex carcinoma', 'database': 'MedGen', 'id': 'C0206686'}
VCV000265357	RCV004567808	TP53	1	criteria provided, single submitter	Likely pathogenic	{'name': 'Adrenocortical carcinoma, hereditary', 'database': 'MedGen', 'id': 'C1859972'}
VCV000266034	RCV000258032	FGF12	2	criteria provided, multiple submitters, no conflicts	Pathogenic	{'name': 'Developmental and epileptic encephalopathy, 47', 'database': 'MedGen', 'id': 'C4310685'}
VCV000266034	RCV000522341	FGF12	2	criteria provided, multiple submitters, no conflicts	Pathogenic	{'name': 'not provided', 'database': 'MedGen', 'id': 'C3661900'}
VCV000266034	RCV001249217	FGF12	0	no classification provided	not provided	{'name': 'Early onset epileptic encephalopathy'}
VCV000266034	RCV002294210	FGF12	1	criteria provided, single submitter	Pathogenic	{'name': 'Seizure', 'database': 'MedGen', 'id': 'C0036572'}
VCV000267211	RCV000257970	GRIN2D	2	criteria provided, multiple submitters, no conflicts	Pathogenic/Likely pathogenic	{'name': 'Developmental and epileptic encephalopathy, 46', 'database': 'MedGen', 'id': 'C4310687'}
VCV000267367	RCV000258130	GJB2	1	criteria provided, single submitter	Pathogenic	{'name': 'Autosomal recessive nonsyndromic hearing loss 1A', 'database': 'MedGen', 'id': 'C2673759'}
VCV000267779	RCV000258563	TUBB4A	0	no classification provided	not provided	{'name': 'Hypomyelinating leukodystrophy 6', 'database': 'MedGen', 'id': 'C2676244'}
VCV000268130	RCV000258855	EPOR	2	criteria provided, multiple submitters, no conflicts	Likely benign	{'name': 'Primary familial polycythemia due to EPO receptor mutation', 'database': 'MedGen', 'id': 'C4551637'}
VCV000268130	RCV000953082	EPOR	2	criteria provided, multiple submitters, no conflicts	Benign/Likely benign	{'name': 'not provided', 'database': 'MedGen', 'id': 'C3661900'}
VCV000268130	RCV001258311	EPOR	1	criteria provided, single submitter	Benign	{'name': 'Intellectual disability-hypotonic facies syndrome, X-linked, 1', 'database': 'MedGen', 'id': 'C4759781'}
VCV000277678	RCV000408955	APOL1	1	criteria provided, single submitter	risk factor	{'name': 'Hyalinosis, Segmental Glomerular', 'database': 'MedGen', 'id': 'C0086432'}
VCV000277678	RCV001003826	APOL1	0	no assertion criteria provided	Pathogenic	{'name': 'Proteinuria', 'database': 'MedGen', 'id': 'C0033687'}
VCV000277678	RCV001003827	APOL1	0	no assertion criteria provided	Pathogenic	{'name': 'Focal segmental glomerulosclerosis', 'database': 'MedGen', 'id': 'C0017668'}
VCV000277678	RCV001003828	APOL1	0	no assertion criteria provided	Pathogenic	{'name': 'Focal segmental glomerulosclerosis', 'database': 'MedGen', 'id': 'C0017668'};{'name': 'Sickled erythrocytes', 'database': 'MedGen', 'id': 'C2237347'}
VCV000277678	RCV001003829	APOL1	0	no assertion criteria provided	Pathogenic	{'name': 'Focal segmental glomerulosclerosis', 'database': 'MedGen', 'id': 'C0017668'};{'name': 'Steroid-resistant nephrotic syndrome', 'database': 'MedGen', 'id': 'C0403397'}
VCV000277678	RCV001003830	APOL1	0	no assertion criteria provided	Pathogenic	{'name': 'Nephrotic range proteinuria', 'database': 'MedGen', 'id': 'C0445118'}
VCV000277678	RCV001003831	APOL1	0	no assertion criteria provided	Pathogenic	{'name': 'Glomerulonephritis', 'database': 'MedGen', 'id': 'C0017658'}
VCV000277678	RCV001374176	APOL1	2	criteria provided, multiple submitters, no conflicts	Pathogenic/Pathogenic, low penetrance; risk factor	{'name': 'not provided', 'database': 'MedGen', 'id': 'C3661900'}
VCV000277678	RCV002248501	APOL1	1	criteria provided, single submitter	Likely risk allele	{'name': 'not specified', 'database': 'MedGen', 'id': 'CN169374'}
VCV000277678	RCV003458390	APOL1	1	criteria provided, single submitter	Uncertain significance	{'name': 'APOL1-associated kidney disease'}
VCV000277678	RCV005355580	APOL1	2	criteria provided, multiple submitters, no conflicts	Pathogenic/Likely pathogenic	{'name': 'Focal segmental glomerulosclerosis 4, susceptibility to', 'database': 'MedGen', 'id': 'C2675525'}
VCV000279951	RCV000403867	CACNA1A	1	criteria provided, single submitter	Pathogenic	{'name': 'not provided', 'database': 'MedGen', 'id': 'C3661900'}
VCV000279951	RCV001267828	CACNA1A	1	criteria provided, single submitter	Pathogenic	{'name': 'Migraine, familial hemiplegic, 1', 'database': 'MedGen', 'id': 'C1832884'}
VCV000279951	RCV001859533	CACNA1A	1	criteria provided, single submitter	Pathogenic	{'name': 'Developmental and epileptic encephalopathy, 42', 'database': 'MedGen', 'id': 'C4310716'};{'name': 'Episodic ataxia type 2', 'database': 'MedGen', 'id': 'C1720416'}
VCV000279951	RCV006704655	CACNA1A	1	criteria provided, single submitter	Pathogenic	{'name': 'CACNA1A-related disorder'}
VCV000280033	RCV000291177	BRAF	2	criteria provided, multiple submitters, no conflicts	Pathogenic	{'name': 'not provided', 'database': 'MedGen', 'id': 'C3661900'}
VCV000280033	RCV000856750	BRAF	2	criteria provided, multiple submitters, no conflicts	Pathogenic	{'name': 'Cardiofaciocutaneous syndrome 1', 'database': 'MedGen', 'id': 'CN029449'}
VCV000280033	RCV001172278	BRAF	3	reviewed by expert panel	Pathogenic	{'name': 'RASopathy', 'database': 'MedGen', 'id': 'C5555857'}
VCV000280055	RCV000376782	NF1	2	criteria provided, multiple submitters, no conflicts	Pathogenic	{'name': 'not provided', 'database': 'MedGen', 'id': 'C3661900'}
VCV000280055	RCV000497042	NF1	2	criteria provided, multiple submitters, no conflicts	Pathogenic	{'name': 'Neurofibromatosis, type 1', 'database': 'MedGen', 'id': 'C0027831'}
VCV000280055	RCV000626642	NF1	1	criteria provided, single submitter	Pathogenic	{'name': 'Axillary freckling', 'database': 'MedGen', 'id': 'C1860335'};{'name': 'Cafe au lait spots, multiple', 'database': 'MedGen', 'id': 'C1861975'};{'name': 'Delayed fine motor development', 'database': 'MedGen', 'id': 'C4023681'};{'name': 'Inguinal freckling', 'database': 'MedGen', 'id': 'C1834297'};{'name': 'Large cafe-au-lait macules with irregular margins', 'database': 'MedGen', 'id': 'C4025174'};{'name': 'Lisch nodules', 'database': 'MedGen', 'id': 'C1860334'}
VCV000280055	RCV000762986	NF1	1	criteria provided, single submitter	Pathogenic	{'name': 'Café-au-lait macules with pulmonary stenosis', 'database': 'MedGen', 'id': 'C0553586'};{'name': 'Juvenile myelomonocytic leukemia', 'database': 'MedGen', 'id': 'C0349639'};{'name': 'Neurofibromatosis, familial spinal', 'database': 'MedGen', 'id': 'C1834235'};{'name': 'Neurofibromatosis, type 1', 'database': 'MedGen', 'id': 'C0027831'};{'name': 'Neurofibromatosis-Noonan syndrome', 'database': 'MedGen', 'id': 'C2931482'}
VCV000280055	RCV002311233	NF1	1	criteria provided, single submitter	Pathogenic	{'name': 'Cardiovascular phenotype', 'database': 'MedGen', 'id': 'CN230736'};{'name': 'Hereditary cancer-predisposing syndrome', 'database': 'MedGen', 'id': 'C0027672'}
VCV000280055	RCV003469215	NF1	1	criteria provided, single submitter	Pathogenic	{'name': 'Juvenile myelomonocytic leukemia', 'database': 'MedGen', 'id': 'C0349639'}
VCV000280269	RCV000263291	CACNA1G	1	criteria provided, single submitter	Pathogenic	{'name': 'not provided', 'database': 'MedGen', 'id': 'C3661900'}
VCV000280269	RCV000624028	CACNA1G	1	criteria provided, single submitter	Pathogenic	{'name': 'Inborn genetic diseases', 'database': 'MedGen', 'id': 'C0950123'}
VCV000280269	RCV000677308	CACNA1G	2	criteria provided, multiple submitters, no conflicts	Pathogenic	{'name': 'Spinocerebellar ataxia 42, early-onset, severe, with neurodevelopmental deficits', 'database': 'MedGen', 'id': 'C4748120'}
VCV000280269	RCV001264626	CACNA1G	0	no assertion criteria provided	Pathogenic	{'name': 'Neurodevelopmental abnormality', 'database': 'MedGen', 'id': 'C4022737'}
VCV000280499	RCV000289855	KCNT1	1	criteria provided, single submitter	Pathogenic	{'name': 'not provided', 'database': 'MedGen', 'id': 'C3661900'}
VCV000280499	RCV000417014	KCNT1	1	criteria provided, single submitter	Likely pathogenic	{'name': 'Malignant migrating partial seizures of infancy', 'database': 'MedGen', 'id': 'CN262433'}
VCV000280499	RCV001253472	KCNT1	2	criteria provided, multiple submitters, no conflicts	Pathogenic/Likely pathogenic	{'name': 'Developmental and epileptic encephalopathy, 14', 'database': 'MedGen', 'id': 'C3554195'}
VCV000280499	RCV002519055	KCNT1	1	criteria provided, single submitter	Pathogenic	{'name': 'Autosomal dominant nocturnal frontal lobe epilepsy 5', 'database': 'MedGen', 'id': 'C3554306'};{'name': 'Developmental and epileptic encephalopathy, 14', 'database': 'MedGen', 'id': 'C3554195'}
VCV000280609	RCV000357501	RIT1	1	criteria provided, single submitter	Likely pathogenic	{'name': 'not provided', 'database': 'MedGen', 'id': 'C3661900'}
VCV000280609	RCV001037285	RIT1	1	criteria provided, single submitter	Pathogenic	{'name': 'Noonan syndrome 8', 'database': 'MedGen', 'id': 'C3809233'}
VCV000280609	RCV001813444	RIT1	1	criteria provided, single submitter	Pathogenic	{'name': 'Noonan syndrome and Noonan-related syndrome', 'database': 'MedGen', 'id': 'C5681679'}
VCV000280609	RCV002051722	RIT1	1	criteria provided, single submitter	Likely pathogenic	{'name': 'Megalencephaly-capillary malformation-polymicrogyria syndrome', 'database': 'MedGen', 'id': 'C1865285'};{'name': 'Noonan syndrome 8', 'database': 'MedGen', 'id': 'C3809233'}
VCV000280875	RCV000404833	PIK3CA	1	criteria provided, single submitter	Pathogenic	{'name': 'not provided', 'database': 'MedGen', 'id': 'C3661900'}
VCV000280875	RCV001195259	PIK3CA	0	no classifications from unflagged records	no classifications from unflagged records	{'name': 'not specified', 'database': 'MedGen', 'id': 'CN169374'}
VCV000280875	RCV001353357	PIK3CA	2	criteria provided, multiple submitters, no conflicts	Pathogenic/Likely pathogenic	{'name': 'Megalencephaly-capillary malformation-polymicrogyria syndrome', 'database': 'MedGen', 'id': 'C1865285'}
VCV000280875	RCV001859541	PIK3CA	1	criteria provided, single submitter	Pathogenic	{'name': 'Cowden syndrome', 'database': 'MedGen', 'id': 'C0018553'}
VCV000280875	RCV002287404	PIK3CA	1	criteria provided, single submitter	Likely pathogenic	{'name': 'See cases'}
VCV000280875	RCV006362187	PIK3CA	1	criteria provided, single submitter	Pathogenic	{'name': 'Inborn genetic diseases', 'database': 'MedGen', 'id': 'C0950123'}
VCV000280875	RCV006648397	PIK3CA	1	criteria provided, single submitter	Pathogenic	{'name': 'PIK3CA constitutional syndrome'}
VCV000286710	RCV000498228	KCNT1	1	criteria provided, conflicting classifications	Conflicting classifications of pathogenicity	{'name': 'not provided', 'database': 'MedGen', 'id': 'C3661900'}
VCV000286710	RCV000650627	KCNT1	1	criteria provided, single submitter	Pathogenic	{'name': 'Autosomal dominant nocturnal frontal lobe epilepsy 5', 'database': 'MedGen', 'id': 'C3554306'};{'name': 'Developmental and epileptic encephalopathy, 14', 'database': 'MedGen', 'id': 'C3554195'}
VCV000286710	RCV001004680	KCNT1	2	criteria provided, multiple submitters, no conflicts	Pathogenic/Likely pathogenic	{'name': 'Developmental and epileptic encephalopathy, 14', 'database': 'MedGen', 'id': 'C3554195'}
VCV000286710	RCV001420735	KCNT1	1	criteria provided, single submitter	Pathogenic	{'name': 'Seizure', 'database': 'MedGen', 'id': 'C0036572'}
VCV000286710	RCV004021207	KCNT1	1	criteria provided, single submitter	Pathogenic	{'name': 'Inborn genetic diseases', 'database': 'MedGen', 'id': 'C0950123'}
VCV000288853	RCV000487292	ANO5	1	criteria provided, conflicting classifications	Conflicting classifications of pathogenicity	{'name': 'not provided', 'database': 'MedGen', 'id': 'C3661900'}
VCV000288853	RCV000553314	ANO5	1	criteria provided, single submitter	Pathogenic	{'name': 'Autosomal recessive limb-girdle muscular dystrophy type 2L', 'database': 'MedGen', 'id': 'C1969785'};{'name': 'Gnathodiaphyseal dysplasia', 'database': 'MedGen', 'id': 'C1833736'}
VCV000297692	RCV000331053	PCSK9	0	no assertion criteria provided	Pathogenic	{'name': 'Hypercholesterolemia, familial, 1', 'database': 'MedGen', 'id': 'C0745103'}
VCV000297692	RCV000775016	PCSK9	2	criteria provided, multiple submitters, no conflicts	Pathogenic/Likely pathogenic	{'name': 'Familial hypercholesterolemia', 'database': 'MedGen', 'id': 'C0020445'}
VCV000297692	RCV000778097	PCSK9	2	criteria provided, multiple submitters, no conflicts	Pathogenic/Likely pathogenic	{'name': 'Hypercholesterolemia, autosomal dominant, 3', 'database': 'MedGen', 'id': 'C1863551'}
VCV000297692	RCV000825628	PCSK9	1	criteria provided, single submitter	Pathogenic	{'name': 'Homozygous familial hypercholesterolemia', 'database': 'MedGen', 'id': 'C0342881'}
VCV000297692	RCV002374503	PCSK9	1	criteria provided, single submitter	Likely pathogenic	{'name': 'Cardiovascular phenotype', 'database': 'MedGen', 'id': 'CN230736'}
VCV000297692	RCV003223634	PCSK9	2	criteria provided, multiple submitters, no conflicts	Pathogenic	{'name': 'not provided', 'database': 'MedGen', 'id': 'C3661900'}
VCV000297692	RCV004734956	PCSK9	0	no assertion criteria provided	Likely pathogenic	{'name': 'PCSK9-related disorder'}
VCV000297699	RCV000297926	PCSK9	1	criteria provided, single submitter	Likely benign	{'name': 'Hypobetalipoproteinemia', 'database': 'MedGen', 'id': 'C0020597'}
VCV000297699	RCV000336569	PCSK9	1	criteria provided, single submitter	Benign	{'name': 'Hypercholesterolemia, familial, 1', 'database': 'MedGen', 'id': 'C0745103'}
VCV000297699	RCV000417326	PCSK9	2	criteria provided, multiple submitters, no conflicts	Benign/Likely benign	{'name': 'Hypercholesterolemia, autosomal dominant, 3', 'database': 'MedGen', 'id': 'C1863551'}
VCV000297699	RCV000454567	PCSK9	2	criteria provided, multiple submitters, no conflicts	Benign	{'name': 'not specified', 'database': 'MedGen', 'id': 'CN169374'}
VCV000297699	RCV000776105	PCSK9	2	criteria provided, multiple submitters, no conflicts	Benign	{'name': 'Familial hypercholesterolemia', 'database': 'MedGen', 'id': 'C0020445'}
VCV000297699	RCV001718599	PCSK9	2	criteria provided, multiple submitters, no conflicts	Benign/Likely benign	{'name': 'not provided', 'database': 'MedGen', 'id': 'C3661900'}
VCV000297699	RCV002374505	PCSK9	1	criteria provided, single submitter	Benign	{'name': 'Cardiovascular phenotype', 'database': 'MedGen', 'id': 'CN230736'}
VCV000303779	RCV000264134	ABCC8	1	criteria provided, single submitter	Benign	{'name': 'Diabetes mellitus, transient neonatal, 2', 'database': 'MedGen', 'id': 'C1835887'}
VCV000303779	RCV000321571	ABCC8	1	criteria provided, single submitter	Likely benign	{'name': 'Permanent neonatal diabetes mellitus', 'database': 'MedGen', 'id': 'C1833104'}
VCV000303779	RCV000375215	ABCC8	1	criteria provided, single submitter	Uncertain significance	{'name': 'Hyperinsulinemic hypoglycemia, familial, 1', 'database': 'MedGen', 'id': 'C2931832'}
VCV000303779	RCV000876083	ABCC8	1	criteria provided, conflicting classifications	Conflicting classifications of pathogenicity	{'name': 'not provided', 'database': 'MedGen', 'id': 'C3661900'}
VCV000303779	RCV001274299	ABCC8	0	no assertion criteria provided	Likely benign	{'name': 'Hereditary hyperinsulinism'}
VCV000303779	RCV005418069	ABCC8	1	criteria provided, single submitter	Likely benign	{'name': 'not specified', 'database': 'MedGen', 'id': 'CN169374'}
VCV000319999	RCV000403096	CETP	1	criteria provided, single submitter	Benign	{'name': 'Hyperalphalipoproteinemia 1', 'database': 'MedGen', 'id': 'C3149462'}
VCV000319999	RCV001723907	CETP	2	criteria provided, multiple submitters, no conflicts	Benign	{'name': 'not provided', 'database': 'MedGen', 'id': 'C3661900'}
VCV000319999	RCV006441813	CETP	1	criteria provided, single submitter	Benign	{'name': 'not specified', 'database': 'MedGen', 'id': 'CN169374'}
VCV000322535	RCV000959188	SLC6A4	2	criteria provided, multiple submitters, no conflicts	Benign/Likely benign	{'name': 'not provided', 'database': 'MedGen', 'id': 'C3661900'}
VCV000336261	RCV000879788	EPAS1	1	criteria provided, conflicting classifications	Conflicting classifications of pathogenicity	{'name': 'not provided', 'database': 'MedGen', 'id': 'C3661900'}
VCV000336261	RCV000986629	EPAS1	1	criteria provided, conflicting classifications	Conflicting classifications of pathogenicity	{'name': 'Erythrocytosis, familial, 4', 'database': 'MedGen', 'id': 'C2673187'}
VCV000336261	RCV004596167	EPAS1	1	criteria provided, single submitter	Uncertain significance	{'name': 'not specified', 'database': 'MedGen', 'id': 'CN169374'}
VCV000338576	RCV000434147	CD40	2	criteria provided, multiple submitters, no conflicts	Benign	{'name': 'not specified', 'database': 'MedGen', 'id': 'CN169374'}
VCV000338576	RCV001000003	CD40	2	criteria provided, multiple submitters, no conflicts	Benign	{'name': 'Hyper-IgM syndrome type 3', 'database': 'MedGen', 'id': 'C1720957'}
VCV000338576	RCV001512285	CD40	2	criteria provided, multiple submitters, no conflicts	Benign	{'name': 'not provided', 'database': 'MedGen', 'id': 'C3661900'}
VCV000367129	RCV000454918	JAK2	2	criteria provided, multiple submitters, no conflicts	Benign	{'name': 'not specified', 'database': 'MedGen', 'id': 'CN169374'}
VCV000367129	RCV001643113	JAK2	2	criteria provided, multiple submitters, no conflicts	Benign	{'name': 'not provided', 'database': 'MedGen', 'id': 'C3661900'}
VCV000369748	RCV000657886	KCNQ2	1	criteria provided, single submitter	Pathogenic	{'name': 'not provided', 'database': 'MedGen', 'id': 'C3661900'}
VCV000369748	RCV000678123	KCNQ2	0	no classification provided	not provided	{'name': 'Developmental and epileptic encephalopathy, 7', 'database': 'MedGen', 'id': 'C3150986'}
VCV000370032	RCV000508607	SLC25A24	2	criteria provided, multiple submitters, no conflicts	Pathogenic/Likely pathogenic	{'name': 'Fontaine progeroid syndrome', 'database': 'MedGen', 'id': 'C2676780'}
VCV000370032	RCV001249454	SLC25A24	2	criteria provided, multiple submitters, no conflicts	Pathogenic	{'name': 'not provided', 'database': 'MedGen', 'id': 'C3661900'}
VCV000372326	RCV000412760	CLCN7	2	criteria provided, multiple submitters, no conflicts	Pathogenic	{'name': 'not provided', 'database': 'MedGen', 'id': 'C3661900'}
VCV000372326	RCV000824813	CLCN7	1	criteria provided, single submitter	Uncertain significance	{'name': 'Hypopigmentation, organomegaly, and delayed myelination and development', 'database': 'MedGen', 'id': 'C5203300'}
VCV000372326	RCV005429016	CLCN7	0	no classification provided	not provided	{'name': 'Autosomal dominant osteopetrosis 2', 'database': 'MedGen', 'id': 'C3179239'};{'name': 'Autosomal recessive osteopetrosis 4', 'database': 'MedGen', 'id': 'C1969106'};{'name': 'Hypopigmentation, organomegaly, and delayed myelination and development', 'database': 'MedGen', 'id': 'C5203300'}
VCV000372483	RCV000413828	PTPN11	1	criteria provided, conflicting classifications	Conflicting classifications of pathogenicity	{'name': 'not provided', 'database': 'MedGen', 'id': 'C3661900'}
VCV000372483	RCV000691488	PTPN11	1	criteria provided, single submitter	Uncertain significance	{'name': 'RASopathy', 'database': 'MedGen', 'id': 'C5555857'}
VCV000372483	RCV000780655	PTPN11	2	criteria provided, multiple submitters, no conflicts	Uncertain significance	{'name': 'not specified', 'database': 'MedGen', 'id': 'CN169374'}
VCV000372483	RCV002411277	PTPN11	1	criteria provided, single submitter	Uncertain significance	{'name': 'Cardiovascular phenotype', 'database': 'MedGen', 'id': 'CN230736'}
VCV000372483	RCV004735501	PTPN11	0	no assertion criteria provided	Uncertain significance	{'name': 'PTPN11-related disorder'}
VCV000372483	RCV005010309	PTPN11	1	criteria provided, single submitter	Uncertain significance	{'name': 'Juvenile myelomonocytic leukemia', 'database': 'MedGen', 'id': 'C0349639'};{'name': 'LEOPARD syndrome 1', 'database': 'MedGen', 'id': 'C4551484'};{'name': 'Metachondromatosis', 'database': 'MedGen', 'id': 'C0410530'};{'name': 'Noonan syndrome 1', 'database': 'MedGen', 'id': 'C4551602'}
VCV000372483	RCV006554519	PTPN11	1	criteria provided, single submitter	Uncertain significance	{'name': 'Noonan syndrome 1', 'database': 'MedGen', 'id': 'C4551602'}
VCV000372521	RCV000414550	STAT3	1	criteria provided, single submitter	Pathogenic	{'name': 'not provided', 'database': 'MedGen', 'id': 'C3661900'}
VCV000372521	RCV001036591	STAT3	1	criteria provided, single submitter	Uncertain significance	{'name': 'Hyper-IgE recurrent infection syndrome 1, autosomal dominant', 'database': 'MedGen', 'id': 'C2936739'};{'name': 'STAT3 gain of function', 'database': 'MedGen', 'id': 'C4288261'}
VCV000372521	RCV001420711	STAT3	1	criteria provided, single submitter	Uncertain significance	{'name': 'not specified', 'database': 'MedGen', 'id': 'CN169374'}
VCV000372521	RCV003448978	STAT3	0	no assertion criteria provided	Pathogenic	{'name': 'Malignant lymphoma, large B-cell, diffuse', 'database': 'MedGen', 'id': 'C0079744'}
VCV000372521	RCV004559046	STAT3	0	no assertion criteria provided	Pathogenic	{'name': 'EBV-positive nodal T- and NK-cell lymphoma'}
VCV000372521	RCV006645998	STAT3	1	criteria provided, single submitter	Pathogenic	{'name': 'T-LGL Leukemia'}
VCV000372610	RCV000413873	TRPV3	1	criteria provided, single submitter	Pathogenic	{'name': 'not provided', 'database': 'MedGen', 'id': 'CN517202'}
VCV000372693	RCV000413860	HK1	2	criteria provided, multiple submitters, no conflicts	Pathogenic/Likely pathogenic	{'name': 'not provided', 'database': 'MedGen', 'id': 'C3661900'}
VCV000372693	RCV000763213	HK1	1	criteria provided, single submitter	Likely pathogenic	{'name': 'Charcot-Marie-Tooth disease type 4G', 'database': 'MedGen', 'id': 'C1854449'};{'name': 'Hemolytic anemia due to hexokinase deficiency', 'database': 'MedGen', 'id': 'C3150343'};{'name': 'Retinitis pigmentosa 79', 'database': 'MedGen', 'id': 'C4479526'}
VCV000372693	RCV000850129	HK1	2	criteria provided, multiple submitters, no conflicts	Pathogenic/Likely pathogenic	{'name': 'Neurodevelopmental disorder with visual defects and brain anomalies', 'database': 'MedGen', 'id': 'C5231404'}
VCV000372693	RCV001266327	HK1	1	criteria provided, single submitter	Likely pathogenic	{'name': 'Inborn genetic diseases', 'database': 'MedGen', 'id': 'C0950123'}
VCV000372907	RCV000413029	KCNT1	1	criteria provided, single submitter	Likely pathogenic	{'name': 'not provided', 'database': 'MedGen', 'id': 'C3661900'}
VCV000372907	RCV001865289	KCNT1	1	criteria provided, single submitter	Pathogenic	{'name': 'Autosomal dominant nocturnal frontal lobe epilepsy 5', 'database': 'MedGen', 'id': 'C3554306'};{'name': 'Developmental and epileptic encephalopathy, 14', 'database': 'MedGen', 'id': 'C3554195'}
VCV000373960	RCV000415038	SCN3A	0	no assertion criteria provided	Likely pathogenic	{'name': 'Developmental delay', 'database': 'MedGen', 'id': 'C0424605'};{'name': 'Polymicrogyria', 'database': 'MedGen', 'id': 'C0266464'}
VCV000373960	RCV000494116	SCN3A	2	criteria provided, multiple submitters, no conflicts	Pathogenic/Likely pathogenic	{'name': 'not provided', 'database': 'MedGen', 'id': 'C3661900'}
VCV000373960	RCV000625712	SCN3A	2	criteria provided, multiple submitters, no conflicts	Pathogenic/Likely pathogenic	{'name': 'Developmental and epileptic encephalopathy, 62', 'database': 'MedGen', 'id': 'C4693699'}
VCV000373960	RCV001199328	SCN3A	2	criteria provided, multiple submitters, no conflicts	Pathogenic/Likely pathogenic	{'name': 'Epilepsy, familial focal, with variable foci 4', 'database': 'MedGen', 'id': 'C4693694'}
VCV000373960	RCV003243119	SCN3A	3	reviewed by expert panel	Pathogenic	{'name': 'Developmental and epileptic encephalopathy', 'database': 'MedGen', 'id': 'C5779964'}
VCV000373960	RCV004798831	SCN3A	1	criteria provided, single submitter	Pathogenic	{'name': 'Epilepsy', 'database': 'MedGen', 'id': 'C0014544'}
VCV000374310	RCV000414888	NLRC4	0	no assertion criteria provided	Likely pathogenic	{'name': 'Periodic fever-infantile enterocolitis-autoinflammatory syndrome', 'database': 'MedGen', 'id': 'C4015067'}
VCV000374794	RCV000445566	ABL1	1	criteria provided, single submitter	Pathogenic	{'name': 'Abnormal skeletal morphology', 'database': 'MedGen', 'id': 'C4023165'};{'name': 'Congenital heart disease', 'database': 'MedGen', 'id': 'C0152021'};{'name': 'Failure to thrive', 'database': 'MedGen', 'id': 'C2315100'}
VCV000374794	RCV000492810	ABL1	2	criteria provided, multiple submitters, no conflicts	Pathogenic	{'name': 'not provided', 'database': 'MedGen', 'id': 'C3661900'}
VCV000374794	RCV000496371	ABL1	2	criteria provided, multiple submitters, no conflicts	Pathogenic	{'name': 'Congenital heart defects and skeletal malformations syndrome', 'database': 'MedGen', 'id': 'C4539857'}
VCV000374795	RCV000445576	ABL1	1	criteria provided, single submitter	Pathogenic	{'name': 'Abnormal skeletal morphology', 'database': 'MedGen', 'id': 'C4023165'};{'name': 'Congenital heart disease', 'database': 'MedGen', 'id': 'C0152021'};{'name': 'Failure to thrive', 'database': 'MedGen', 'id': 'C2315100'}
VCV000374795	RCV000496944	ABL1	2	criteria provided, multiple submitters, no conflicts	Pathogenic/Likely pathogenic	{'name': 'Congenital heart defects and skeletal malformations syndrome', 'database': 'MedGen', 'id': 'C4539857'}
VCV000374795	RCV001796027	ABL1	1	criteria provided, single submitter	Pathogenic	{'name': 'not provided', 'database': 'MedGen', 'id': 'C3661900'}
VCV000375556	RCV000454372	PDGFRB	1	criteria provided, single submitter	Pathogenic	{'name': 'Infantile myofibromatosis', 'database': 'MedGen', 'id': 'C0432284'}
VCV000375594	RCV000417068	KCNQ1	0	no assertion criteria provided	Pathogenic	{'name': 'Short QT syndrome type 2', 'database': 'MedGen', 'id': 'C1865019'}
VCV000375681	RCV000454369	PDGFRB	1	criteria provided, single submitter	Pathogenic	{'name': 'Infantile myofibromatosis', 'database': 'MedGen', 'id': 'C0432284'}
VCV000375682	RCV000454367	PDGFRB	0	no assertion criteria provided	Pathogenic	{'name': 'Infantile myofibromatosis', 'database': 'MedGen', 'id': 'C0432284'}
VCV000375682	RCV000497546	PDGFRB	1	criteria provided, single submitter	Pathogenic	{'name': 'not provided', 'database': 'MedGen', 'id': 'C3661900'}
VCV000375682	RCV000622279	PDGFRB	1	criteria provided, single submitter	Pathogenic	{'name': 'Inborn genetic diseases', 'database': 'MedGen', 'id': 'C0950123'}
VCV000375682	RCV000779640	PDGFRB	0	no assertion criteria provided	Pathogenic	{'name': 'Hydrocephalus', 'database': 'MedGen', 'id': 'C0020255'};{'name': 'Myofibromatosis, infantile, 1', 'database': 'MedGen', 'id': 'C4551572'}
VCV000375682	RCV001257994	PDGFRB	0	no assertion criteria provided	Likely pathogenic	{'name': 'Dandy-Walker syndrome', 'database': 'MedGen', 'id': 'C0010964'}
VCV000375682	RCV001541889	PDGFRB	1	criteria provided, single submitter	Pathogenic	{'name': 'Skeletal overgrowth-craniofacial dysmorphism-hyperelastic skin-white matter lesions syndrome', 'database': 'MedGen', 'id': 'C4225270'}
VCV000375682	RCV005222921	PDGFRB	1	criteria provided, single submitter	Pathogenic	{'name': 'Acroosteolysis-keloid-like lesions-premature aging syndrome', 'database': 'MedGen', 'id': 'C1866182'};{'name': 'Basal ganglia calcification, idiopathic, 4', 'database': 'MedGen', 'id': 'C3554321'};{'name': 'Infantile myofibromatosis', 'database': 'MedGen', 'id': 'C0432284'};{'name': 'Skeletal overgrowth-craniofacial dysmorphism-hyperelastic skin-white matter lesions syndrome', 'database': 'MedGen', 'id': 'C4225270'}
VCV000375765	RCV000417296	SMCHD1	0	no assertion criteria provided	Pathogenic	{'name': 'Arrhinia with choanal atresia and microphthalmia syndrome', 'database': 'MedGen', 'id': 'C1863878'}
VCV000375765	RCV000417337	SMCHD1	0	no assertion criteria provided	Pathogenic	{'name': 'Facioscapulohumeral muscular dystrophy 2', 'database': 'MedGen', 'id': 'C1834671'}
VCV000375766	RCV000417256	SMCHD1	0	no assertion criteria provided	Pathogenic	{'name': 'Arrhinia with choanal atresia and microphthalmia syndrome', 'database': 'MedGen', 'id': 'C1863878'}
VCV000375844	RCV000417258	PCSK9	1	criteria provided, conflicting classifications	Conflicting classifications of pathogenicity	{'name': 'Hypercholesterolemia, autosomal dominant, 3', 'database': 'MedGen', 'id': 'C1863551'}
VCV000375844	RCV000497232	PCSK9	0	no assertion criteria provided	Pathogenic	{'name': 'Hypercholesterolemia, familial, 1', 'database': 'MedGen', 'id': 'C0745103'}
VCV000375844	RCV001185722	PCSK9	1	criteria provided, conflicting classifications	Conflicting classifications of pathogenicity	{'name': 'Familial hypercholesterolemia', 'database': 'MedGen', 'id': 'C0020445'}
VCV000375844	RCV002222502	PCSK9	2	criteria provided, multiple submitters, no conflicts	Uncertain significance	{'name': 'not provided', 'database': 'MedGen', 'id': 'C3661900'}
VCV000375844	RCV002356513	PCSK9	1	criteria provided, single submitter	Uncertain significance	{'name': 'Cardiovascular phenotype', 'database': 'MedGen', 'id': 'CN230736'}
VCV000375849	RCV000417273	PCSK9	2	criteria provided, multiple submitters, no conflicts	Pathogenic/Likely pathogenic	{'name': 'Hypercholesterolemia, autosomal dominant, 3', 'database': 'MedGen', 'id': 'C1863551'}
VCV000375849	RCV000587518	PCSK9	1	criteria provided, conflicting classifications	Conflicting classifications of pathogenicity	{'name': 'Familial hypercholesterolemia', 'database': 'MedGen', 'id': 'C0020445'}
VCV000375849	RCV004022193	PCSK9	1	criteria provided, single submitter	Likely pathogenic	{'name': 'Cardiovascular phenotype', 'database': 'MedGen', 'id': 'CN230736'}
VCV000375891	RCV000445302	IDH1	1	criteria provided, single submitter	Pathogenic	{'name': 'Acute myeloid leukemia', 'database': 'MedGen', 'id': 'C0023467'}
VCV000375891	RCV000997650	IDH1	2	criteria provided, multiple submitters, no conflicts	Pathogenic/Likely pathogenic	{'name': 'not provided', 'database': 'MedGen', 'id': 'C3661900'}
VCV000375891	RCV002227473	IDH1	1	criteria provided, single submitter	Pathogenic	{'name': 'Enchondromatosis', 'database': 'MedGen', 'id': 'C0014084'}
VCV000375891	RCV002291276	IDH1	1	criteria provided, single submitter	Pathogenic	{'name': 'Enchondromatosis', 'database': 'MedGen', 'id': 'C0014084'};{'name': 'Maffucci syndrome', 'database': 'MedGen', 'id': 'C0024454'}
VCV000375891	RCV003323531	IDH1	2	criteria provided, multiple submitters, no conflicts	Pathogenic	{'name': 'Glioma susceptibility 1', 'database': 'MedGen', 'id': 'C2750850'}
VCV000375891	RCV003458426	IDH1	1	criteria provided, single submitter	Pathogenic	{'name': 'Maffucci syndrome', 'database': 'MedGen', 'id': 'C0024454'}
VCV000375893	RCV003884519	IDH1	1	criteria provided, single submitter	Pathogenic	{'name': 'not provided', 'database': 'MedGen', 'id': 'C3661900'}
VCV000375913	RCV000014873	KIT	0	no assertion criteria provided	Pathogenic	{'name': 'Gastrointestinal stromal tumor, familial', 'database': 'MedGen', 'id': 'C2674636'}
VCV000375914	RCV004022196	KIT	1	criteria provided, single submitter	Likely pathogenic	{'name': 'Hereditary cancer-predisposing syndrome', 'database': 'MedGen', 'id': 'C0027672'}
VCV000375919	RCV000433543	KIT	1	criteria provided, single submitter	Likely pathogenic	{'name': 'Gastrointestinal stromal tumor', 'database': 'MedGen', 'id': 'C0238198'}
VCV000375919	RCV002402118	KIT	1	criteria provided, single submitter	Pathogenic	{'name': 'Hereditary cancer-predisposing syndrome', 'database': 'MedGen', 'id': 'C0027672'}
VCV000375919	RCV006635466	KIT	1	criteria provided, single submitter	Pathogenic	{'name': 'Autosomal dominant KIT-related disorders'}
VCV000375928	RCV003525898	KIT	2	criteria provided, multiple submitters, no conflicts	Pathogenic	{'name': 'Gastrointestinal stromal tumor', 'database': 'MedGen', 'id': 'C0238198'}
VCV000375928	RCV004948278	KIT	1	criteria provided, single submitter	Pathogenic	{'name': 'Hereditary cancer-predisposing syndrome', 'database': 'MedGen', 'id': 'C0027672'}
VCV000375931	RCV000419670	KIT	1	criteria provided, single submitter	Uncertain significance	{'name': 'Gastrointestinal stromal tumor', 'database': 'MedGen', 'id': 'C0238198'}
VCV000375931	RCV001269701	KIT	1	criteria provided, single submitter	Pathogenic	{'name': 'not provided', 'database': 'MedGen', 'id': 'C3661900'}
VCV000375931	RCV006659448	KIT	1	criteria provided, single submitter	Uncertain significance	{'name': 'Hereditary cancer-predisposing syndrome', 'database': 'MedGen', 'id': 'C0027672'}
VCV000375932	RCV000419001	KIT	1	criteria provided, single submitter	Pathogenic	{'name': 'Gastrointestinal stromal tumor', 'database': 'MedGen', 'id': 'C0238198'}
VCV000375932	RCV001269906	KIT	2	criteria provided, multiple submitters, no conflicts	Pathogenic/Likely pathogenic	{'name': 'not provided', 'database': 'MedGen', 'id': 'C3661900'}
VCV000375941	RCV001355295	BRAF	0	no assertion criteria provided	Uncertain significance	{'name': 'not provided', 'database': 'MedGen', 'id': 'C3661900'}
VCV000375955	RCV004563306	GNAQ	1	criteria provided, single submitter	Pathogenic	{'name': 'Sturge-Weber syndrome', 'database': 'MedGen', 'id': 'C0038505'}
VCV000375956	RCV001327979	GNAQ	0	no assertion criteria provided	Pathogenic	{'name': 'Abnormal cardiovascular system morphology', 'database': 'MedGen', 'id': 'C4049796'}
VCV000375956	RCV003458165	GNAQ	1	criteria provided, single submitter	Pathogenic	{'name': 'Sturge-Weber syndrome', 'database': 'MedGen', 'id': 'C0038505'}
VCV000375961	RCV002230756	HRAS	1	criteria provided, single submitter	Likely pathogenic	{'name': 'Costello syndrome', 'database': 'MedGen', 'id': 'C0587248'}
VCV000375978	RCV000418731	MAP2K1	1	criteria provided, single submitter	Pathogenic	{'name': 'Non-small cell lung carcinoma', 'database': 'MedGen', 'id': 'C0007131'}
VCV000375978	RCV002051704	MAP2K1	0	no assertion criteria provided	Pathogenic	{'name': 'Melorheostosis', 'database': 'MedGen', 'id': 'C3149631'}
VCV000375978	RCV002254296	MAP2K1	1	criteria provided, single submitter	Pathogenic	{'name': 'not provided', 'database': 'MedGen', 'id': 'C3661900'}
VCV000375978	RCV005251122	MAP2K1	1	criteria provided, single submitter	Pathogenic	{'name': 'Extracranial arteriovenous malformation'}
VCV000375985	RCV002254522	IDH2	0	no assertion criteria provided	risk factor	{'name': 'Acute myocardial infarction', 'database': 'MedGen', 'id': 'C0155626'}
VCV000375986	RCV002254523	IDH2	0	no assertion criteria provided	risk factor	{'name': 'Acute myocardial infarction', 'database': 'MedGen', 'id': 'C0155626'}
VCV000375987	RCV002254524	IDH2	0	no assertion criteria provided	risk factor	{'name': 'Acute myocardial infarction', 'database': 'MedGen', 'id': 'C0155626'}
VCV000376002	RCV002254297	GNA11	1	criteria provided, single submitter	Pathogenic	{'name': 'not provided', 'database': 'MedGen', 'id': 'C3661900'}
VCV000376002	RCV003128401	GNA11	1	criteria provided, single submitter	Likely pathogenic	{'name': 'See cases'}
VCV000376188	RCV001311879	ERBB2	1	criteria provided, single submitter	Pathogenic	{'name': 'not provided', 'database': 'MedGen', 'id': 'C3661900'}
VCV000376228	RCV002221234	CTNNB1	1	criteria provided, single submitter	Pathogenic	{'name': 'Juvenile nasopharyngeal angiofibroma', 'database': 'MedGen', 'id': 'C1367536'}
VCV000376231	RCV000421624	CTNNB1	0	no assertion criteria provided	other	{'name': 'Medulloblastoma', 'database': 'MedGen', 'id': 'C0025149'}
VCV000376470	RCV000785580	PIK3CA	0	no assertion criteria provided	Likely pathogenic	{'name': 'Ovarian neoplasm', 'database': 'MedGen', 'id': 'C0919267'}
VCV000376470	RCV000991209	PIK3CA	2	criteria provided, multiple submitters, no conflicts	Pathogenic	{'name': 'Megalencephaly-capillary malformation-polymicrogyria syndrome', 'database': 'MedGen', 'id': 'C1865285'}
VCV000376470	RCV001327961	PIK3CA	0	no assertion criteria provided	Pathogenic	{'name': 'Abnormal cardiovascular system morphology', 'database': 'MedGen', 'id': 'C4049796'}
VCV000376470	RCV001526693	PIK3CA	2	criteria provided, multiple submitters, no conflicts	Pathogenic	{'name': 'CLOVES syndrome', 'database': 'MedGen', 'id': 'C2752042'}
VCV000376470	RCV001775789	PIK3CA	2	criteria provided, multiple submitters, no conflicts	Pathogenic	{'name': 'not provided', 'database': 'MedGen', 'id': 'C3661900'}
VCV000376470	RCV001861479	PIK3CA	1	criteria provided, single submitter	Pathogenic	{'name': 'Cowden syndrome', 'database': 'MedGen', 'id': 'C0018553'}
VCV000376470	RCV002244865	PIK3CA	1	criteria provided, single submitter	Pathogenic	{'name': 'PIK3CA-related disorder'}
VCV000376470	RCV002472374	PIK3CA	2	criteria provided, multiple submitters, no conflicts	Pathogenic	{'name': 'PIK3CA related overgrowth syndrome', 'database': 'MedGen', 'id': 'C4728213'}
VCV000376473	RCV001255685	PIK3CA	0	no assertion criteria provided	Pathogenic	{'name': 'Lip and oral cavity carcinoma', 'database': 'MedGen', 'id': 'C0220641'}
VCV000376478	RCV001327958	PIK3CA	0	no assertion criteria provided	Pathogenic	{'name': 'Abnormal cardiovascular system morphology', 'database': 'MedGen', 'id': 'C4049796'}
VCV000376478	RCV001526599	PIK3CA	1	criteria provided, single submitter	Pathogenic	{'name': 'CLOVES syndrome', 'database': 'MedGen', 'id': 'C2752042'}
VCV000376478	RCV001542570	PIK3CA	0	no assertion criteria provided	Likely pathogenic	{'name': 'Megalencephaly-capillary malformation-polymicrogyria syndrome', 'database': 'MedGen', 'id': 'C1865285'}
VCV000376478	RCV001837893	PIK3CA	2	criteria provided, multiple submitters, no conflicts	Pathogenic	{'name': 'not provided', 'database': 'MedGen', 'id': 'C3661900'}
VCV000376478	RCV002524695	PIK3CA	1	criteria provided, single submitter	Pathogenic	{'name': 'Cowden syndrome', 'database': 'MedGen', 'id': 'C0018553'}
VCV000376478	RCV003458199	PIK3CA	1	criteria provided, single submitter	Pathogenic	{'name': 'PIK3CA related overgrowth syndrome', 'database': 'MedGen', 'id': 'C4728213'}
VCV000376489	RCV002051723	PIK3CA	1	criteria provided, single submitter	Pathogenic	{'name': 'Megalencephaly-capillary malformation-polymicrogyria syndrome', 'database': 'MedGen', 'id': 'C1865285'};{'name': 'Noonan syndrome 8', 'database': 'MedGen', 'id': 'C3809233'}
VCV000376498	RCV000485942	PIK3CA	2	criteria provided, multiple submitters, no conflicts	Pathogenic	{'name': 'not provided', 'database': 'MedGen', 'id': 'C3661900'}
VCV000376498	RCV000631216	PIK3CA	1	criteria provided, single submitter	Pathogenic	{'name': 'Cowden syndrome', 'database': 'MedGen', 'id': 'C0018553'}
VCV000376498	RCV000767535	PIK3CA	2	criteria provided, multiple submitters, no conflicts	Pathogenic	{'name': 'Cowden syndrome 5', 'database': 'MedGen', 'id': 'C3554518'}
VCV000376498	RCV000852337	PIK3CA	0	no assertion criteria provided	Pathogenic	{'name': 'Abnormality of the hairline', 'database': 'MedGen', 'id': 'C4024297'};{'name': 'Diaphragmatic eventration', 'database': 'MedGen', 'id': 'C0011981'};{'name': 'Hypertelorism', 'database': 'MedGen', 'id': 'C0020534'};{'name': 'Intestinal duplication', 'database': 'MedGen', 'id': 'C0266166'};{'name': 'Megalencephaly, autosomal dominant', 'database': 'MedGen', 'id': 'C3805727'}
VCV000376498	RCV003985084	PIK3CA	1	criteria provided, single submitter	Pathogenic	{'name': 'PIK3CA related overgrowth syndrome', 'database': 'MedGen', 'id': 'C4728213'}
VCV000376498	RCV004955473	PIK3CA	1	criteria provided, single submitter	Pathogenic	{'name': 'Inborn genetic diseases', 'database': 'MedGen', 'id': 'C0950123'}
VCV000376498	RCV006648427	PIK3CA	1	criteria provided, single submitter	Pathogenic	{'name': 'PIK3CA constitutional syndrome'}
VCV000376505	RCV000761600	PPP2R1A	2	criteria provided, multiple submitters, no conflicts	Pathogenic/Likely pathogenic	{'name': 'Houge-Janssens syndrome 2', 'database': 'MedGen', 'id': 'C4225352'}
VCV000376505	RCV003318575	PPP2R1A	2	criteria provided, multiple submitters, no conflicts	Pathogenic	{'name': 'not provided', 'database': 'MedGen', 'id': 'C3661900'}
VCV000376603	RCV000558455	TP53	1	criteria provided, single submitter	Pathogenic	{'name': 'Li-Fraumeni syndrome', 'database': 'MedGen', 'id': 'C0085390'}
VCV000376603	RCV001026313	TP53	2	criteria provided, multiple submitters, no conflicts	Pathogenic	{'name': 'Hereditary cancer-predisposing syndrome', 'database': 'MedGen', 'id': 'C0027672'}
VCV000376603	RCV001548147	TP53	1	criteria provided, single submitter	Pathogenic	{'name': 'not provided', 'database': 'MedGen', 'id': 'C3661900'}
VCV000376603	RCV002289525	TP53	1	criteria provided, single submitter	Pathogenic	{'name': 'Li-Fraumeni syndrome 1', 'database': 'MedGen', 'id': 'C1835398'}
VCV000376603	RCV003476008	TP53	1	criteria provided, single submitter	Pathogenic	{'name': 'Adrenocortical carcinoma, hereditary', 'database': 'MedGen', 'id': 'C1859972'}
VCV000376606	RCV000529132	TP53	2	criteria provided, multiple submitters, no conflicts	Pathogenic/Likely pathogenic	{'name': 'Li-Fraumeni syndrome', 'database': 'MedGen', 'id': 'C0085390'}
VCV000376606	RCV000785555	TP53	0	no assertion criteria provided	Likely pathogenic	{'name': 'Ovarian neoplasm', 'database': 'MedGen', 'id': 'C0919267'}
VCV000376606	RCV001023983	TP53	2	criteria provided, multiple submitters, no conflicts	Pathogenic/Likely pathogenic	{'name': 'Hereditary cancer-predisposing syndrome', 'database': 'MedGen', 'id': 'C0027672'}
VCV000376606	RCV001591055	TP53	2	criteria provided, multiple submitters, no conflicts	Pathogenic	{'name': 'not provided', 'database': 'MedGen', 'id': 'C3661900'}
VCV000376606	RCV003983035	TP53	0	no assertion criteria provided	Likely pathogenic	{'name': 'TP53-related disorder'}
VCV000376606	RCV004022216	TP53	1	criteria provided, single submitter	Likely pathogenic	{'name': 'Li-Fraumeni syndrome 1', 'database': 'MedGen', 'id': 'C1835398'}
VCV000376615	RCV000477234	TP53	3	reviewed by expert panel	Pathogenic	{'name': 'Li-Fraumeni syndrome', 'database': 'MedGen', 'id': 'C0085390'}
VCV000376615	RCV000492372	TP53	2	criteria provided, multiple submitters, no conflicts	Pathogenic/Likely pathogenic	{'name': 'Hereditary cancer-predisposing syndrome', 'database': 'MedGen', 'id': 'C0027672'}
VCV000376615	RCV001584113	TP53	2	criteria provided, multiple submitters, no conflicts	Pathogenic	{'name': 'not provided', 'database': 'MedGen', 'id': 'C3661900'}
VCV000376615	RCV004022220	TP53	2	criteria provided, multiple submitters, no conflicts	Pathogenic/Likely pathogenic	{'name': 'Li-Fraumeni syndrome 1', 'database': 'MedGen', 'id': 'C1835398'}
VCV000376615	RCV005027481	TP53	1	criteria provided, single submitter	Likely pathogenic	{'name': 'Adrenocortical carcinoma, hereditary', 'database': 'MedGen', 'id': 'C1859972'};{'name': 'Basal cell carcinoma, susceptibility to, 7', 'database': 'MedGen', 'id': 'C3553606'};{'name': 'Bone marrow failure syndrome 5', 'database': 'MedGen', 'id': 'C4748488'};{'name': 'Bone osteosarcoma', 'database': 'MedGen', 'id': 'C0585442'};{'name': 'Choroid plexus papilloma', 'database': 'MedGen', 'id': 'C0205770'};{'name': 'Colorectal cancer', 'database': 'MedGen', 'id': 'C0346629'};{'name': 'Familial cancer of breast', 'database': 'MedGen', 'id': 'C0346153'};{'name': 'Familial pancreatic carcinoma', 'database': 'MedGen', 'id': 'C2931038'};{'name': 'Glioma susceptibility 1', 'database': 'MedGen', 'id': 'C2750850'};{'name': 'Hepatocellular carcinoma', 'database': 'MedGen', 'id': 'C2239176'};{'name': 'Li-Fraumeni syndrome 1', 'database': 'MedGen', 'id': 'C1835398'};{'name': 'Nasopharyngeal carcinoma', 'database': 'MedGen', 'id': 'C2931822'}
VCV000376615	RCV006704681	TP53	1	criteria provided, single submitter	Pathogenic	{'name': 'TP53-related disorder'}
VCV000376633	RCV000535418	TP53	3	reviewed by expert panel	Pathogenic	{'name': 'Li-Fraumeni syndrome', 'database': 'MedGen', 'id': 'C0085390'}
VCV000376633	RCV000561306	TP53	1	criteria provided, single submitter	Pathogenic	{'name': 'Hereditary cancer-predisposing syndrome', 'database': 'MedGen', 'id': 'C0027672'}
VCV000376633	RCV000785551	TP53	0	no assertion criteria provided	Likely pathogenic	{'name': 'Ovarian neoplasm', 'database': 'MedGen', 'id': 'C0919267'}
VCV000376633	RCV001270270	TP53	1	criteria provided, single submitter	Pathogenic	{'name': 'Colorectal cancer', 'database': 'MedGen', 'id': 'C0346629'}
VCV000376633	RCV004022229	TP53	1	criteria provided, single submitter	Likely pathogenic	{'name': 'Li-Fraumeni syndrome 1', 'database': 'MedGen', 'id': 'C1835398'}
VCV000376633	RCV004764786	TP53	1	criteria provided, single submitter	Likely pathogenic	{'name': 'Hereditary breast ovarian cancer syndrome', 'database': 'MedGen', 'id': 'C0677776'}
VCV000376633	RCV004797609	TP53	0	no assertion criteria provided	Likely pathogenic	{'name': 'TP53-related disorder'}
VCV000376637	RCV000567507	TP53	2	criteria provided, multiple submitters, no conflicts	Likely pathogenic	{'name': 'Hereditary cancer-predisposing syndrome', 'database': 'MedGen', 'id': 'C0027672'}
VCV000376637	RCV001851021	TP53	1	criteria provided, single submitter	Pathogenic	{'name': 'Li-Fraumeni syndrome', 'database': 'MedGen', 'id': 'C0085390'}
VCV000376637	RCV002289529	TP53	2	criteria provided, multiple submitters, no conflicts	Likely pathogenic	{'name': 'Li-Fraumeni syndrome 1', 'database': 'MedGen', 'id': 'C1835398'}
VCV000376637	RCV002510885	TP53	1	criteria provided, single submitter	Likely pathogenic	{'name': 'not provided', 'database': 'MedGen', 'id': 'C3661900'}
VCV000376642	RCV000522600	TP53	1	criteria provided, single submitter	Pathogenic	{'name': 'not provided', 'database': 'MedGen', 'id': 'C3661900'}
VCV000376642	RCV000562528	TP53	1	criteria provided, single submitter	Pathogenic	{'name': 'Hereditary cancer-predisposing syndrome', 'database': 'MedGen', 'id': 'C0027672'}
VCV000376642	RCV000633344	TP53	2	criteria provided, multiple submitters, no conflicts	Likely pathogenic	{'name': 'Li-Fraumeni syndrome', 'database': 'MedGen', 'id': 'C0085390'}
VCV000376642	RCV000785527	TP53	0	no assertion criteria provided	Likely pathogenic	{'name': 'Ovarian neoplasm', 'database': 'MedGen', 'id': 'C0919267'}
VCV000376642	RCV004022233	TP53	1	criteria provided, single submitter	Likely pathogenic	{'name': 'Li-Fraumeni syndrome 1', 'database': 'MedGen', 'id': 'C1835398'}
VCV000376642	RCV004797610	TP53	0	no assertion criteria provided	Likely pathogenic	{'name': 'TP53-related disorder'}
VCV000376652	RCV000626118	TP53	1	criteria provided, single submitter	Likely pathogenic	{'name': 'Carcinoma of colon', 'database': 'MedGen', 'id': 'C0699790'}
VCV000376652	RCV000633396	TP53	1	criteria provided, single submitter	Likely pathogenic	{'name': 'Li-Fraumeni syndrome', 'database': 'MedGen', 'id': 'C0085390'}
VCV000376652	RCV001026425	TP53	1	criteria provided, single submitter	Pathogenic	{'name': 'Hereditary cancer-predisposing syndrome', 'database': 'MedGen', 'id': 'C0027672'}
VCV000376652	RCV004022238	TP53	2	criteria provided, multiple submitters, no conflicts	Pathogenic/Likely pathogenic	{'name': 'Li-Fraumeni syndrome 1', 'database': 'MedGen', 'id': 'C1835398'}
VCV000376655	RCV000568814	TP53	2	criteria provided, multiple submitters, no conflicts	Pathogenic	{'name': 'Hereditary cancer-predisposing syndrome', 'database': 'MedGen', 'id': 'C0027672'}
VCV000376655	RCV000785524	TP53	0	no assertion criteria provided	Likely pathogenic	{'name': 'Ovarian neoplasm', 'database': 'MedGen', 'id': 'C0919267'}
VCV000376655	RCV000822080	TP53	2	criteria provided, multiple submitters, no conflicts	Pathogenic	{'name': 'Li-Fraumeni syndrome', 'database': 'MedGen', 'id': 'C0085390'}
VCV000376655	RCV001539823	TP53	1	criteria provided, single submitter	Pathogenic	{'name': 'not provided', 'database': 'MedGen', 'id': 'C3661900'}
VCV000376655	RCV002289534	TP53	1	criteria provided, single submitter	Pathogenic	{'name': 'Li-Fraumeni syndrome 1', 'database': 'MedGen', 'id': 'C1835398'}
VCV000376655	RCV002502455	TP53	1	criteria provided, single submitter	Pathogenic	{'name': 'Adrenocortical carcinoma, hereditary', 'database': 'MedGen', 'id': 'C1859972'};{'name': 'Basal cell carcinoma, susceptibility to, 7', 'database': 'MedGen', 'id': 'C3553606'};{'name': 'Bone marrow failure syndrome 5', 'database': 'MedGen', 'id': 'C4748488'};{'name': 'Bone osteosarcoma', 'database': 'MedGen', 'id': 'C0585442'};{'name': 'Carcinoma of pancreas', 'database': 'MedGen', 'id': 'C0235974'};{'name': 'Choroid plexus papilloma', 'database': 'MedGen', 'id': 'C0205770'};{'name': 'Colorectal cancer', 'database': 'MedGen', 'id': 'C0346629'};{'name': 'Familial cancer of breast', 'database': 'MedGen', 'id': 'C0346153'};{'name': 'Glioma susceptibility 1', 'database': 'MedGen', 'id': 'C2750850'};{'name': 'Hepatocellular carcinoma', 'database': 'MedGen', 'id': 'C2239176'};{'name': 'Li-Fraumeni syndrome 1', 'database': 'MedGen', 'id': 'C1835398'};{'name': 'Nasopharyngeal carcinoma', 'database': 'MedGen', 'id': 'C2931822'}
VCV000376657	RCV000423448	TP53	1	criteria provided, single submitter	Likely pathogenic	{'name': 'Squamous cell carcinoma of the head and neck', 'database': 'MedGen', 'id': 'C1168401'}
VCV000376657	RCV000492483	TP53	1	criteria provided, single submitter	Pathogenic	{'name': 'Hereditary cancer-predisposing syndrome', 'database': 'MedGen', 'id': 'C0027672'}
VCV000376657	RCV000633356	TP53	1	criteria provided, single submitter	Uncertain significance	{'name': 'Li-Fraumeni syndrome', 'database': 'MedGen', 'id': 'C0085390'}
VCV000376657	RCV005411425	TP53	1	criteria provided, single submitter	Pathogenic	{'name': 'not provided', 'database': 'MedGen', 'id': 'C3661900'}
VCV000376674	RCV001255677	TP53	0	no assertion criteria provided	Pathogenic	{'name': 'Lip and oral cavity carcinoma', 'database': 'MedGen', 'id': 'C0220641'}
VCV000376674	RCV001344689	TP53	1	criteria provided, single submitter	Uncertain significance	{'name': 'Li-Fraumeni syndrome', 'database': 'MedGen', 'id': 'C0085390'}
VCV000376674	RCV002429349	TP53	1	criteria provided, single submitter	Pathogenic	{'name': 'Hereditary cancer-predisposing syndrome', 'database': 'MedGen', 'id': 'C0027672'}
VCV000376674	RCV004022248	TP53	1	criteria provided, single submitter	Likely pathogenic	{'name': 'Li-Fraumeni syndrome 1', 'database': 'MedGen', 'id': 'C1835398'}
VCV000376674	RCV005869415	TP53	1	criteria provided, single submitter	Pathogenic	{'name': 'not provided', 'database': 'MedGen', 'id': 'C3661900'}
VCV000376679	RCV000633347	TP53	1	criteria provided, single submitter	Uncertain significance	{'name': 'Li-Fraumeni syndrome', 'database': 'MedGen', 'id': 'C0085390'}
VCV000376679	RCV002338982	TP53	1	criteria provided, single submitter	Likely pathogenic	{'name': 'Hereditary cancer-predisposing syndrome', 'database': 'MedGen', 'id': 'C0027672'}
VCV000376679	RCV004022250	TP53	1	criteria provided, single submitter	Likely pathogenic	{'name': 'Li-Fraumeni syndrome 1', 'database': 'MedGen', 'id': 'C1835398'}
VCV000376681	RCV000704312	TP53	2	criteria provided, multiple submitters, no conflicts	Pathogenic	{'name': 'Li-Fraumeni syndrome', 'database': 'MedGen', 'id': 'C0085390'}
VCV000376681	RCV002356520	TP53	1	criteria provided, single submitter	Pathogenic	{'name': 'Hereditary cancer-predisposing syndrome', 'database': 'MedGen', 'id': 'C0027672'}
VCV000376681	RCV004022251	TP53	1	criteria provided, single submitter	Pathogenic	{'name': 'Li-Fraumeni syndrome 1', 'database': 'MedGen', 'id': 'C1835398'}
VCV000376681	RCV004721353	TP53	1	criteria provided, single submitter	Pathogenic	{'name': 'not provided', 'database': 'MedGen', 'id': 'C3661900'}
VCV000376681	RCV004745373	TP53	0	no assertion criteria provided	Likely pathogenic	{'name': 'TP53-related disorder'}
VCV000378057	RCV000435546	TRPV4	0	no assertion criteria provided	Pathogenic	{'name': 'Avascular necrosis of femoral head, primary, 2', 'database': 'MedGen', 'id': 'C4479260'}
VCV000378927	RCV000436956	SCN2A	1	criteria provided, single submitter	Pathogenic	{'name': 'not provided', 'database': 'MedGen', 'id': 'C3661900'}
VCV000378927	RCV001042388	SCN2A	1	criteria provided, single submitter	Pathogenic	{'name': 'Developmental and epileptic encephalopathy, 11', 'database': 'MedGen', 'id': 'C3150987'};{'name': 'Seizures, benign familial infantile, 3', 'database': 'MedGen', 'id': 'C1843140'}
VCV000378927	RCV001848747	SCN2A	0	no assertion criteria provided	Pathogenic	{'name': 'Developmental and epileptic encephalopathy', 'database': 'MedGen', 'id': 'C5779964'}
VCV000378927	RCV001848748	SCN2A	0	no assertion criteria provided	Pathogenic	{'name': 'Benign Neonatal Epilepsy', 'database': 'MedGen', 'id': 'C0270851'}
VCV000378927	RCV002267611	SCN2A	1	criteria provided, single submitter	Pathogenic	{'name': 'Seizures, benign familial infantile, 3', 'database': 'MedGen', 'id': 'C1843140'}
VCV000378927	RCV002281573	SCN2A	0	no assertion criteria provided	Pathogenic	{'name': 'Episodic ataxia, type 9', 'database': 'MedGen', 'id': 'C5394520'}
VCV000378927	RCV003155938	SCN2A	0	no assertion criteria provided	Likely pathogenic	{'name': 'unclassified developmental and epileptic encephalopathy'}
VCV000378927	RCV003441147	SCN2A	0	no assertion criteria provided	Pathogenic	{'name': 'Developmental and epileptic encephalopathy, 11', 'database': 'MedGen', 'id': 'C3150987'}
VCV000378927	RCV006636226	SCN2A	2	criteria provided, multiple submitters, no conflicts	Pathogenic	{'name': 'SCN2A-related disorder'}
VCV000379838	RCV000420271	SCN3A	1	criteria provided, single submitter	Pathogenic	{'name': 'not provided', 'database': 'MedGen', 'id': 'C3661900'}
VCV000379838	RCV000625713	SCN3A	1	criteria provided, single submitter	Likely pathogenic	{'name': 'Developmental and epileptic encephalopathy, 62', 'database': 'MedGen', 'id': 'C4693699'}
VCV000379931	RCV000433842	CASR	2	criteria provided, multiple submitters, no conflicts	Pathogenic	{'name': 'not provided', 'database': 'MedGen', 'id': 'C3661900'}
VCV000379931	RCV000700033	CASR	1	criteria provided, single submitter	Pathogenic	{'name': 'Autosomal dominant hypocalcemia 1', 'database': 'MedGen', 'id': 'C3715128'};{'name': 'Familial hypocalciuric hypercalcemia', 'database': 'MedGen', 'id': 'C1809471'}
VCV000379931	RCV002488902	CASR	1	criteria provided, single submitter	Likely pathogenic	{'name': 'Autosomal dominant hypocalcemia 1', 'database': 'MedGen', 'id': 'C3715128'};{'name': 'Epilepsy, idiopathic generalized, susceptibility to, 8', 'database': 'MedGen', 'id': 'C2752062'};{'name': 'Familial hypocalciuric hypercalcemia 1', 'database': 'MedGen', 'id': 'C0342637'};{'name': 'Neonatal severe primary hyperparathyroidism', 'database': 'MedGen', 'id': 'C1832615'}
VCV000379931	RCV003993953	CASR	1	criteria provided, single submitter	Likely pathogenic	{'name': 'Familial hypocalciuric hypercalcemia', 'database': 'MedGen', 'id': 'C1809471'}
VCV000379931	RCV004554774	CASR	1	criteria provided, single submitter	Pathogenic	{'name': 'CASR-related disorder'}
VCV000380972	RCV000435974	CACNA1A	2	criteria provided, multiple submitters, no conflicts	Pathogenic	{'name': 'not provided', 'database': 'MedGen', 'id': 'C3661900'}
VCV000380972	RCV000624902	CACNA1A	1	criteria provided, single submitter	Pathogenic	{'name': 'Inborn genetic diseases', 'database': 'MedGen', 'id': 'C0950123'}
VCV000380972	RCV000763033	CACNA1A	1	criteria provided, single submitter	Pathogenic	{'name': 'Developmental and epileptic encephalopathy, 42', 'database': 'MedGen', 'id': 'C4310716'};{'name': 'Episodic ataxia type 2', 'database': 'MedGen', 'id': 'C1720416'};{'name': 'Migraine, familial hemiplegic, 1', 'database': 'MedGen', 'id': 'C1832884'};{'name': 'Spinocerebellar ataxia type 6', 'database': 'MedGen', 'id': 'C0752124'}
VCV000380972	RCV000787277	CACNA1A	2	criteria provided, multiple submitters, no conflicts	Pathogenic/Likely pathogenic	{'name': 'Developmental and epileptic encephalopathy, 42', 'database': 'MedGen', 'id': 'C4310716'}
VCV000380972	RCV001078138	CACNA1A	2	criteria provided, multiple submitters, no conflicts	Pathogenic	{'name': 'Developmental and epileptic encephalopathy, 42', 'database': 'MedGen', 'id': 'C4310716'};{'name': 'Episodic ataxia type 2', 'database': 'MedGen', 'id': 'C1720416'}
VCV000380972	RCV001251039	CACNA1A	1	criteria provided, single submitter	Pathogenic	{'name': 'Spinocerebellar ataxia type 6', 'database': 'MedGen', 'id': 'C0752124'}
VCV000380972	RCV002227161	CACNA1A	1	criteria provided, single submitter	Pathogenic	{'name': 'Developmental and epileptic encephalopathy, 52', 'database': 'MedGen', 'id': 'C4479236'};{'name': 'Episodic ataxia type 2', 'database': 'MedGen', 'id': 'C1720416'};{'name': 'Migraine, familial hemiplegic, 1', 'database': 'MedGen', 'id': 'C1832884'};{'name': 'Spinocerebellar ataxia type 6', 'database': 'MedGen', 'id': 'C0752124'}
VCV000380972	RCV003223404	CACNA1A	0	no classification provided	not provided	{'name': 'Episodic ataxia type 2', 'database': 'MedGen', 'id': 'C1720416'};{'name': 'Migraine, familial hemiplegic, 1', 'database': 'MedGen', 'id': 'C1832884'};{'name': 'Spinocerebellar ataxia type 6', 'database': 'MedGen', 'id': 'C0752124'}
VCV000380972	RCV003333066	CACNA1A	1	criteria provided, single submitter	Pathogenic	{'name': 'Episodic ataxia type 2', 'database': 'MedGen', 'id': 'C1720416'}
VCV000383923	RCV000435175	SCN4A	2	criteria provided, multiple submitters, no conflicts	Likely pathogenic	{'name': 'not provided', 'database': 'MedGen', 'id': 'C3661900'}
VCV000383923	RCV000821671	SCN4A	1	criteria provided, single submitter	Pathogenic	{'name': 'Hyperkalemic periodic paralysis', 'database': 'MedGen', 'id': 'C0238357'}
VCV000383923	RCV006635326	SCN4A	1	criteria provided, single submitter	Pathogenic	{'name': 'Skeletal muscle channelopathy'}
VCV000383923	RCV006704685	SCN4A	1	criteria provided, single submitter	Pathogenic	{'name': 'SCN4A-related disorder'}
VCV000388568	RCV000426759	SETD2	2	criteria provided, multiple submitters, no conflicts	Pathogenic	{'name': 'not provided', 'database': 'MedGen', 'id': 'C3661900'}
VCV000388568	RCV000779643	SETD2	0	no assertion criteria provided	Pathogenic	{'name': 'Cerebellar vermis hypoplasia', 'database': 'MedGen', 'id': 'C1840379'};{'name': 'Corpus callosum, agenesis of', 'database': 'MedGen', 'id': 'C0175754'};{'name': 'Luscan-Lumish syndrome', 'database': 'MedGen', 'id': 'C4085873'}
VCV000388568	RCV000853394	SETD2	2	criteria provided, multiple submitters, no conflicts	Pathogenic/Likely pathogenic	{'name': 'Luscan-Lumish syndrome', 'database': 'MedGen', 'id': 'C4085873'}
VCV000388568	RCV001258009	SETD2	0	no assertion criteria provided	Likely pathogenic	{'name': 'Congenital cerebellar hypoplasia', 'database': 'MedGen', 'id': 'C5231391'}
VCV000388568	RCV001267453	SETD2	1	criteria provided, single submitter	Pathogenic	{'name': 'Inborn genetic diseases', 'database': 'MedGen', 'id': 'C0950123'}
VCV000388568	RCV001267684	SETD2	2	criteria provided, multiple submitters, no conflicts	Pathogenic/Likely pathogenic	{'name': 'SETD2-related disorder'}
VCV000388568	RCV002467447	SETD2	0	no assertion criteria provided	Pathogenic	{'name': 'Rabin-Pappas syndrome', 'database': 'MedGen', 'id': 'C5774269'}
VCV000388568	RCV004554776	SETD2	1	criteria provided, single submitter	Pathogenic	{'name': 'SETD2 associated neurodevelopmental disorder with multiple congenital anomalies'}
VCV000391119	RCV000866711	SCN10A	1	criteria provided, single submitter	Benign	{'name': 'Brugada syndrome', 'database': 'MedGen', 'id': 'C1142166'}
VCV000391119	RCV001698319	SCN10A	1	criteria provided, single submitter	Likely benign	{'name': 'not provided', 'database': 'MedGen', 'id': 'C3661900'}
VCV000391119	RCV002411405	SCN10A	1	criteria provided, single submitter	Likely benign	{'name': 'Cardiovascular phenotype', 'database': 'MedGen', 'id': 'CN230736'}
VCV000391119	RCV004539903	SCN10A	0	no assertion criteria provided	Likely benign	{'name': 'SCN10A-related disorder'}
VCV000391119	RCV006690452	SCN10A	1	criteria provided, single submitter	Likely benign	{'name': 'not specified', 'database': 'MedGen', 'id': 'CN169374'}
VCV000391779	RCV000440429	CACNA1A	1	criteria provided, conflicting classifications	Conflicting classifications of pathogenicity	{'name': 'not provided', 'database': 'MedGen', 'id': 'C3661900'}
VCV000391779	RCV000706830	CACNA1A	1	criteria provided, single submitter	Benign	{'name': 'Developmental and epileptic encephalopathy, 42', 'database': 'MedGen', 'id': 'C4310716'};{'name': 'Episodic ataxia type 2', 'database': 'MedGen', 'id': 'C1720416'}
VCV000391779	RCV003168701	CACNA1A	1	criteria provided, single submitter	Uncertain significance	{'name': 'Inborn genetic diseases', 'database': 'MedGen', 'id': 'C0950123'}
VCV000392379	RCV000434343	FOXN1	1	criteria provided, single submitter	Uncertain significance	{'name': 'not provided', 'database': 'MedGen', 'id': 'C3661900'}
VCV000392379	RCV004772907	FOXN1	3	reviewed by expert panel	Likely pathogenic	{'name': 'T-cell immunodeficiency, congenital alopecia, and nail dystrophy', 'database': 'MedGen', 'id': 'C1866426'}
VCV000393083	RCV000420331	KCND3	2	criteria provided, multiple submitters, no conflicts	Uncertain significance	{'name': 'not provided', 'database': 'MedGen', 'id': 'C3661900'}
VCV000393083	RCV003298458	KCND3	1	criteria provided, single submitter	Uncertain significance	{'name': 'Cardiovascular phenotype', 'database': 'MedGen', 'id': 'CN230736'}
VCV000393429	RCV000445377	ABCC8	1	criteria provided, single submitter	Uncertain significance	{'name': 'Monogenic diabetes', 'database': 'MedGen', 'id': 'C3888631'}
VCV000393429	RCV000710369	ABCC8	2	criteria provided, multiple submitters, no conflicts	Uncertain significance	{'name': 'not provided', 'database': 'MedGen', 'id': 'C3661900'}
VCV000393429	RCV001104821	ABCC8	1	criteria provided, single submitter	Uncertain significance	{'name': 'Permanent neonatal diabetes mellitus', 'database': 'MedGen', 'id': 'C1833104'}
VCV000393429	RCV001104822	ABCC8	1	criteria provided, single submitter	Likely benign	{'name': 'Diabetes mellitus, transient neonatal, 2', 'database': 'MedGen', 'id': 'C1835887'}
VCV000393429	RCV001104823	ABCC8	2	criteria provided, multiple submitters, no conflicts	Uncertain significance	{'name': 'Hyperinsulinemic hypoglycemia, familial, 1', 'database': 'MedGen', 'id': 'C2931832'}
VCV000393429	RCV001272244	ABCC8	0	no assertion criteria provided	Uncertain significance	{'name': 'Hereditary hyperinsulinism'}
VCV000393429	RCV002265764	ABCC8	1	criteria provided, single submitter	Uncertain significance	{'name': 'not specified', 'database': 'MedGen', 'id': 'CN169374'}
VCV000403288	RCV000455200	PCSK9	2	criteria provided, multiple submitters, no conflicts	Uncertain significance	{'name': 'not specified', 'database': 'MedGen', 'id': 'CN169374'}
VCV000403288	RCV001182021	PCSK9	1	criteria provided, single submitter	Uncertain significance	{'name': 'Familial hypercholesterolemia', 'database': 'MedGen', 'id': 'C0020445'}
VCV000403288	RCV001856799	PCSK9	2	criteria provided, multiple submitters, no conflicts	Uncertain significance	{'name': 'Hypercholesterolemia, autosomal dominant, 3', 'database': 'MedGen', 'id': 'C1863551'}
VCV000403288	RCV004649153	PCSK9	1	criteria provided, single submitter	Uncertain significance	{'name': 'Cardiovascular phenotype', 'database': 'MedGen', 'id': 'CN230736'}
VCV000403957	RCV000473483	GRIN1	1	criteria provided, single submitter	Pathogenic	{'name': 'Neurodevelopmental disorder with or without hyperkinetic movements and seizures, autosomal dominant', 'database': 'MedGen', 'id': 'C3280282'}
VCV000403957	RCV000844969	GRIN1	0	no classification provided	not provided	{'name': 'GRIN1-related disorder'}
VCV000405255	RCV000471238	KCNQ1	1	criteria provided, single submitter	Likely pathogenic	{'name': 'Long QT syndrome', 'database': 'MedGen', 'id': 'C0023976'}
VCV000406437	RCV000458394	SCN5A	1	criteria provided, single submitter	Uncertain significance	{'name': 'Brugada syndrome', 'database': 'MedGen', 'id': 'C1142166'}
VCV000406437	RCV001841357	SCN5A	2	criteria provided, multiple submitters, no conflicts	Uncertain significance	{'name': 'Cardiac arrhythmia', 'database': 'MedGen', 'id': 'C0003811'}
VCV000406437	RCV006451777	SCN5A	1	criteria provided, single submitter	Uncertain significance	{'name': 'Progressive familial heart block, type 1A', 'database': 'MedGen', 'id': 'C1879286'}
VCV000406578	RCV000464573	TP53	3	reviewed by expert panel	Pathogenic	{'name': 'Li-Fraumeni syndrome', 'database': 'MedGen', 'id': 'C0085390'}
VCV000406578	RCV000567952	TP53	2	criteria provided, multiple submitters, no conflicts	Pathogenic/Likely pathogenic	{'name': 'Hereditary cancer-predisposing syndrome', 'database': 'MedGen', 'id': 'C0027672'}
VCV000406578	RCV001527472	TP53	0	no assertion criteria provided	Pathogenic	{'name': 'Ovarian neoplasm', 'database': 'MedGen', 'id': 'C0919267'}
VCV000406578	RCV003159559	TP53	0	no assertion criteria provided	Pathogenic	{'name': 'Acute myeloid leukemia', 'database': 'MedGen', 'id': 'C0023467'}
VCV000406578	RCV005869464	TP53	1	criteria provided, single submitter	Pathogenic	{'name': 'not provided', 'database': 'MedGen', 'id': 'C3661900'}
VCV000406598	RCV000465003	TP53	1	criteria provided, single submitter	Uncertain significance	{'name': 'Li-Fraumeni syndrome', 'database': 'MedGen', 'id': 'C0085390'}
VCV000406598	RCV004022606	TP53	1	criteria provided, single submitter	Likely pathogenic	{'name': 'Li-Fraumeni syndrome 1', 'database': 'MedGen', 'id': 'C1835398'}
VCV000406598	RCV006708815	TP53	1	criteria provided, single submitter	Likely pathogenic	{'name': 'Glioma susceptibility 1', 'database': 'MedGen', 'id': 'C2750850'}
VCV000409725	RCV000458760	KIT	1	criteria provided, single submitter	Pathogenic	{'name': 'Gastrointestinal stromal tumor', 'database': 'MedGen', 'id': 'C0238198'}
VCV000409725	RCV002402276	KIT	1	criteria provided, single submitter	Pathogenic	{'name': 'Hereditary cancer-predisposing syndrome', 'database': 'MedGen', 'id': 'C0027672'}
VCV000409725	RCV003114585	KIT	1	criteria provided, single submitter	Likely pathogenic	{'name': 'not provided', 'database': 'MedGen', 'id': 'C3661900'}
VCV000410695	RCV002523343	TERT	1	criteria provided, single submitter	Uncertain significance	{'name': 'Dyskeratosis congenita, autosomal dominant 2', 'database': 'MedGen', 'id': 'C3151443'};{'name': 'Idiopathic Pulmonary Fibrosis', 'database': 'MedGen', 'id': 'C1800706'}
VCV000410695	RCV005278568	TERT	1	criteria provided, single submitter	Uncertain significance	{'name': 'Dyskeratosis congenita', 'database': 'MedGen', 'id': 'C0265965'}
VCV000410984	RCV000463674	SCN2A	1	criteria provided, single submitter	Pathogenic	{'name': 'Developmental and epileptic encephalopathy, 11', 'database': 'MedGen', 'id': 'C3150987'};{'name': 'Seizures, benign familial infantile, 3', 'database': 'MedGen', 'id': 'C1843140'}
VCV000410984	RCV001003339	SCN2A	0	no assertion criteria provided	Pathogenic	{'name': 'Seizure', 'database': 'MedGen', 'id': 'C0036572'}
VCV000410984	RCV001268119	SCN2A	1	criteria provided, single submitter	Likely pathogenic	{'name': 'not provided', 'database': 'MedGen', 'id': 'C3661900'}
VCV000410984	RCV001530194	SCN2A	1	criteria provided, single submitter	Likely pathogenic	{'name': 'Seizures, benign familial infantile, 3', 'database': 'MedGen', 'id': 'C1843140'}
VCV000410984	RCV003313957	SCN2A	2	criteria provided, multiple submitters, no conflicts	Pathogenic/Likely pathogenic	{'name': 'Developmental and epileptic encephalopathy, 11', 'database': 'MedGen', 'id': 'C3150987'}
VCV000414633	RCV000466946	SCN10A	1	criteria provided, single submitter	Benign	{'name': 'Brugada syndrome', 'database': 'MedGen', 'id': 'C1142166'}
VCV000414633	RCV000613459	SCN10A	2	criteria provided, multiple submitters, no conflicts	Benign/Likely benign	{'name': 'not specified', 'database': 'MedGen', 'id': 'CN169374'}
VCV000414633	RCV000987249	SCN10A	1	criteria provided, single submitter	Likely benign	{'name': 'Brugada syndrome 1', 'database': 'MedGen', 'id': 'C4551804'}
VCV000414633	RCV002254167	SCN10A	0	no assertion criteria provided	Likely pathogenic	{'name': 'Impaired temperature sensation', 'database': 'MedGen', 'id': 'C4021222'}
VCV000414633	RCV002341091	SCN10A	1	criteria provided, single submitter	Likely benign	{'name': 'Cardiovascular phenotype', 'database': 'MedGen', 'id': 'CN230736'}
VCV000414633	RCV002496819	SCN10A	1	criteria provided, single submitter	Likely benign	{'name': 'Episodic pain syndrome, familial, 2', 'database': 'MedGen', 'id': 'C3809893'}
VCV000414633	RCV003431025	SCN10A	1	criteria provided, single submitter	Likely benign	{'name': 'not provided', 'database': 'MedGen', 'id': 'C3661900'}
VCV000417001	RCV000460253	NEDD4L	2	criteria provided, multiple submitters, no conflicts	Benign/Likely benign	{'name': 'not provided', 'database': 'MedGen', 'id': 'C3661900'}
VCV000417001	RCV002496847	NEDD4L	1	criteria provided, single submitter	Likely benign	{'name': 'Periventricular nodular heterotopia 7', 'database': 'MedGen', 'id': 'C4310669'}
VCV000417001	RCV003925392	NEDD4L	0	no assertion criteria provided	Benign	{'name': 'NEDD4L-related disorder'}
VCV000421171	RCV000482055	STAT3	2	criteria provided, multiple submitters, no conflicts	Pathogenic	{'name': 'not provided', 'database': 'MedGen', 'id': 'C3661900'}
VCV000421171	RCV000624252	STAT3	1	criteria provided, single submitter	Likely pathogenic	{'name': 'Inborn genetic diseases', 'database': 'MedGen', 'id': 'C0950123'}
VCV000421171	RCV001027630	STAT3	1	criteria provided, single submitter	Pathogenic	{'name': 'Inherited Immunodeficiency Diseases', 'database': 'MedGen', 'id': 'C5197805'}
VCV000421171	RCV001216892	STAT3	1	criteria provided, single submitter	Pathogenic	{'name': 'Hyper-IgE recurrent infection syndrome 1, autosomal dominant', 'database': 'MedGen', 'id': 'C2936739'};{'name': 'STAT3 gain of function', 'database': 'MedGen', 'id': 'C4288261'}
VCV000421171	RCV002063763	STAT3	1	criteria provided, single submitter	Pathogenic	{'name': 'Hyper-IgE recurrent infection syndrome 1, autosomal dominant', 'database': 'MedGen', 'id': 'C2936739'};{'name': 'STAT3-related early-onset multisystem autoimmune disease', 'database': 'MedGen', 'id': 'C4014795'}
VCV000421171	RCV003105918	STAT3	2	criteria provided, multiple submitters, no conflicts	Pathogenic/Likely pathogenic	{'name': 'STAT3-related early-onset multisystem autoimmune disease', 'database': 'MedGen', 'id': 'C4014795'}
VCV000421171	RCV003401539	STAT3	0	no assertion criteria provided	Pathogenic	{'name': 'STAT3-related disorder'}
VCV000421649	RCV000487229	NLRC4	1	criteria provided, single submitter	Likely pathogenic	{'name': 'not provided', 'database': 'MedGen', 'id': 'C3661900'}
VCV000424397	RCV000484158	KCNQ3	2	criteria provided, multiple submitters, no conflicts	Pathogenic	{'name': 'not provided', 'database': 'MedGen', 'id': 'C3661900'}
VCV000424397	RCV000624399	KCNQ3	1	criteria provided, single submitter	Pathogenic	{'name': 'Inborn genetic diseases', 'database': 'MedGen', 'id': 'C0950123'}
VCV000424397	RCV001004714	KCNQ3	2	criteria provided, multiple submitters, no conflicts	Pathogenic/Likely pathogenic	{'name': 'Seizures, benign familial neonatal, 2', 'database': 'MedGen', 'id': 'C1852581'}
VCV000424397	RCV001059339	KCNQ3	1	criteria provided, single submitter	Pathogenic	{'name': 'Benign neonatal seizures', 'database': 'MedGen', 'id': 'C0220669'}
VCV000424397	RCV004584388	KCNQ3	1	criteria provided, single submitter	Pathogenic	{'name': 'See cases'}
VCV000424397	RCV005624404	KCNQ3	1	criteria provided, single submitter	Pathogenic	{'name': 'Seizure', 'database': 'MedGen', 'id': 'C0036572'}
VCV000424397	RCV006694032	KCNQ3	1	criteria provided, single submitter	Pathogenic	{'name': 'Intellectual disability', 'database': 'MedGen', 'id': 'C3714756'}
VCV000424771	RCV000195502	CNGB3	1	criteria provided, single submitter	Pathogenic	{'name': 'Severe early-childhood-onset retinal dystrophy', 'database': 'MedGen', 'id': 'C1855465'}
VCV000426175	RCV000489011	SCN1A	1	criteria provided, single submitter	Likely pathogenic	{'name': 'not provided', 'database': 'MedGen', 'id': 'C3661900'}
VCV000426175	RCV001257670	SCN1A	1	criteria provided, single submitter	Pathogenic	{'name': 'Intellectual disability', 'database': 'MedGen', 'id': 'C3714756'}
VCV000426760	RCV000489146	KCNC1	1	criteria provided, single submitter	Pathogenic	{'name': 'not provided', 'database': 'MedGen', 'id': 'C3661900'}
VCV000426760	RCV001851315	KCNC1	2	criteria provided, multiple submitters, no conflicts	Pathogenic/Likely pathogenic	{'name': 'Progressive myoclonic epilepsy type 7', 'database': 'MedGen', 'id': 'C4015420'}
VCV000427066	RCV000489700	CLCN2	1	criteria provided, single submitter	Likely pathogenic	{'name': 'not provided', 'database': 'MedGen', 'id': 'C3661900'}
VCV000427066	RCV000584655	CLCN2	1	criteria provided, single submitter	Pathogenic	{'name': 'Familial hyperaldosteronism type II', 'database': 'MedGen', 'id': 'C1854107'}
VCV000427574	RCV000490555	CRY1	0	no assertion criteria provided	risk factor	{'name': 'Delayed sleep phase syndrome, susceptibility to', 'database': 'MedGen', 'id': 'C3279991'}
VCV000427574	RCV001849384	CRY1	0	no assertion criteria provided	association	{'name': 'Attention deficit hyperactivity disorder', 'database': 'MedGen', 'id': 'C1263846'};{'name': 'Sleep-wake schedule disorder, delayed phase type', 'database': 'MedGen', 'id': 'C0393770'}
VCV000430066	RCV000493698	SCN10A	1	criteria provided, single submitter	Uncertain significance	{'name': 'not provided', 'database': 'MedGen', 'id': 'C3661900'}
VCV000430066	RCV001856972	SCN10A	1	criteria provided, single submitter	Uncertain significance	{'name': 'Brugada syndrome', 'database': 'MedGen', 'id': 'C1142166'}
VCV000430066	RCV002350102	SCN10A	1	criteria provided, single submitter	Benign	{'name': 'Cardiovascular phenotype', 'database': 'MedGen', 'id': 'CN230736'}
VCV000430804	RCV000785974	ACTL6B	2	criteria provided, multiple submitters, no conflicts	Pathogenic/Likely pathogenic	{'name': 'Intellectual developmental disorder with severe speech and ambulation defects', 'database': 'MedGen', 'id': 'C5193115'}
VCV000430804	RCV001028074	ACTL6B	0	no assertion criteria provided	Likely pathogenic	{'name': 'ACTL6B-related dominant intellectual disability'};{'name': 'Autism', 'database': 'MedGen', 'id': 'C0004352'}
VCV000430804	RCV001381390	ACTL6B	2	criteria provided, multiple submitters, no conflicts	Pathogenic/Likely pathogenic	{'name': 'not provided', 'database': 'MedGen', 'id': 'C3661900'}
VCV000430804	RCV001526602	ACTL6B	1	criteria provided, single submitter	Pathogenic	{'name': 'Intellectual disability', 'database': 'MedGen', 'id': 'C3714756'}
VCV000430804	RCV001533053	ACTL6B	1	criteria provided, single submitter	Pathogenic	{'name': 'ACTL6B-related BAFopathy'}
VCV000430804	RCV002527120	ACTL6B	1	criteria provided, single submitter	Pathogenic	{'name': 'Inborn genetic diseases', 'database': 'MedGen', 'id': 'C0950123'}
VCV000430807	RCV000656389	CYFIP2	2	criteria provided, multiple submitters, no conflicts	Pathogenic/Likely pathogenic	{'name': 'Developmental and epileptic encephalopathy, 65', 'database': 'MedGen', 'id': 'C4693925'}
VCV000430807	RCV001174530	CYFIP2	1	criteria provided, single submitter	Pathogenic	{'name': 'Seizure', 'database': 'MedGen', 'id': 'C0036572'}
VCV000430807	RCV001266302	CYFIP2	1	criteria provided, single submitter	Pathogenic	{'name': 'Inborn genetic diseases', 'database': 'MedGen', 'id': 'C0950123'}
VCV000430807	RCV001856988	CYFIP2	1	criteria provided, single submitter	Pathogenic	{'name': 'not provided', 'database': 'MedGen', 'id': 'C3661900'}
VCV000430921	RCV000516161	CAMK2B	1	criteria provided, single submitter	Pathogenic	{'name': 'Intellectual disability, autosomal dominant 54', 'database': 'MedGen', 'id': 'C4540484'}
VCV000430921	RCV000577922	CAMK2B	0	no assertion criteria provided	Pathogenic	{'name': 'Intellectual disability', 'database': 'MedGen', 'id': 'C3714756'}
VCV000430921	RCV002282179	CAMK2B	1	criteria provided, single submitter	Pathogenic	{'name': 'not provided', 'database': 'MedGen', 'id': 'C3661900'}
VCV000431024	RCV000491283	ERBB2	0	no assertion criteria provided	Pathogenic	{'name': 'Lung adenocarcinoma', 'database': 'MedGen', 'id': 'C0152013'}
VCV000431712	RCV000655946	KCNJ6	1	criteria provided, single submitter	Likely pathogenic	{'name': 'Keppen-Lubinsky syndrome', 'database': 'MedGen', 'id': 'C3279800'}
VCV000433099	RCV000544928	SCN9A	1	criteria provided, single submitter	Uncertain significance	{'name': 'Generalized epilepsy with febrile seizures plus, type 7', 'database': 'MedGen', 'id': 'C2751778'};{'name': 'Neuropathy, hereditary sensory and autonomic, type 2A', 'database': 'MedGen', 'id': 'C2752089'}
VCV000433099	RCV000655988	SCN9A	0	no assertion criteria provided	Pathogenic	{'name': 'Self-limited epilepsy with centrotemporal spikes', 'database': 'MedGen', 'id': 'C0376532'}
VCV000433099	RCV001535614	SCN9A	0	no classification provided	not provided	{'name': 'Channelopathy-associated congenital insensitivity to pain, autosomal recessive', 'database': 'MedGen', 'id': 'C1855739'};{'name': 'Generalized epilepsy with febrile seizures plus', 'database': 'MedGen', 'id': 'C3502809'};{'name': 'Neuropathy, hereditary sensory and autonomic, type 2A', 'database': 'MedGen', 'id': 'C2752089'};{'name': 'Paroxysmal extreme pain disorder', 'database': 'MedGen', 'id': 'C1833661'};{'name': 'Primary erythromelalgia', 'database': 'MedGen', 'id': 'C0014805'}
VCV000433099	RCV001557778	SCN9A	2	criteria provided, multiple submitters, no conflicts	Uncertain significance	{'name': 'not provided', 'database': 'MedGen', 'id': 'C3661900'}
VCV000433099	RCV002413370	SCN9A	1	criteria provided, single submitter	Uncertain significance	{'name': 'Inborn genetic diseases', 'database': 'MedGen', 'id': 'C0950123'}
VCV000433099	RCV002475989	SCN9A	1	criteria provided, single submitter	Uncertain significance	{'name': 'Channelopathy-associated congenital insensitivity to pain, autosomal recessive', 'database': 'MedGen', 'id': 'C1855739'};{'name': 'Neuropathy, hereditary sensory and autonomic, type 2A', 'database': 'MedGen', 'id': 'C2752089'};{'name': 'Paroxysmal extreme pain disorder', 'database': 'MedGen', 'id': 'C1833661'};{'name': 'Primary erythromelalgia', 'database': 'MedGen', 'id': 'C0014805'}
VCV000433099	RCV005051787	SCN9A	1	criteria provided, single submitter	Uncertain significance	{'name': 'SCN9A-related neuropathic pain syndromes'}
VCV000434047	RCV000500160	ABCC8	1	criteria provided, single submitter	Pathogenic	{'name': 'Permanent neonatal diabetes mellitus', 'database': 'MedGen', 'id': 'C1833104'}
VCV000434047	RCV002051860	ABCC8	1	criteria provided, single submitter	Likely pathogenic	{'name': 'Neonatal diabetes mellitus', 'database': 'MedGen', 'id': 'C0158981'}
VCV000434047	RCV006263996	ABCC8	1	criteria provided, single submitter	Pathogenic	{'name': 'not provided', 'database': 'MedGen', 'id': 'C3661900'}
VCV000435564	RCV000499686	KCNT1	1	criteria provided, single submitter	Uncertain significance	{'name': 'not specified', 'database': 'MedGen', 'id': 'CN169374'}
VCV000435564	RCV001401793	KCNT1	1	criteria provided, single submitter	Pathogenic	{'name': 'Autosomal dominant nocturnal frontal lobe epilepsy 5', 'database': 'MedGen', 'id': 'C3554306'};{'name': 'Developmental and epileptic encephalopathy, 14', 'database': 'MedGen', 'id': 'C3554195'}
VCV000435564	RCV002291651	KCNT1	1	criteria provided, single submitter	Uncertain significance	{'name': 'not provided', 'database': 'MedGen', 'id': 'C3661900'}
VCV000437909	RCV000504592	UBTF	1	criteria provided, single submitter	Pathogenic	{'name': 'UBTF E210K Neuroregression Syndrome'}
VCV000437909	RCV000505522	UBTF	2	criteria provided, multiple submitters, no conflicts	Pathogenic/Likely pathogenic	{'name': 'Childhood-onset motor and cognitive regression syndrome with extrapyramidal movement disorder', 'database': 'MedGen', 'id': 'C4540086'}
VCV000437909	RCV000625527	UBTF	1	criteria provided, single submitter	Likely pathogenic	{'name': 'Infantile or childhood onset neurodegenerative disease, global developmental delay, and intellectual disability'}
VCV000437909	RCV000845031	UBTF	0	no classification provided	not provided	{'name': 'UBTF-related disorder'}
VCV000437909	RCV001195293	UBTF	1	criteria provided, single submitter	Pathogenic	{'name': 'Rare syndromic intellectual disability', 'database': 'MedGen', 'id': 'C5681780'}
VCV000437909	RCV001265907	UBTF	1	criteria provided, single submitter	Pathogenic	{'name': 'Inborn genetic diseases', 'database': 'MedGen', 'id': 'C0950123'}
VCV000437909	RCV001420236	UBTF	1	criteria provided, single submitter	Pathogenic	{'name': 'See cases'}
VCV000437909	RCV001566123	UBTF	1	criteria provided, single submitter	Pathogenic	{'name': 'not provided', 'database': 'MedGen', 'id': 'C3661900'}
VCV000438332	RCV000505210	PCSK9	1	criteria provided, single submitter	Likely pathogenic	{'name': 'Hypercholesterolemia, familial, 1', 'database': 'MedGen', 'id': 'C0745103'}
VCV000438332	RCV000706194	PCSK9	2	criteria provided, multiple submitters, no conflicts	Pathogenic/Likely pathogenic	{'name': 'Hypercholesterolemia, autosomal dominant, 3', 'database': 'MedGen', 'id': 'C1863551'}
VCV000438332	RCV004023412	PCSK9	1	criteria provided, single submitter	Uncertain significance	{'name': 'Cardiovascular phenotype', 'database': 'MedGen', 'id': 'CN230736'}
VCV000438736	RCV000505595	SLC1A2	0	no assertion criteria provided	Pathogenic	{'name': 'Developmental and epileptic encephalopathy, 41', 'database': 'MedGen', 'id': 'C4310717'}
VCV000438736	RCV001857241	SLC1A2	1	criteria provided, single submitter	Pathogenic	{'name': 'not provided', 'database': 'MedGen', 'id': 'C3661900'}
VCV000438737	RCV000505637	SLC1A2	1	criteria provided, single submitter	Likely pathogenic	{'name': 'Developmental and epileptic encephalopathy, 41', 'database': 'MedGen', 'id': 'C4310717'}
VCV000438737	RCV003558430	SLC1A2	1	criteria provided, single submitter	Pathogenic	{'name': 'not provided', 'database': 'MedGen', 'id': 'C3661900'}
VCV000438855	RCV000507901	GRM1	0	no assertion criteria provided	Pathogenic	{'name': 'Spinocerebellar ataxia 44', 'database': 'MedGen', 'id': 'C4521563'}
VCV000438855	RCV001528701	GRM1	1	criteria provided, single submitter	Likely pathogenic	{'name': 'not provided', 'database': 'MedGen', 'id': 'C3661900'}
VCV000438856	RCV000506447	GRM1	0	no assertion criteria provided	Pathogenic	{'name': 'Spinocerebellar ataxia 44', 'database': 'MedGen', 'id': 'C4521563'}
VCV000440718	RCV000508945	PCSK9	0	no assertion criteria provided	Pathogenic	{'name': 'Hypercholesterolemia, familial, 1', 'database': 'MedGen', 'id': 'C0745103'}
VCV000440718	RCV000775268	PCSK9	1	criteria provided, single submitter	Uncertain significance	{'name': 'Familial hypercholesterolemia', 'database': 'MedGen', 'id': 'C0020445'}
VCV000440718	RCV001857286	PCSK9	2	criteria provided, multiple submitters, no conflicts	Uncertain significance	{'name': 'Hypercholesterolemia, autosomal dominant, 3', 'database': 'MedGen', 'id': 'C1863551'}
VCV000440718	RCV003478085	PCSK9	2	criteria provided, multiple submitters, no conflicts	Uncertain significance	{'name': 'not provided', 'database': 'MedGen', 'id': 'C3661900'}
VCV000440718	RCV004023450	PCSK9	2	criteria provided, multiple submitters, no conflicts	Uncertain significance	{'name': 'Cardiovascular phenotype', 'database': 'MedGen', 'id': 'CN230736'}
VCV000440849	RCV000010000	SCN5A	0	no assertion criteria provided	Pathogenic	{'name': 'Progressive familial heart block, type 1A', 'database': 'MedGen', 'id': 'C1879286'}
VCV000441164	RCV000516109	CLCN2	0	no assertion criteria provided	Pathogenic	{'name': 'Familial hyperaldosteronism type II', 'database': 'MedGen', 'id': 'C1854107'}
VCV000441164	RCV002481647	CLCN2	1	criteria provided, single submitter	Pathogenic	{'name': 'Epilepsy, idiopathic generalized, susceptibility to, 11', 'database': 'MedGen', 'id': 'C2750893'};{'name': 'Familial hyperaldosteronism type II', 'database': 'MedGen', 'id': 'C1854107'};{'name': 'Leukoencephalopathy with mild cerebellar ataxia and white matter edema', 'database': 'MedGen', 'id': 'C4554120'}
VCV000441164	RCV006463189	CLCN2	1	criteria provided, single submitter	Pathogenic	{'name': 'not provided', 'database': 'MedGen', 'id': 'C3661900'}
VCV000441276	RCV000017763	FGFR3	0	no assertion criteria provided	Pathogenic	{'name': 'Achondroplasia', 'database': 'MedGen', 'id': 'C0001080'}
VCV000441531	RCV000023304	SCN9A	0	no assertion criteria provided	Pathogenic	{'name': 'Small fiber neuropathy', 'database': 'MedGen', 'id': 'C3276706'}
VCV000445148	RCV000513667	NFE2L2	0	no assertion criteria provided	Pathogenic	{'name': 'Immunodeficiency, developmental delay, and hypohomocysteinemia', 'database': 'MedGen', 'id': 'C4540293'}
VCV000445148	RCV002527422	NFE2L2	1	criteria provided, single submitter	Pathogenic	{'name': 'not provided', 'database': 'MedGen', 'id': 'C3661900'}
VCV000446409	RCV000515640	NLRP3	0	no assertion criteria provided	Pathogenic	{'name': 'Hearing loss, autosomal dominant 34, with or without inflammation', 'database': 'MedGen', 'id': 'C4521680'}
VCV000446409	RCV000693681	NLRP3	1	criteria provided, single submitter	Uncertain significance	{'name': 'Cryopyrin associated periodic syndrome', 'database': 'MedGen', 'id': 'C2316212'}
VCV000446409	RCV001591164	NLRP3	1	criteria provided, single submitter	Likely pathogenic	{'name': 'not provided', 'database': 'MedGen', 'id': 'C3661900'}
VCV000446409	RCV003335442	NLRP3	1	criteria provided, single submitter	Likely pathogenic	{'name': 'NLRP3-related disorder'}
VCV000446530	RCV000515805	SAMD9L	2	criteria provided, multiple submitters, no conflicts	Pathogenic/Likely pathogenic	{'name': 'Ataxia-pancytopenia syndrome', 'database': 'MedGen', 'id': 'C1327919'}
VCV000446530	RCV001270308	SAMD9L	1	criteria provided, single submitter	Likely pathogenic	{'name': 'Monosomy 7 myelodysplasia and leukemia syndrome 1', 'database': 'MedGen', 'id': 'C1854978'}
VCV000446530	RCV001557094	SAMD9L	2	criteria provided, multiple submitters, no conflicts	Pathogenic/Likely pathogenic	{'name': 'not provided', 'database': 'MedGen', 'id': 'C3661900'}
VCV000446998	RCV000517968	CASR	1	criteria provided, single submitter	Uncertain significance	{'name': 'not specified', 'database': 'MedGen', 'id': 'CN169374'}
VCV000446998	RCV003766913	CASR	1	criteria provided, single submitter	Pathogenic	{'name': 'Autosomal dominant hypocalcemia 1', 'database': 'MedGen', 'id': 'C3715128'};{'name': 'Familial hypocalciuric hypercalcemia', 'database': 'MedGen', 'id': 'C1809471'}
VCV000447784	RCV000518543	NOTCH3	1	criteria provided, conflicting classifications	Conflicting classifications of pathogenicity	{'name': 'not provided', 'database': 'MedGen', 'id': 'C3661900'}
VCV000448894	RCV000517158	YWHAZ	1	criteria provided, single submitter	Uncertain significance	{'name': 'not specified', 'database': 'MedGen', 'id': 'CN169374'}
VCV000448894	RCV001089758	YWHAZ	1	criteria provided, single submitter	Pathogenic	{'name': 'not provided', 'database': 'MedGen', 'id': 'C3661900'}
VCV000448894	RCV001197430	YWHAZ	1	criteria provided, single submitter	Pathogenic	{'name': 'See cases'}
VCV000448894	RCV003314604	YWHAZ	1	criteria provided, single submitter	Likely pathogenic	{'name': 'YWHAZ-related neurodevelopmental syndrome'}
VCV000448894	RCV003987577	YWHAZ	1	criteria provided, single submitter	Likely pathogenic	{'name': 'Noonan-like disorder'}
VCV000448894	RCV005638110	YWHAZ	0	no assertion criteria provided	Pathogenic	{'name': 'Popov-Chang syndrome', 'database': 'MedGen', 'id': 'C6065892'}
VCV000449027	RCV000520108	FLNB	1	criteria provided, conflicting classifications	Conflicting classifications of pathogenicity	{'name': 'not provided', 'database': 'MedGen', 'id': 'C3661900'}
VCV000449027	RCV002476050	FLNB	1	criteria provided, single submitter	Uncertain significance	{'name': 'Atelosteogenesis type I', 'database': 'MedGen', 'id': 'C0265283'};{'name': 'Atelosteogenesis type III', 'database': 'MedGen', 'id': 'C3668942'};{'name': 'Boomerang dysplasia', 'database': 'MedGen', 'id': 'C0432201'};{'name': 'Larsen syndrome', 'database': 'MedGen', 'id': 'C0175778'};{'name': 'Spondylocarpotarsal synostosis syndrome', 'database': 'MedGen', 'id': 'C1848934'}
VCV000449111	RCV000522592	TRIO	2	criteria provided, multiple submitters, no conflicts	Pathogenic/Likely pathogenic	{'name': 'not provided', 'database': 'MedGen', 'id': 'C3661900'}
VCV000449111	RCV000623993	TRIO	1	criteria provided, single submitter	Likely pathogenic	{'name': 'Inborn genetic diseases', 'database': 'MedGen', 'id': 'C0950123'}
VCV000449111	RCV000760240	TRIO	1	criteria provided, single submitter	Likely pathogenic	{'name': 'Autosomal recessive nonsyndromic hearing loss 28', 'database': 'MedGen', 'id': 'C1853276'}
VCV000449111	RCV000995906	TRIO	2	criteria provided, multiple submitters, no conflicts	Pathogenic/Likely pathogenic	{'name': 'Micrognathia-recurrent infections-behavioral abnormalities-mild intellectual disability syndrome', 'database': 'MedGen', 'id': 'C4310740'}
VCV000449111	RCV001030433	TRIO	2	criteria provided, multiple submitters, no conflicts	Pathogenic	{'name': 'Intellectual developmental disorder, autosomal dominant 63, with macrocephaly', 'database': 'MedGen', 'id': 'C5394205'}
VCV000449111	RCV001260804	TRIO	0	no classifications from unflagged records	no classifications from unflagged records	{'name': 'Intellectual disability', 'database': 'MedGen', 'id': 'C3714756'}
VCV000449111	RCV004819226	TRIO	1	criteria provided, single submitter	Pathogenic	{'name': 'Intellectual developmental disorder, autosomal dominant 63, with macrocephaly', 'database': 'MedGen', 'id': 'C5394205'};{'name': 'Micrognathia-recurrent infections-behavioral abnormalities-mild intellectual disability syndrome', 'database': 'MedGen', 'id': 'C4310740'}
VCV000449398	RCV000523700	FGFR2	2	criteria provided, multiple submitters, no conflicts	Pathogenic	{'name': 'not provided', 'database': 'MedGen', 'id': 'C3661900'}
VCV000449398	RCV001232531	FGFR2	1	criteria provided, single submitter	Pathogenic	{'name': 'FGFR2-related craniosynostosis', 'database': 'MedGen', 'id': 'CN231480'}
VCV000449398	RCV004796222	FGFR2	1	criteria provided, single submitter	Pathogenic	{'name': 'Pfeiffer syndrome', 'database': 'MedGen', 'id': 'C0220658'}
VCV000452482	RCV000522565	CACNA1G	1	criteria provided, single submitter	Likely pathogenic	{'name': 'not provided', 'database': 'MedGen', 'id': 'CN517202'}
VCV000452487	RCV000521018	KCNQ2	2	criteria provided, multiple submitters, no conflicts	Pathogenic/Likely pathogenic	{'name': 'not provided', 'database': 'MedGen', 'id': 'C3661900'}
VCV000452487	RCV000760201	KCNQ2	2	criteria provided, multiple submitters, no conflicts	Likely pathogenic	{'name': 'Developmental and epileptic encephalopathy, 7', 'database': 'MedGen', 'id': 'C3150986'};{'name': 'Seizures, benign familial neonatal, 1', 'database': 'MedGen', 'id': 'C3149074'}
VCV000452487	RCV001089799	KCNQ2	0	no assertion criteria provided	Likely pathogenic	{'name': 'Intellectual disability', 'database': 'MedGen', 'id': 'C3714756'}
VCV000452487	RCV001266450	KCNQ2	1	criteria provided, single submitter	Pathogenic	{'name': 'Inborn genetic diseases', 'database': 'MedGen', 'id': 'C0950123'}
VCV000452487	RCV001291707	KCNQ2	0	no assertion criteria provided	Pathogenic/Likely pathogenic	{'name': 'Developmental and epileptic encephalopathy, 7', 'database': 'MedGen', 'id': 'C3150986'}
VCV000452487	RCV006463275	KCNQ2	1	criteria provided, single submitter	Pathogenic	{'name': 'Early-infantile DEE', 'database': 'MedGen', 'id': 'C0393706'}
VCV000452884	RCV000519290	TEK	2	criteria provided, multiple submitters, no conflicts	Uncertain significance	{'name': 'not provided', 'database': 'MedGen', 'id': 'C3661900'}
VCV000452884	RCV001327974	TEK	0	no assertion criteria provided	Pathogenic	{'name': 'Abnormal cardiovascular system morphology', 'database': 'MedGen', 'id': 'C4049796'}
VCV000452884	RCV001706660	TEK	1	criteria provided, single submitter	Likely pathogenic	{'name': 'Segmental undergrowth associated with venous malformation without capillary component'}
VCV000452884	RCV003458451	TEK	1	criteria provided, single submitter	Likely pathogenic	{'name': 'Vascular malformation', 'database': 'MedGen', 'id': 'C0158570'}
VCV000452884	RCV005860101	TEK	1	criteria provided, single submitter	Likely pathogenic	{'name': 'Neutropenia, severe congenital, 2, autosomal dominant', 'database': 'MedGen', 'id': 'C2751288'}
VCV000453244	RCV000009950	GUCY2D	0	no assertion criteria provided	Pathogenic	{'name': 'Cone-rod dystrophy 6', 'database': 'MedGen', 'id': 'C1866293'}
VCV000458884	RCV000552287	KIT	1	criteria provided, single submitter	Uncertain significance	{'name': 'Gastrointestinal stromal tumor', 'database': 'MedGen', 'id': 'C0238198'}
VCV000458884	RCV002404392	KIT	1	criteria provided, single submitter	Uncertain significance	{'name': 'Hereditary cancer-predisposing syndrome', 'database': 'MedGen', 'id': 'C0027672'}
VCV000464885	RCV000541785	RAC2	1	criteria provided, single submitter	Pathogenic	{'name': 'Neutrophil immunodeficiency syndrome', 'database': 'MedGen', 'id': 'C1842398'}
VCV000464885	RCV001092009	RAC2	2	criteria provided, multiple submitters, no conflicts	Pathogenic/Likely pathogenic	{'name': 'not provided', 'database': 'MedGen', 'id': 'C3661900'}
VCV000464885	RCV001254813	RAC2	0	no assertion criteria provided	Pathogenic	{'name': 'Immunodeficiency 73b with defective neutrophil chemotaxis and lymphopenia', 'database': 'MedGen', 'id': 'C5436549'}
VCV000464885	RCV003224325	RAC2	1	criteria provided, single submitter	Pathogenic	{'name': 'Immunodeficiency 73b with defective neutrophil chemotaxis and lymphopenia', 'database': 'MedGen', 'id': 'C5436549'};{'name': 'Immunodeficiency 73c with defective neutrophil chemotaxis and hypogammaglobulinemia', 'database': 'MedGen', 'id': 'C5436550'};{'name': 'Neutrophil immunodeficiency syndrome', 'database': 'MedGen', 'id': 'C1842398'}
VCV000464912	RCV000548002	SCN2A	1	criteria provided, single submitter	Pathogenic	{'name': 'Developmental and epileptic encephalopathy, 11', 'database': 'MedGen', 'id': 'C3150987'};{'name': 'Seizures, benign familial infantile, 3', 'database': 'MedGen', 'id': 'C1843140'}
VCV000464912	RCV000857242	SCN2A	1	criteria provided, single submitter	Likely pathogenic	{'name': 'Seizures, benign familial infantile, 3', 'database': 'MedGen', 'id': 'C1843140'}
VCV000464912	RCV006645807	SCN2A	1	criteria provided, single submitter	Pathogenic	{'name': 'Seizures, benign familial infantile, 5', 'database': 'MedGen', 'id': 'C4310728'}
VCV000469603	RCV000549134	KCNA5	2	criteria provided, multiple submitters, no conflicts	Uncertain significance	{'name': 'Atrial fibrillation, familial, 7', 'database': 'MedGen', 'id': 'C2677106'}
VCV000469603	RCV002291662	KCNA5	1	criteria provided, single submitter	Uncertain significance	{'name': 'not provided', 'database': 'MedGen', 'id': 'C3661900'}
VCV000477655	RCV000532471	TBX5	1	criteria provided, single submitter	Likely benign	{'name': 'Aortic valve disease 2', 'database': 'MedGen', 'id': 'C3542024'}
VCV000477655	RCV000621377	TBX5	1	criteria provided, single submitter	Likely benign	{'name': 'Cardiovascular phenotype', 'database': 'MedGen', 'id': 'CN230736'}
VCV000477655	RCV001114222	TBX5	1	criteria provided, single submitter	Benign	{'name': 'Holt-Oram syndrome', 'database': 'MedGen', 'id': 'C0265264'}
VCV000477655	RCV001843530	TBX5	1	criteria provided, single submitter	Uncertain significance	{'name': 'not provided', 'database': 'MedGen', 'id': 'C3661900'}
VCV000477655	RCV004754475	TBX5	0	no assertion criteria provided	Uncertain significance	{'name': 'TBX5-related disorder'}
VCV000477655	RCV006650256	TBX5	1	criteria provided, single submitter	Likely benign	{'name': 'not specified', 'database': 'MedGen', 'id': 'CN169374'}
VCV000481003	RCV000570638	TP53	2	criteria provided, multiple submitters, no conflicts	Pathogenic	{'name': 'Hereditary cancer-predisposing syndrome', 'database': 'MedGen', 'id': 'C0027672'}
VCV000481003	RCV000785531	TP53	0	no assertion criteria provided	Likely pathogenic	{'name': 'Ovarian neoplasm', 'database': 'MedGen', 'id': 'C0919267'}
VCV000481003	RCV000786836	TP53	2	criteria provided, multiple submitters, no conflicts	Pathogenic	{'name': 'not provided', 'database': 'MedGen', 'id': 'C3661900'}
VCV000481003	RCV000800144	TP53	1	criteria provided, single submitter	Pathogenic	{'name': 'Li-Fraumeni syndrome', 'database': 'MedGen', 'id': 'C0085390'}
VCV000481003	RCV001255670	TP53	0	no assertion criteria provided	Pathogenic	{'name': 'Lip and oral cavity carcinoma', 'database': 'MedGen', 'id': 'C0220641'}
VCV000481003	RCV002289803	TP53	2	criteria provided, multiple submitters, no conflicts	Pathogenic/Likely pathogenic	{'name': 'Li-Fraumeni syndrome 1', 'database': 'MedGen', 'id': 'C1835398'}
VCV000488651	RCV000677244	CLDN2	0	no assertion criteria provided	Pathogenic	{'name': 'Male infertility', 'database': 'MedGen', 'id': 'C0021364'}
VCV000488651	RCV001352895	CLDN2	0	no assertion criteria provided	Pathogenic	{'name': 'Azoospermia, obstructive, with nephrolithiasis', 'database': 'MedGen', 'id': 'C5542351'}
VCV000492792	RCV000583865	AR	0	no assertion criteria provided	Pathogenic	{'name': 'Androgen resistance syndrome', 'database': 'MedGen', 'id': 'C0039585'}
VCV000492792	RCV005223014	AR	1	criteria provided, single submitter	Likely pathogenic	{'name': 'Androgen resistance syndrome', 'database': 'MedGen', 'id': 'C0039585'};{'name': 'Kennedy disease', 'database': 'MedGen', 'id': 'C1839259'}
VCV000492792	RCV005865356	AR	1	criteria provided, single submitter	Likely pathogenic	{'name': 'Differences in sex development'}
VCV000492792	RCV006270404	AR	1	criteria provided, single submitter	Pathogenic	{'name': 'not provided', 'database': 'MedGen', 'id': 'C3661900'}
VCV000495115	RCV000585760	GDF6	1	criteria provided, single submitter	Uncertain significance	{'name': 'Multiple synostoses syndrome 4', 'database': 'MedGen', 'id': 'C4693531'}
VCV000495116	RCV000585781	GDF6	1	criteria provided, single submitter	Pathogenic	{'name': 'Multiple synostoses syndrome 4', 'database': 'MedGen', 'id': 'C4693531'}
VCV000495298	RCV000585887	NLRP3	1	criteria provided, single submitter	Likely pathogenic	{'name': 'Keratitis fugax hereditaria', 'database': 'MedGen', 'id': 'C1835697'}
VCV000495300	RCV000585893	PDGFRB	0	no assertion criteria provided	Pathogenic	{'name': 'Acroosteolysis-keloid-like lesions-premature aging syndrome', 'database': 'MedGen', 'id': 'C1866182'}
VCV000518839	RCV000619382	SCN2B	1	criteria provided, single submitter	Uncertain significance	{'name': 'Cardiovascular phenotype', 'database': 'MedGen', 'id': 'CN230736'}
VCV000518839	RCV001860373	SCN2B	2	criteria provided, multiple submitters, no conflicts	Uncertain significance	{'name': 'Atrial fibrillation, familial, 14', 'database': 'MedGen', 'id': 'C3809312'}
VCV000518839	RCV006692362	SCN2B	1	criteria provided, single submitter	Uncertain significance	{'name': 'not specified', 'database': 'MedGen', 'id': 'CN169374'}
VCV000519484	RCV000619969	KCND3	1	criteria provided, single submitter	Likely benign	{'name': 'Cardiovascular phenotype', 'database': 'MedGen', 'id': 'CN230736'}
VCV000519484	RCV000992219	KCND3	1	criteria provided, conflicting classifications	Conflicting classifications of pathogenicity	{'name': 'not provided', 'database': 'MedGen', 'id': 'C3661900'}
VCV000519484	RCV001226501	KCND3	1	criteria provided, single submitter	Likely benign	{'name': 'Spinocerebellar ataxia type 19/22', 'database': 'MedGen', 'id': 'C1846367'}
VCV000519484	RCV003338690	KCND3	1	criteria provided, single submitter	Uncertain significance	{'name': 'Brugada syndrome 9', 'database': 'MedGen', 'id': 'C4225340'}
VCV000520399	RCV000623989	KCNQ2	1	criteria provided, single submitter	Likely pathogenic	{'name': 'Developmental and epileptic encephalopathy, 7', 'database': 'MedGen', 'id': 'C3150986'}
VCV000520399	RCV000624475	KCNQ2	1	criteria provided, single submitter	Likely pathogenic	{'name': 'Inborn genetic diseases', 'database': 'MedGen', 'id': 'C0950123'}
VCV000520399	RCV001249752	KCNQ2	2	criteria provided, multiple submitters, no conflicts	Pathogenic/Likely pathogenic	{'name': 'KCNQ2-Related Disorders', 'database': 'MedGen', 'id': 'CN169299'}
VCV000520653	RCV000623014	SCN8A	1	criteria provided, single submitter	Pathogenic	{'name': 'Inborn genetic diseases', 'database': 'MedGen', 'id': 'C0950123'}
VCV000521883	RCV000622302	KCNQ5	1	criteria provided, single submitter	Likely pathogenic	{'name': 'Inborn genetic diseases', 'database': 'MedGen', 'id': 'C0950123'}
VCV000521883	RCV001255392	KCNQ5	1	criteria provided, single submitter	Likely pathogenic	{'name': 'Global developmental delay', 'database': 'MedGen', 'id': 'C0557874'}
VCV000521883	RCV006704801	KCNQ5	1	criteria provided, single submitter	Pathogenic	{'name': 'Intellectual disability, autosomal dominant 46', 'database': 'MedGen', 'id': 'C4539851'}
VCV000527891	RCV000632915	CARD14	2	criteria provided, multiple submitters, no conflicts	Benign/Likely benign	{'name': 'Pityriasis rubra pilaris', 'database': 'MedGen', 'id': 'C0032027'};{'name': 'Psoriasis 2', 'database': 'MedGen', 'id': 'C1864497'}
VCV000527891	RCV002263865	CARD14	1	criteria provided, single submitter	Likely benign	{'name': 'Autoinflammatory syndrome', 'database': 'MedGen', 'id': 'C3890737'}
VCV000527891	RCV004710167	CARD14	2	criteria provided, multiple submitters, no conflicts	Benign/Likely benign	{'name': 'not provided', 'database': 'MedGen', 'id': 'C3661900'}
VCV000528248	RCV000633348	TP53	3	reviewed by expert panel	Pathogenic	{'name': 'Li-Fraumeni syndrome', 'database': 'MedGen', 'id': 'C0085390'}
VCV000528248	RCV001091169	TP53	2	criteria provided, multiple submitters, no conflicts	Pathogenic/Likely pathogenic	{'name': 'not provided', 'database': 'MedGen', 'id': 'C3661900'}
VCV000528248	RCV002289922	TP53	2	criteria provided, multiple submitters, no conflicts	Pathogenic/Likely pathogenic	{'name': 'Li-Fraumeni syndrome 1', 'database': 'MedGen', 'id': 'C1835398'}
VCV000528248	RCV002289923	TP53	2	criteria provided, multiple submitters, no conflicts	Pathogenic	{'name': 'Hereditary cancer-predisposing syndrome', 'database': 'MedGen', 'id': 'C0027672'}
VCV000531600	RCV002528895	NOD2	1	criteria provided, single submitter	Uncertain significance	{'name': 'Blau syndrome', 'database': 'MedGen', 'id': 'C5201146'};{'name': 'Regional enteritis', 'database': 'MedGen', 'id': 'C0678202'}
VCV000531600	RCV004702229	NOD2	1	criteria provided, single submitter	Uncertain significance	{'name': 'not provided', 'database': 'MedGen', 'id': 'C3661900'}
VCV000531600	RCV006701594	NOD2	1	criteria provided, single submitter	Uncertain significance	{'name': 'not specified', 'database': 'MedGen', 'id': 'CN169374'}
VCV000533495	RCV000640627	SCN2A	1	criteria provided, single submitter	Pathogenic	{'name': 'Developmental and epileptic encephalopathy, 11', 'database': 'MedGen', 'id': 'C3150987'};{'name': 'Seizures, benign familial infantile, 3', 'database': 'MedGen', 'id': 'C1843140'}
VCV000533495	RCV001265263	SCN2A	0	no assertion criteria provided	Likely pathogenic	{'name': 'Complex neurodevelopmental disorder', 'database': 'MedGen', 'id': 'C5568766'}
VCV000533495	RCV003155954	SCN2A	0	no assertion criteria provided	Likely pathogenic	{'name': 'unclassified developmental and epileptic encephalopathy'}
VCV000533495	RCV003225104	SCN2A	1	criteria provided, single submitter	Likely pathogenic	{'name': 'not provided', 'database': 'MedGen', 'id': 'C3661900'}
VCV000536386	RCV000644825	SETX	1	criteria provided, single submitter	Uncertain significance	{'name': 'Amyotrophic lateral sclerosis type 4', 'database': 'MedGen', 'id': 'C1865409'};{'name': 'Spinocerebellar ataxia, autosomal recessive, with axonal neuropathy 2', 'database': 'MedGen', 'id': 'C1853761'}
VCV000538468	RCV000647787	SCN9A	1	criteria provided, single submitter	Pathogenic	{'name': 'Generalized epilepsy with febrile seizures plus, type 7', 'database': 'MedGen', 'id': 'C2751778'};{'name': 'Neuropathy, hereditary sensory and autonomic, type 2A', 'database': 'MedGen', 'id': 'C2752089'}
VCV000538468	RCV001171363	SCN9A	0	no classification provided	not provided	{'name': 'Primary erythromelalgia', 'database': 'MedGen', 'id': 'C0014805'}
VCV000538468	RCV001311225	SCN9A	1	criteria provided, single submitter	Pathogenic	{'name': 'not provided', 'database': 'MedGen', 'id': 'C3661900'}
VCV000540103	RCV000650041	PLCG2	1	criteria provided, single submitter	Uncertain significance	{'name': 'Familial cold autoinflammatory syndrome 3', 'database': 'MedGen', 'id': 'C3280914'}
VCV000541825	RCV000652159	STAT1	1	criteria provided, single submitter	Pathogenic	{'name': 'Autoimmune enteropathy and endocrinopathy - susceptibility to chronic infections syndrome', 'database': 'MedGen', 'id': 'C3279990'};{'name': 'Immunodeficiency 31B', 'database': 'MedGen', 'id': 'C3151088'};{'name': 'Mendelian susceptibility to mycobacterial diseases due to partial STAT1 deficiency', 'database': 'MedGen', 'id': 'C4013950'}
VCV000542862	RCV000653395	CSF3R	1	criteria provided, single submitter	Benign	{'name': 'Autosomal recessive severe congenital neutropenia due to CSF3R deficiency', 'database': 'MedGen', 'id': 'C4310764'}
VCV000542862	RCV001816646	CSF3R	2	criteria provided, multiple submitters, no conflicts	Benign	{'name': 'not specified', 'database': 'MedGen', 'id': 'CN169374'}
VCV000542862	RCV003892492	CSF3R	0	no assertion criteria provided	Benign	{'name': 'CSF3R-related disorder'}
VCV000545427	RCV000656388	CYFIP2	1	criteria provided, single submitter	Likely pathogenic	{'name': 'Developmental and epileptic encephalopathy, 65', 'database': 'MedGen', 'id': 'C4693925'}
VCV000545429	RCV000656390	CYFIP2	1	criteria provided, single submitter	Likely pathogenic	{'name': 'Developmental and epileptic encephalopathy, 65', 'database': 'MedGen', 'id': 'C4693925'}
VCV000545429	RCV001384044	CYFIP2	1	criteria provided, single submitter	Pathogenic	{'name': 'not provided', 'database': 'MedGen', 'id': 'C3661900'}
VCV000548127	RCV004559337	OAS1	0	no assertion criteria provided	Uncertain significance	{'name': 'Pulmonary alveolar proteinosis with hypogammaglobulinemia', 'database': 'MedGen', 'id': 'C4747984'}
VCV000548128	RCV002263925	OAS1	1	criteria provided, single submitter	Uncertain significance	{'name': 'Pulmonary alveolar proteinosis with hypogammaglobulinemia', 'database': 'MedGen', 'id': 'C4747984'}
VCV000548129	RCV004559338	OAS1	0	no assertion criteria provided	Conflicting classifications of pathogenicity	{'name': 'Pulmonary alveolar proteinosis with hypogammaglobulinemia', 'database': 'MedGen', 'id': 'C4747984'}
VCV000548129	RCV005091911	OAS1	1	criteria provided, single submitter	Likely pathogenic	{'name': 'not provided', 'database': 'MedGen', 'id': 'C3661900'}
VCV000548948	RCV000754379	SLC9A7	1	criteria provided, single submitter	Likely pathogenic	{'name': 'not provided', 'database': 'MedGen', 'id': 'C3661900'}
VCV000548948	RCV000754991	SLC9A7	0	no assertion criteria provided	Likely pathogenic	{'name': 'SLC9A7-related neurodevelopmental disorder'}
VCV000548948	RCV000766217	SLC9A7	1	criteria provided, single submitter	Likely pathogenic	{'name': 'Intellectual developmental disorder, X-linked 108', 'database': 'MedGen', 'id': 'C5193009'}
VCV000555716	RCV000671584	PYGM	2	criteria provided, multiple submitters, no conflicts	Pathogenic/Likely pathogenic	{'name': 'Glycogen storage disease, type V', 'database': 'MedGen', 'id': 'C0017924'}
VCV000559581	RCV000677309	CACNA1G	1	criteria provided, single submitter	Pathogenic	{'name': 'Spinocerebellar ataxia 42, early-onset, severe, with neurodevelopmental deficits', 'database': 'MedGen', 'id': 'C4748120'}
VCV000559593	RCV000754825	PITX2	0	no assertion criteria provided	Likely pathogenic	{'name': 'Atrial fibrillation, familial, 1', 'database': 'MedGen', 'id': 'C1843687'}
VCV000559593	RCV001145719	PITX2	1	criteria provided, single submitter	Benign	{'name': 'PITX2-Related Eye Abnormalities'}
VCV000559593	RCV001145720	PITX2	1	criteria provided, single submitter	Benign	{'name': 'Axenfeld-Rieger syndrome type 1', 'database': 'MedGen', 'id': 'C3714873'}
VCV000559593	RCV001145721	PITX2	1	criteria provided, single submitter	Likely benign	{'name': 'Irido-corneo-trabecular dysgenesis', 'database': 'MedGen', 'id': 'C0344559'}
VCV000559593	RCV001148484	PITX2	1	criteria provided, single submitter	Benign	{'name': 'Anterior segment dysgenesis 4', 'database': 'MedGen', 'id': 'C1842031'}
VCV000559593	RCV001148485	PITX2	1	criteria provided, single submitter	Benign	{'name': 'Ring dermoid of cornea', 'database': 'MedGen', 'id': 'C1867155'}
VCV000559593	RCV001148486	PITX2	1	criteria provided, single submitter	Uncertain significance	{'name': 'Hypoplasia of the iris', 'database': 'MedGen', 'id': 'C0344539'}
VCV000559593	RCV001148487	PITX2	1	criteria provided, single submitter	Benign	{'name': 'Cataract', 'database': 'MedGen', 'id': 'C0086543'}
VCV000559593	RCV001361410	PITX2	1	criteria provided, single submitter	Benign	{'name': 'Anterior segment dysgenesis 4', 'database': 'MedGen', 'id': 'C1842031'};{'name': 'Axenfeld-Rieger syndrome type 1', 'database': 'MedGen', 'id': 'C3714873'}
VCV000559593	RCV003411587	PITX2	1	criteria provided, single submitter	Uncertain significance	{'name': 'PITX2-related disorder'}
VCV000560222	RCV000681606	KCNK4	1	criteria provided, single submitter	Pathogenic	{'name': 'Abnormal facial shape', 'database': 'MedGen', 'id': 'C0424503'};{'name': 'Generalized hypertrichosis', 'database': 'MedGen', 'id': 'C3277940'};{'name': 'Gingival overgrowth', 'database': 'MedGen', 'id': 'C0376480'};{'name': 'Intellectual disability', 'database': 'MedGen', 'id': 'C3714756'};{'name': 'Seizure', 'database': 'MedGen', 'id': 'C0036572'}
VCV000560222	RCV000767375	KCNK4	0	no assertion criteria provided	Pathogenic	{'name': 'Facial dysmorphism, hypertrichosis, epilepsy, intellectual/developmental delay, and gingival overgrowth syndrome', 'database': 'MedGen', 'id': 'C5193066'}
VCV000560222	RCV006277997	KCNK4	1	criteria provided, single submitter	Likely pathogenic	{'name': 'not specified', 'database': 'MedGen', 'id': 'CN169374'}
VCV000560302	RCV000680276	CAMK4	0	no assertion criteria provided	Likely pathogenic	{'name': 'Intellectual disability', 'database': 'MedGen', 'id': 'C3714756'};{'name': 'Involuntary movements', 'database': 'MedGen', 'id': 'C0427086'}
VCV000560302	RCV000754607	CAMK4	1	criteria provided, single submitter	Pathogenic	{'name': 'not provided', 'database': 'MedGen', 'id': 'C3661900'}
VCV000560704	RCV000678962	SCN5A	1	criteria provided, single submitter	Uncertain significance	{'name': 'Long QT syndrome 3', 'database': 'MedGen', 'id': 'C1859062'}
VCV000560704	RCV003768030	SCN5A	1	criteria provided, single submitter	Uncertain significance	{'name': 'not provided', 'database': 'MedGen', 'id': 'C3661900'}
VCV000560720	RCV000678981	KCNH1	1	criteria provided, single submitter	Likely pathogenic	{'name': 'KCNH1-related phenotype'}
VCV000568703	RCV000689142	STING1	2	criteria provided, multiple submitters, no conflicts	Pathogenic/Likely pathogenic	{'name': 'STING-associated vasculopathy with onset in infancy', 'database': 'MedGen', 'id': 'C4014722'}
VCV000568703	RCV001198467	STING1	2	criteria provided, multiple submitters, no conflicts	Pathogenic	{'name': 'not provided', 'database': 'MedGen', 'id': 'C3661900'}
VCV000575758	RCV000698070	PCSK9	1	criteria provided, conflicting classifications	Conflicting classifications of pathogenicity	{'name': 'Hypercholesterolemia, autosomal dominant, 3', 'database': 'MedGen', 'id': 'C1863551'}
VCV000575758	RCV000776498	PCSK9	1	criteria provided, single submitter	Uncertain significance	{'name': 'Familial hypercholesterolemia', 'database': 'MedGen', 'id': 'C0020445'}
VCV000575758	RCV001097585	PCSK9	1	criteria provided, single submitter	Uncertain significance	{'name': 'Hypobetalipoproteinemia', 'database': 'MedGen', 'id': 'C0020597'}
VCV000575758	RCV001585641	PCSK9	1	criteria provided, conflicting classifications	Conflicting classifications of pathogenicity	{'name': 'not provided', 'database': 'MedGen', 'id': 'C3661900'}
VCV000575758	RCV002249415	PCSK9	2	criteria provided, multiple submitters, no conflicts	Uncertain significance	{'name': 'not specified', 'database': 'MedGen', 'id': 'CN169374'}
VCV000575758	RCV004535739	PCSK9	0	no assertion criteria provided	Uncertain significance	{'name': 'PCSK9-related disorder'}
VCV000575758	RCV006663197	PCSK9	1	criteria provided, single submitter	Likely benign	{'name': 'Cardiovascular phenotype', 'database': 'MedGen', 'id': 'CN230736'}
VCV000578030	RCV000700918	CACNA1H	1	criteria provided, single submitter	Likely benign	{'name': 'Hyperaldosteronism, familial, type IV', 'database': 'MedGen', 'id': 'C4310756'};{'name': 'Idiopathic generalized epilepsy', 'database': 'MedGen', 'id': 'C0270850'}
VCV000578525	RCV000701558	PIK3CD	3	reviewed by expert panel	Likely pathogenic	{'name': 'Immunodeficiency 14', 'database': 'MedGen', 'id': 'C3714976'}
VCV000582030	RCV000706003	ABCC9	2	criteria provided, multiple submitters, no conflicts	Uncertain significance	{'name': 'Dilated cardiomyopathy 1O', 'database': 'MedGen', 'id': 'C1837839'}
VCV000582030	RCV002332505	ABCC9	1	criteria provided, single submitter	Uncertain significance	{'name': 'Cardiovascular phenotype', 'database': 'MedGen', 'id': 'CN230736'}
VCV000582030	RCV002499275	ABCC9	1	criteria provided, single submitter	Uncertain significance	{'name': 'Atrial fibrillation, familial, 12', 'database': 'MedGen', 'id': 'C3279695'};{'name': 'Dilated cardiomyopathy 1O', 'database': 'MedGen', 'id': 'C1837839'};{'name': 'Hypertrichotic osteochondrodysplasia Cantu type', 'database': 'MedGen', 'id': 'C0795905'};{'name': 'Intellectual disability and myopathy syndrome', 'database': 'MedGen', 'id': 'C5676904'}
VCV000582088	RCV000706069	SCN11A	1	criteria provided, single submitter	Uncertain significance	{'name': 'Familial episodic pain syndrome with predominantly lower limb involvement', 'database': 'MedGen', 'id': 'C3809899'};{'name': 'Hereditary sensory and autonomic neuropathy type 7', 'database': 'MedGen', 'id': 'C3809882'}
VCV000582088	RCV000790193	SCN11A	0	no assertion criteria provided	Uncertain significance	{'name': 'Charcot-Marie-Tooth disease', 'database': 'MedGen', 'id': 'C0007959'}
VCV000582088	RCV001509214	SCN11A	2	criteria provided, multiple submitters, no conflicts	Uncertain significance	{'name': 'not provided', 'database': 'MedGen', 'id': 'C3661900'}
VCV000582088	RCV002422607	SCN11A	1	criteria provided, single submitter	Likely benign	{'name': 'Inborn genetic diseases', 'database': 'MedGen', 'id': 'C0950123'}
VCV000582515	RCV000706607	PIK3CD	3	reviewed by expert panel	Likely pathogenic	{'name': 'Immunodeficiency 14', 'database': 'MedGen', 'id': 'C3714976'}
VCV000582515	RCV000788579	PIK3CD	1	criteria provided, single submitter	Uncertain significance	{'name': 'not provided', 'database': 'MedGen', 'id': 'C3661900'}
VCV000582515	RCV001580541	PIK3CD	0	no assertion criteria provided	Likely pathogenic	{'name': 'Abnormality of the immune system', 'database': 'MedGen', 'id': 'C4021753'}
VCV000584427	RCV001250273	ACOX1	2	criteria provided, multiple submitters, no conflicts	Pathogenic/Likely pathogenic	{'name': 'Mitchell syndrome', 'database': 'MedGen', 'id': 'C5394554'}
VCV000584427	RCV001268145	ACOX1	2	criteria provided, multiple submitters, no conflicts	Pathogenic/Likely pathogenic	{'name': 'not provided', 'database': 'MedGen', 'id': 'C3661900'}
VCV000584427	RCV001731902	ACOX1	2	criteria provided, multiple submitters, no conflicts	Pathogenic	{'name': 'ACOX1-related disorder'}
VCV000584427	RCV002249428	ACOX1	2	criteria provided, multiple submitters, no conflicts	Pathogenic	{'name': 'Acyl-CoA oxidase deficiency', 'database': 'MedGen', 'id': 'C1849678'}
VCV000584427	RCV002532882	ACOX1	1	criteria provided, single submitter	Pathogenic	{'name': 'Inborn genetic diseases', 'database': 'MedGen', 'id': 'C0950123'}
VCV000585702	RCV000711250	CLCNKB	2	criteria provided, multiple submitters, no conflicts	Benign/Likely benign	{'name': 'not provided', 'database': 'MedGen', 'id': 'C3661900'}
VCV000585702	RCV001805830	CLCNKB	2	criteria provided, multiple submitters, no conflicts	Benign/Likely benign	{'name': 'not specified', 'database': 'MedGen', 'id': 'CN169374'}
VCV000590291	RCV000768407	PLG	0	no assertion criteria provided	Pathogenic	{'name': 'Hereditary angioneurotic edema', 'database': 'MedGen', 'id': 'C0019243'}
VCV000590291	RCV001507288	PLG	1	criteria provided, single submitter	Pathogenic	{'name': 'Angioedema, hereditary, 4', 'database': 'MedGen', 'id': 'C5543503'}
VCV000590291	RCV001862090	PLG	2	criteria provided, multiple submitters, no conflicts	Pathogenic	{'name': 'not provided', 'database': 'MedGen', 'id': 'C3661900'}
VCV000590291	RCV003420282	PLG	1	criteria provided, single submitter	Pathogenic	{'name': 'PLG-related disorder'}
VCV000590291	RCV005034336	PLG	2	criteria provided, multiple submitters, no conflicts	Pathogenic	{'name': 'Angioedema, hereditary, 4', 'database': 'MedGen', 'id': 'C5543503'};{'name': 'Plasminogen deficiency, type I', 'database': 'MedGen', 'id': 'C1968804'}
VCV000590307	RCV000721148	NFKBIA	1	criteria provided, single submitter	Uncertain significance	{'name': 'Ectodermal dysplasia and immunodeficiency 2', 'database': 'MedGen', 'id': 'C2677481'}
VCV000590308	RCV000721149	NFKBIA	0	no assertion criteria provided	Pathogenic	{'name': 'Ectodermal dysplasia and immunodeficiency 2', 'database': 'MedGen', 'id': 'C2677481'}
VCV000590941	RCV000722132	IKBKB	1	criteria provided, single submitter	Pathogenic	{'name': 'Immunodeficiency 15a', 'database': 'MedGen', 'id': 'C4748694'}
VCV000590941	RCV003744629	IKBKB	1	criteria provided, single submitter	Pathogenic	{'name': 'Severe combined immunodeficiency due to IKK2 deficiency', 'database': 'MedGen', 'id': 'C4747743'}
VCV000591599	RCV000722780	PTPN11	1	criteria provided, single submitter	Uncertain significance	{'name': 'not provided', 'database': 'MedGen', 'id': 'C3661900'}
VCV000591599	RCV001113589	PTPN11	1	criteria provided, single submitter	Uncertain significance	{'name': 'Metachondromatosis', 'database': 'MedGen', 'id': 'C0410530'}
VCV000591599	RCV001113590	PTPN11	1	criteria provided, single submitter	Uncertain significance	{'name': 'LEOPARD syndrome 1', 'database': 'MedGen', 'id': 'C4551484'}
VCV000591599	RCV001113591	PTPN11	1	criteria provided, single submitter	Uncertain significance	{'name': 'Noonan syndrome 1', 'database': 'MedGen', 'id': 'C4551602'}
VCV000591599	RCV006464107	PTPN11	1	criteria provided, single submitter	Uncertain significance	{'name': 'RASopathy', 'database': 'MedGen', 'id': 'C5555857'}
VCV000599274	RCV000735862	FLNB	1	criteria provided, single submitter	Likely pathogenic	{'name': 'Knee dislocation', 'database': 'MedGen', 'id': 'C0159970'};{'name': 'Limited knee flexion/extension', 'database': 'MedGen', 'id': 'C1968606'};{'name': 'Patellar hypoplasia', 'database': 'MedGen', 'id': 'C1840068'}
VCV000599274	RCV001869012	FLNB	2	criteria provided, multiple submitters, no conflicts	Likely pathogenic	{'name': 'not provided', 'database': 'MedGen', 'id': 'C3661900'}
VCV000618965	RCV004813134	RET	1	criteria provided, single submitter	Pathogenic	{'name': 'Multiple endocrine neoplasia type 2A', 'database': 'MedGen', 'id': 'C0025268'}
VCV000619031	RCV001263103	ALPK1	2	criteria provided, multiple submitters, no conflicts	Pathogenic	{'name': 'Retinal dystrophy, optic nerve edema, splenomegaly, anhidrosis, and migraine headache syndrome', 'database': 'MedGen', 'id': 'C4749914'}
VCV000619031	RCV001389989	ALPK1	2	criteria provided, multiple submitters, no conflicts	Pathogenic	{'name': 'not provided', 'database': 'MedGen', 'id': 'C3661900'}
VCV000619031	RCV003947961	ALPK1	0	no assertion criteria provided	Pathogenic	{'name': 'ALPK1-related disorder'}
VCV000619031	RCV004629319	ALPK1	1	criteria provided, single submitter	Pathogenic	{'name': 'Inborn genetic diseases', 'database': 'MedGen', 'id': 'C0950123'}
VCV000619106	RCV000757980	GLS	0	no assertion criteria provided	Pathogenic	{'name': 'Infantile cataract, skin abnormalities, glutamate excess, and impaired intellectual development', 'database': 'MedGen', 'id': 'C5193037'}
VCV000623348	RCV000761493	NOD2	1	criteria provided, single submitter	Uncertain significance	{'name': 'Blau syndrome', 'database': 'MedGen', 'id': 'C5201146'}
VCV000627183	RCV000851948	GP1BA	1	criteria provided, single submitter	Likely pathogenic	{'name': 'Thrombocytopenia', 'database': 'MedGen', 'id': 'C0040034'}
VCV000627183	RCV006692687	GP1BA	1	criteria provided, single submitter	Pathogenic	{'name': 'Pseudo von Willebrand disease', 'database': 'MedGen', 'id': 'C1280798'}
VCV000631564	RCV000778182	MFN2	1	criteria provided, single submitter	Uncertain significance	{'name': 'Charcot-Marie-Tooth disease type 2', 'database': 'MedGen', 'id': 'C0270914'}
VCV000631564	RCV000789404	MFN2	0	no assertion criteria provided	Uncertain significance	{'name': 'Charcot-Marie-Tooth disease', 'database': 'MedGen', 'id': 'C0007959'}
VCV000633597	RCV000782129	PLCB4	1	criteria provided, single submitter	Pathogenic	{'name': 'Ocular melanocytosis', 'database': 'MedGen', 'id': 'C0025210'};{'name': 'Uveal melanoma', 'database': 'MedGen', 'id': 'C0220633'}
VCV000633643	RCV000782177	CACNA1C	0	no assertion criteria provided	Pathogenic	{'name': 'Long QT syndrome 8', 'database': 'MedGen', 'id': 'CN260585'}
VCV000633643	RCV001856203	CACNA1C	1	criteria provided, single submitter	Pathogenic	{'name': 'Long QT syndrome', 'database': 'MedGen', 'id': 'C0023976'}
VCV000633674	RCV000782238	FOXC2	0	no assertion criteria provided	Uncertain significance	{'name': 'not provided', 'database': 'MedGen', 'id': 'C3661900'}
VCV000634768	RCV000785506	TP53	0	no assertion criteria provided	Likely pathogenic	{'name': 'Ovarian neoplasm', 'database': 'MedGen', 'id': 'C0919267'}
VCV000634768	RCV001022886	TP53	1	criteria provided, single submitter	Likely pathogenic	{'name': 'Hereditary cancer-predisposing syndrome', 'database': 'MedGen', 'id': 'C0027672'}
VCV000634768	RCV002536879	TP53	1	criteria provided, single submitter	Pathogenic	{'name': 'Li-Fraumeni syndrome', 'database': 'MedGen', 'id': 'C0085390'}
VCV000634768	RCV004777866	TP53	2	criteria provided, multiple submitters, no conflicts	Likely pathogenic	{'name': 'not provided', 'database': 'MedGen', 'id': 'C3661900'}
VCV000634899	RCV000859982	LZTR1	1	criteria provided, single submitter	Uncertain significance	{'name': 'Noonan syndrome 10', 'database': 'MedGen', 'id': 'C4225280'}
VCV000634900	RCV000859983	LZTR1	0	no assertion criteria provided	Uncertain significance	{'name': 'Noonan syndrome 10', 'database': 'MedGen', 'id': 'C4225280'};{'name': 'Noonan syndrome 2', 'database': 'MedGen', 'id': 'C1854469'}
VCV000635731	RCV000787256	HNF1B	1	criteria provided, single submitter	Uncertain significance	{'name': 'Renal cysts and diabetes syndrome', 'database': 'MedGen', 'id': 'C0431693'}
VCV000635731	RCV001248883	HNF1B	1	criteria provided, single submitter	Uncertain significance	{'name': 'Maturity-onset diabetes of the young', 'database': 'MedGen', 'id': 'C0342276'}
VCV000635731	RCV002487621	HNF1B	1	criteria provided, single submitter	Uncertain significance	{'name': 'Nonpapillary renal cell carcinoma', 'database': 'MedGen', 'id': 'CN074294'};{'name': 'Renal cysts and diabetes syndrome', 'database': 'MedGen', 'id': 'C0431693'};{'name': 'Type 2 diabetes mellitus', 'database': 'MedGen', 'id': 'C0011860'}
VCV000635731	RCV002535751	HNF1B	1	criteria provided, single submitter	Likely benign	{'name': 'not provided', 'database': 'MedGen', 'id': 'C3661900'}
VCV000635731	RCV005056548	HNF1B	1	criteria provided, single submitter	Likely benign	{'name': 'not specified', 'database': 'MedGen', 'id': 'CN169374'}
VCV000642244	RCV000795668	SCN4A	1	criteria provided, single submitter	Pathogenic	{'name': 'Hyperkalemic periodic paralysis', 'database': 'MedGen', 'id': 'C0238357'}
VCV000642589	RCV001184874	RYR2	1	criteria provided, single submitter	Uncertain significance	{'name': 'Cardiomyopathy', 'database': 'MedGen', 'id': 'C0878544'}
VCV000642589	RCV001816852	RYR2	1	criteria provided, single submitter	Pathogenic	{'name': 'not provided', 'database': 'MedGen', 'id': 'C3661900'}
VCV000642589	RCV002534594	RYR2	1	criteria provided, single submitter	Likely benign	{'name': 'Catecholaminergic polymorphic ventricular tachycardia 1', 'database': 'MedGen', 'id': 'C1631597'}
VCV000642589	RCV004001598	RYR2	1	criteria provided, single submitter	Uncertain significance	{'name': 'Catecholaminergic polymorphic ventricular tachycardia', 'database': 'MedGen', 'id': 'C5574922'}
VCV000642589	RCV004027553	RYR2	1	criteria provided, single submitter	Uncertain significance	{'name': 'Cardiovascular phenotype', 'database': 'MedGen', 'id': 'CN230736'}
VCV000643417	RCV000797110	STAT1	1	criteria provided, single submitter	Likely pathogenic	{'name': 'Autoimmune enteropathy and endocrinopathy - susceptibility to chronic infections syndrome', 'database': 'MedGen', 'id': 'C3279990'};{'name': 'Immunodeficiency 31B', 'database': 'MedGen', 'id': 'C3151088'};{'name': 'Mendelian susceptibility to mycobacterial diseases due to partial STAT1 deficiency', 'database': 'MedGen', 'id': 'C4013950'}
VCV000643417	RCV001270805	STAT1	1	criteria provided, single submitter	Likely pathogenic	{'name': 'Autoimmune enteropathy and endocrinopathy - susceptibility to chronic infections syndrome', 'database': 'MedGen', 'id': 'C3279990'}
VCV000644125	RCV000797973	PRKN	1	criteria provided, single submitter	Pathogenic	{'name': 'not provided', 'database': 'MedGen', 'id': 'C3661900'}
VCV000644125	RCV006459919	PRKN	1	criteria provided, single submitter	Pathogenic	{'name': 'Autosomal recessive juvenile Parkinson disease 2', 'database': 'MedGen', 'id': 'C1868675'}
VCV000652588	RCV000808168	TRPM4	0	no assertion criteria provided	Pathogenic	{'name': 'Erythrokeratodermia variabilis et progressiva 6', 'database': 'MedGen', 'id': 'C5193144'}
VCV000656751	RCV000813247	TP53	3	reviewed by expert panel	Pathogenic	{'name': 'Li-Fraumeni syndrome', 'database': 'MedGen', 'id': 'C0085390'}
VCV000656751	RCV001527086	TP53	3	reviewed by expert panel	Likely pathogenic	{'name': 'Li-Fraumeni syndrome 1', 'database': 'MedGen', 'id': 'C1835398'}
VCV000656751	RCV002352420	TP53	1	criteria provided, single submitter	Pathogenic	{'name': 'Hereditary cancer-predisposing syndrome', 'database': 'MedGen', 'id': 'C0027672'}
VCV000657518	RCV000814132	STAT5B	1	criteria provided, conflicting classifications	Conflicting classifications of pathogenicity	{'name': 'Growth hormone insensitivity with immune dysregulation 1, autosomal recessive', 'database': 'MedGen', 'id': 'C5435698'}
VCV000657518	RCV001090842	STAT5B	1	criteria provided, conflicting classifications	Conflicting classifications of pathogenicity	{'name': 'not provided', 'database': 'MedGen', 'id': 'C3661900'}
VCV000657600	RCV000814237	SCN1A	1	criteria provided, single submitter	Likely pathogenic	{'name': 'Developmental and epileptic encephalopathy', 'database': 'MedGen', 'id': 'C5779964'}
VCV000657600	RCV001420538	SCN1A	0	no assertion criteria provided	Pathogenic	{'name': 'Developmental and epileptic encephalopathy 6B', 'database': 'MedGen', 'id': 'C5543353'}
VCV000658003	RCV001524332	RYR2	1	criteria provided, single submitter	Uncertain significance	{'name': 'Cardiomyopathy', 'database': 'MedGen', 'id': 'C0878544'}
VCV000658003	RCV002422816	RYR2	1	criteria provided, single submitter	Uncertain significance	{'name': 'Cardiovascular phenotype', 'database': 'MedGen', 'id': 'CN230736'}
VCV000658003	RCV002534848	RYR2	1	criteria provided, single submitter	Uncertain significance	{'name': 'Catecholaminergic polymorphic ventricular tachycardia 1', 'database': 'MedGen', 'id': 'C1631597'}
VCV000658003	RCV004001765	RYR2	1	criteria provided, single submitter	Uncertain significance	{'name': 'Catecholaminergic polymorphic ventricular tachycardia', 'database': 'MedGen', 'id': 'C5574922'}
VCV000658399	RCV000815221	STAT5B	1	criteria provided, single submitter	Uncertain significance	{'name': 'Growth hormone insensitivity with immune dysregulation 1, autosomal recessive', 'database': 'MedGen', 'id': 'C5435698'}
VCV000658553	RCV000815401	KCNE3	2	criteria provided, multiple submitters, no conflicts	Uncertain significance	{'name': 'Brugada syndrome 6', 'database': 'MedGen', 'id': 'C2751089'}
VCV000658553	RCV003380747	KCNE3	1	criteria provided, single submitter	Likely benign	{'name': 'Cardiovascular phenotype', 'database': 'MedGen', 'id': 'CN230736'}
VCV000684675	RCV000845184	CARD14	0	no assertion criteria provided	Pathogenic	{'name': 'Papulosquamous eruptions'}
VCV000691495	RCV000852286	KCNMA1	0	no assertion criteria provided	Pathogenic	{'name': 'Cerebellar atrophy, developmental delay, and seizures', 'database': 'MedGen', 'id': 'C4539985'}
VCV000691495	RCV006250890	KCNMA1	1	criteria provided, single submitter	Pathogenic	{'name': 'not provided', 'database': 'MedGen', 'id': 'C3661900'}
VCV000692073	RCV003156298	F2	1	criteria provided, single submitter	Pathogenic	{'name': 'not provided', 'database': 'MedGen', 'id': 'C3661900'}
VCV000692073	RCV003514423	F2	1	criteria provided, single submitter	Pathogenic	{'name': 'Congenital prothrombin deficiency', 'database': 'MedGen', 'id': 'C0272317'}
VCV000692073	RCV005420251	F2	1	criteria provided, single submitter	Pathogenic	{'name': 'Thrombophilia due to thrombin defect', 'database': 'MedGen', 'id': 'C3160733'}
VCV000694272	RCV001858525	CHRND	1	criteria provided, single submitter	Uncertain significance	{'name': 'Lethal multiple pterygium syndrome', 'database': 'MedGen', 'id': 'C1854678'}
VCV000694272	RCV004586959	CHRND	1	criteria provided, single submitter	Pathogenic	{'name': 'Centronuclear myopathy', 'database': 'MedGen', 'id': 'C0175709'}
VCV000694272	RCV004721652	CHRND	1	criteria provided, single submitter	Pathogenic	{'name': 'not provided', 'database': 'MedGen', 'id': 'C3661900'}
VCV000694272	RCV005870937	CHRND	1	criteria provided, single submitter	Pathogenic	{'name': 'Congenital myasthenic syndrome 3A', 'database': 'MedGen', 'id': 'C4225372'}
VCV000695093	RCV000857309	KCNT2	1	criteria provided, single submitter	Likely pathogenic	{'name': 'Seizure', 'database': 'MedGen', 'id': 'C0036572'}
VCV000695093	RCV001269349	KCNT2	0	no assertion criteria provided	Pathogenic	{'name': 'Developmental and epileptic encephalopathy, 57', 'database': 'MedGen', 'id': 'C4540411'}
VCV000707836	RCV000878997	MMP9	1	criteria provided, single submitter	Benign	{'name': 'not provided', 'database': 'MedGen', 'id': 'C3661900'}
VCV000707836	RCV001142867	MMP9	1	criteria provided, single submitter	Likely benign	{'name': 'Metaphyseal anadysplasia 2', 'database': 'MedGen', 'id': 'C2751322'}
VCV000707836	RCV003975501	MMP9	0	no assertion criteria provided	Benign	{'name': 'MMP9-related disorder'}
VCV000713249	RCV000885358	LGR4	1	criteria provided, single submitter	Benign	{'name': 'not provided', 'database': 'MedGen', 'id': 'C3661900'}
VCV000733838	RCV000909193	TNFRSF13B	1	criteria provided, single submitter	Likely benign	{'name': 'Immunodeficiency, common variable, 2', 'database': 'MedGen', 'id': 'C3150354'}
VCV000750796	RCV000927801	RPE65	0	no assertion criteria provided	Pathogenic	{'name': 'Retinitis pigmentosa 87 with choroidal involvement', 'database': 'MedGen', 'id': 'C5231465'}
VCV000750796	RCV001034696	RPE65	1	criteria provided, single submitter	Pathogenic	{'name': 'RPE65-related disorder', 'database': 'MedGen', 'id': 'CN239301'}
VCV000750796	RCV001068036	RPE65	1	criteria provided, single submitter	Pathogenic	{'name': 'Leber congenital amaurosis 2', 'database': 'MedGen', 'id': 'C1859844'};{'name': 'Retinitis pigmentosa 20', 'database': 'MedGen', 'id': 'C3151086'}
VCV000750796	RCV001074701	RPE65	1	criteria provided, single submitter	Pathogenic	{'name': 'Retinal dystrophy', 'database': 'MedGen', 'id': 'C0854723'}
VCV000750796	RCV001376263	RPE65	2	criteria provided, multiple submitters, no conflicts	Pathogenic	{'name': 'Retinitis pigmentosa 20', 'database': 'MedGen', 'id': 'C3151086'}
VCV000750796	RCV002279647	RPE65	1	criteria provided, single submitter	Pathogenic	{'name': 'Neurodevelopmental disorder', 'database': 'MedGen', 'id': 'C1535926'}
VCV000750796	RCV003117646	RPE65	1	criteria provided, single submitter	Likely pathogenic	{'name': 'not provided', 'database': 'MedGen', 'id': 'C3661900'}
VCV000750796	RCV006629216	RPE65	1	criteria provided, single submitter	Pathogenic	{'name': 'Retinal disorder', 'database': 'MedGen', 'id': 'C0035309'}
VCV000750796	RCV006644669	RPE65	1	criteria provided, single submitter	Likely pathogenic	{'name': 'Leber congenital amaurosis', 'database': 'MedGen', 'id': 'C0339527'}
VCV000779904	RCV000960875	CHRNB4	2	criteria provided, multiple submitters, no conflicts	Benign	{'name': 'not provided', 'database': 'MedGen', 'id': 'C3661900'}
VCV000801843	RCV001858656	SLC40A1	2	criteria provided, multiple submitters, no conflicts	Pathogenic	{'name': 'Hemochromatosis type 4', 'database': 'MedGen', 'id': 'C1853733'}
VCV000802212	RCV000987693	GUCA1A	1	criteria provided, single submitter	Pathogenic	{'name': 'Cone dystrophy 3', 'database': 'MedGen', 'id': 'C1865869'}
VCV000802212	RCV001093082	GUCA1A	2	criteria provided, multiple submitters, no conflicts	Pathogenic/Likely pathogenic	{'name': 'not provided', 'database': 'MedGen', 'id': 'C3661900'}
VCV000802212	RCV001199477	GUCA1A	1	criteria provided, single submitter	Pathogenic	{'name': 'Isolated macular dystrophy', 'database': 'MedGen', 'id': 'C5681367'}
VCV000802476	RCV000988170	RIGI	1	criteria provided, single submitter	Likely pathogenic	{'name': 'Singleton-Merten syndrome 2', 'database': 'MedGen', 'id': 'C4225380'}
VCV000803297	RCV000989679	TRPV3	1	criteria provided, single submitter	Pathogenic	{'name': 'Olmsted syndrome 1', 'database': 'MedGen', 'id': 'C5542829'}
VCV000803297	RCV001542608	TRPV3	0	no assertion criteria provided	Likely pathogenic	{'name': 'Isolated focal non-epidermolytic palmoplantar keratoderma', 'database': 'MedGen', 'id': 'C4225339'}
VCV000804214	RCV000991143	TP53	3	reviewed by expert panel	Pathogenic	{'name': 'Li-Fraumeni syndrome', 'database': 'MedGen', 'id': 'C0085390'}
VCV000804214	RCV004030120	TP53	1	criteria provided, single submitter	Likely pathogenic	{'name': 'Li-Fraumeni syndrome 1', 'database': 'MedGen', 'id': 'C1835398'}
VCV000804214	RCV005286262	TP53	1	criteria provided, single submitter	Pathogenic	{'name': 'Hereditary cancer-predisposing syndrome', 'database': 'MedGen', 'id': 'C0027672'}
VCV000804296	RCV000991273	STAT1	0	no assertion criteria provided	Pathogenic	{'name': 'Autoimmune enteropathy and endocrinopathy - susceptibility to chronic infections syndrome', 'database': 'MedGen', 'id': 'C3279990'}
VCV000808846	RCV000997258	SCN2A	1	criteria provided, single submitter	Uncertain significance	{'name': 'not provided', 'database': 'MedGen', 'id': 'C3661900'}
VCV000808846	RCV001263485	SCN2A	1	criteria provided, single submitter	Likely pathogenic	{'name': 'Developmental and epileptic encephalopathy, 11', 'database': 'MedGen', 'id': 'C3150987'}
VCV000808846	RCV001265497	SCN2A	0	no assertion criteria provided	Pathogenic	{'name': 'Complex neurodevelopmental disorder', 'database': 'MedGen', 'id': 'C5568766'}
VCV000808846	RCV001324429	SCN2A	1	criteria provided, single submitter	Pathogenic	{'name': 'Developmental and epileptic encephalopathy, 11', 'database': 'MedGen', 'id': 'C3150987'};{'name': 'Seizures, benign familial infantile, 3', 'database': 'MedGen', 'id': 'C1843140'}
VCV000810671	RCV001250482	NFKBIA	0	no assertion criteria provided	Uncertain significance	{'name': 'Sterile multifocal osteomyelitis with periostitis and pustulosis', 'database': 'MedGen', 'id': 'C2748507'}
VCV000811030	RCV001000580	IRF2BP2	1	criteria provided, single submitter	Uncertain significance	{'name': 'Immunodeficiency, common variable, 14', 'database': 'MedGen', 'id': 'C4540380'}
VCV000811030	RCV001858908	IRF2BP2	1	criteria provided, single submitter	Uncertain significance	{'name': 'not provided', 'database': 'MedGen', 'id': 'C3661900'}
VCV000812249	RCV001002917	CACNA1F	0	no assertion criteria provided	Pathogenic	{'name': 'Congenital stationary night blindness', 'database': 'MedGen', 'id': 'C0339535'}
VCV000812249	RCV003558628	CACNA1F	1	criteria provided, single submitter	Pathogenic	{'name': 'not provided', 'database': 'MedGen', 'id': 'C3661900'}
VCV000812522	RCV001003350	IFIH1	0	no assertion criteria provided	Pathogenic	{'name': 'Aicardi-Goutieres syndrome 7', 'database': 'MedGen', 'id': 'C3888244'}
VCV000812522	RCV003234567	IFIH1	0	no assertion criteria provided	Pathogenic	{'name': 'Singleton-Merten syndrome 1', 'database': 'MedGen', 'id': 'C4225427'}
VCV000812523	RCV001003351	IFIH1	0	no assertion criteria provided	Pathogenic	{'name': 'Aicardi-Goutieres syndrome 7', 'database': 'MedGen', 'id': 'C3888244'}
VCV000812523	RCV003234568	IFIH1	0	no assertion criteria provided	Pathogenic	{'name': 'Singleton-Merten syndrome 1', 'database': 'MedGen', 'id': 'C4225427'}
VCV000812528	RCV001003356	IFIH1	0	no assertion criteria provided	Pathogenic	{'name': 'Aicardi-Goutieres syndrome 7', 'database': 'MedGen', 'id': 'C3888244'}
VCV000812528	RCV003234569	IFIH1	0	no assertion criteria provided	Pathogenic	{'name': 'Singleton-Merten syndrome 1', 'database': 'MedGen', 'id': 'C4225427'}
VCV000823553	RCV001019890	TP53	2	criteria provided, multiple submitters, no conflicts	Uncertain significance	{'name': 'Hereditary cancer-predisposing syndrome', 'database': 'MedGen', 'id': 'C0027672'}
VCV000823553	RCV001233978	TP53	1	criteria provided, single submitter	Uncertain significance	{'name': 'Li-Fraumeni syndrome', 'database': 'MedGen', 'id': 'C0085390'}
VCV000823553	RCV002290540	TP53	1	criteria provided, single submitter	Uncertain significance	{'name': 'Li-Fraumeni syndrome 1', 'database': 'MedGen', 'id': 'C1835398'}
VCV000827581	RCV001027400	NLRP1	0	no assertion criteria provided	Pathogenic	{'name': 'Respiratory papillomatosis, juvenile recurrent, congenital', 'database': 'MedGen', 'id': 'C5394112'}
VCV000829823	RCV001029759	TRPC6	2	criteria provided, multiple submitters, no conflicts	Likely pathogenic	{'name': 'Focal segmental glomerulosclerosis 2', 'database': 'MedGen', 'id': 'C1858915'}
VCV000829823	RCV001247810	TRPC6	1	criteria provided, single submitter	Likely pathogenic	{'name': 'not provided', 'database': 'MedGen', 'id': 'C3661900'}
VCV000830355	RCV001030767	SPOP	1	criteria provided, single submitter	Likely pathogenic	{'name': 'Neurodevelopmental disorder with microcephaly and dysmorphic facies', 'database': 'MedGen', 'id': 'C5394218'}
VCV000830355	RCV001265939	SPOP	1	criteria provided, single submitter	Likely pathogenic	{'name': 'Inborn genetic diseases', 'database': 'MedGen', 'id': 'C0950123'}
VCV000830355	RCV002272391	SPOP	1	criteria provided, single submitter	Pathogenic	{'name': 'not provided', 'database': 'MedGen', 'id': 'C3661900'}
VCV000830356	RCV001030768	SPOP	2	criteria provided, multiple submitters, no conflicts	Pathogenic/Likely pathogenic	{'name': 'Neurodevelopmental disorder with microcephaly and dysmorphic facies', 'database': 'MedGen', 'id': 'C5394218'}
VCV000834845	RCV001035613	CACNA1H	1	criteria provided, single submitter	Benign	{'name': 'Hyperaldosteronism, familial, type IV', 'database': 'MedGen', 'id': 'C4310756'};{'name': 'Idiopathic generalized epilepsy', 'database': 'MedGen', 'id': 'C0270850'}
VCV000834845	RCV004721712	CACNA1H	1	criteria provided, single submitter	Likely benign	{'name': 'not provided', 'database': 'MedGen', 'id': 'C3661900'}
VCV000839824	RCV001041670	STING1	1	criteria provided, conflicting classifications	Conflicting classifications of pathogenicity	{'name': 'STING-associated vasculopathy with onset in infancy', 'database': 'MedGen', 'id': 'C4014722'}
VCV000839824	RCV001593208	STING1	1	criteria provided, single submitter	Pathogenic	{'name': 'not provided', 'database': 'MedGen', 'id': 'C3661900'}
VCV000839824	RCV002264151	STING1	1	criteria provided, single submitter	Uncertain significance	{'name': 'Autoinflammatory syndrome', 'database': 'MedGen', 'id': 'C3890737'}
VCV000841953	RCV001044275	RELN	1	criteria provided, single submitter	Likely benign	{'name': 'Familial temporal lobe epilepsy 7', 'database': 'MedGen', 'id': 'C4225327'};{'name': 'Norman-Roberts syndrome', 'database': 'MedGen', 'id': 'C0796089'}
VCV000841953	RCV001759757	RELN	1	criteria provided, single submitter	Uncertain significance	{'name': 'not provided', 'database': 'MedGen', 'id': 'C3661900'}
VCV000844563	RCV001047441	KIT	1	criteria provided, single submitter	Uncertain significance	{'name': 'Gastrointestinal stromal tumor', 'database': 'MedGen', 'id': 'C0238198'}
VCV000844563	RCV002400269	KIT	1	criteria provided, single submitter	Uncertain significance	{'name': 'Hereditary cancer-predisposing syndrome', 'database': 'MedGen', 'id': 'C0027672'}
VCV000847470	RCV002393253	SLC6A1	1	criteria provided, single submitter	Uncertain significance	{'name': 'Inborn genetic diseases', 'database': 'MedGen', 'id': 'C0950123'}
VCV000847470	RCV005056835	SLC6A1	1	criteria provided, single submitter	Benign	{'name': 'Epilepsy with myoclonic atonic seizures', 'database': 'MedGen', 'id': 'C0393702'}
VCV000849401	RCV001053351	CACNA1H	1	criteria provided, single submitter	Benign	{'name': 'Hyperaldosteronism, familial, type IV', 'database': 'MedGen', 'id': 'C4310756'};{'name': 'Idiopathic generalized epilepsy', 'database': 'MedGen', 'id': 'C0270850'}
VCV000849401	RCV002489628	CACNA1H	1	criteria provided, single submitter	Uncertain significance	{'name': 'Epilepsy, childhood absence, susceptibility to, 6', 'database': 'MedGen', 'id': 'C2749872'};{'name': 'Hyperaldosteronism, familial, type IV', 'database': 'MedGen', 'id': 'C4310756'}
VCV000850004	RCV001842601	SCN5A	2	criteria provided, multiple submitters, no conflicts	Uncertain significance	{'name': 'Cardiac arrhythmia', 'database': 'MedGen', 'id': 'C0003811'}
VCV000850004	RCV002481984	SCN5A	1	criteria provided, single submitter	Uncertain significance	{'name': 'Atrial fibrillation, familial, 10', 'database': 'MedGen', 'id': 'C3151464'};{'name': 'Brugada syndrome 1', 'database': 'MedGen', 'id': 'C4551804'};{'name': 'Dilated cardiomyopathy 1E', 'database': 'MedGen', 'id': 'C1832680'};{'name': 'Long QT syndrome 3', 'database': 'MedGen', 'id': 'C1859062'};{'name': 'Progressive familial heart block, type 1A', 'database': 'MedGen', 'id': 'C1879286'};{'name': 'SUDDEN INFANT DEATH SYNDROME', 'database': 'MedGen', 'id': 'C0038644'};{'name': 'Sick sinus syndrome 1', 'database': 'MedGen', 'id': 'C1837845'};{'name': 'Ventricular fibrillation, paroxysmal familial, type 1', 'database': 'MedGen', 'id': 'C2751898'}
VCV000850004	RCV005093339	SCN5A	1	criteria provided, single submitter	Uncertain significance	{'name': 'not provided', 'database': 'MedGen', 'id': 'C3661900'}
VCV000850251	RCV001054381	STAT3	1	criteria provided, single submitter	Pathogenic	{'name': 'Hyper-IgE recurrent infection syndrome 1, autosomal dominant', 'database': 'MedGen', 'id': 'C2936739'};{'name': 'STAT3 gain of function', 'database': 'MedGen', 'id': 'C4288261'}
VCV000854638	RCV001059728	KCNE1	1	criteria provided, single submitter	Uncertain significance	{'name': 'Long QT syndrome', 'database': 'MedGen', 'id': 'C0023976'}
VCV000854638	RCV001258144	KCNE1	1	criteria provided, single submitter	Uncertain significance	{'name': 'Jervell and Lange-Nielsen syndrome 2', 'database': 'MedGen', 'id': 'C2676723'};{'name': 'Long QT syndrome 5', 'database': 'MedGen', 'id': 'C1867904'}
VCV000854638	RCV002223978	KCNE1	1	criteria provided, single submitter	Uncertain significance	{'name': 'not provided', 'database': 'MedGen', 'id': 'C3661900'}
VCV000854638	RCV005652504	KCNE1	1	criteria provided, single submitter	Uncertain significance	{'name': 'Cardiovascular phenotype', 'database': 'MedGen', 'id': 'CN230736'}
VCV000858486	RCV001064368	NEDD4L	1	criteria provided, single submitter	Benign	{'name': 'not provided', 'database': 'MedGen', 'id': 'C3661900'}
VCV000858486	RCV002482081	NEDD4L	1	criteria provided, single submitter	Uncertain significance	{'name': 'Periventricular nodular heterotopia 7', 'database': 'MedGen', 'id': 'C4310669'}
VCV000858924	RCV001064914	KCNH2	2	criteria provided, multiple submitters, no conflicts	Uncertain significance	{'name': 'Long QT syndrome', 'database': 'MedGen', 'id': 'C0023976'}
VCV000858924	RCV001842607	KCNH2	1	criteria provided, single submitter	Uncertain significance	{'name': 'Cardiac arrhythmia', 'database': 'MedGen', 'id': 'C0003811'}
VCV000858924	RCV003160535	KCNH2	1	criteria provided, single submitter	Uncertain significance	{'name': 'Cardiovascular phenotype', 'database': 'MedGen', 'id': 'CN230736'}
VCV000858924	RCV004590077	KCNH2	1	criteria provided, single submitter	Uncertain significance	{'name': 'not provided', 'database': 'MedGen', 'id': 'C3661900'}
VCV000862803	RCV001069604	GRIN2A	1	criteria provided, single submitter	Benign	{'name': 'Landau-Kleffner syndrome', 'database': 'MedGen', 'id': 'C0282512'}
VCV000863633	RCV001070641	PDGFRB	1	criteria provided, single submitter	Uncertain significance	{'name': 'Acroosteolysis-keloid-like lesions-premature aging syndrome', 'database': 'MedGen', 'id': 'C1866182'};{'name': 'Basal ganglia calcification, idiopathic, 4', 'database': 'MedGen', 'id': 'C3554321'};{'name': 'Infantile myofibromatosis', 'database': 'MedGen', 'id': 'C0432284'};{'name': 'Skeletal overgrowth-craniofacial dysmorphism-hyperelastic skin-white matter lesions syndrome', 'database': 'MedGen', 'id': 'C4225270'}
VCV000863633	RCV004800688	PDGFRB	1	criteria provided, single submitter	Likely pathogenic	{'name': 'not provided', 'database': 'MedGen', 'id': 'C3661900'}
VCV000871047	RCV001090799	PIK3CD	1	criteria provided, single submitter	Uncertain significance	{'name': 'not provided', 'database': 'MedGen', 'id': 'C3661900'}
VCV000871047	RCV006446019	PIK3CD	3	reviewed by expert panel	Uncertain significance	{'name': 'Immunodeficiency 14', 'database': 'MedGen', 'id': 'C3714976'}
VCV000872004	RCV001092244	SCN11A	2	criteria provided, multiple submitters, no conflicts	Pathogenic	{'name': 'not provided', 'database': 'MedGen', 'id': 'C3661900'}
VCV000872004	RCV002554846	SCN11A	1	criteria provided, single submitter	Pathogenic	{'name': 'Familial episodic pain syndrome with predominantly lower limb involvement', 'database': 'MedGen', 'id': 'C3809899'};{'name': 'Hereditary sensory and autonomic neuropathy type 7', 'database': 'MedGen', 'id': 'C3809882'}
VCV000872004	RCV004796365	SCN11A	2	criteria provided, multiple submitters, no conflicts	Pathogenic	{'name': 'Familial episodic pain syndrome with predominantly lower limb involvement', 'database': 'MedGen', 'id': 'C3809899'}
VCV000878948	RCV001106019	ANKRD26	1	criteria provided, conflicting classifications	Conflicting classifications of pathogenicity	{'name': 'Thrombocytopenia 2', 'database': 'MedGen', 'id': 'C1861185'}
VCV000878948	RCV001655676	ANKRD26	2	criteria provided, multiple submitters, no conflicts	Uncertain significance	{'name': 'not provided', 'database': 'MedGen', 'id': 'C3661900'}
VCV000878948	RCV001819815	ANKRD26	1	criteria provided, single submitter	Uncertain significance	{'name': 'not specified', 'database': 'MedGen', 'id': 'CN169374'}
VCV000905291	RCV001153741	GCM2	1	criteria provided, single submitter	Uncertain significance	{'name': 'Familial hypoparathyroidism', 'database': 'MedGen', 'id': 'C1832648'}
VCV000905291	RCV006465490	GCM2	1	criteria provided, single submitter	Uncertain significance	{'name': 'not provided', 'database': 'MedGen', 'id': 'C3661900'}
VCV000905292	RCV001153742	GCM2	1	criteria provided, single submitter	Uncertain significance	{'name': 'Familial hypoparathyroidism', 'database': 'MedGen', 'id': 'C1832648'}
VCV000905292	RCV002480553	GCM2	2	criteria provided, multiple submitters, no conflicts	Uncertain significance	{'name': 'Hyperparathyroidism 4', 'database': 'MedGen', 'id': 'C4479229'};{'name': 'Hypoparathyroidism, familial isolated, 2', 'database': 'MedGen', 'id': 'C5394383'}
VCV000905292	RCV002558330	GCM2	2	criteria provided, multiple submitters, no conflicts	Uncertain significance	{'name': 'not provided', 'database': 'MedGen', 'id': 'C3661900'}
VCV000906982	RCV001156494	C2	1	criteria provided, single submitter	Uncertain significance	{'name': 'Complement component 2 deficiency', 'database': 'MedGen', 'id': 'C0398756'}
VCV000906982	RCV001156495	C2	1	criteria provided, single submitter	Uncertain significance	{'name': 'Age related macular degeneration 14', 'database': 'MedGen', 'id': 'C3809653'}
VCV000906982	RCV001528361	C2	2	criteria provided, multiple submitters, no conflicts	Uncertain significance	{'name': 'not provided', 'database': 'MedGen', 'id': 'C3661900'}
VCV000906982	RCV002483900	C2	1	criteria provided, single submitter	Uncertain significance	{'name': 'Age related macular degeneration 14', 'database': 'MedGen', 'id': 'C3809653'};{'name': 'Complement component 2 deficiency', 'database': 'MedGen', 'id': 'C0398756'}
VCV000907069	RCV001156646	STAT2	1	criteria provided, single submitter	Pathogenic	{'name': 'Pseudo-TORCH syndrome 3', 'database': 'MedGen', 'id': 'C5394391'}
VCV000907069	RCV002032445	STAT2	1	criteria provided, single submitter	Uncertain significance	{'name': 'Primary immunodeficiency with post-measles-mumps-rubella vaccine viral infection', 'database': 'MedGen', 'id': 'C4225260'}
VCV000916327	RCV001171931	FOXN1	1	criteria provided, single submitter	Uncertain significance	{'name': 'not provided', 'database': 'MedGen', 'id': 'C3661900'}
VCV000916327	RCV004726914	FOXN1	0	no assertion criteria provided	Uncertain significance	{'name': 'FOXN1-related disorder'}
VCV000916327	RCV006636268	FOXN1	1	criteria provided, single submitter	Likely pathogenic	{'name': 'T-cell immunodeficiency, congenital alopecia, and nail dystrophy', 'database': 'MedGen', 'id': 'C1866426'}
VCV000916592	RCV001172336	GRIN2B	1	criteria provided, single submitter	Likely pathogenic	{'name': 'Intellectual disability, autosomal dominant 6', 'database': 'MedGen', 'id': 'C3151411'}
VCV000916592	RCV001253690	GRIN2B	1	criteria provided, single submitter	Pathogenic	{'name': 'Developmental and epileptic encephalopathy, 27', 'database': 'MedGen', 'id': 'C4015316'}
VCV000916592	RCV005401737	GRIN2B	1	criteria provided, single submitter	Pathogenic	{'name': 'not provided', 'database': 'MedGen', 'id': 'C3661900'}
VCV000917489	RCV001526537	PIK3CA	1	criteria provided, single submitter	Pathogenic	{'name': 'CLOVES syndrome', 'database': 'MedGen', 'id': 'C2752042'}
VCV000917489	RCV003225150	PIK3CA	1	criteria provided, single submitter	Pathogenic	{'name': 'Megalencephaly-capillary malformation-polymicrogyria syndrome', 'database': 'MedGen', 'id': 'C1865285'}
VCV000917489	RCV003485684	PIK3CA	0	no assertion criteria provided	Pathogenic	{'name': 'Capillary malformation', 'database': 'MedGen', 'id': 'C0340803'}
VCV000917489	RCV005702427	PIK3CA	1	criteria provided, single submitter	Pathogenic	{'name': 'Inborn genetic diseases', 'database': 'MedGen', 'id': 'C0950123'}
VCV000917489	RCV006272147	PIK3CA	0	no assertion criteria provided	Likely pathogenic	{'name': 'Angioosteohypertrophic syndrome', 'database': 'MedGen', 'id': 'C0022739'}
VCV000917490	RCV001265074	TEK	0	no assertion criteria provided	Likely pathogenic	{'name': 'Multiple cutaneous and mucosal venous malformations', 'database': 'MedGen', 'id': 'C1838437'}
VCV000917873	RCV001175148	GRIN1	1	criteria provided, single submitter	Pathogenic	{'name': 'Neurodevelopmental disorder with or without hyperkinetic movements and seizures, autosomal dominant', 'database': 'MedGen', 'id': 'C3280282'}
VCV000917874	RCV001175149	GRIN1	1	criteria provided, single submitter	Likely pathogenic	{'name': 'Neurodevelopmental disorder with or without hyperkinetic movements and seizures, autosomal dominant', 'database': 'MedGen', 'id': 'C3280282'}
VCV000919842	RCV001842726	KCNQ1	1	criteria provided, single submitter	Uncertain significance	{'name': 'Cardiac arrhythmia', 'database': 'MedGen', 'id': 'C0003811'}
VCV000919842	RCV001875885	KCNQ1	2	criteria provided, multiple submitters, no conflicts	Uncertain significance	{'name': 'Long QT syndrome', 'database': 'MedGen', 'id': 'C0023976'}
VCV000919842	RCV005627409	KCNQ1	1	criteria provided, single submitter	Uncertain significance	{'name': 'not provided', 'database': 'MedGen', 'id': 'C3661900'}
VCV000919842	RCV006347450	KCNQ1	1	criteria provided, single submitter	Uncertain significance	{'name': 'Cardiovascular phenotype', 'database': 'MedGen', 'id': 'CN230736'}
VCV000922927	RCV001183277	RYR2	1	criteria provided, single submitter	Uncertain significance	{'name': 'Cardiomyopathy', 'database': 'MedGen', 'id': 'C0878544'}
VCV000922927	RCV001760136	RYR2	1	criteria provided, single submitter	Uncertain significance	{'name': 'not provided', 'database': 'MedGen', 'id': 'C3661900'}
VCV000922927	RCV002560841	RYR2	1	criteria provided, single submitter	Uncertain significance	{'name': 'Catecholaminergic polymorphic ventricular tachycardia 1', 'database': 'MedGen', 'id': 'C1631597'}
VCV000922927	RCV004008366	RYR2	1	criteria provided, single submitter	Uncertain significance	{'name': 'Catecholaminergic polymorphic ventricular tachycardia', 'database': 'MedGen', 'id': 'C5574922'}
VCV000923216	RCV001183733	PCSK9	1	criteria provided, conflicting classifications	Conflicting classifications of pathogenicity	{'name': 'Familial hypercholesterolemia', 'database': 'MedGen', 'id': 'C0020445'}
VCV000923216	RCV001450046	PCSK9	1	criteria provided, conflicting classifications	Conflicting classifications of pathogenicity	{'name': 'Hypercholesterolemia, autosomal dominant, 3', 'database': 'MedGen', 'id': 'C1863551'}
VCV000923216	RCV005702431	PCSK9	1	criteria provided, single submitter	Uncertain significance	{'name': 'Cardiovascular phenotype', 'database': 'MedGen', 'id': 'CN230736'}
VCV000923216	RCV006266606	PCSK9	1	criteria provided, single submitter	Likely pathogenic	{'name': 'not provided', 'database': 'MedGen', 'id': 'C3661900'}
VCV000923275	RCV001843189	KCNQ1	1	criteria provided, single submitter	Uncertain significance	{'name': 'Cardiac arrhythmia', 'database': 'MedGen', 'id': 'C0003811'}
VCV000923275	RCV003532886	KCNQ1	2	criteria provided, multiple submitters, no conflicts	Uncertain significance	{'name': 'Long QT syndrome', 'database': 'MedGen', 'id': 'C0023976'}
VCV000928169	RCV001841157	SCN5A	2	criteria provided, multiple submitters, no conflicts	Uncertain significance	{'name': 'Cardiac arrhythmia', 'database': 'MedGen', 'id': 'C0003811'}
VCV000928169	RCV002484054	SCN5A	1	criteria provided, single submitter	Uncertain significance	{'name': 'Atrial fibrillation, familial, 10', 'database': 'MedGen', 'id': 'C3151464'};{'name': 'Brugada syndrome 1', 'database': 'MedGen', 'id': 'C4551804'};{'name': 'Dilated cardiomyopathy 1E', 'database': 'MedGen', 'id': 'C1832680'};{'name': 'Long QT syndrome 3', 'database': 'MedGen', 'id': 'C1859062'};{'name': 'Progressive familial heart block, type 1A', 'database': 'MedGen', 'id': 'C1879286'};{'name': 'SUDDEN INFANT DEATH SYNDROME', 'database': 'MedGen', 'id': 'C0038644'};{'name': 'Sick sinus syndrome 1', 'database': 'MedGen', 'id': 'C1837845'};{'name': 'Ventricular fibrillation, paroxysmal familial, type 1', 'database': 'MedGen', 'id': 'C2751898'}
VCV000928169	RCV003541290	SCN5A	1	criteria provided, single submitter	Uncertain significance	{'name': 'not provided', 'database': 'MedGen', 'id': 'C3661900'}
VCV000928790	RCV001193229	STAT3	1	criteria provided, single submitter	Uncertain significance	{'name': 'not specified', 'database': 'MedGen', 'id': 'CN169374'}
VCV000928790	RCV002560162	STAT3	1	criteria provided, single submitter	Uncertain significance	{'name': 'Hyper-IgE recurrent infection syndrome 1, autosomal dominant', 'database': 'MedGen', 'id': 'C2936739'};{'name': 'STAT3 gain of function', 'database': 'MedGen', 'id': 'C4288261'}
VCV000928790	RCV004559917	STAT3	0	no assertion criteria provided	Pathogenic	{'name': 'EBV-positive nodal T- and NK-cell lymphoma'}
VCV000929948	RCV001195290	CLCN3	1	criteria provided, single submitter	Likely pathogenic	{'name': 'Neurodevelopmental disorder', 'database': 'MedGen', 'id': 'C1535926'}
VCV000929948	RCV001553775	CLCN3	0	no assertion criteria provided	Pathogenic	{'name': 'Neurodevelopmental delay', 'database': 'MedGen', 'id': 'C4022738'}
VCV000929948	RCV001597254	CLCN3	1	criteria provided, single submitter	Likely pathogenic	{'name': 'Neurodevelopmental disorder with hypotonia and brain abnormalities', 'database': 'MedGen', 'id': 'C5561977'}
VCV000932412	RCV001200199	KCNT1	1	criteria provided, single submitter	Uncertain significance	{'name': 'not provided', 'database': 'MedGen', 'id': 'C3661900'}
VCV000932412	RCV001859213	KCNT1	1	criteria provided, single submitter	Uncertain significance	{'name': 'Autosomal dominant nocturnal frontal lobe epilepsy 5', 'database': 'MedGen', 'id': 'C3554306'};{'name': 'Developmental and epileptic encephalopathy, 14', 'database': 'MedGen', 'id': 'C3554195'}
VCV000932412	RCV002271190	KCNT1	1	criteria provided, single submitter	Uncertain significance	{'name': 'Developmental and epileptic encephalopathy, 14', 'database': 'MedGen', 'id': 'C3554195'}
VCV000932412	RCV002271191	KCNT1	1	criteria provided, single submitter	Uncertain significance	{'name': 'Autosomal dominant nocturnal frontal lobe epilepsy 5', 'database': 'MedGen', 'id': 'C3554306'}
VCV000934291	RCV001202650	NLRP3	1	criteria provided, single submitter	Likely pathogenic	{'name': 'Cryopyrin associated periodic syndrome', 'database': 'MedGen', 'id': 'C2316212'}
VCV000937521	RCV001206547	FLNA	1	criteria provided, single submitter	Likely benign	{'name': 'Frontometaphyseal dysplasia', 'database': 'MedGen', 'id': 'C0265293'};{'name': 'Heterotopia, periventricular, X-linked dominant', 'database': 'MedGen', 'id': 'C1848213'};{'name': 'Melnick-Needles syndrome', 'database': 'MedGen', 'id': 'C0025237'};{'name': 'Oto-palato-digital syndrome, type II', 'database': 'MedGen', 'id': 'C1844696'}
VCV000937521	RCV001729813	FLNA	0	no classification provided	not provided	{'name': 'Macrothrombocytopenia', 'database': 'MedGen', 'id': 'C2751260'}
VCV000940166	RCV001209695	CASR	1	criteria provided, single submitter	Uncertain significance	{'name': 'Autosomal dominant hypocalcemia 1', 'database': 'MedGen', 'id': 'C3715128'};{'name': 'Familial hypocalciuric hypercalcemia', 'database': 'MedGen', 'id': 'C1809471'}
VCV000940899	RCV001210577	KCNH2	1	criteria provided, single submitter	Uncertain significance	{'name': 'Long QT syndrome', 'database': 'MedGen', 'id': 'C0023976'}
VCV000941237	RCV001210981	HCN4	1	criteria provided, single submitter	Uncertain significance	{'name': 'Brugada syndrome 8', 'database': 'MedGen', 'id': 'C2751083'}
VCV000954960	RCV001227511	PLCG2	1	criteria provided, single submitter	Pathogenic	{'name': 'Familial cold autoinflammatory syndrome 3', 'database': 'MedGen', 'id': 'C3280914'}
VCV000954960	RCV005367770	PLCG2	1	criteria provided, single submitter	Pathogenic	{'name': 'not provided', 'database': 'MedGen', 'id': 'C3661900'}
VCV000955935	RCV001228656	KIT	1	criteria provided, single submitter	Uncertain significance	{'name': 'Gastrointestinal stromal tumor', 'database': 'MedGen', 'id': 'C0238198'}
VCV000955935	RCV004951367	KIT	1	criteria provided, single submitter	Uncertain significance	{'name': 'Hereditary cancer-predisposing syndrome', 'database': 'MedGen', 'id': 'C0027672'}
VCV000958203	RCV001231321	GUCA1A	1	criteria provided, single submitter	Uncertain significance	{'name': 'not provided', 'database': 'MedGen', 'id': 'C3661900'}
VCV000959995	RCV001233441	CASR	1	criteria provided, single submitter	Pathogenic	{'name': 'Autosomal dominant hypocalcemia 1', 'database': 'MedGen', 'id': 'C3715128'};{'name': 'Familial hypocalciuric hypercalcemia', 'database': 'MedGen', 'id': 'C1809471'}
VCV000959995	RCV003353236	CASR	1	criteria provided, single submitter	Likely pathogenic	{'name': 'Nephrolithiasis/nephrocalcinosis', 'database': 'MedGen', 'id': 'CN580796'}
VCV000959995	RCV005909103	CASR	1	criteria provided, single submitter	Likely pathogenic	{'name': 'Autosomal dominant hypocalcemia', 'database': 'MedGen', 'id': 'C4048195'}
VCV000964215	RCV001238399	CAPN5	1	criteria provided, single submitter	Uncertain significance	{'name': 'not provided', 'database': 'MedGen', 'id': 'C3661900'}
VCV000967403	RCV001242306	SMARCA4	1	criteria provided, single submitter	Pathogenic	{'name': 'Rhabdoid tumor predisposition syndrome 2', 'database': 'MedGen', 'id': 'C2750074'}
VCV000967403	RCV001269593	SMARCA4	2	criteria provided, multiple submitters, no conflicts	Pathogenic/Likely pathogenic	{'name': 'not provided', 'database': 'MedGen', 'id': 'C3661900'}
VCV000967403	RCV002436951	SMARCA4	1	criteria provided, single submitter	Pathogenic	{'name': 'Hereditary cancer-predisposing syndrome', 'database': 'MedGen', 'id': 'C0027672'}
VCV000969069	RCV005057144	SLC6A1	1	criteria provided, single submitter	Uncertain significance	{'name': 'Epilepsy with myoclonic atonic seizures', 'database': 'MedGen', 'id': 'C0393702'}
VCV000969721	RCV006647983	CHRNA4	1	criteria provided, single submitter	Uncertain significance	{'name': 'Familial sleep-related hypermotor epilepsy', 'database': 'MedGen', 'id': 'C3696898'}
VCV000971813	RCV001247687	CACNA1A	1	criteria provided, single submitter	Pathogenic	{'name': 'Developmental and epileptic encephalopathy, 42', 'database': 'MedGen', 'id': 'C4310716'};{'name': 'Episodic ataxia type 2', 'database': 'MedGen', 'id': 'C1720416'}
VCV000971813	RCV001542498	CACNA1A	0	no assertion criteria provided	Likely pathogenic	{'name': 'Spinocerebellar ataxia type 6', 'database': 'MedGen', 'id': 'C0752124'}
VCV000971813	RCV002227258	CACNA1A	1	criteria provided, single submitter	Likely pathogenic	{'name': 'Developmental and epileptic encephalopathy, 52', 'database': 'MedGen', 'id': 'C4479236'};{'name': 'Episodic ataxia type 2', 'database': 'MedGen', 'id': 'C1720416'};{'name': 'Migraine, familial hemiplegic, 1', 'database': 'MedGen', 'id': 'C1832884'};{'name': 'Spinocerebellar ataxia type 6', 'database': 'MedGen', 'id': 'C0752124'}
VCV000971813	RCV002272428	CACNA1A	2	criteria provided, multiple submitters, no conflicts	Pathogenic	{'name': 'Developmental and epileptic encephalopathy, 42', 'database': 'MedGen', 'id': 'C4310716'}
VCV000971813	RCV003246815	CACNA1A	1	criteria provided, single submitter	Pathogenic	{'name': 'Inborn genetic diseases', 'database': 'MedGen', 'id': 'C0950123'}
VCV000971813	RCV003322872	CACNA1A	2	criteria provided, multiple submitters, no conflicts	Pathogenic	{'name': 'not provided', 'database': 'MedGen', 'id': 'C3661900'}
VCV000971813	RCV005232218	CACNA1A	1	criteria provided, single submitter	Pathogenic	{'name': 'CACNA1A-related disorder'}
VCV000971813	RCV006443791	CACNA1A	1	criteria provided, single submitter	Pathogenic	{'name': 'Paroxysmal central nervous system disorders'}
VCV000973196	RCV001249588	PDGFRB	1	criteria provided, single submitter	Pathogenic	{'name': 'Infantile myofibromatosis', 'database': 'MedGen', 'id': 'C0432284'}
VCV000974617	RCV001290031	CLCN6	1	criteria provided, single submitter	Pathogenic	{'name': 'Abnormal speech pattern', 'database': 'MedGen', 'id': 'C3687424'};{'name': 'Abnormality of temperature regulation', 'database': 'MedGen', 'id': 'C1832160'};{'name': 'Abnormality of the respiratory system', 'database': 'MedGen', 'id': 'C4018871'};{'name': 'Abnormality of the skin', 'database': 'MedGen', 'id': 'C5848159'};{'name': 'Abnormality of vision', 'database': 'MedGen', 'id': 'C4025846'};{'name': 'EEG abnormality', 'database': 'MedGen', 'id': 'C0151611'};{'name': 'Feeding difficulties', 'database': 'MedGen', 'id': 'C0232466'};{'name': 'Global developmental delay', 'database': 'MedGen', 'id': 'C0557874'};{'name': 'Hypotonia', 'database': 'MedGen', 'id': 'C0026827'};{'name': 'Motor delay', 'database': 'MedGen', 'id': 'C1854301'};{'name': 'Movement disorder', 'database': 'MedGen', 'id': 'C0026650'};{'name': 'Neurogenic bladder', 'database': 'MedGen', 'id': 'C0005697'}
VCV000974617	RCV001291033	CLCN6	1	criteria provided, single submitter	Pathogenic	{'name': 'Neurodegeneration, childhood-onset, with hypotonia, respiratory insufficiency, and brain imaging abnormalities', 'database': 'MedGen', 'id': 'C5543020'}
VCV000975943	RCV001253083	SCN1A	1	criteria provided, single submitter	Likely pathogenic	{'name': 'Severe myoclonic epilepsy in infancy', 'database': 'MedGen', 'id': 'C0751122'}
VCV000975943	RCV003325310	SCN1A	0	no assertion criteria provided	Likely pathogenic	{'name': 'not provided', 'database': 'MedGen', 'id': 'C3661900'}
VCV000975943	RCV006466133	SCN1A	1	criteria provided, single submitter	Pathogenic	{'name': 'Early-infantile DEE', 'database': 'MedGen', 'id': 'C0393706'}
VCV000975970	RCV001253121	KCNQ3	1	criteria provided, single submitter	Uncertain significance	{'name': 'Seizures, benign familial neonatal, 2', 'database': 'MedGen', 'id': 'C1852581'}
VCV000975970	RCV001879865	KCNQ3	1	criteria provided, single submitter	Pathogenic	{'name': 'Benign neonatal seizures', 'database': 'MedGen', 'id': 'C0220669'}
VCV000975970	RCV003148958	KCNQ3	2	criteria provided, multiple submitters, no conflicts	Pathogenic	{'name': 'not provided', 'database': 'MedGen', 'id': 'C3661900'}
VCV000977461	RCV001255135	JAK1	0	no assertion criteria provided	Pathogenic	{'name': 'Autoinflammation, immune dysregulation, and eosinophilia', 'database': 'MedGen', 'id': 'C5436572'}
VCV000978212	RCV001256180	TRIO	1	criteria provided, single submitter	Likely pathogenic	{'name': 'Intellectual developmental disorder, autosomal dominant 63, with macrocephaly', 'database': 'MedGen', 'id': 'C5394205'}
VCV000978356	RCV001256905	KCNH2	1	criteria provided, single submitter	Likely pathogenic	{'name': 'Long QT syndrome 1', 'database': 'MedGen', 'id': 'C4551647'}
VCV000978356	RCV002471062	KCNH2	1	criteria provided, single submitter	Uncertain significance	{'name': 'Long QT syndrome 2', 'database': 'MedGen', 'id': 'C3150943'}
VCV000978810	RCV001352675	KCNN4	1	criteria provided, single submitter	Pathogenic	{'name': 'Dehydrated hereditary stomatocytosis with or without pseudohyperkalemia and/or perinatal edema', 'database': 'MedGen', 'id': 'C4551512'}
VCV000978934	RCV001257730	KCNQ3	1	criteria provided, single submitter	Pathogenic	{'name': 'Intellectual disability', 'database': 'MedGen', 'id': 'C3714756'}
VCV000981229	RCV001327973	TEK	0	no assertion criteria provided	Pathogenic	{'name': 'Abnormal cardiovascular system morphology', 'database': 'MedGen', 'id': 'C4049796'}
VCV000981229	RCV001799752	TEK	0	no assertion criteria provided	Pathogenic	{'name': 'Bockenheimer syndrome', 'database': 'MedGen', 'id': 'C5679814'}
VCV000981229	RCV002254341	TEK	1	criteria provided, single submitter	Pathogenic	{'name': 'not provided', 'database': 'MedGen', 'id': 'C3661900'}
VCV000981229	RCV003458658	TEK	1	criteria provided, single submitter	Pathogenic	{'name': 'Vascular malformation', 'database': 'MedGen', 'id': 'C0158570'}
VCV000981230	RCV001327975	TEK	0	no assertion criteria provided	Pathogenic	{'name': 'Abnormal cardiovascular system morphology', 'database': 'MedGen', 'id': 'C4049796'}
VCV000981230	RCV003449820	TEK	2	criteria provided, multiple submitters, no conflicts	Pathogenic	{'name': 'Multiple cutaneous and mucosal venous malformations', 'database': 'MedGen', 'id': 'C1838437'}
VCV000981230	RCV006698366	TEK	1	criteria provided, single submitter	Pathogenic	{'name': 'not provided', 'database': 'MedGen', 'id': 'C3661900'}
VCV000981231	RCV001327976	TEK	0	no assertion criteria provided	Pathogenic	{'name': 'Abnormal cardiovascular system morphology', 'database': 'MedGen', 'id': 'C4049796'}
VCV000981231	RCV003449821	TEK	1	criteria provided, single submitter	Pathogenic	{'name': 'Multiple cutaneous and mucosal venous malformations', 'database': 'MedGen', 'id': 'C1838437'}
VCV000981232	RCV001327977	TEK	0	no assertion criteria provided	Pathogenic	{'name': 'Abnormal cardiovascular system morphology', 'database': 'MedGen', 'id': 'C4049796'}
VCV000981232	RCV004562117	TEK	1	criteria provided, single submitter	Pathogenic	{'name': 'Multiple cutaneous and mucosal venous malformations', 'database': 'MedGen', 'id': 'C1838437'}
VCV000981258	RCV001260609	DNMT3A	1	criteria provided, single submitter	Uncertain significance	{'name': 'Intellectual disability', 'database': 'MedGen', 'id': 'C3714756'}
VCV000981258	RCV001879994	DNMT3A	1	criteria provided, conflicting classifications	Conflicting classifications of pathogenicity	{'name': 'Tatton-Brown-Rahman overgrowth syndrome', 'database': 'MedGen', 'id': 'C4014545'}
VCV000981258	RCV005909262	DNMT3A	1	criteria provided, single submitter	Likely pathogenic	{'name': 'Hereditary pheochromocytoma and paraganglioma', 'database': 'MedGen', 'id': 'C4274332'}
VCV000982369	RCV001261942	CYP3A4	1	criteria provided, single submitter	Pathogenic	{'name': 'Vitamin D-dependent rickets, type 3', 'database': 'MedGen', 'id': 'C5436733'}
VCV000982892	RCV001262617	PAK1	2	criteria provided, multiple submitters, no conflicts	Likely pathogenic	{'name': 'Intellectual developmental disorder with macrocephaly, seizures, and speech delay', 'database': 'MedGen', 'id': 'C4748428'}
VCV000983211	RCV001263086	ABL1	1	criteria provided, single submitter	Likely pathogenic	{'name': 'Congenital heart defects and skeletal malformations syndrome', 'database': 'MedGen', 'id': 'C4539857'}
VCV000983211	RCV003660878	ABL1	1	criteria provided, single submitter	Likely pathogenic	{'name': 'not provided', 'database': 'MedGen', 'id': 'C3661900'}
VCV000983212	RCV001263087	ABL1	1	criteria provided, single submitter	Likely pathogenic	{'name': 'Congenital heart defects and skeletal malformations syndrome', 'database': 'MedGen', 'id': 'C4539857'}
VCV000983212	RCV001527376	ABL1	1	criteria provided, single submitter	Pathogenic	{'name': 'Microcephaly', 'database': 'MedGen', 'id': 'C4551563'}
VCV000983213	RCV001263088	ABL1	1	criteria provided, single submitter	Likely pathogenic	{'name': 'Congenital heart defects and skeletal malformations syndrome', 'database': 'MedGen', 'id': 'C4539857'}
VCV000983213	RCV002225818	ABL1	2	criteria provided, multiple submitters, no conflicts	Pathogenic/Likely pathogenic	{'name': 'not provided', 'database': 'MedGen', 'id': 'C3661900'}
VCV000983289	RCV001263232	ODC1	0	no assertion criteria provided	Pathogenic	{'name': 'Neurodevelopmental disorder with alopecia and brain abnormalities', 'database': 'MedGen', 'id': 'C5436741'}
VCV000984818	RCV001265282	SCN2A	0	no assertion criteria provided	Uncertain significance	{'name': 'Complex neurodevelopmental disorder', 'database': 'MedGen', 'id': 'C5568766'}
VCV000984818	RCV001296431	SCN2A	1	criteria provided, single submitter	Pathogenic	{'name': 'Developmental and epileptic encephalopathy, 11', 'database': 'MedGen', 'id': 'C3150987'};{'name': 'Seizures, benign familial infantile, 3', 'database': 'MedGen', 'id': 'C1843140'}
VCV000984818	RCV001847216	SCN2A	0	no assertion criteria provided	Pathogenic	{'name': 'Developmental and epileptic encephalopathy', 'database': 'MedGen', 'id': 'C5779964'}
VCV000984952	RCV001265603	HERC1	1	criteria provided, single submitter	Pathogenic	{'name': 'Macrocephaly, dysmorphic facies, and psychomotor retardation', 'database': 'MedGen', 'id': 'C4310766'}
VCV000985841	RCV001266958	GRIK2	1	criteria provided, single submitter	Pathogenic	{'name': 'Inborn genetic diseases', 'database': 'MedGen', 'id': 'C0950123'}
VCV000985841	RCV001568406	GRIK2	0	no assertion criteria provided	Pathogenic	{'name': 'Gait ataxia', 'database': 'MedGen', 'id': 'C0751837'};{'name': 'Intellectual disability', 'database': 'MedGen', 'id': 'C3714756'};{'name': 'Severe global developmental delay', 'database': 'MedGen', 'id': 'C1837397'}
VCV000985841	RCV001574045	GRIK2	2	criteria provided, multiple submitters, no conflicts	Pathogenic	{'name': 'not provided', 'database': 'MedGen', 'id': 'C3661900'}
VCV000985841	RCV001751535	GRIK2	2	criteria provided, multiple submitters, no conflicts	Pathogenic	{'name': 'Neurodevelopmental disorder with impaired language and ataxia and with or without seizures', 'database': 'MedGen', 'id': 'C5562006'}
VCV000986305	RCV001267637	NARS1	2	criteria provided, multiple submitters, no conflicts	Pathogenic/Likely pathogenic	{'name': 'Neurodevelopmental disorder with microcephaly, impaired language, and gait abnormalities', 'database': 'MedGen', 'id': 'C5436783'}
VCV000986305	RCV004570660	NARS1	0	no assertion criteria provided	Pathogenic	{'name': 'not provided', 'database': 'MedGen', 'id': 'C3661900'}
VCV000986832	RCV001267958	CDKN1C	1	criteria provided, single submitter	Likely pathogenic	{'name': 'not provided', 'database': 'MedGen', 'id': 'C3661900'}
VCV000986832	RCV004814045	CDKN1C	0	no classification provided	not provided	{'name': 'IMAGe syndrome', 'database': 'MedGen', 'id': 'C1846009'}
VCV000986832	RCV005865475	CDKN1C	1	criteria provided, single submitter	Likely pathogenic	{'name': 'Monogenic short statue'}
VCV000986989	RCV001268184	KCNA2	1	criteria provided, single submitter	Pathogenic	{'name': 'not provided', 'database': 'MedGen', 'id': 'C3661900'}
VCV000986989	RCV001382054	KCNA2	2	criteria provided, multiple submitters, no conflicts	Pathogenic	{'name': 'Developmental and epileptic encephalopathy, 32', 'database': 'MedGen', 'id': 'C4225350'}
VCV000987088	RCV001268321	GABRA1	1	criteria provided, single submitter	Likely pathogenic	{'name': 'not provided', 'database': 'MedGen', 'id': 'C3661900'}
VCV000987088	RCV002379971	GABRA1	1	criteria provided, single submitter	Uncertain significance	{'name': 'Inborn genetic diseases', 'database': 'MedGen', 'id': 'C0950123'}
VCV000987088	RCV004698858	GABRA1	1	criteria provided, single submitter	Likely pathogenic	{'name': 'GABRA1-related disorder'}
VCV000988626	RCV001270305	SAMD9	0	no assertion criteria provided	Pathogenic	{'name': 'Monosomy 7 myelodysplasia and leukemia syndrome 2', 'database': 'MedGen', 'id': 'C5436668'}
VCV000988790	RCV001270461	CACNA1F	0	no assertion criteria provided	Pathogenic	{'name': 'Congenital stationary night blindness 2A', 'database': 'MedGen', 'id': 'C1848172'}
VCV000988790	RCV003558787	CACNA1F	2	criteria provided, multiple submitters, no conflicts	Pathogenic	{'name': 'not provided', 'database': 'MedGen', 'id': 'C3661900'}
VCV000989236	RCV001270702	SYK	1	criteria provided, single submitter	Uncertain significance	{'name': 'Arthritis', 'database': 'MedGen', 'id': 'C0003864'};{'name': 'Colitis', 'database': 'MedGen', 'id': 'C0009319'};{'name': 'Immunodeficiency', 'database': 'MedGen', 'id': 'C0021051'};{'name': 'Skin rash', 'database': 'MedGen', 'id': 'C5779628'}
VCV000989237	RCV001270703	SYK	1	criteria provided, single submitter	Likely pathogenic	{'name': 'Arthritis', 'database': 'MedGen', 'id': 'C0003864'};{'name': 'Colitis', 'database': 'MedGen', 'id': 'C0009319'};{'name': 'Decreased circulating immunoglobulin concentration', 'database': 'MedGen', 'id': 'C4048270'};{'name': 'Immunodeficiency', 'database': 'MedGen', 'id': 'C0021051'};{'name': 'Skin rash', 'database': 'MedGen', 'id': 'C5779628'}
VCV000989386	RCV001270908	SYK	1	criteria provided, single submitter	Pathogenic	{'name': 'Colitis', 'database': 'MedGen', 'id': 'C0009319'};{'name': 'Decreased circulating immunoglobulin concentration', 'database': 'MedGen', 'id': 'C4048270'};{'name': 'Immunodeficiency', 'database': 'MedGen', 'id': 'C0021051'};{'name': 'Joint swelling', 'database': 'MedGen', 'id': 'C0152031'};{'name': 'Skin rash', 'database': 'MedGen', 'id': 'C5779628'}
VCV000989386	RCV001527353	SYK	0	no assertion criteria provided	Pathogenic	{'name': 'Immunodeficiency 82 with systemic inflammation', 'database': 'MedGen', 'id': 'C5543581'}
VCV000989386	RCV001880221	SYK	1	criteria provided, single submitter	Uncertain significance	{'name': 'not provided', 'database': 'MedGen', 'id': 'C3661900'}
VCV000989387	RCV001270909	SYK	1	criteria provided, single submitter	Likely pathogenic	{'name': 'Arthritis', 'database': 'MedGen', 'id': 'C0003864'};{'name': 'Colitis', 'database': 'MedGen', 'id': 'C0009319'};{'name': 'Decreased circulating immunoglobulin concentration', 'database': 'MedGen', 'id': 'C4048270'};{'name': 'Immunodeficiency', 'database': 'MedGen', 'id': 'C0021051'};{'name': 'Skin rash', 'database': 'MedGen', 'id': 'C5779628'}
VCV000989387	RCV002293255	SYK	0	no assertion criteria provided	Pathogenic	{'name': 'Immunodeficiency 82 with systemic inflammation', 'database': 'MedGen', 'id': 'C5543581'}
VCV000989389	RCV001270911	SYK	1	criteria provided, single submitter	Pathogenic	{'name': 'Arthritis', 'database': 'MedGen', 'id': 'C0003864'};{'name': 'Colitis', 'database': 'MedGen', 'id': 'C0009319'};{'name': 'Decreased circulating immunoglobulin concentration', 'database': 'MedGen', 'id': 'C4048270'};{'name': 'Immunodeficiency', 'database': 'MedGen', 'id': 'C0021051'};{'name': 'Skin rash', 'database': 'MedGen', 'id': 'C5779628'}
VCV000989389	RCV001527352	SYK	0	no assertion criteria provided	Pathogenic	{'name': 'Immunodeficiency 82 with systemic inflammation', 'database': 'MedGen', 'id': 'C5543581'}
VCV000992234	RCV001280623	WAS	1	criteria provided, single submitter	Likely pathogenic	{'name': 'X-linked severe congenital neutropenia', 'database': 'MedGen', 'id': 'C1845987'}
VCV000992234	RCV001509118	WAS	1	criteria provided, single submitter	Likely pathogenic	{'name': 'not provided', 'database': 'MedGen', 'id': 'C3661900'}
VCV000992234	RCV005225346	WAS	1	criteria provided, single submitter	Likely pathogenic	{'name': 'Thrombocytopenia 1', 'database': 'MedGen', 'id': 'C1839163'};{'name': 'Wiskott-Aldrich syndrome', 'database': 'MedGen', 'id': 'C0043194'};{'name': 'X-linked severe congenital neutropenia', 'database': 'MedGen', 'id': 'C1845987'}
VCV000992628	RCV001281098	THRA	1	criteria provided, single submitter	Likely pathogenic	{'name': 'Congenital nongoitrous hypothyroidism 6', 'database': 'MedGen', 'id': 'C3280817'}
VCV000994751	RCV001288396	SCN1A	1	criteria provided, single submitter	Likely pathogenic	{'name': 'not provided', 'database': 'MedGen', 'id': 'C3661900'}
VCV000996014	RCV001290299	UNC13A	0	no assertion criteria provided	Likely pathogenic	{'name': 'not provided', 'database': 'MedGen', 'id': 'C3661900'}
VCV000996014	RCV003128383	UNC13A	1	criteria provided, single submitter	Likely pathogenic	{'name': 'Cerebellar ataxia', 'database': 'MedGen', 'id': 'C0007758'};{'name': 'Delayed speech and language development', 'database': 'MedGen', 'id': 'C0454644'};{'name': 'Developmental regression', 'database': 'MedGen', 'id': 'C1836830'};{'name': 'Febrile seizure (within the age range of 3 months to 6 years)', 'database': 'MedGen', 'id': 'C0009952'};{'name': 'Tremor', 'database': 'MedGen', 'id': 'C0040822'}
VCV000996014	RCV003326146	UNC13A	1	criteria provided, single submitter	Likely pathogenic	{'name': 'UNC13A-associated disorder'}
VCV000996014	RCV004789517	UNC13A	1	criteria provided, single submitter	Likely pathogenic	{'name': 'Neurodevelopmental disorder', 'database': 'MedGen', 'id': 'C1535926'}
VCV000996014	RCV006434905	UNC13A	0	no assertion criteria provided	Pathogenic	{'name': 'Neurodevelopmental disorder with speech delay, movement abnormalities, and seizures', 'database': 'MedGen', 'id': 'C6065943'}
VCV000996750	RCV001559133	GJA4	0	no assertion criteria provided	Pathogenic	{'name': 'Cutaneous venous malformation'}
VCV000996750	RCV001559134	GJA4	0	no assertion criteria provided	Pathogenic	{'name': 'Hepatic hemangioma', 'database': 'MedGen', 'id': 'C0238246'}
VCV000996750	RCV001849501	GJA4	0	no assertion criteria provided	Pathogenic	{'name': 'Skin hemangioma', 'database': 'MedGen', 'id': 'C0687140'}
VCV000997783	RCV001293352	FMNL2	0	no assertion criteria provided	Likely pathogenic	{'name': 'Crohn disease', 'database': 'MedGen', 'id': 'C0010346'}
VCV001005965	RCV001302928	KCND2	1	criteria provided, single submitter	Pathogenic	{'name': 'Early Myoclonic Encephalopathy', 'database': 'MedGen', 'id': 'C0270855'}
VCV001005965	RCV004017817	KCND2	1	criteria provided, single submitter	Likely pathogenic	{'name': 'Neurodevelopmental disorder', 'database': 'MedGen', 'id': 'C1535926'}
VCV001005965	RCV005253790	KCND2	1	criteria provided, single submitter	Likely pathogenic	{'name': 'KCND2-related neurodevelopmental disorder'}
VCV001005984	RCV001302950	STAT3	1	criteria provided, single submitter	Pathogenic	{'name': 'Hyper-IgE recurrent infection syndrome 1, autosomal dominant', 'database': 'MedGen', 'id': 'C2936739'};{'name': 'STAT3 gain of function', 'database': 'MedGen', 'id': 'C4288261'}
VCV001029721	RCV001331075	KCNA1	1	criteria provided, single submitter	Uncertain significance	{'name': 'Episodic ataxia type 1', 'database': 'MedGen', 'id': 'C1719788'}
VCV001035856	RCV001338783	DNM2	1	criteria provided, single submitter	Uncertain significance	{'name': 'Charcot-Marie-Tooth disease dominant intermediate B', 'database': 'MedGen', 'id': 'C1847902'}
VCV001037779	RCV001340988	GUCY2C	1	criteria provided, single submitter	Pathogenic	{'name': 'not provided', 'database': 'MedGen', 'id': 'C3661900'}
VCV001042848	RCV001346867	CACNA1H	1	criteria provided, single submitter	Uncertain significance	{'name': 'Hyperaldosteronism, familial, type IV', 'database': 'MedGen', 'id': 'C4310756'};{'name': 'Idiopathic generalized epilepsy', 'database': 'MedGen', 'id': 'C0270850'}
VCV001044450	RCV002545594	RYR2	1	criteria provided, single submitter	Likely pathogenic	{'name': 'Catecholaminergic polymorphic ventricular tachycardia 1', 'database': 'MedGen', 'id': 'C1631597'}
VCV001044450	RCV004005224	RYR2	1	criteria provided, single submitter	Uncertain significance	{'name': 'Catecholaminergic polymorphic ventricular tachycardia', 'database': 'MedGen', 'id': 'C5574922'}
VCV001045068	RCV001349414	KIT	1	criteria provided, single submitter	Uncertain significance	{'name': 'Gastrointestinal stromal tumor', 'database': 'MedGen', 'id': 'C0238198'}
VCV001045068	RCV002404829	KIT	1	criteria provided, single submitter	Uncertain significance	{'name': 'Hereditary cancer-predisposing syndrome', 'database': 'MedGen', 'id': 'C0027672'}
VCV001064703	RCV001374728	PPP3CA	1	criteria provided, single submitter	Pathogenic	{'name': 'Arthrogryposis, cleft palate, craniosynostosis, and impaired intellectual development', 'database': 'MedGen', 'id': 'C4748872'}
VCV001065925	RCV001376775	AKT3	1	criteria provided, single submitter	Likely pathogenic	{'name': 'Megalencephaly-polymicrogyria-polydactyly-hydrocephalus syndrome 2', 'database': 'MedGen', 'id': 'C4014738'}
VCV001067193	RCV001378387	CXCR4	1	criteria provided, single submitter	Pathogenic	{'name': 'Warts, hypogammaglobulinemia, infections, and myelokathexis', 'database': 'MedGen', 'id': 'C0472817'}
VCV001068258	RCV001379759	SCN2A	1	criteria provided, single submitter	Pathogenic	{'name': 'Developmental and epileptic encephalopathy, 11', 'database': 'MedGen', 'id': 'C3150987'};{'name': 'Seizures, benign familial infantile, 3', 'database': 'MedGen', 'id': 'C1843140'}
VCV001068258	RCV003326149	SCN2A	0	no assertion criteria provided	Likely pathogenic	{'name': 'Developmental and epileptic encephalopathy, 11', 'database': 'MedGen', 'id': 'C3150987'}
VCV001120175	RCV001449882	APOL1	1	criteria provided, single submitter	risk factor	{'name': 'Hyalinosis, Segmental Glomerular', 'database': 'MedGen', 'id': 'C0086432'}
VCV001120257	RCV001450047	PCSK9	1	criteria provided, single submitter	Likely pathogenic	{'name': 'Hypercholesterolemia, autosomal dominant, 3', 'database': 'MedGen', 'id': 'C1863551'}
VCV001152102	RCV001493286	SCN9A	1	criteria provided, single submitter	Likely benign	{'name': 'Generalized epilepsy with febrile seizures plus, type 7', 'database': 'MedGen', 'id': 'C2751778'};{'name': 'Neuropathy, hereditary sensory and autonomic, type 2A', 'database': 'MedGen', 'id': 'C2752089'}
VCV001163498	RCV001508627	SPTLC1	1	criteria provided, single submitter	Uncertain significance	{'name': 'not provided', 'database': 'MedGen', 'id': 'C3661900'}
VCV001174095	RCV001527627	KCNA2	0	no assertion criteria provided	Likely pathogenic	{'name': 'Developmental and epileptic encephalopathy, 1', 'database': 'MedGen', 'id': 'C3463992'}
VCV001177384	RCV001533164	SCN1A	0	no classification provided	not provided	{'name': 'Familial hemiplegic migraine', 'database': 'MedGen', 'id': 'C0338484'}
VCV001177384	RCV006467651	SCN1A	1	criteria provided, single submitter	Pathogenic	{'name': 'Early-infantile DEE', 'database': 'MedGen', 'id': 'C0393706'}
VCV001178472	RCV001534761	TMEM175	2	criteria provided, multiple submitters, no conflicts	Benign	{'name': 'not provided', 'database': 'MedGen', 'id': 'C3661900'}
VCV001185021	RCV001543672	SCNN1G	1	criteria provided, single submitter	Uncertain significance	{'name': 'Bronchiectasis with or without elevated sweat chloride 3', 'database': 'MedGen', 'id': 'C2751324'}
VCV001185021	RCV003542345	SCNN1G	2	criteria provided, multiple submitters, no conflicts	Uncertain significance	{'name': 'not provided', 'database': 'MedGen', 'id': 'C3661900'}
VCV001185021	RCV005005255	SCNN1G	1	criteria provided, single submitter	Uncertain significance	{'name': 'Bronchiectasis with or without elevated sweat chloride 3', 'database': 'MedGen', 'id': 'C2751324'};{'name': 'Liddle syndrome 2', 'database': 'MedGen', 'id': 'C4748251'};{'name': 'Pseudohypoaldosteronism, type IB3, autosomal recessive', 'database': 'MedGen', 'id': 'C5774256'}
VCV001192290	RCV001553776	CLCN3	0	no assertion criteria provided	Pathogenic	{'name': 'Neurodevelopmental delay', 'database': 'MedGen', 'id': 'C4022738'}
VCV001192290	RCV001597308	CLCN3	1	criteria provided, single submitter	Likely pathogenic	{'name': 'Neurodevelopmental disorder with hypotonia and brain abnormalities', 'database': 'MedGen', 'id': 'C5561977'}
VCV001194782	RCV001557643	PTPN11	1	criteria provided, single submitter	Uncertain significance	{'name': 'not provided', 'database': 'MedGen', 'id': 'C3661900'}
VCV001194782	RCV002495890	PTPN11	1	criteria provided, single submitter	Uncertain significance	{'name': 'Juvenile myelomonocytic leukemia', 'database': 'MedGen', 'id': 'C0349639'};{'name': 'LEOPARD syndrome 1', 'database': 'MedGen', 'id': 'C4551484'};{'name': 'Metachondromatosis', 'database': 'MedGen', 'id': 'C0410530'};{'name': 'Noonan syndrome 1', 'database': 'MedGen', 'id': 'C4551602'}
VCV001194782	RCV003120628	PTPN11	1	criteria provided, single submitter	Likely pathogenic	{'name': 'RASopathy', 'database': 'MedGen', 'id': 'C5555857'}
VCV001194782	RCV004656627	PTPN11	1	criteria provided, single submitter	Uncertain significance	{'name': 'Cardiovascular phenotype', 'database': 'MedGen', 'id': 'CN230736'}
VCV001240011	RCV001637972	HCN2	0	no assertion criteria provided	risk factor	{'name': 'Febrile seizures, familial, 2', 'database': 'MedGen', 'id': 'C1865342'}
VCV001240012	RCV001637973	HCN2	0	no assertion criteria provided	risk factor	{'name': 'Febrile seizures, familial, 2', 'database': 'MedGen', 'id': 'C1865342'}
VCV001240012	RCV006705563	HCN2	1	criteria provided, single submitter	Likely pathogenic	{'name': 'Epilepsy, idiopathic generalized, susceptibility to, 17', 'database': 'MedGen', 'id': 'C5561931'}
VCV001264351	RCV001667870	STAT1	0	no assertion criteria provided	Pathogenic	{'name': 'Chronic mucocutaneous candidiasis', 'database': 'MedGen', 'id': 'C0006845'}
VCV001278116	RCV001694857	DHX58	2	criteria provided, multiple submitters, no conflicts	Benign	{'name': 'not provided', 'database': 'MedGen', 'id': 'C3661900'}
VCV001299450	RCV001728148	GRIA3	1	criteria provided, single submitter	Pathogenic	{'name': 'GRIA3-related complex neurodevelopmental disorder'}
VCV001300148	RCV001731131	RAP1B	1	criteria provided, single submitter	Likely pathogenic	{'name': 'See cases'}
VCV001300148	RCV003458752	RAP1B	0	no assertion criteria provided	Pathogenic	{'name': 'Thrombocytopenia 11 with multiple congenital anomalies and dysmorphic facies', 'database': 'MedGen', 'id': 'C5882734'}
VCV001303213	RCV001756712	MYO3A	1	criteria provided, single submitter	Uncertain significance	{'name': 'not provided', 'database': 'MedGen', 'id': 'C3661900'}
VCV001303512	RCV001762970	NLRP3	1	criteria provided, single submitter	Uncertain significance	{'name': 'not provided', 'database': 'MedGen', 'id': 'C3661900'}
VCV001303512	RCV005094935	NLRP3	1	criteria provided, single submitter	Uncertain significance	{'name': 'Cryopyrin associated periodic syndrome', 'database': 'MedGen', 'id': 'C2316212'}
VCV001323001	RCV001783365	GLA	1	criteria provided, single submitter	Pathogenic	{'name': 'not provided', 'database': 'MedGen', 'id': 'C3661900'}
VCV001323001	RCV005645297	GLA	1	criteria provided, single submitter	Likely pathogenic	{'name': 'Fabry disease', 'database': 'MedGen', 'id': 'C0002986'}
VCV001324583	RCV002034598	BRAF	1	criteria provided, single submitter	Pathogenic	{'name': 'RASopathy', 'database': 'MedGen', 'id': 'C5555857'}
VCV001324583	RCV002468641	BRAF	2	criteria provided, multiple submitters, no conflicts	Pathogenic/Likely pathogenic	{'name': 'Noonan syndrome 7', 'database': 'MedGen', 'id': 'C3150970'}
VCV001325801	RCV001785338	PAK1	1	criteria provided, single submitter	Likely pathogenic	{'name': 'Intellectual developmental disorder with macrocephaly, seizures, and speech delay', 'database': 'MedGen', 'id': 'C4748428'}
VCV001325801	RCV002251770	PAK1	0	no assertion criteria provided	Pathogenic	{'name': 'not provided', 'database': 'MedGen', 'id': 'C3661900'}
VCV001325809	RCV001785346	PAK1	1	criteria provided, single submitter	Likely pathogenic	{'name': 'Intellectual developmental disorder with macrocephaly, seizures, and speech delay', 'database': 'MedGen', 'id': 'C4748428'}
VCV001325809	RCV002305622	PAK1	1	criteria provided, single submitter	Pathogenic	{'name': 'not provided', 'database': 'MedGen', 'id': 'C3661900'}
VCV001325816	RCV001785353	PAK1	1	criteria provided, single submitter	Likely pathogenic	{'name': 'Intellectual developmental disorder with macrocephaly, seizures, and speech delay', 'database': 'MedGen', 'id': 'C4748428'}
VCV001327506	RCV001789733	LTBP3	1	criteria provided, single submitter	Pathogenic	{'name': 'Geleophysic dysplasia 3', 'database': 'MedGen', 'id': 'C4540511'}
VCV001328394	RCV001795826	STAT3	0	no assertion criteria provided	Uncertain significance	{'name': 'Hyper-IgE recurrent infection syndrome 1, autosomal dominant', 'database': 'MedGen', 'id': 'C2936739'}
VCV001333307	RCV001807995	DDR2	1	criteria provided, single submitter	Uncertain significance	{'name': 'Spondyloepimetaphyseal dysplasia-short limb-abnormal calcification syndrome', 'database': 'MedGen', 'id': 'C1849011'}
VCV001333718	RCV002265033	PTPN11	1	criteria provided, single submitter	risk factor	{'name': 'Werner syndrome', 'database': 'MedGen', 'id': 'C0043119'}
VCV001333718	RCV004728829	PTPN11	1	criteria provided, single submitter	Uncertain significance	{'name': 'not provided', 'database': 'MedGen', 'id': 'C3661900'}
VCV001333718	RCV006616579	PTPN11	1	criteria provided, single submitter	Uncertain significance	{'name': 'RASopathy', 'database': 'MedGen', 'id': 'C5555857'}
VCV001333718	RCV006695699	PTPN11	1	criteria provided, single submitter	Likely pathogenic	{'name': 'Autosomal dominant PTPN11-related disorders'}
VCV001334128	RCV001810513	LMBRD2	2	criteria provided, multiple submitters, no conflicts	Pathogenic/Likely pathogenic	{'name': 'Developmental delay with variable neurologic and brain abnormalities', 'database': 'MedGen', 'id': 'C5562060'}
VCV001334128	RCV002276901	LMBRD2	1	criteria provided, single submitter	Likely pathogenic	{'name': 'Neurodevelopmental disorder', 'database': 'MedGen', 'id': 'C1535926'}
VCV001334128	RCV003318692	LMBRD2	1	criteria provided, single submitter	Pathogenic	{'name': 'not provided', 'database': 'MedGen', 'id': 'C3661900'}
VCV001334128	RCV004536326	LMBRD2	1	criteria provided, single submitter	Pathogenic	{'name': 'LMBRD2-related disorder'}
VCV001334128	RCV004797953	LMBRD2	1	criteria provided, single submitter	Likely pathogenic	{'name': 'See cases'}
VCV001334128	RCV005590096	LMBRD2	1	criteria provided, single submitter	Pathogenic	{'name': 'Inborn genetic diseases', 'database': 'MedGen', 'id': 'C0950123'}
VCV001338342	RCV001817713	ABCC8	2	criteria provided, multiple submitters, no conflicts	Pathogenic	{'name': 'not provided', 'database': 'MedGen', 'id': 'C3661900'}
VCV001338342	RCV004040998	ABCC8	1	criteria provided, single submitter	Uncertain significance	{'name': 'Inborn genetic diseases', 'database': 'MedGen', 'id': 'C0950123'}
VCV001338342	RCV005606973	ABCC8	0	no assertion criteria provided	Likely pathogenic	{'name': 'Hereditary hyperinsulinism'}
VCV001338342	RCV006705594	ABCC8	1	criteria provided, single submitter	Likely pathogenic	{'name': 'Diabetes mellitus, permanent neonatal 3', 'database': 'MedGen', 'id': 'C5394303'}
VCV001338342	RCV006708562	ABCC8	1	criteria provided, single submitter	Likely pathogenic	{'name': 'Diabetes mellitus, transient neonatal, 2', 'database': 'MedGen', 'id': 'C1835887'}
VCV001338472	RCV001817843	ABCC8	2	criteria provided, multiple submitters, no conflicts	Pathogenic	{'name': 'not provided', 'database': 'MedGen', 'id': 'C3661900'}
VCV001338472	RCV004690140	ABCC8	1	criteria provided, single submitter	Pathogenic	{'name': 'Permanent neonatal diabetes mellitus', 'database': 'MedGen', 'id': 'C1833104'}
VCV001338472	RCV005040402	ABCC8	1	criteria provided, single submitter	Pathogenic	{'name': 'Diabetes mellitus, permanent neonatal 3', 'database': 'MedGen', 'id': 'C5394303'};{'name': 'Diabetes mellitus, transient neonatal, 2', 'database': 'MedGen', 'id': 'C1835887'};{'name': 'Hyperinsulinemic hypoglycemia, familial, 1', 'database': 'MedGen', 'id': 'C2931832'};{'name': 'Leucine-induced hypoglycemia', 'database': 'MedGen', 'id': 'C0271714'};{'name': 'Type 2 diabetes mellitus', 'database': 'MedGen', 'id': 'C0011860'}
VCV001338546	RCV001817917	ABCC8	1	criteria provided, single submitter	Likely pathogenic	{'name': 'not provided', 'database': 'MedGen', 'id': 'C3661900'}
VCV001338661	RCV001818032	JAK2	1	criteria provided, single submitter	Uncertain significance	{'name': 'not specified', 'database': 'MedGen', 'id': 'CN169374'}
VCV001339593	RCV001824495	KCNQ1	1	criteria provided, conflicting classifications	Conflicting classifications of pathogenicity	{'name': 'not provided', 'database': 'MedGen', 'id': 'C3661900'}
VCV001339593	RCV002466703	KCNQ1	1	criteria provided, single submitter	Uncertain significance	{'name': 'Jervell and Lange-Nielsen syndrome 1', 'database': 'MedGen', 'id': 'C4551509'}
VCV001339593	RCV006650950	KCNQ1	1	criteria provided, single submitter	Likely pathogenic	{'name': 'Pituitary hormone deficiency'}
VCV001341556	RCV001837052	HCN1	0	no assertion criteria provided	Pathogenic	{'name': 'Color vision defect', 'database': 'MedGen', 'id': 'C0234629'};{'name': 'Febrile seizure (within the age range of 3 months to 6 years)', 'database': 'MedGen', 'id': 'C0009952'};{'name': 'Seizure', 'database': 'MedGen', 'id': 'C0036572'}
VCV001342931	RCV001843384	RPA1	0	no assertion criteria provided	Pathogenic	{'name': 'Pulmonary fibrosis and/or bone marrow failure, telomere-related, 6', 'database': 'MedGen', 'id': 'C5676927'}
VCV001342932	RCV001843385	RPA1	0	no assertion criteria provided	Pathogenic	{'name': 'Pulmonary fibrosis and/or bone marrow failure, telomere-related, 6', 'database': 'MedGen', 'id': 'C5676927'}
VCV001342975	RCV001843428	HCN1	0	no assertion criteria provided	Uncertain significance	{'name': 'Generalized epilepsy with febrile seizures plus, type 10', 'database': 'MedGen', 'id': 'C5193120'}
VCV001343336	RCV001843938	SAMD9	1	criteria provided, single submitter	Pathogenic	{'name': 'MIRAGE syndrome', 'database': 'MedGen', 'id': 'C4284088'}
VCV001343336	RCV001869862	SAMD9	2	criteria provided, multiple submitters, no conflicts	Pathogenic	{'name': 'not provided', 'database': 'MedGen', 'id': 'C3661900'}
VCV001343336	RCV004552049	SAMD9	1	criteria provided, single submitter	Pathogenic	{'name': 'SAMD9-related disorder'}
VCV001344571	RCV001849243	GRIA3	0	no assertion criteria provided	Pathogenic	{'name': 'Syndromic X-linked intellectual disability 94', 'database': 'MedGen', 'id': 'C2678051'}
VCV001350168	RCV002051254	ITPR1	2	criteria provided, multiple submitters, no conflicts	Pathogenic	{'name': 'not provided', 'database': 'MedGen', 'id': 'C3661900'}
VCV001350168	RCV002471172	ITPR1	1	criteria provided, single submitter	Pathogenic	{'name': 'Spinocerebellar ataxia type 29', 'database': 'MedGen', 'id': 'C1861732'}
VCV001350168	RCV002545403	ITPR1	1	criteria provided, single submitter	Uncertain significance	{'name': 'Inborn genetic diseases', 'database': 'MedGen', 'id': 'C0950123'}
VCV001350168	RCV003987914	ITPR1	1	criteria provided, single submitter	Pathogenic	{'name': 'Gillespie syndrome', 'database': 'MedGen', 'id': 'C0431401'}
VCV001350168	RCV006705602	ITPR1	1	criteria provided, single submitter	Pathogenic	{'name': 'ITPR1-related disorder'}
VCV001360099	RCV001864879	TP53	1	criteria provided, single submitter	Uncertain significance	{'name': 'Li-Fraumeni syndrome', 'database': 'MedGen', 'id': 'C0085390'}
VCV001360099	RCV004039720	TP53	1	criteria provided, single submitter	Uncertain significance	{'name': 'Hereditary cancer-predisposing syndrome', 'database': 'MedGen', 'id': 'C0027672'}
VCV001360099	RCV005361772	TP53	1	criteria provided, single submitter	Uncertain significance	{'name': 'Familial cancer of breast', 'database': 'MedGen', 'id': 'C0346153'};{'name': 'Li-Fraumeni syndrome 1', 'database': 'MedGen', 'id': 'C1835398'}
VCV001361694	RCV001899809	MDH2	1	criteria provided, single submitter	Uncertain significance	{'name': 'not provided', 'database': 'MedGen', 'id': 'C3661900'}
VCV001361694	RCV003401789	MDH2	1	criteria provided, single submitter	Uncertain significance	{'name': 'MDH2-related disorder'}
VCV001361694	RCV005397065	MDH2	1	criteria provided, single submitter	Uncertain significance	{'name': 'Developmental and epileptic encephalopathy, 51', 'database': 'MedGen', 'id': 'C4479208'}
VCV001369716	RCV001876845	FN1	1	criteria provided, single submitter	Uncertain significance	{'name': 'not provided', 'database': 'MedGen', 'id': 'C3661900'}
VCV001369716	RCV002482565	FN1	1	criteria provided, single submitter	Uncertain significance	{'name': 'Glomerulopathy with fibronectin deposits 2', 'database': 'MedGen', 'id': 'C1866075'};{'name': 'Spondylometaphyseal dysplasia - Sutcliffe type', 'database': 'MedGen', 'id': 'C0432221'}
VCV001406866	RCV001916035	PIK3CD	3	reviewed by expert panel	Likely pathogenic	{'name': 'Immunodeficiency 14', 'database': 'MedGen', 'id': 'C3714976'}
VCV001414547	RCV001930520	CASR	1	criteria provided, single submitter	Uncertain significance	{'name': 'Autosomal dominant hypocalcemia 1', 'database': 'MedGen', 'id': 'C3715128'};{'name': 'Familial hypocalciuric hypercalcemia', 'database': 'MedGen', 'id': 'C1809471'}
VCV001419780	RCV001910614	STAT3	1	criteria provided, single submitter	Uncertain significance	{'name': 'Hyper-IgE recurrent infection syndrome 1, autosomal dominant', 'database': 'MedGen', 'id': 'C2936739'};{'name': 'STAT3 gain of function', 'database': 'MedGen', 'id': 'C4288261'}
VCV001425723	RCV001926862	DNM2	1	criteria provided, single submitter	Uncertain significance	{'name': 'Charcot-Marie-Tooth disease dominant intermediate B', 'database': 'MedGen', 'id': 'C1847902'}
VCV001437303	RCV001948693	CACNA1H	1	criteria provided, single submitter	Uncertain significance	{'name': 'Hyperaldosteronism, familial, type IV', 'database': 'MedGen', 'id': 'C4310756'};{'name': 'Idiopathic generalized epilepsy', 'database': 'MedGen', 'id': 'C0270850'}
VCV001437303	RCV002484681	CACNA1H	1	criteria provided, single submitter	Uncertain significance	{'name': 'Epilepsy, childhood absence, susceptibility to, 6', 'database': 'MedGen', 'id': 'C2749872'};{'name': 'Hyperaldosteronism, familial, type IV', 'database': 'MedGen', 'id': 'C4310756'}
VCV001437303	RCV005428448	CACNA1H	1	criteria provided, single submitter	Uncertain significance	{'name': 'not provided', 'database': 'MedGen', 'id': 'C3661900'}
VCV001439550	RCV001936652	PIK3CA	1	criteria provided, single submitter	Uncertain significance	{'name': 'Cowden syndrome', 'database': 'MedGen', 'id': 'C0018553'}
VCV001439550	RCV006645509	PIK3CA	1	criteria provided, single submitter	Likely pathogenic	{'name': 'Megalencephaly-capillary malformation-polymicrogyria syndrome', 'database': 'MedGen', 'id': 'C1865285'}
VCV001453717	RCV001994878	GABRB3	1	criteria provided, single submitter	Pathogenic	{'name': 'Epilepsy, childhood absence, susceptibility to, 1', 'database': 'MedGen', 'id': 'C1838604'};{'name': 'Epilepsy, childhood absence, susceptibility to, 5', 'database': 'MedGen', 'id': 'C2677087'}
VCV001453717	RCV002307810	GABRB3	0	no assertion criteria provided	Pathogenic	{'name': 'Developmental and epileptic encephalopathy, 43', 'database': 'MedGen', 'id': 'C4310712'}
VCV001454756	RCV001942035	TNFRSF11B	1	criteria provided, single submitter	Pathogenic	{'name': 'not provided', 'database': 'MedGen', 'id': 'C3661900'}
VCV001455923	RCV001950888	TRPM4	1	criteria provided, single submitter	Pathogenic	{'name': 'Progressive familial heart block type IB', 'database': 'MedGen', 'id': 'C1970298'}
VCV001455923	RCV003303498	TRPM4	1	criteria provided, single submitter	Likely pathogenic	{'name': 'Cardiovascular phenotype', 'database': 'MedGen', 'id': 'CN230736'}
VCV001455923	RCV006251091	TRPM4	1	criteria provided, single submitter	Likely pathogenic	{'name': 'not provided', 'database': 'MedGen', 'id': 'C3661900'}
VCV001457684	RCV001953888	PIK3CD	3	reviewed by expert panel	Likely pathogenic	{'name': 'Immunodeficiency 14', 'database': 'MedGen', 'id': 'C3714976'}
VCV001465662	RCV001990337	STAT1	1	criteria provided, single submitter	Uncertain significance	{'name': 'Autoimmune enteropathy and endocrinopathy - susceptibility to chronic infections syndrome', 'database': 'MedGen', 'id': 'C3279990'};{'name': 'Immunodeficiency 31B', 'database': 'MedGen', 'id': 'C3151088'};{'name': 'Mendelian susceptibility to mycobacterial diseases due to partial STAT1 deficiency', 'database': 'MedGen', 'id': 'C4013950'}
VCV001466788	RCV001970242	KIT	1	criteria provided, single submitter	Uncertain significance	{'name': 'Gastrointestinal stromal tumor', 'database': 'MedGen', 'id': 'C0238198'}
VCV001467959	RCV002344135	SCN5A	1	criteria provided, single submitter	Uncertain significance	{'name': 'Cardiovascular phenotype', 'database': 'MedGen', 'id': 'CN230736'}
VCV001467959	RCV003541567	SCN5A	1	criteria provided, single submitter	Uncertain significance	{'name': 'not provided', 'database': 'MedGen', 'id': 'C3661900'}
VCV001469274	RCV001961490	STAT1	1	criteria provided, single submitter	Uncertain significance	{'name': 'Autoimmune enteropathy and endocrinopathy - susceptibility to chronic infections syndrome', 'database': 'MedGen', 'id': 'C3279990'};{'name': 'Immunodeficiency 31B', 'database': 'MedGen', 'id': 'C3151088'};{'name': 'Mendelian susceptibility to mycobacterial diseases due to partial STAT1 deficiency', 'database': 'MedGen', 'id': 'C4013950'}
VCV001476233	RCV001995435	KIT	1	criteria provided, single submitter	Uncertain significance	{'name': 'Gastrointestinal stromal tumor', 'database': 'MedGen', 'id': 'C0238198'}
VCV001476233	RCV003365617	KIT	1	criteria provided, single submitter	Uncertain significance	{'name': 'Hereditary cancer-predisposing syndrome', 'database': 'MedGen', 'id': 'C0027672'}
VCV001478093	RCV002018914	GNA11	2	criteria provided, multiple submitters, no conflicts	Pathogenic/Likely pathogenic	{'name': 'not provided', 'database': 'MedGen', 'id': 'C3661900'}
VCV001478168	RCV001974057	SCN2A	1	criteria provided, single submitter	Pathogenic	{'name': 'Developmental and epileptic encephalopathy, 11', 'database': 'MedGen', 'id': 'C3150987'};{'name': 'Seizures, benign familial infantile, 3', 'database': 'MedGen', 'id': 'C1843140'}
VCV001478168	RCV002283575	SCN2A	1	criteria provided, conflicting classifications	Conflicting classifications of pathogenicity	{'name': 'Developmental and epileptic encephalopathy, 11', 'database': 'MedGen', 'id': 'C3150987'}
VCV001478168	RCV002293547	SCN2A	1	criteria provided, single submitter	Pathogenic	{'name': 'not provided', 'database': 'MedGen', 'id': 'C3661900'}
VCV001478168	RCV002319740	SCN2A	3	reviewed by expert panel	Likely pathogenic	{'name': 'Complex neurodevelopmental disorder', 'database': 'MedGen', 'id': 'C5568766'}
VCV001481118	RCV001994105	ABCC9	1	criteria provided, single submitter	Uncertain significance	{'name': 'Dilated cardiomyopathy 1O', 'database': 'MedGen', 'id': 'C1837839'}
VCV001486527	RCV002003654	STAT1	1	criteria provided, single submitter	Likely pathogenic	{'name': 'Autoimmune enteropathy and endocrinopathy - susceptibility to chronic infections syndrome', 'database': 'MedGen', 'id': 'C3279990'};{'name': 'Immunodeficiency 31B', 'database': 'MedGen', 'id': 'C3151088'};{'name': 'Mendelian susceptibility to mycobacterial diseases due to partial STAT1 deficiency', 'database': 'MedGen', 'id': 'C4013950'}
VCV001497451	RCV001996088	TP53	1	criteria provided, single submitter	Uncertain significance	{'name': 'Li-Fraumeni syndrome', 'database': 'MedGen', 'id': 'C0085390'}
VCV001499446	RCV002010670	PIK3CD	1	criteria provided, single submitter	Uncertain significance	{'name': 'Immunodeficiency 14', 'database': 'MedGen', 'id': 'C3714976'}
VCV001507485	RCV002048087	GLA	2	criteria provided, multiple submitters, no conflicts	Pathogenic/Likely pathogenic	{'name': 'Fabry disease', 'database': 'MedGen', 'id': 'C0002986'}
VCV001508589	RCV002016214	PTEN	1	criteria provided, single submitter	Uncertain significance	{'name': 'PTEN hamartoma tumor syndrome', 'database': 'MedGen', 'id': 'C1959582'}
VCV001525998	RCV002052018	KCNJ11	1	criteria provided, single submitter	Likely pathogenic	{'name': 'Neonatal diabetes mellitus', 'database': 'MedGen', 'id': 'C0158981'}
VCV001525998	RCV006699429	KCNJ11	1	criteria provided, single submitter	Likely pathogenic	{'name': 'DEND syndrome', 'database': 'MedGen', 'id': 'C4303593'}
VCV001526001	RCV002052021	ABCC8	1	criteria provided, single submitter	Likely pathogenic	{'name': 'Neonatal diabetes mellitus', 'database': 'MedGen', 'id': 'C0158981'}
VCV001526004	RCV002052024	ABCC8	1	criteria provided, single submitter	Uncertain significance	{'name': 'Neonatal diabetes mellitus', 'database': 'MedGen', 'id': 'C0158981'}
VCV001526266	RCV002052286	FGFR3	0	no classification provided	not provided	{'name': 'Hypochondroplasia', 'database': 'MedGen', 'id': 'C0410529'}
VCV001526266	RCV002550512	FGFR3	1	criteria provided, single submitter	Pathogenic	{'name': 'not provided', 'database': 'MedGen', 'id': 'C3661900'}
VCV001526266	RCV006717628	FGFR3	1	criteria provided, single submitter	Likely pathogenic	{'name': 'FGFR3-related chondrodysplasia', 'database': 'MedGen', 'id': 'C5681604'}
VCV001534641	RCV002087740	MYLIP	2	criteria provided, multiple submitters, no conflicts	Likely benign	{'name': 'not provided', 'database': 'MedGen', 'id': 'C3661900'}
VCV001677244	RCV002291804	TP63	0	no assertion criteria provided	Pathogenic	{'name': 'Premature ovarian insufficiency', 'database': 'MedGen', 'id': 'C0025322'}
VCV001677244	RCV003159547	TP63	0	no assertion criteria provided	Pathogenic	{'name': 'Premature ovarian failure 21', 'database': 'MedGen', 'id': 'C5830399'}
VCV001679527	RCV002227406	CACNA1A	1	criteria provided, single submitter	Pathogenic	{'name': 'Developmental and epileptic encephalopathy, 52', 'database': 'MedGen', 'id': 'C4479236'};{'name': 'Episodic ataxia type 2', 'database': 'MedGen', 'id': 'C1720416'};{'name': 'Migraine, familial hemiplegic, 1', 'database': 'MedGen', 'id': 'C1832884'};{'name': 'Spinocerebellar ataxia type 6', 'database': 'MedGen', 'id': 'C0752124'}
VCV001679527	RCV003089220	CACNA1A	1	criteria provided, single submitter	Pathogenic	{'name': 'Developmental and epileptic encephalopathy, 42', 'database': 'MedGen', 'id': 'C4310716'};{'name': 'Episodic ataxia type 2', 'database': 'MedGen', 'id': 'C1720416'}
VCV001679930	RCV002227921	VWF	0	no classification provided	not provided	{'name': 'Hereditary von Willebrand disease', 'database': 'MedGen', 'id': 'C5703318'}
VCV001679930	RCV002243531	VWF	0	no assertion criteria provided	Likely pathogenic	{'name': 'von Willebrand disease type 2', 'database': 'MedGen', 'id': 'C1264040'}
VCV001684121	RCV002245121	SCN5A	2	criteria provided, multiple submitters, no conflicts	Pathogenic/Likely pathogenic	{'name': 'not provided', 'database': 'MedGen', 'id': 'C3661900'}
VCV001684352	RCV002245358	ITGB3	0	no assertion criteria provided	Pathogenic	{'name': 'Platelet-type bleeding disorder 16', 'database': 'MedGen', 'id': 'C5442010'}
VCV001684352	RCV002280912	ITGB3	1	criteria provided, single submitter	Uncertain significance	{'name': 'Glanzmann thrombasthenia 2', 'database': 'MedGen', 'id': 'C5543273'}
VCV001684824	RCV002247916	KCND2	1	criteria provided, single submitter	Uncertain significance	{'name': 'not specified', 'database': 'MedGen', 'id': 'CN169374'}
VCV001684824	RCV003093982	KCND2	1	criteria provided, single submitter	Uncertain significance	{'name': 'Early Myoclonic Encephalopathy', 'database': 'MedGen', 'id': 'C0270855'}
VCV001685294	RCV002249021	CXCR4	1	criteria provided, single submitter	Likely pathogenic	{'name': 'WHIM syndrome 1', 'database': 'MedGen', 'id': 'C5542296'}
VCV001686016	RCV002250183	PDGFRB	1	criteria provided, single submitter	Pathogenic	{'name': 'Myeloproliferative disorder, chronic, with eosinophilia', 'database': 'MedGen', 'id': 'C1851585'}
VCV001686016	RCV003128852	PDGFRB	1	criteria provided, single submitter	Pathogenic	{'name': 'not provided', 'database': 'MedGen', 'id': 'C3661900'}
VCV001686016	RCV003232565	PDGFRB	1	criteria provided, single submitter	Likely pathogenic	{'name': 'See cases'}
VCV001686016	RCV003754933	PDGFRB	0	no assertion criteria provided	Pathogenic	{'name': 'Acroosteolysis-keloid-like lesions-premature aging syndrome', 'database': 'MedGen', 'id': 'C1866182'}
VCV001686231	RCV002246744	STAT1	1	criteria provided, single submitter	Pathogenic	{'name': 'Immunodeficiency 31B', 'database': 'MedGen', 'id': 'C3151088'}
VCV001686601	RCV002247114	CRELD1	1	criteria provided, single submitter	Uncertain significance	{'name': 'not specified', 'database': 'MedGen', 'id': 'CN169374'}
VCV001686601	RCV003094056	CRELD1	1	criteria provided, single submitter	Uncertain significance	{'name': 'Atrioventricular septal defect, susceptibility to, 2', 'database': 'MedGen', 'id': 'C1853508'}
VCV001686932	RCV002248403	TLR7	0	no assertion criteria provided	Pathogenic	{'name': 'Systemic lupus erythematosus 17', 'database': 'MedGen', 'id': 'C5676884'}
VCV001686932	RCV003574897	TLR7	1	criteria provided, single submitter	Uncertain significance	{'name': 'not provided', 'database': 'MedGen', 'id': 'C3661900'}
VCV001686989	RCV002248449	OAS1	0	no assertion criteria provided	Pathogenic	{'name': 'Pulmonary alveolar proteinosis with hypogammaglobulinemia', 'database': 'MedGen', 'id': 'C4747984'}
VCV001691369	RCV002254467	GNA11	1	criteria provided, single submitter	Pathogenic	{'name': 'not provided', 'database': 'MedGen', 'id': 'C3661900'}
VCV001691386	RCV002254484	MAP3K3	2	criteria provided, multiple submitters, no conflicts	Pathogenic/Likely pathogenic	{'name': 'Verrucous hemangioma', 'database': 'MedGen', 'id': 'C0334540'}
VCV001691386	RCV004799648	MAP3K3	0	no assertion criteria provided	Pathogenic	{'name': 'CEREBRAL CAVERNOUS MALFORMATIONS 5, SOMATIC'}
VCV001693125	RCV002293560	PITX2	1	criteria provided, single submitter	Pathogenic	{'name': 'Axenfeld-Rieger syndrome type 1', 'database': 'MedGen', 'id': 'C3714873'}
VCV001693266	RCV002260534	PLCG2	0	no assertion criteria provided	Likely pathogenic	{'name': 'Autoinflammation-PLCG2-associated antibody deficiency-immune dysregulation', 'database': 'MedGen', 'id': 'C3553961'}
VCV001693270	RCV002260538	GP1BA	0	no assertion criteria provided	Uncertain significance	{'name': 'Pseudo von Willebrand disease', 'database': 'MedGen', 'id': 'C1280798'}
VCV001693270	RCV006616625	GP1BA	1	criteria provided, single submitter	Uncertain significance	{'name': 'not provided', 'database': 'MedGen', 'id': 'C3661900'}
VCV001693470	RCV002260879	KCNC2	0	no assertion criteria provided	Pathogenic	{'name': 'Developmental and epileptic encephalopathy 103', 'database': 'MedGen', 'id': 'C5677002'}
VCV001695909	RCV002266114	KCNC2	0	no assertion criteria provided	Likely pathogenic	{'name': 'Developmental and epileptic encephalopathy', 'database': 'MedGen', 'id': 'C5779964'}
VCV001701129	RCV002275947	NLRP3	1	criteria provided, single submitter	Pathogenic	{'name': 'not provided', 'database': 'MedGen', 'id': 'C3661900'}
VCV001701129	RCV003333804	NLRP3	0	no assertion criteria provided	Pathogenic	{'name': 'Chronic infantile neurological, cutaneous and articular syndrome', 'database': 'MedGen', 'id': 'C0409818'}
VCV001701129	RCV005433192	NLRP3	1	criteria provided, single submitter	Likely pathogenic	{'name': 'Cryopyrin associated periodic syndrome', 'database': 'MedGen', 'id': 'C2316212'}
VCV001701394	RCV002276082	SCN1A	1	criteria provided, single submitter	Likely pathogenic	{'name': 'not provided', 'database': 'MedGen', 'id': 'C3661900'}
VCV001704320	RCV002282710	STAT1	0	no assertion criteria provided	Pathogenic	{'name': 'Autoimmune enteropathy and endocrinopathy - susceptibility to chronic infections syndrome', 'database': 'MedGen', 'id': 'C3279990'}
VCV001705177	RCV002281807	SCNN1B	1	criteria provided, single submitter	Pathogenic	{'name': 'Liddle syndrome 1', 'database': 'MedGen', 'id': 'CN031472'}
VCV001705744	RCV002284054	CACNA1C	0	no assertion criteria provided	Pathogenic	{'name': 'Neurodevelopmental disorder with hypotonia, language delay, and skeletal defects with or without seizures', 'database': 'MedGen', 'id': 'C5774213'}
VCV001705850	RCV002284158	CEBPE	0	no assertion criteria provided	Pathogenic	{'name': 'Pelger-Huet-like anomaly and episodic fever with abdominal pain', 'database': 'MedGen', 'id': 'C1850054'}
VCV001707408	RCV002286324	CARD11	0	no assertion criteria provided	Pathogenic	{'name': 'BENTA disease', 'database': 'MedGen', 'id': 'C4551967'}
VCV001707408	RCV003774945	CARD11	1	criteria provided, single submitter	Uncertain significance	{'name': 'BENTA disease', 'database': 'MedGen', 'id': 'C4551967'};{'name': 'Severe combined immunodeficiency due to CARD11 deficiency', 'database': 'MedGen', 'id': 'C3554686'}
VCV001708208	RCV002287581	CARD11	0	no assertion criteria provided	Uncertain significance	{'name': 'BENTA disease', 'database': 'MedGen', 'id': 'C4551967'}
VCV001708248	RCV003236922	CHN1	1	criteria provided, single submitter	Likely pathogenic	{'name': 'Oromandibular-limb hypogenesis spectrum', 'database': 'MedGen', 'id': 'C0221060'}
VCV001710039	RCV002290381	PPM1D	1	criteria provided, single submitter	Likely pathogenic	{'name': 'Intellectual developmental disorder with gastrointestinal difficulties and high pain threshold', 'database': 'MedGen', 'id': 'C4479517'}
VCV001710039	RCV004719251	PPM1D	1	criteria provided, single submitter	Likely pathogenic	{'name': 'not provided', 'database': 'MedGen', 'id': 'C3661900'}
VCV001712520	RCV002300693	EIF4A2	0	no assertion criteria provided	Likely pathogenic	{'name': 'Neurodevelopmental disorder', 'database': 'MedGen', 'id': 'C1535926'}
VCV001712520	RCV003319233	EIF4A2	0	no assertion criteria provided	Pathogenic	{'name': 'Neurodevelopmental disorder with hypotonia and speech delay, with or without seizures', 'database': 'MedGen', 'id': 'C5830654'}
VCV001712520	RCV003325601	EIF4A2	1	criteria provided, single submitter	Pathogenic	{'name': 'not provided', 'database': 'MedGen', 'id': 'C3661900'}
VCV001717297	RCV003318716	KCNQ2	2	criteria provided, multiple submitters, no conflicts	Pathogenic	{'name': 'not provided', 'database': 'MedGen', 'id': 'C3661900'}
VCV001717297	RCV003883196	KCNQ2	1	criteria provided, single submitter	Likely pathogenic	{'name': 'Developmental and epileptic encephalopathy, 7', 'database': 'MedGen', 'id': 'C3150986'};{'name': 'Seizures, benign familial neonatal, 1', 'database': 'MedGen', 'id': 'C3149074'}
VCV001717297	RCV005654996	KCNQ2	1	criteria provided, single submitter	Pathogenic	{'name': 'Inborn genetic diseases', 'database': 'MedGen', 'id': 'C0950123'}
VCV001717297	RCV006558835	KCNQ2	1	criteria provided, single submitter	Uncertain significance	{'name': 'Early-infantile DEE', 'database': 'MedGen', 'id': 'C0393706'}
VCV001723156	RCV002306257	CACNA1I	0	no assertion criteria provided	Pathogenic	{'name': 'Neurodevelopmental disorder with speech impairment and with or without seizures', 'database': 'MedGen', 'id': 'C5774252'}
VCV001723157	RCV002306258	CACNA1I	0	no assertion criteria provided	Pathogenic	{'name': 'Neurodevelopmental disorder with speech impairment and with or without seizures', 'database': 'MedGen', 'id': 'C5774252'}
VCV001723159	RCV002306259	CACNA1I	0	no assertion criteria provided	Pathogenic	{'name': 'Neurodevelopmental disorder with speech impairment and with or without seizures', 'database': 'MedGen', 'id': 'C5774252'}
VCV001729515	RCV002324953	SCN2B	1	criteria provided, single submitter	Uncertain significance	{'name': 'Cardiovascular phenotype', 'database': 'MedGen', 'id': 'CN230736'}
VCV001729515	RCV003741298	SCN2B	1	criteria provided, single submitter	Uncertain significance	{'name': 'Atrial fibrillation, familial, 14', 'database': 'MedGen', 'id': 'C3809312'}
VCV001757269	RCV002367440	TP53	1	criteria provided, single submitter	Pathogenic	{'name': 'Hereditary cancer-predisposing syndrome', 'database': 'MedGen', 'id': 'C0027672'}
VCV001757269	RCV004055277	TP53	1	criteria provided, single submitter	Likely pathogenic	{'name': 'Li-Fraumeni syndrome 1', 'database': 'MedGen', 'id': 'C1835398'}
VCV001757269	RCV005055457	TP53	2	criteria provided, multiple submitters, no conflicts	Pathogenic/Likely pathogenic	{'name': 'Li-Fraumeni syndrome', 'database': 'MedGen', 'id': 'C0085390'}
VCV001778439	RCV002414734	MYBPC3	1	criteria provided, single submitter	Uncertain significance	{'name': 'Cardiovascular phenotype', 'database': 'MedGen', 'id': 'CN230736'}
VCV001781253	RCV002412940	RET	1	criteria provided, single submitter	Uncertain significance	{'name': 'Hereditary cancer-predisposing syndrome', 'database': 'MedGen', 'id': 'C0027672'}
VCV001781253	RCV003097295	RET	1	criteria provided, single submitter	Uncertain significance	{'name': 'Multiple endocrine neoplasia, type 2', 'database': 'MedGen', 'id': 'C4048306'}
VCV001781469	RCV002414886	PTPN11	1	criteria provided, single submitter	Uncertain significance	{'name': 'Cardiovascular phenotype', 'database': 'MedGen', 'id': 'CN230736'}
VCV001781469	RCV003539452	PTPN11	1	criteria provided, single submitter	Uncertain significance	{'name': 'RASopathy', 'database': 'MedGen', 'id': 'C5555857'}
VCV001799561	RCV002444403	STXBP1	0	no assertion criteria provided	Pathogenic	{'name': 'Developmental and epileptic encephalopathy, 4', 'database': 'MedGen', 'id': 'C2677326'}
VCV001895416	RCV002512494	LYN	0	no assertion criteria provided	Pathogenic	{'name': 'LYN kinase associated vasculopathy and liver fibrosis syndrome'}
VCV001895416	RCV003228884	LYN	0	no assertion criteria provided	Pathogenic	{'name': 'Autoinflammatory disease, systemic, with vasculitis', 'database': 'MedGen', 'id': 'C5830525'}
VCV001895417	RCV002512495	LYN	0	no assertion criteria provided	Pathogenic	{'name': 'LYN kinase associated vasculopathy and liver fibrosis syndrome'}
VCV001895417	RCV003228813	LYN	0	no assertion criteria provided	Pathogenic	{'name': 'Autoinflammatory disease, systemic, with vasculitis', 'database': 'MedGen', 'id': 'C5830525'}
VCV001910226	RCV002593110	JAK3	1	criteria provided, single submitter	Uncertain significance	{'name': 'T-B+ severe combined immunodeficiency due to JAK3 deficiency', 'database': 'MedGen', 'id': 'C1833275'}
VCV001934696	RCV002632140	PRKD1	2	criteria provided, multiple submitters, no conflicts	Pathogenic	{'name': 'not provided', 'database': 'MedGen', 'id': 'C3661900'}
VCV001934696	RCV003134464	PRKD1	1	criteria provided, conflicting classifications	Conflicting classifications of pathogenicity	{'name': 'Congenital heart defects and ectodermal dysplasia', 'database': 'MedGen', 'id': 'C4479250'}
VCV001961942	RCV002721062	TP63	1	criteria provided, single submitter	Uncertain significance	{'name': 'TP63-Related Spectrum Disorders'}
VCV001964369	RCV002721308	MDH2	1	criteria provided, single submitter	Uncertain significance	{'name': 'not provided', 'database': 'MedGen', 'id': 'C3661900'}
VCV001989459	RCV002795678	C2	1	criteria provided, single submitter	Uncertain significance	{'name': 'not provided', 'database': 'MedGen', 'id': 'C3661900'}
VCV001990252	RCV002800793	RUNX2	1	criteria provided, single submitter	Uncertain significance	{'name': 'not provided', 'database': 'MedGen', 'id': 'C3661900'}
VCV002007816	RCV002833392	KCNN4	1	criteria provided, conflicting classifications	Conflicting classifications of pathogenicity	{'name': 'not provided', 'database': 'MedGen', 'id': 'C3661900'}
VCV002007816	RCV003916543	KCNN4	0	no assertion criteria provided	Likely benign	{'name': 'KCNN4-related disorder'}
VCV002007816	RCV005398991	KCNN4	1	criteria provided, single submitter	Uncertain significance	{'name': 'Dehydrated hereditary stomatocytosis 2', 'database': 'MedGen', 'id': 'C4225242'}
VCV002007816	RCV005863744	KCNN4	1	criteria provided, single submitter	Likely benign	{'name': 'Primary ciliary dyskinesia 5', 'database': 'MedGen', 'id': 'C1837615'}
VCV002027927	RCV002866861	PCSK9	1	criteria provided, single submitter	Pathogenic	{'name': 'Hypercholesterolemia, autosomal dominant, 3', 'database': 'MedGen', 'id': 'C1863551'}
VCV002052766	RCV002937693	NFATC1	1	criteria provided, single submitter	Uncertain significance	{'name': 'not provided', 'database': 'MedGen', 'id': 'C3661900'}
VCV002069533	RCV002962250	CACNA1G	1	criteria provided, single submitter	Likely benign	{'name': 'not provided', 'database': 'MedGen', 'id': 'C3661900'}
VCV002072038	RCV002962600	SCNN1B	2	criteria provided, multiple submitters, no conflicts	Uncertain significance	{'name': 'not provided', 'database': 'MedGen', 'id': 'C3661900'}
VCV002079284	RCV002995260	TRPV3	1	criteria provided, single submitter	Pathogenic	{'name': 'not provided', 'database': 'MedGen', 'id': 'C3661900'}
VCV002085775	RCV003005235	DMRT1	1	criteria provided, single submitter	Uncertain significance	{'name': 'not provided', 'database': 'MedGen', 'id': 'C3661900'}
VCV002091810	RCV003015793	DNM2	1	criteria provided, single submitter	Uncertain significance	{'name': 'Charcot-Marie-Tooth disease dominant intermediate B', 'database': 'MedGen', 'id': 'C1847902'}
VCV002098188	RCV003030815	STAT1	1	criteria provided, single submitter	Uncertain significance	{'name': 'Autoimmune enteropathy and endocrinopathy - susceptibility to chronic infections syndrome', 'database': 'MedGen', 'id': 'C3279990'};{'name': 'Immunodeficiency 31B', 'database': 'MedGen', 'id': 'C3151088'};{'name': 'Mendelian susceptibility to mycobacterial diseases due to partial STAT1 deficiency', 'database': 'MedGen', 'id': 'C4013950'}
VCV002136936	RCV003062302	FGFR2	1	criteria provided, single submitter	Pathogenic	{'name': 'FGFR2-related craniosynostosis', 'database': 'MedGen', 'id': 'CN231480'}
VCV002136936	RCV004529197	FGFR2	1	criteria provided, single submitter	Pathogenic	{'name': 'FGFR2-related disorder', 'database': 'MedGen', 'id': 'CN380096'}
VCV002137176	RCV003058333	LRP5	1	criteria provided, single submitter	Uncertain significance	{'name': 'not provided', 'database': 'MedGen', 'id': 'C3661900'}
VCV002137441	RCV003041175	PTPN11	1	criteria provided, single submitter	Likely pathogenic	{'name': 'RASopathy', 'database': 'MedGen', 'id': 'C5555857'}
VCV002137441	RCV004786806	PTPN11	1	criteria provided, single submitter	Likely pathogenic	{'name': 'Noonan syndrome 1', 'database': 'MedGen', 'id': 'C4551602'}
VCV002137441	RCV006255551	PTPN11	1	criteria provided, single submitter	Pathogenic	{'name': 'not provided', 'database': 'MedGen', 'id': 'C3661900'}
VCV002137762	RCV003064307	MPL	1	criteria provided, single submitter	Uncertain significance	{'name': 'Congenital amegakaryocytic thrombocytopenia', 'database': 'MedGen', 'id': 'C1327915'};{'name': 'Essential thrombocythemia', 'database': 'MedGen', 'id': 'C0040028'}
VCV002138194	RCV003050514	C3	1	criteria provided, single submitter	Uncertain significance	{'name': 'not provided', 'database': 'MedGen', 'id': 'C3661900'}
VCV002138194	RCV005863793	C3	1	criteria provided, single submitter	Uncertain significance	{'name': 'Atypical hemolytic-uremic syndrome', 'database': 'MedGen', 'id': 'C2931788'}
VCV002138385	RCV003064627	KCNE1	1	criteria provided, single submitter	Uncertain significance	{'name': 'Long QT syndrome', 'database': 'MedGen', 'id': 'C0023976'}
VCV002177720	RCV002585685	SREBF1	1	criteria provided, single submitter	Uncertain significance	{'name': 'not provided', 'database': 'MedGen', 'id': 'C3661900'}
VCV002177720	RCV006705775	SREBF1	1	criteria provided, single submitter	Likely pathogenic	{'name': 'SREBF1-related disorder'}
VCV002179770	RCV002599311	MICAL1	1	criteria provided, single submitter	Likely pathogenic	{'name': 'not provided', 'database': 'MedGen', 'id': 'C3661900'}
VCV002185665	RCV002596262	TP53	1	criteria provided, single submitter	Uncertain significance	{'name': 'Li-Fraumeni syndrome', 'database': 'MedGen', 'id': 'C0085390'}
VCV002185665	RCV004069069	TP53	1	criteria provided, single submitter	Pathogenic	{'name': 'Hereditary cancer-predisposing syndrome', 'database': 'MedGen', 'id': 'C0027672'}
VCV002194239	RCV003542413	SCN5A	1	criteria provided, single submitter	Uncertain significance	{'name': 'not provided', 'database': 'MedGen', 'id': 'C3661900'}
VCV002198711	RCV002633822	DMRT1	1	criteria provided, single submitter	Likely benign	{'name': 'not provided', 'database': 'MedGen', 'id': 'C3661900'}
VCV002203010	RCV002651434	RYR2	1	criteria provided, single submitter	Uncertain significance	{'name': 'Catecholaminergic polymorphic ventricular tachycardia 1', 'database': 'MedGen', 'id': 'C1631597'}
VCV002203010	RCV003533802	RYR2	1	criteria provided, single submitter	Uncertain significance	{'name': 'Cardiomyopathy', 'database': 'MedGen', 'id': 'C0878544'}
VCV002203010	RCV004009537	RYR2	1	criteria provided, single submitter	Uncertain significance	{'name': 'Catecholaminergic polymorphic ventricular tachycardia', 'database': 'MedGen', 'id': 'C5574922'}
VCV002203062	RCV002651462	EPAS1	1	criteria provided, single submitter	Uncertain significance	{'name': 'not provided', 'database': 'MedGen', 'id': 'C3661900'}
VCV002203235	RCV002664278	SLC40A1	1	criteria provided, single submitter	Likely pathogenic	{'name': 'Hemochromatosis type 4', 'database': 'MedGen', 'id': 'C1853733'}
VCV002203239	RCV002651583	STAT1	1	criteria provided, single submitter	Pathogenic	{'name': 'Autoimmune enteropathy and endocrinopathy - susceptibility to chronic infections syndrome', 'database': 'MedGen', 'id': 'C3279990'};{'name': 'Immunodeficiency 31B', 'database': 'MedGen', 'id': 'C3151088'};{'name': 'Mendelian susceptibility to mycobacterial diseases due to partial STAT1 deficiency', 'database': 'MedGen', 'id': 'C4013950'}
VCV002203241	RCV002651585	STAT1	1	criteria provided, single submitter	Uncertain significance	{'name': 'Autoimmune enteropathy and endocrinopathy - susceptibility to chronic infections syndrome', 'database': 'MedGen', 'id': 'C3279990'};{'name': 'Immunodeficiency 31B', 'database': 'MedGen', 'id': 'C3151088'};{'name': 'Mendelian susceptibility to mycobacterial diseases due to partial STAT1 deficiency', 'database': 'MedGen', 'id': 'C4013950'}
VCV002203426	RCV002651734	CASR	1	criteria provided, single submitter	Uncertain significance	{'name': 'Autosomal dominant hypocalcemia 1', 'database': 'MedGen', 'id': 'C3715128'};{'name': 'Familial hypocalciuric hypercalcemia', 'database': 'MedGen', 'id': 'C1809471'}
VCV002428673	RCV003120274	HBA1	1	criteria provided, single submitter	Pathogenic	{'name': 'not provided', 'database': 'MedGen', 'id': 'C3661900'}
VCV002428673	RCV005021812	HBA1	1	criteria provided, single submitter	Pathogenic	{'name': 'Erythrocytosis, familial, 7', 'database': 'MedGen', 'id': 'C4693823'};{'name': 'Heinz body anemia', 'database': 'MedGen', 'id': 'C0700299'};{'name': 'Hemoglobin H disease', 'database': 'MedGen', 'id': 'C3161174'};{'name': 'Methemoglobinemia, alpha type', 'database': 'MedGen', 'id': 'C4693798'};{'name': 'alpha Thalassemia', 'database': 'MedGen', 'id': 'C0002312'}
VCV002428673	RCV006641286	HBA1	2	criteria provided, multiple submitters, no conflicts	Pathogenic	{'name': 'alpha Thalassemia', 'database': 'MedGen', 'id': 'C0002312'}
VCV002428725	RCV003120326	PIEZO1	1	criteria provided, conflicting classifications	Conflicting classifications of pathogenicity	{'name': 'not provided', 'database': 'MedGen', 'id': 'C3661900'}
VCV002430053	RCV003128018	KCNH1	1	criteria provided, single submitter	Likely benign	{'name': 'Developmental disorder', 'database': 'MedGen', 'id': 'C0008073'}
VCV002442090	RCV003148413	SCN9A	1	criteria provided, single submitter	Likely pathogenic	{'name': 'Primary erythromelalgia', 'database': 'MedGen', 'id': 'C0014805'}
VCV002443699	RCV003152306	TRPM3	0	no assertion criteria provided	Pathogenic	{'name': 'Cataract 50 with or without glaucoma', 'database': 'MedGen', 'id': 'C5830299'}
VCV002443699	RCV004719313	TRPM3	1	criteria provided, single submitter	Uncertain significance	{'name': 'not provided', 'database': 'MedGen', 'id': 'C3661900'}
VCV002443779	RCV003234238	MYCN	1	criteria provided, single submitter	Pathogenic	{'name': 'Megalencephaly-polydactyly syndrome', 'database': 'MedGen', 'id': 'C5935591'}
VCV002443779	RCV003410288	MYCN	1	criteria provided, single submitter	Likely pathogenic	{'name': 'MYCN-related disorder'}
VCV002443779	RCV004721157	MYCN	1	criteria provided, single submitter	Uncertain significance	{'name': 'not provided', 'database': 'MedGen', 'id': 'C3661900'}
VCV002445214	RCV003154625	PPM1D	1	criteria provided, single submitter	Likely pathogenic	{'name': 'Intellectual developmental disorder with gastrointestinal difficulties and high pain threshold', 'database': 'MedGen', 'id': 'C4479517'}
VCV002445214	RCV004593224	PPM1D	1	criteria provided, single submitter	Uncertain significance	{'name': 'not provided', 'database': 'MedGen', 'id': 'C3661900'}
VCV002445219	RCV003154630	MYCN	1	criteria provided, single submitter	Likely pathogenic	{'name': 'See cases'}
VCV002445219	RCV003889282	MYCN	0	no assertion criteria provided	Pathogenic	{'name': 'Megalencephaly-polydactyly syndrome', 'database': 'MedGen', 'id': 'C5935591'}
VCV002446012	RCV003156168	CACNA1D	1	criteria provided, single submitter	Likely pathogenic	{'name': 'See cases'}
VCV002446422	RCV003159264	BCKDK	1	criteria provided, single submitter	Uncertain significance	{'name': 'Maple syrup urine disease, mild variant', 'database': 'MedGen', 'id': 'C3554575'}
VCV002487823	RCV003492850	ANO1	0	no assertion criteria provided	Pathogenic	{'name': 'Moyamoya disease 7', 'database': 'MedGen', 'id': 'C5882748'}
VCV002487823	RCV004275449	ANO1	1	criteria provided, single submitter	Uncertain significance	{'name': 'not specified', 'database': 'MedGen', 'id': 'CN169374'}
VCV002500623	RCV003225535	TRPC6	1	criteria provided, single submitter	Likely pathogenic	{'name': 'not provided', 'database': 'MedGen', 'id': 'C3661900'}
VCV002504197	RCV003231657	WNK1	1	criteria provided, single submitter	Likely pathogenic	{'name': 'not provided', 'database': 'MedGen', 'id': 'C3661900'}
VCV002504197	RCV005216025	WNK1	1	criteria provided, single submitter	Likely pathogenic	{'name': 'Neuropathy, hereditary sensory and autonomic, type 2A', 'database': 'MedGen', 'id': 'C2752089'};{'name': 'Pseudohypoaldosteronism type 2C', 'database': 'MedGen', 'id': 'C1840391'}
VCV002504606	RCV003233020	CACNA1A	1	criteria provided, single submitter	Likely pathogenic	{'name': 'Developmental and epileptic encephalopathy, 42', 'database': 'MedGen', 'id': 'C4310716'}
VCV002504606	RCV003779849	CACNA1A	1	criteria provided, single submitter	Pathogenic	{'name': 'Developmental and epileptic encephalopathy, 42', 'database': 'MedGen', 'id': 'C4310716'};{'name': 'Episodic ataxia type 2', 'database': 'MedGen', 'id': 'C1720416'}
VCV002504606	RCV005623523	CACNA1A	1	criteria provided, single submitter	Likely pathogenic	{'name': 'Focal epilepsy', 'database': 'MedGen', 'id': 'C0014547'}
VCV002504606	RCV005642955	CACNA1A	1	criteria provided, single submitter	Likely pathogenic	{'name': 'not provided', 'database': 'MedGen', 'id': 'C3661900'}
VCV002506763	RCV003237132	STAT1	1	criteria provided, single submitter	Likely pathogenic	{'name': 'not provided', 'database': 'MedGen', 'id': 'C3661900'}
VCV002561199	RCV003300921	SCN5A	1	criteria provided, single submitter	Uncertain significance	{'name': 'Cardiovascular phenotype', 'database': 'MedGen', 'id': 'CN230736'}
VCV002572046	RCV003313748	STAT4	0	no assertion criteria provided	Pathogenic	{'name': 'Disabling pansclerotic morphea of childhood', 'database': 'MedGen', 'id': 'C3898649'}
VCV002572046	RCV005102862	STAT4	1	criteria provided, single submitter	Likely pathogenic	{'name': 'not provided', 'database': 'MedGen', 'id': 'C3661900'}
VCV002572047	RCV003313749	STAT4	1	criteria provided, single submitter	Uncertain significance	{'name': 'Disabling pansclerotic morphea of childhood', 'database': 'MedGen', 'id': 'C3898649'}
VCV002572048	RCV003313750	STAT4	0	no assertion criteria provided	Pathogenic	{'name': 'Disabling pansclerotic morphea of childhood', 'database': 'MedGen', 'id': 'C3898649'}
VCV002573018	RCV003315132	CASR	1	criteria provided, single submitter	Likely pathogenic	{'name': 'Autosomal dominant hypocalcemia 1', 'database': 'MedGen', 'id': 'C3715128'}
VCV002573018	RCV003777287	CASR	1	criteria provided, single submitter	Uncertain significance	{'name': 'Autosomal dominant hypocalcemia 1', 'database': 'MedGen', 'id': 'C3715128'};{'name': 'Familial hypocalciuric hypercalcemia', 'database': 'MedGen', 'id': 'C1809471'}
VCV002576148	RCV003322209	KCNJ5	1	criteria provided, single submitter	Uncertain significance	{'name': 'not provided', 'database': 'MedGen', 'id': 'C3661900'}
VCV002576562	RCV003322677	SCN11A	1	criteria provided, single submitter	Pathogenic	{'name': 'Familial episodic pain syndrome with predominantly lower limb involvement', 'database': 'MedGen', 'id': 'C3809899'}
VCV002576562	RCV006451379	SCN11A	1	criteria provided, single submitter	Likely pathogenic	{'name': 'not provided', 'database': 'MedGen', 'id': 'C3661900'}
VCV002576849	RCV003323154	KIT	1	criteria provided, single submitter	Uncertain significance	{'name': 'not provided', 'database': 'MedGen', 'id': 'C3661900'}
VCV002578102	RCV003325701	FGFR2	1	criteria provided, single submitter	Likely pathogenic	{'name': 'not provided', 'database': 'MedGen', 'id': 'C3661900'}
VCV002580883	RCV003330117	PLCG1	0	no assertion criteria provided	Pathogenic	{'name': 'Immune dysregulation, autoimmunity, and autoinflammation', 'database': 'MedGen', 'id': 'C5848750'}
VCV002580954	RCV003330188	SLC40A1	2	criteria provided, multiple submitters, no conflicts	Pathogenic	{'name': 'Hemochromatosis type 4', 'database': 'MedGen', 'id': 'C1853733'}
VCV002581486	RCV003331891	F2	1	criteria provided, single submitter	Uncertain significance	{'name': 'not specified', 'database': 'MedGen', 'id': 'CN169374'}
VCV002582689	RCV003333718	STAT6	1	criteria provided, single submitter	Likely pathogenic	{'name': 'Hyper-IgE syndrome 6, autosomal dominant, with recurrent infections', 'database': 'MedGen', 'id': 'C5848786'}
VCV002582692	RCV003333721	STAT6	0	no assertion criteria provided	Pathogenic	{'name': 'Hyper-IgE syndrome 6, autosomal dominant, with recurrent infections', 'database': 'MedGen', 'id': 'C5848786'}
VCV002582841	RCV003993689	AGER	0	no assertion criteria provided	Uncertain significance	{'name': 'COPD, severe early onset', 'database': 'MedGen', 'id': 'C1847014'}
VCV002584501	RCV003335941	CFB	1	criteria provided, single submitter	Pathogenic	{'name': 'CFB-related disorder'}
VCV002584501	RCV005864670	CFB	1	criteria provided, single submitter	Likely pathogenic	{'name': 'Atypical hemolytic-uremic syndrome', 'database': 'MedGen', 'id': 'C2931788'}
VCV002627658	RCV003388934	SCN2A	0	no assertion criteria provided	Pathogenic	{'name': 'Episodic ataxia, type 9', 'database': 'MedGen', 'id': 'C5394520'}
VCV002630404	RCV004554902	CASR	1	criteria provided, single submitter	Likely pathogenic	{'name': 'CASR-related disorder'}
VCV002630505	RCV004527891	STAT1	0	no assertion criteria provided	Likely pathogenic	{'name': 'STAT1-related disorder'}
VCV002633978	RCV003400420	ISL1	0	no assertion criteria provided	Uncertain significance	{'name': 'ISL1-related disorder'}
VCV002634141	RCV003429042	PLXNA1	0	no assertion criteria provided	Uncertain significance	{'name': 'PLXNA1-related disorder'}
VCV002634141	RCV005467953	PLXNA1	1	criteria provided, single submitter	Uncertain significance	{'name': 'not specified', 'database': 'MedGen', 'id': 'CN169374'}
VCV002637093	RCV003410894	BCKDK	1	criteria provided, single submitter	Uncertain significance	{'name': 'BCKDK-related disorder'}
VCV002637924	RCV003412537	PLS3	1	criteria provided, single submitter	Likely pathogenic	{'name': 'Hernia, anterior diaphragmatic', 'database': 'MedGen', 'id': 'C1844025'}
VCV002663872	RCV003444100	RRAGC	0	no assertion criteria provided	Pathogenic	{'name': 'Long-Olsen-Distelmaier syndrome', 'database': 'MedGen', 'id': 'C5882721'}
VCV002664503	RCV003447462	CAPRIN1	1	criteria provided, single submitter	Likely pathogenic	{'name': 'Neurodegeneration, childhood-onset, with cerebellar ataxia and cognitive decline', 'database': 'MedGen', 'id': 'C5882726'}
VCV002664503	RCV003458924	CAPRIN1	1	criteria provided, single submitter	Uncertain significance	{'name': 'Cerebellar ataxia', 'database': 'MedGen', 'id': 'C0007758'}
VCV002664503	RCV003488800	CAPRIN1	1	criteria provided, single submitter	Uncertain significance	{'name': 'not provided', 'database': 'MedGen', 'id': 'C3661900'}
VCV002682647	RCV003481514	KCNJ2	0	no assertion criteria provided	Pathogenic	{'name': 'Short QT syndrome type 3', 'database': 'MedGen', 'id': 'C1865018'}
VCV002691755	RCV003493375	ANO1	0	no assertion criteria provided	Pathogenic	{'name': 'Moyamoya disease 7', 'database': 'MedGen', 'id': 'C5882748'}
VCV002691757	RCV003493376	ANO1	0	no assertion criteria provided	Pathogenic	{'name': 'Moyamoya disease 7', 'database': 'MedGen', 'id': 'C5882748'}
VCV002734486	RCV003555049	SCN5A	1	criteria provided, single submitter	Pathogenic	{'name': 'not provided', 'database': 'MedGen', 'id': 'C3661900'}
VCV002734655	RCV003527200	KIT	1	criteria provided, single submitter	Uncertain significance	{'name': 'Gastrointestinal stromal tumor', 'database': 'MedGen', 'id': 'C0238198'}
VCV002735586	RCV003516331	F2	1	criteria provided, single submitter	Pathogenic	{'name': 'Congenital prothrombin deficiency', 'database': 'MedGen', 'id': 'C0272317'}
VCV002737355	RCV003540168	KCNE5	1	criteria provided, single submitter	Uncertain significance	{'name': 'Brugada syndrome', 'database': 'MedGen', 'id': 'C1142166'}
VCV002764216	RCV003587940	MYBPC3	1	criteria provided, single submitter	Uncertain significance	{'name': 'Hypertrophic cardiomyopathy', 'database': 'MedGen', 'id': 'C0007194'}
VCV002764216	RCV006347723	MYBPC3	1	criteria provided, single submitter	Uncertain significance	{'name': 'Cardiovascular phenotype', 'database': 'MedGen', 'id': 'CN230736'}
VCV002782749	RCV003664163	RIGI	1	criteria provided, single submitter	Uncertain significance	{'name': 'not provided', 'database': 'MedGen', 'id': 'C3661900'}
VCV002782749	RCV004371524	RIGI	1	criteria provided, single submitter	Uncertain significance	{'name': 'Inborn genetic diseases', 'database': 'MedGen', 'id': 'C0950123'}
VCV002854710	RCV003617496	DNM2	1	criteria provided, single submitter	Uncertain significance	{'name': 'Charcot-Marie-Tooth disease dominant intermediate B', 'database': 'MedGen', 'id': 'C1847902'}
VCV002907429	RCV006563780	SCN8A	1	criteria provided, single submitter	Pathogenic	{'name': 'Early-infantile DEE', 'database': 'MedGen', 'id': 'C0393706'}
VCV002925457	RCV003781111	KCNT1	1	criteria provided, single submitter	Pathogenic	{'name': 'Autosomal dominant nocturnal frontal lobe epilepsy 5', 'database': 'MedGen', 'id': 'C3554306'};{'name': 'Developmental and epileptic encephalopathy, 14', 'database': 'MedGen', 'id': 'C3554195'}
VCV002931633	RCV003792655	SCN9A	1	criteria provided, single submitter	Likely benign	{'name': 'Generalized epilepsy with febrile seizures plus, type 7', 'database': 'MedGen', 'id': 'C2751778'};{'name': 'Neuropathy, hereditary sensory and autonomic, type 2A', 'database': 'MedGen', 'id': 'C2752089'}
VCV002940085	RCV003797443	STAT1	1	criteria provided, single submitter	Uncertain significance	{'name': 'Autoimmune enteropathy and endocrinopathy - susceptibility to chronic infections syndrome', 'database': 'MedGen', 'id': 'C3279990'};{'name': 'Immunodeficiency 31B', 'database': 'MedGen', 'id': 'C3151088'};{'name': 'Mendelian susceptibility to mycobacterial diseases due to partial STAT1 deficiency', 'database': 'MedGen', 'id': 'C4013950'}
VCV002941829	RCV003802851	STAT3	1	criteria provided, single submitter	Uncertain significance	{'name': 'Hyper-IgE recurrent infection syndrome 1, autosomal dominant', 'database': 'MedGen', 'id': 'C2936739'};{'name': 'STAT3 gain of function', 'database': 'MedGen', 'id': 'C4288261'}
VCV002950796	RCV003810106	MPL	1	criteria provided, single submitter	Uncertain significance	{'name': 'Congenital amegakaryocytic thrombocytopenia', 'database': 'MedGen', 'id': 'C1327915'};{'name': 'Essential thrombocythemia', 'database': 'MedGen', 'id': 'C0040028'}
VCV002971464	RCV003827646	STING1	1	criteria provided, single submitter	Uncertain significance	{'name': 'STING-associated vasculopathy with onset in infancy', 'database': 'MedGen', 'id': 'C4014722'}
VCV002982301	RCV003842948	TRPC6	1	criteria provided, single submitter	Likely pathogenic	{'name': 'not provided', 'database': 'MedGen', 'id': 'C3661900'}
VCV002987365	RCV003849004	IRF4	1	criteria provided, single submitter	Pathogenic	{'name': 'not provided', 'database': 'MedGen', 'id': 'C3661900'}
VCV002987365	RCV005208218	IRF4	0	no assertion criteria provided	Pathogenic	{'name': 'Immunodeficiency 131', 'database': 'MedGen', 'id': 'C6012696'}
VCV003000030	RCV003857205	KCNA2	1	criteria provided, single submitter	Uncertain significance	{'name': 'Developmental and epileptic encephalopathy, 32', 'database': 'MedGen', 'id': 'C4225350'}
VCV003000030	RCV006455801	KCNA2	1	criteria provided, single submitter	Uncertain significance	{'name': 'not specified', 'database': 'MedGen', 'id': 'CN169374'}
VCV003011708	RCV003872771	PIK3CD	1	criteria provided, single submitter	Uncertain significance	{'name': 'Immunodeficiency 14', 'database': 'MedGen', 'id': 'C3714976'}
VCV003011708	RCV004953610	PIK3CD	1	criteria provided, single submitter	Uncertain significance	{'name': 'Inborn genetic diseases', 'database': 'MedGen', 'id': 'C0950123'}
VCV003025499	RCV003884887	BCORL1	1	criteria provided, single submitter	Likely benign	{'name': 'not provided', 'database': 'MedGen', 'id': 'C3661900'}
VCV003026523	RCV003886916	STAT1	1	criteria provided, single submitter	Pathogenic	{'name': 'not provided', 'database': 'MedGen', 'id': 'C3661900'}
VCV003040104	RCV004539515	PMP22	0	no assertion criteria provided	Likely pathogenic	{'name': 'PMP22-related disorder'}
VCV003059461	RCV003974432	KCNJ12	0	no assertion criteria provided	Benign	{'name': 'KCNJ12-related disorder'}
VCV003059482	RCV003974453	KCNJ12	0	no assertion criteria provided	Benign	{'name': 'KCNJ12-related disorder'}
VCV003065413	RCV003990490	SCN2A	1	criteria provided, single submitter	Likely pathogenic	{'name': 'Episodic ataxia, type 9', 'database': 'MedGen', 'id': 'C5394520'}
VCV003067154	RCV005623546	SCN1A	1	criteria provided, single submitter	Likely pathogenic	{'name': 'Neonatal developmental and epileptic encephalopathy with movement disorders and arthrogryposis (NDEEMA)'}
VCV003069813	RCV004009845	SCN5A	1	criteria provided, single submitter	Uncertain significance	{'name': 'Cardiac arrhythmia', 'database': 'MedGen', 'id': 'C0003811'}
VCV003133341	RCV004426234	BCAT1	1	criteria provided, single submitter	Uncertain significance	{'name': 'not specified', 'database': 'MedGen', 'id': 'CN169374'}
VCV003171202	RCV004465596	STIM1	1	criteria provided, single submitter	Uncertain significance	{'name': 'Inborn genetic diseases', 'database': 'MedGen', 'id': 'C0950123'}
VCV003252039	RCV004586480	FAAH	0	no assertion criteria provided	Affects	{'name': 'PAIN SENSITIVITY QUANTITATIVE TRAIT LOCUS 1', 'database': 'MedGen', 'id': 'C4760611'}
VCV003253443	RCV004592408	CDKN1C	1	criteria provided, single submitter	Uncertain significance	{'name': 'not provided', 'database': 'MedGen', 'id': 'C3661900'}
VCV003253710	RCV004593638	GJA8	1	criteria provided, single submitter	Uncertain significance	{'name': 'Cataract 1 multiple types', 'database': 'MedGen', 'id': 'C1861828'}
VCV003258061	RCV005251386	PIK3CA	1	criteria provided, single submitter	Likely pathogenic	{'name': 'PIK3CA related overgrowth syndrome', 'database': 'MedGen', 'id': 'C4728213'}
VCV003336921	RCV004697423	NPR2	1	criteria provided, single submitter	Uncertain significance	{'name': 'not provided', 'database': 'MedGen', 'id': 'C3661900'}
VCV003340405	RCV004720154	SH3BP2	1	criteria provided, single submitter	Likely pathogenic	{'name': 'not provided', 'database': 'MedGen', 'id': 'C3661900'}
VCV003340624	RCV004721906	PIEZO2	1	criteria provided, single submitter	Pathogenic	{'name': 'not provided', 'database': 'MedGen', 'id': 'C3661900'}
VCV003340624	RCV006646214	PIEZO2	1	criteria provided, single submitter	Likely pathogenic	{'name': 'Arthrogryposis- oculomotor limitation-electroretinal anomalies syndrome', 'database': 'MedGen', 'id': 'C1862472'}
VCV003343855	RCV004724208	KCNQ1	1	criteria provided, single submitter	Uncertain significance	{'name': 'not provided', 'database': 'MedGen', 'id': 'C3661900'}
VCV003353083	RCV004759130	PTPN22	0	no assertion criteria provided	Benign	{'name': 'PTPN22-related disorder'}
VCV003359150	RCV004759689	GABRD	1	criteria provided, single submitter	Uncertain significance	{'name': 'Epilepsy, idiopathic generalized, susceptibility to, 10', 'database': 'MedGen', 'id': 'C2751603'}
VCV003370841	RCV004776630	TSHR	1	criteria provided, single submitter	Pathogenic	{'name': 'not provided', 'database': 'MedGen', 'id': 'C3661900'}
VCV003377525	RCV004790116	TPCN2	1	criteria provided, single submitter	Likely pathogenic	{'name': 'SKIN/HAIR/EYE PIGMENTATION, VARIATION IN, 10', 'database': 'MedGen', 'id': 'C2677088'}
VCV003381130	RCV004792288	NLRP3	1	criteria provided, single submitter	Likely pathogenic	{'name': 'not provided', 'database': 'MedGen', 'id': 'C3661900'}
VCV003383481	RCV004798230	STING1	1	criteria provided, single submitter	Pathogenic	{'name': 'not provided', 'database': 'MedGen', 'id': 'C3661900'}
VCV003383481	RCV005105134	STING1	1	criteria provided, single submitter	Pathogenic	{'name': 'STING-associated vasculopathy with onset in infancy', 'database': 'MedGen', 'id': 'C4014722'}
VCV003384351	RCV004801622	GABRB3	1	criteria provided, single submitter	Pathogenic	{'name': 'not provided', 'database': 'MedGen', 'id': 'C3661900'}
VCV003406171	RCV004953785	NLRP3	1	criteria provided, single submitter	Likely pathogenic	{'name': 'Inborn genetic diseases', 'database': 'MedGen', 'id': 'C0950123'}
VCV003572914	RCV004999146	BRAF	1	criteria provided, single submitter	Pathogenic	{'name': 'Cardiofaciocutaneous syndrome 1', 'database': 'MedGen', 'id': 'CN029449'}
VCV003594441	RCV005033668	DPP6	1	criteria provided, single submitter	Uncertain significance	{'name': 'Intellectual disability, autosomal dominant 33', 'database': 'MedGen', 'id': 'C4225375'};{'name': 'Ventricular fibrillation, paroxysmal familial, 2', 'database': 'MedGen', 'id': 'C2751829'}
VCV003594977	RCV005035962	CYP3A4	1	criteria provided, single submitter	Uncertain significance	{'name': 'Vitamin D-dependent rickets, type 3', 'database': 'MedGen', 'id': 'C5436733'}
VCV003598175	RCV005049805	AVPR2	1	criteria provided, single submitter	Likely pathogenic	{'name': 'Diabetes insipidus, nephrogenic, X-linked', 'database': 'MedGen', 'id': 'C1563705'};{'name': 'Nephrogenic syndrome of inappropriate antidiuresis', 'database': 'MedGen', 'id': 'C1845202'}
VCV003598781	RCV005044144	TRPC6	1	criteria provided, single submitter	Likely pathogenic	{'name': 'Focal segmental glomerulosclerosis 2', 'database': 'MedGen', 'id': 'C1858915'}
VCV003598781	RCV006489316	TRPC6	1	criteria provided, single submitter	Pathogenic	{'name': 'not provided', 'database': 'MedGen', 'id': 'C3661900'}
VCV003598825	RCV005044179	TRPC6	1	criteria provided, single submitter	Uncertain significance	{'name': 'Focal segmental glomerulosclerosis 2', 'database': 'MedGen', 'id': 'C1858915'}
VCV003600653	RCV005052457	TNFAIP3	1	criteria provided, single submitter	Pathogenic	{'name': 'not provided', 'database': 'MedGen', 'id': 'C3661900'}
VCV003629690	RCV005088285	F7	1	criteria provided, single submitter	Pathogenic	{'name': 'Congenital factor VII deficiency', 'database': 'MedGen', 'id': 'C0272320'}
VCV003629690	RCV005865737	F7	1	criteria provided, single submitter	Likely pathogenic	{'name': 'not provided', 'database': 'MedGen', 'id': 'C3661900'}
VCV003633876	RCV005106281	NLRP3	1	criteria provided, single submitter	Pathogenic	{'name': 'Cryopyrin associated periodic syndrome', 'database': 'MedGen', 'id': 'C2316212'}
VCV003633878	RCV005106283	NLRP3	1	criteria provided, single submitter	Uncertain significance	{'name': 'Cryopyrin associated periodic syndrome', 'database': 'MedGen', 'id': 'C2316212'}
VCV003637788	RCV005114873	RAC2	1	criteria provided, single submitter	Uncertain significance	{'name': 'Neutrophil immunodeficiency syndrome', 'database': 'MedGen', 'id': 'C1842398'}
VCV003638304	RCV005117632	SPTLC1	1	criteria provided, single submitter	Uncertain significance	{'name': 'Hereditary sensory and autonomic neuropathy type 1', 'database': 'MedGen', 'id': 'C0020071'}
VCV003650678	RCV005128096	KIT	1	criteria provided, single submitter	Uncertain significance	{'name': 'Gastrointestinal stromal tumor', 'database': 'MedGen', 'id': 'C0238198'}
VCV003650678	RCV006387347	KIT	1	criteria provided, single submitter	Uncertain significance	{'name': 'Hereditary cancer-predisposing syndrome', 'database': 'MedGen', 'id': 'C0027672'}
VCV003670220	RCV005148043	RSPO1	1	criteria provided, single submitter	Uncertain significance	{'name': 'not provided', 'database': 'MedGen', 'id': 'C3661900'}
VCV003676202	RCV005149560	KCNH1	1	criteria provided, single submitter	Uncertain significance	{'name': 'not provided', 'database': 'MedGen', 'id': 'C3661900'}
VCV003677047	RCV005154450	CFB	1	criteria provided, single submitter	Uncertain significance	{'name': 'not provided', 'database': 'MedGen', 'id': 'C3661900'}
VCV003677047	RCV005864718	CFB	1	criteria provided, single submitter	Uncertain significance	{'name': 'Atypical hemolytic-uremic syndrome', 'database': 'MedGen', 'id': 'C2931788'}
VCV003706411	RCV005179756	TBX1	1	criteria provided, single submitter	Pathogenic	{'name': 'DiGeorge syndrome', 'database': 'MedGen', 'id': 'C0012236'}
VCV003709373	RCV005192717	NEDD4L	1	criteria provided, single submitter	Benign	{'name': 'not provided', 'database': 'MedGen', 'id': 'C3661900'}
VCV003716246	RCV005189589	JAK2	1	criteria provided, single submitter	Uncertain significance	{'name': 'not provided', 'database': 'MedGen', 'id': 'C3661900'}
VCV003720319	RCV005198126	SOS1	1	criteria provided, single submitter	Pathogenic	{'name': 'RASopathy', 'database': 'MedGen', 'id': 'C5555857'}
VCV003748026	RCV005209866	SCN9A	1	criteria provided, single submitter	Uncertain significance	{'name': 'Generalized epilepsy with febrile seizures plus, type 7', 'database': 'MedGen', 'id': 'C2751778'};{'name': 'Neuropathy, hereditary sensory and autonomic, type 2A', 'database': 'MedGen', 'id': 'C2752089'}
VCV003757276	RCV005220453	STAT1	1	criteria provided, single submitter	Uncertain significance	{'name': 'Autoimmune enteropathy and endocrinopathy - susceptibility to chronic infections syndrome', 'database': 'MedGen', 'id': 'C3279990'};{'name': 'Immunodeficiency 31B', 'database': 'MedGen', 'id': 'C3151088'};{'name': 'Mendelian susceptibility to mycobacterial diseases due to partial STAT1 deficiency', 'database': 'MedGen', 'id': 'C4013950'}
VCV003759062	RCV005228490	SCN9A	1	criteria provided, single submitter	Pathogenic	{'name': 'Generalized epilepsy with febrile seizures plus, type 7', 'database': 'MedGen', 'id': 'C2751778'};{'name': 'Neuropathy, hereditary sensory and autonomic, type 2A', 'database': 'MedGen', 'id': 'C2752089'}
VCV003764637	RCV005229655	NFKBIA	1	criteria provided, single submitter	Likely pathogenic	{'name': 'Ectodermal dysplasia and immunodeficiency 2', 'database': 'MedGen', 'id': 'C2677481'}
VCV003775420	RCV005252411	FOXC1	1	criteria provided, single submitter	Likely pathogenic	{'name': 'Axenfeld-Rieger syndrome type 3', 'database': 'MedGen', 'id': 'C2678503'}
VCV003781333	RCV005368262	SOD1	1	criteria provided, single submitter	Likely pathogenic	{'name': 'Amyotrophic lateral sclerosis type 1', 'database': 'MedGen', 'id': 'C1862939'}
VCV003893243	RCV005402306	KIDINS220	1	criteria provided, single submitter	Pathogenic	{'name': 'Spastic paraplegia, intellectual disability, nystagmus, and obesity', 'database': 'MedGen', 'id': 'C4284592'}
VCV003900754	RCV005415543	CXCR4	1	criteria provided, single submitter	Likely pathogenic	{'name': 'WHIM syndrome 1', 'database': 'MedGen', 'id': 'C5542296'}
VCV003902802	RCV005420466	CXCR4	1	criteria provided, single submitter	Pathogenic	{'name': 'WHIM syndrome 1', 'database': 'MedGen', 'id': 'C5542296'}
VCV003911669	RCV005435737	ARF3	1	criteria provided, single submitter	Likely pathogenic	{'name': 'not provided', 'database': 'MedGen', 'id': 'C3661900'}
VCV004056368	RCV005603945	FEM1B	0	no assertion criteria provided	Pathogenic	{'name': 'Neurodevelopmental disorder with behavioral, ear, and skeletal abnormalities', 'database': 'MedGen', 'id': 'C6012750'}
VCV004072070	RCV005622938	CFTR	1	criteria provided, single submitter	Pathogenic	{'name': 'Cystic fibrosis', 'database': 'MedGen', 'id': 'C0010674'}
VCV004079032	RCV005634544	JAK2	1	criteria provided, single submitter	Uncertain significance	{'name': 'Thrombocythemia 3', 'database': 'MedGen', 'id': 'C3281125'}
VCV004280173	RCV005862811	C3	1	criteria provided, single submitter	Uncertain significance	{'name': 'C3 glomerulonephritis', 'database': 'MedGen', 'id': 'C4055342'}
VCV004280404	RCV005864819	CFB	1	criteria provided, single submitter	Pathogenic	{'name': 'Atypical hemolytic-uremic syndrome', 'database': 'MedGen', 'id': 'C2931788'}
VCV004280408	RCV005864823	CFB	1	criteria provided, single submitter	Pathogenic	{'name': 'Atypical hemolytic-uremic syndrome', 'database': 'MedGen', 'id': 'C2931788'}
VCV004280678	RCV005865130	DNMT3A	1	criteria provided, single submitter	Pathogenic	{'name': 'Hereditary pheochromocytoma and paraganglioma', 'database': 'MedGen', 'id': 'C4274332'}
VCV004282460	RCV005869146	KCNA6	1	criteria provided, single submitter	Pathogenic	{'name': 'not provided', 'database': 'MedGen', 'id': 'C3661900'}
VCV004530141	RCV006262264	CTNNB1	1	criteria provided, single submitter	Likely pathogenic	{'name': 'Desmoid disease, hereditary', 'database': 'MedGen', 'id': 'C1851124'}
VCV004530813	RCV006256618	KCNT2	1	criteria provided, single submitter	Pathogenic	{'name': 'not provided', 'database': 'MedGen', 'id': 'C3661900'}
VCV004532810	RCV006260828	PLCG1	1	criteria provided, single submitter	Uncertain significance	{'name': 'PLCG1-related disorder'}
VCV004540020	RCV006275422	KCNA6	1	criteria provided, single submitter	Pathogenic	{'name': 'not provided', 'database': 'MedGen', 'id': 'C3661900'}
VCV004561611	RCV006317611	TERT	1	criteria provided, single submitter	Uncertain significance	{'name': 'Dyskeratosis congenita', 'database': 'MedGen', 'id': 'C0265965'}
VCV004644811	RCV006400367	KIT	1	criteria provided, single submitter	Likely benign	{'name': 'Hereditary cancer-predisposing syndrome', 'database': 'MedGen', 'id': 'C0027672'}
VCV004689795	RCV006456303	SCN4A	1	criteria provided, single submitter	Likely pathogenic	{'name': 'not provided', 'database': 'MedGen', 'id': 'C3661900'}
VCV004689795	RCV006480447	SCN4A	1	criteria provided, single submitter	Pathogenic	{'name': 'Hyperkalemic periodic paralysis', 'database': 'MedGen', 'id': 'C0238357'}
VCV004689795	RCV006706592	SCN4A	1	criteria provided, single submitter	Likely pathogenic	{'name': 'Paramyotonia congenita of Von Eulenburg', 'database': 'MedGen', 'id': 'C0221055'}
VCV004690272	RCV006458172	ATP2B2	1	criteria provided, single submitter	Pathogenic	{'name': 'Intellectual disability', 'database': 'MedGen', 'id': 'C3714756'}
VCV004709563	RCV006504826	KCNH2	1	criteria provided, single submitter	Uncertain significance	{'name': 'Long QT syndrome', 'database': 'MedGen', 'id': 'C0023976'}
VCV004710726	RCV006494916	KIT	1	criteria provided, single submitter	Uncertain significance	{'name': 'Gastrointestinal stromal tumor', 'database': 'MedGen', 'id': 'C0238198'}
VCV004737581	RCV006516803	FLNB	1	criteria provided, single submitter	Uncertain significance	{'name': 'not provided', 'database': 'MedGen', 'id': 'C3661900'}
VCV004737635	RCV006516857	KIF5A	1	criteria provided, single submitter	Pathogenic	{'name': 'Spastic paraplegia', 'database': 'MedGen', 'id': 'C0037772'}
VCV004742405	RCV006532694	STAT5B	1	criteria provided, single submitter	Uncertain significance	{'name': 'Growth hormone insensitivity with immune dysregulation 1, autosomal recessive', 'database': 'MedGen', 'id': 'C5435698'}
VCV004776612	RCV006573988	EPAS1	1	criteria provided, single submitter	Uncertain significance	{'name': 'not provided', 'database': 'MedGen', 'id': 'C3661900'}
VCV004782700	RCV006590496	MPL	1	criteria provided, single submitter	Uncertain significance	{'name': 'Congenital amegakaryocytic thrombocytopenia', 'database': 'MedGen', 'id': 'C1327915'};{'name': 'Essential thrombocythemia', 'database': 'MedGen', 'id': 'C0040028'}
VCV004795003	RCV006597439	CACNA1H	1	criteria provided, single submitter	Uncertain significance	{'name': 'Hyperaldosteronism, familial, type IV', 'database': 'MedGen', 'id': 'C4310756'};{'name': 'Idiopathic generalized epilepsy', 'database': 'MedGen', 'id': 'C0270850'}
VCV004803727	RCV006623271	JAK2	1	criteria provided, single submitter	Uncertain significance	{'name': 'not provided', 'database': 'MedGen', 'id': 'C3661900'}
VCV004815293	RCV006641800	GJB2	1	criteria provided, single submitter	Likely pathogenic	{'name': 'Autosomal recessive nonsyndromic hearing loss 1A', 'database': 'MedGen', 'id': 'C2673759'}
VCV004818434	RCV006645145	AQP2	1	criteria provided, single submitter	Likely pathogenic	{'name': 'Nephrogenic diabetes insipidus', 'database': 'MedGen', 'id': 'C0162283'}
VCV004851975	RCV006699017	CASR	1	criteria provided, single submitter	Pathogenic	{'name': 'not provided', 'database': 'MedGen', 'id': 'C3661900'}
VCV004854136	RCV006703650	TP63	1	criteria provided, single submitter	Likely pathogenic	{'name': 'TP63-related disorder', 'database': 'MedGen', 'id': 'CN380159'}
VCV004857843	RCV006710146	FGFR3	1	criteria provided, single submitter	Uncertain significance	{'name': 'FGFR3-related chondrodysplasia', 'database': 'MedGen', 'id': 'C5681604'}
VCV004857845	RCV006710148	FGFR3	1	criteria provided, single submitter	Likely pathogenic	{'name': 'Hypochondroplasia', 'database': 'MedGen', 'id': 'C0410529'}
